revision,case,count_semantics,depth,depth_semantics,error,export_error,export_ms,export_samples_ms,family,input_sha256,ir_bytes,mode,native_1q,native_1q_non_rz,native_2q,native_depth,native_rz,native_wide,operation_counts,origin,parse_ms,parse_samples_ms,qubits,scalar_ops,status,synthesis_ms,synthesis_samples_ms,target,two_qubit_depth,validation
Upstream main,core_ghz_4,static: each control-flow region counted once,13,flat circuit,,,0.181281,"[0.507186, 0.221025, 0.181281, 0.165777, 0.167457]",ghz,72acb0c3a2a21a9860a57fed9045957ae8f24324d1038fb2c548dc0bca7f1063,4009,numeric,17,17,3,12,0,0,"{""r"": 17, ""cz"": 3, ""measure"": 4}",core,0.675636,"[0.895365, 0.723012, 0.670355, 0.675636, 0.653859]",4,8,exported,0.704819,"[0.755604, 0.703204, 0.755444, 0.704819, 0.678228]",iqm_r_cz,3,"{""kind"": ""core_reference_samples"", ""shots"": 512, ""counts"": {""0000"": 259, ""1111"": 253}, ""total_variation_distance"": 0.005859375, ""squared_hellinger_fidelity"": 0.9999656665458233, ""cdf_max_deviation"": 0.005859375, ""dkw_limit"": 0.14461834543863566, ""false_rejection_bound"": 1e-09, ""reference_support"": 2, ""impossible_outcomes"": {}, ""passed"": true}"
Upstream main,core_ghz_4,static: each control-flow region counted once,7,flat circuit,,,0.11752,"[0.137089, 0.121121, 0.114272, 0.110257, 0.11752]",ghz,72acb0c3a2a21a9860a57fed9045957ae8f24324d1038fb2c548dc0bca7f1063,3171,numeric,3,1,3,6,2,0,"{""rz"": 2, ""sx"": 1, ""cx"": 3, ""measure"": 4}",core,0.675636,"[0.895365, 0.723012, 0.670355, 0.675636, 0.653859]",4,6,exported,0.645443,"[0.708628, 0.657108, 0.645443, 0.631907, 0.621555]",ibm_sxz_cx,3,"{""kind"": ""core_reference_samples"", ""shots"": 512, ""counts"": {""0000"": 259, ""1111"": 253}, ""total_variation_distance"": 0.005859375, ""squared_hellinger_fidelity"": 0.9999656665458233, ""cdf_max_deviation"": 0.005859375, ""dkw_limit"": 0.14461834543863566, ""false_rejection_bound"": 1e-09, ""reference_support"": 2, ""impossible_outcomes"": {}, ""passed"": true}"
Upstream main,core_ghz_4,static: each control-flow region counted once,16,flat circuit,,,0.164913,"[0.185937, 0.175729, 0.164913, 0.161249, 0.158096]",ghz,72acb0c3a2a21a9860a57fed9045957ae8f24324d1038fb2c548dc0bca7f1063,4352,numeric,21,7,3,15,14,0,"{""rz"": 14, ""sx"": 7, ""cz"": 3, ""measure"": 4}",core,0.675636,"[0.895365, 0.723012, 0.670355, 0.675636, 0.653859]",4,10,exported,0.687908,"[0.719635, 0.709779, 0.686947, 0.685172, 0.687908]",ibm_sxz_cz,3,"{""kind"": ""core_reference_samples"", ""shots"": 512, ""counts"": {""0000"": 259, ""1111"": 253}, ""total_variation_distance"": 0.005859375, ""squared_hellinger_fidelity"": 0.9999656665458233, ""cdf_max_deviation"": 0.005859375, ""dkw_limit"": 0.14461834543863566, ""false_rejection_bound"": 1e-09, ""reference_support"": 2, ""impossible_outcomes"": {}, ""passed"": true}"
Upstream main,core_ghz_4,static: each control-flow region counted once,17,flat circuit,,,0.182257,"[0.195169, 0.182257, 0.185025, 0.172081, 0.167489]",ghz,72acb0c3a2a21a9860a57fed9045957ae8f24324d1038fb2c548dc0bca7f1063,4519,numeric,30,20,3,16,10,0,"{""rx"": 20, ""rz"": 10, ""rzz"": 3, ""measure"": 4}",core,0.675636,"[0.895365, 0.723012, 0.670355, 0.675636, 0.653859]",4,11,exported,0.700484,"[0.736132, 0.711012, 0.700484, 0.694788, 0.683203]",rxrz_rzz_unbounded,3,"{""kind"": ""core_reference_samples"", ""shots"": 512, ""counts"": {""0000"": 259, ""1111"": 253}, ""total_variation_distance"": 0.005859375, ""squared_hellinger_fidelity"": 0.9999656665458233, ""cdf_max_deviation"": 0.005859375, ""dkw_limit"": 0.14461834543863566, ""false_rejection_bound"": 1e-09, ""reference_support"": 2, ""impossible_outcomes"": {}, ""passed"": true}"
Upstream main,core_ghz_4,,,,"__init__(): incompatible function arguments. The following argument types are supported:
    1. __init__(self, name: str, arity: mqt.core.mlir.CompilerTarget.OperationArity, num_parameters: int, site_tuples: collections.abc.Sequence[mqt.core.mlir.CompilerTarget.SiteTuple] | None = None, duration: int | None = None, fidelity: float | None = None, *, fixed_parameters: collections.abc.Sequence[float | None] = [], canonical_name: str | None = None) -> None
    2. __init__(self, name: str, arity: int, num_parameters: int, site_tuples: collections.abc.Sequence[mqt.core.mlir.CompilerTarget.SiteTuple] | None = None, duration: int | None = None, fidelity: float | None = None, *, fixed_parameters: collections.abc.Sequence[float | None] = [], canonical_name: str | None = None) -> None

Invoked with types: mqt.core.mlir.OperationCapability, kwargs = { name: str, arity: int, num_parameters: int, parameter_bounds: list }",,,,ghz,72acb0c3a2a21a9860a57fed9045957ae8f24324d1038fb2c548dc0bca7f1063,,numeric,,,,,,,,core,0.675636,"[0.895365, 0.723012, 0.670355, 0.675636, 0.653859]",4,,target_unsupported,,,ibm_fractional_bounded,,
Upstream main,core_ghz_4,,,,"Target synthesis failed: loc(""/tmp/core-synthesis-evaluation/corpus/core_ghz_4.mlir"":1:1): target compilation requires a single-qubit synthesis basis
loc(""/tmp/core-synthesis-evaluation/corpus/core_ghz_4.mlir"":1:1): failed to synthesize the QCO program for the target",,,,ghz,72acb0c3a2a21a9860a57fed9045957ae8f24324d1038fb2c548dc0bca7f1063,,numeric,,,,,,,,core,0.675636,"[0.895365, 0.723012, 0.670355, 0.675636, 0.653859]",4,,synthesis_failed,,,ionq_fixed_r_zz,,
Upstream main,core_ghz_4,static: each control-flow region counted once,16,flat circuit,,,0.285762,"[0.332002, 0.298146, 0.275617, 0.285762, 0.266897]",ghz,72acb0c3a2a21a9860a57fed9045957ae8f24324d1038fb2c548dc0bca7f1063,4802,numeric,21,7,3,15,14,0,"{""rz"": 14, ""rxpi2"": 7, ""cz"": 3, ""measure"": 4}",core,0.675636,"[0.895365, 0.723012, 0.670355, 0.675636, 0.653859]",4,9,exported,0.700931,"[0.73362, 0.702324, 0.692004, 0.694804, 0.700931]",rigetti_rx_cz,3,"{""kind"": ""core_reference_samples"", ""shots"": 512, ""counts"": {""0000"": 259, ""1111"": 253}, ""total_variation_distance"": 0.005859375, ""squared_hellinger_fidelity"": 0.9999656665458233, ""cdf_max_deviation"": 0.005859375, ""dkw_limit"": 0.14461834543863566, ""false_rejection_bound"": 1e-09, ""reference_support"": 2, ""impossible_outcomes"": {}, ""passed"": true}"
Upstream main,core_ghz_4,static: each control-flow region counted once,34,flat circuit,,,0.384626,"[0.422018, 0.39933, 0.384626, 0.37805, 0.37429]",ghz,72acb0c3a2a21a9860a57fed9045957ae8f24324d1038fb2c548dc0bca7f1063,6776,numeric,48,16,6,33,32,0,"{""rz"": 32, ""rxpi2"": 7, ""rxpi"": 9, ""iswap"": 6, ""measure"": 4}",core,0.675636,"[0.895365, 0.723012, 0.670355, 0.675636, 0.653859]",4,17,exported,0.795412,"[0.837829, 0.80738, 0.789557, 0.795412, 0.785188]",rigetti_rx_iswap,6,"{""kind"": ""core_reference_samples"", ""shots"": 512, ""counts"": {""0000"": 259, ""1111"": 253}, ""total_variation_distance"": 0.005859375, ""squared_hellinger_fidelity"": 0.9999656665458233, ""cdf_max_deviation"": 0.005859375, ""dkw_limit"": 0.14461834543863566, ""false_rejection_bound"": 1e-09, ""reference_support"": 2, ""impossible_outcomes"": {}, ""passed"": true}"
Upstream main,core_qft_4,static: each control-flow region counted once,60,flat circuit,,,0.535395,"[0.582003, 0.550707, 0.535395, 0.531507, 0.529891]",qft,4afef75cef50fee8aeb97756ee0e1e539e2411cd84a387b01b934d431d84f53e,13694,numeric,116,116,12,59,0,0,"{""r"": 116, ""cz"": 12, ""measure"": 4}",core,0.7961,"[0.809652, 0.819269, 0.756148, 0.7961, 0.752356]",4,24,exported,1.259495,"[1.313127, 1.278759, 1.259255, 1.259495, 1.250743]",iqm_r_cz,10,"{""kind"": ""core_reference_samples"", ""shots"": 512, ""counts"": {""0000"": 124, ""0100"": 135, ""1000"": 125, ""1100"": 128}, ""total_variation_distance"": 0.013671875, ""squared_hellinger_fidelity"": 0.9997212936101603, ""cdf_max_deviation"": 0.0078125, ""dkw_limit"": 0.14461834543863566, ""false_rejection_bound"": 1e-09, ""reference_support"": 4, ""impossible_outcomes"": {}, ""passed"": true}"
Upstream main,core_qft_4,static: each control-flow region counted once,63,flat circuit,,,0.475635,"[0.503906, 0.479363, 0.475635, 0.46741, 0.470259]",qft,4afef75cef50fee8aeb97756ee0e1e539e2411cd84a387b01b934d431d84f53e,12143,numeric,112,46,12,62,66,0,"{""rz"": 66, ""sx"": 46, ""cx"": 12, ""measure"": 4}",core,0.7961,"[0.809652, 0.819269, 0.756148, 0.7961, 0.752356]",4,21,exported,1.265111,"[1.306359, 1.275719, 1.265111, 1.252551, 1.250055]",ibm_sxz_cx,10,"{""kind"": ""core_reference_samples"", ""shots"": 512, ""counts"": {""0000"": 124, ""0100"": 135, ""1000"": 125, ""1100"": 128}, ""total_variation_distance"": 0.013671875, ""squared_hellinger_fidelity"": 0.9997212936101603, ""cdf_max_deviation"": 0.0078125, ""dkw_limit"": 0.14461834543863566, ""false_rejection_bound"": 1e-09, ""reference_support"": 4, ""impossible_outcomes"": {}, ""passed"": true}"
Upstream main,core_qft_4,static: each control-flow region counted once,59,flat circuit,,,0.44525,"[0.474322, 0.456835, 0.44525, 0.441635, 0.44437]",qft,4afef75cef50fee8aeb97756ee0e1e539e2411cd84a387b01b934d431d84f53e,11649,numeric,100,40,12,58,60,0,"{""rz"": 60, ""sx"": 28, ""cz"": 12, ""x"": 12, ""measure"": 4}",core,0.7961,"[0.809652, 0.819269, 0.756148, 0.7961, 0.752356]",4,24,exported,1.254406,"[1.298007, 1.274678, 1.254406, 1.235814, 1.227719]",ibm_sxz_cz,10,"{""kind"": ""core_reference_samples"", ""shots"": 512, ""counts"": {""0000"": 124, ""0100"": 135, ""1000"": 125, ""1100"": 128}, ""total_variation_distance"": 0.013671875, ""squared_hellinger_fidelity"": 0.9997212936101603, ""cdf_max_deviation"": 0.0078125, ""dkw_limit"": 0.14461834543863566, ""false_rejection_bound"": 1e-09, ""reference_support"": 4, ""impossible_outcomes"": {}, ""passed"": true}"
Upstream main,core_qft_4,static: each control-flow region counted once,55,flat circuit,,,0.405522,"[0.426003, 0.412018, 0.405522, 0.39957, 0.40141]",qft,4afef75cef50fee8aeb97756ee0e1e539e2411cd84a387b01b934d431d84f53e,10703,numeric,105,65,12,54,40,0,"{""rx"": 65, ""rz"": 40, ""rzz"": 12, ""measure"": 4}",core,0.7961,"[0.809652, 0.819269, 0.756148, 0.7961, 0.752356]",4,23,exported,1.130678,"[1.166966, 1.136726, 1.12687, 1.123478, 1.130678]",rxrz_rzz_unbounded,10,"{""kind"": ""core_reference_samples"", ""shots"": 512, ""counts"": {""0000"": 124, ""0100"": 135, ""1000"": 125, ""1100"": 128}, ""total_variation_distance"": 0.013671875, ""squared_hellinger_fidelity"": 0.9997212936101603, ""cdf_max_deviation"": 0.0078125, ""dkw_limit"": 0.14461834543863566, ""false_rejection_bound"": 1e-09, ""reference_support"": 4, ""impossible_outcomes"": {}, ""passed"": true}"
Upstream main,core_qft_4,,,,"__init__(): incompatible function arguments. The following argument types are supported:
    1. __init__(self, name: str, arity: mqt.core.mlir.CompilerTarget.OperationArity, num_parameters: int, site_tuples: collections.abc.Sequence[mqt.core.mlir.CompilerTarget.SiteTuple] | None = None, duration: int | None = None, fidelity: float | None = None, *, fixed_parameters: collections.abc.Sequence[float | None] = [], canonical_name: str | None = None) -> None
    2. __init__(self, name: str, arity: int, num_parameters: int, site_tuples: collections.abc.Sequence[mqt.core.mlir.CompilerTarget.SiteTuple] | None = None, duration: int | None = None, fidelity: float | None = None, *, fixed_parameters: collections.abc.Sequence[float | None] = [], canonical_name: str | None = None) -> None

Invoked with types: mqt.core.mlir.OperationCapability, kwargs = { name: str, arity: int, num_parameters: int, parameter_bounds: list }",,,,qft,4afef75cef50fee8aeb97756ee0e1e539e2411cd84a387b01b934d431d84f53e,,numeric,,,,,,,,core,0.7961,"[0.809652, 0.819269, 0.756148, 0.7961, 0.752356]",4,,target_unsupported,,,ibm_fractional_bounded,,
Upstream main,core_qft_4,,,,"Target synthesis failed: loc(""/tmp/core-synthesis-evaluation/corpus/core_qft_4.mlir"":1:1): target compilation requires a single-qubit synthesis basis
loc(""/tmp/core-synthesis-evaluation/corpus/core_qft_4.mlir"":1:1): failed to synthesize the QCO program for the target",,,,qft,4afef75cef50fee8aeb97756ee0e1e539e2411cd84a387b01b934d431d84f53e,,numeric,,,,,,,,core,0.7961,"[0.809652, 0.819269, 0.756148, 0.7961, 0.752356]",4,,synthesis_failed,,,ionq_fixed_r_zz,,
Upstream main,core_qft_4,static: each control-flow region counted once,59,flat circuit,,,0.743236,"[0.804581, 0.7585, 0.743236, 0.72762, 0.735732]",qft,4afef75cef50fee8aeb97756ee0e1e539e2411cd84a387b01b934d431d84f53e,12471,numeric,100,40,12,58,60,0,"{""rz"": 60, ""rxpi2"": 28, ""cz"": 12, ""rxpi"": 12, ""measure"": 4}",core,0.7961,"[0.809652, 0.819269, 0.756148, 0.7961, 0.752356]",4,24,exported,1.323432,"[1.323432, 1.726697, 1.392024, 1.282583, 1.267911]",rigetti_rx_cz,10,"{""kind"": ""core_reference_samples"", ""shots"": 512, ""counts"": {""0000"": 124, ""0100"": 135, ""1000"": 125, ""1100"": 128}, ""total_variation_distance"": 0.013671875, ""squared_hellinger_fidelity"": 0.9997212936101603, ""cdf_max_deviation"": 0.0078125, ""dkw_limit"": 0.14461834543863566, ""false_rejection_bound"": 1e-09, ""reference_support"": 4, ""impossible_outcomes"": {}, ""passed"": true}"
Upstream main,core_qft_4,static: each control-flow region counted once,53,flat circuit,,,0.670547,"[0.70594, 0.670547, 0.663188, 0.648068, 0.682723]",qft,4afef75cef50fee8aeb97756ee0e1e539e2411cd84a387b01b934d431d84f53e,10748,numeric,98,40,12,52,58,0,"{""rz"": 58, ""rxpi2"": 28, ""rxpi"": 12, ""iswap"": 12, ""measure"": 4}",core,0.7961,"[0.809652, 0.819269, 0.756148, 0.7961, 0.752356]",4,23,exported,1.229623,"[1.268855, 1.239703, 1.229623, 1.212966, 1.207751]",rigetti_rx_iswap,10,"{""kind"": ""core_reference_samples"", ""shots"": 512, ""counts"": {""0000"": 124, ""0100"": 135, ""1000"": 125, ""1100"": 128}, ""total_variation_distance"": 0.013671875, ""squared_hellinger_fidelity"": 0.9997212936101603, ""cdf_max_deviation"": 0.0078125, ""dkw_limit"": 0.14461834543863566, ""false_rejection_bound"": 1e-09, ""reference_support"": 4, ""impossible_outcomes"": {}, ""passed"": true}"
Upstream main,core_w_state_4,static: each control-flow region counted once,29,flat circuit,,,0.284514,"[0.314642, 0.306161, 0.284514, 0.277537, 0.275394]",w_state,ede062e29de54882e3c894c625abd30d934007cb741bc8e03a7c128d2e6bdc47,7588,numeric,44,44,6,28,0,0,"{""r"": 44, ""cz"": 6, ""measure"": 4}",core,0.787732,"[0.851492, 0.847589, 0.766708, 0.787732, 0.740868]",4,27,exported,0.995062,"[1.047622, 1.005381, 0.995062, 0.979861, 0.972326]",iqm_r_cz,6,"{""kind"": ""core_reference_samples"", ""shots"": 512, ""counts"": {""0001"": 122, ""0010"": 125, ""0100"": 137, ""1000"": 128}, ""total_variation_distance"": 0.017578125, ""squared_hellinger_fidelity"": 0.9995260877209599, ""cdf_max_deviation"": 0.017578125, ""dkw_limit"": 0.14461834543863566, ""false_rejection_bound"": 1e-09, ""reference_support"": 4, ""impossible_outcomes"": {}, ""passed"": true}"
Upstream main,core_w_state_4,static: each control-flow region counted once,29,flat circuit,,,0.278801,"[0.303682, 0.292818, 0.278801, 0.275346, 0.275921]",w_state,ede062e29de54882e3c894c625abd30d934007cb741bc8e03a7c128d2e6bdc47,7608,numeric,50,19,6,28,31,0,"{""x"": 2, ""rz"": 31, ""sx"": 17, ""cx"": 6, ""measure"": 4}",core,0.787732,"[0.851492, 0.847589, 0.766708, 0.787732, 0.740868]",4,27,exported,1.008629,"[1.062598, 1.025222, 1.008629, 1.008342, 1.003413]",ibm_sxz_cx,6,"{""kind"": ""core_reference_samples"", ""shots"": 512, ""counts"": {""0001"": 122, ""0010"": 125, ""0100"": 137, ""1000"": 128}, ""total_variation_distance"": 0.017578125, ""squared_hellinger_fidelity"": 0.9995260877209599, ""cdf_max_deviation"": 0.017578125, ""dkw_limit"": 0.14461834543863566, ""false_rejection_bound"": 1e-09, ""reference_support"": 4, ""impossible_outcomes"": {}, ""passed"": true}"
Upstream main,core_w_state_4,static: each control-flow region counted once,40,flat circuit,,,0.311089,"[0.33973, 0.318658, 0.311089, 0.310418, 0.30805]",w_state,ede062e29de54882e3c894c625abd30d934007cb741bc8e03a7c128d2e6bdc47,8348,numeric,62,24,6,39,38,0,"{""x"": 2, ""rz"": 38, ""sx"": 22, ""cz"": 6, ""measure"": 4}",core,0.787732,"[0.851492, 0.847589, 0.766708, 0.787732, 0.740868]",4,29,exported,1.046389,"[1.079414, 1.054966, 1.041669, 1.046389, 1.034342]",ibm_sxz_cz,6,"{""kind"": ""core_reference_samples"", ""shots"": 512, ""counts"": {""0001"": 122, ""0010"": 125, ""0100"": 137, ""1000"": 128}, ""total_variation_distance"": 0.017578125, ""squared_hellinger_fidelity"": 0.9995260877209599, ""cdf_max_deviation"": 0.017578125, ""dkw_limit"": 0.14461834543863566, ""false_rejection_bound"": 1e-09, ""reference_support"": 4, ""impossible_outcomes"": {}, ""passed"": true}"
Upstream main,core_w_state_4,static: each control-flow region counted once,27,flat circuit,,,0.239249,"[0.263521, 0.24341, 0.236081, 0.239249, 0.232482]",w_state,ede062e29de54882e3c894c625abd30d934007cb741bc8e03a7c128d2e6bdc47,6785,numeric,43,30,6,26,13,0,"{""rx"": 30, ""rz"": 13, ""rzz"": 6, ""measure"": 4}",core,0.787732,"[0.851492, 0.847589, 0.766708, 0.787732, 0.740868]",4,31,exported,0.958373,"[1.018613, 0.970982, 0.958373, 0.945605, 0.939461]",rxrz_rzz_unbounded,6,"{""kind"": ""core_reference_samples"", ""shots"": 512, ""counts"": {""0001"": 122, ""0010"": 125, ""0100"": 137, ""1000"": 128}, ""total_variation_distance"": 0.017578125, ""squared_hellinger_fidelity"": 0.9995260877209599, ""cdf_max_deviation"": 0.017578125, ""dkw_limit"": 0.14461834543863566, ""false_rejection_bound"": 1e-09, ""reference_support"": 4, ""impossible_outcomes"": {}, ""passed"": true}"
Upstream main,core_w_state_4,,,,"__init__(): incompatible function arguments. The following argument types are supported:
    1. __init__(self, name: str, arity: mqt.core.mlir.CompilerTarget.OperationArity, num_parameters: int, site_tuples: collections.abc.Sequence[mqt.core.mlir.CompilerTarget.SiteTuple] | None = None, duration: int | None = None, fidelity: float | None = None, *, fixed_parameters: collections.abc.Sequence[float | None] = [], canonical_name: str | None = None) -> None
    2. __init__(self, name: str, arity: int, num_parameters: int, site_tuples: collections.abc.Sequence[mqt.core.mlir.CompilerTarget.SiteTuple] | None = None, duration: int | None = None, fidelity: float | None = None, *, fixed_parameters: collections.abc.Sequence[float | None] = [], canonical_name: str | None = None) -> None

Invoked with types: mqt.core.mlir.OperationCapability, kwargs = { name: str, arity: int, num_parameters: int, parameter_bounds: list }",,,,w_state,ede062e29de54882e3c894c625abd30d934007cb741bc8e03a7c128d2e6bdc47,,numeric,,,,,,,,core,0.787732,"[0.851492, 0.847589, 0.766708, 0.787732, 0.740868]",4,,target_unsupported,,,ibm_fractional_bounded,,
Upstream main,core_w_state_4,,,,"Target synthesis failed: loc(""/tmp/core-synthesis-evaluation/corpus/core_w_state_4.mlir"":1:1): target compilation requires a single-qubit synthesis basis
loc(""/tmp/core-synthesis-evaluation/corpus/core_w_state_4.mlir"":1:1): failed to synthesize the QCO program for the target",,,,w_state,ede062e29de54882e3c894c625abd30d934007cb741bc8e03a7c128d2e6bdc47,,numeric,,,,,,,,core,0.787732,"[0.851492, 0.847589, 0.766708, 0.787732, 0.740868]",4,,synthesis_failed,,,ionq_fixed_r_zz,,
Upstream main,core_w_state_4,static: each control-flow region counted once,40,flat circuit,,,0.516243,"[0.592547, 0.536995, 0.516243, 0.514419, 0.505138]",w_state,ede062e29de54882e3c894c625abd30d934007cb741bc8e03a7c128d2e6bdc47,9071,numeric,62,24,6,39,38,0,"{""rxpi"": 2, ""rz"": 38, ""rxpi2"": 22, ""cz"": 6, ""measure"": 4}",core,0.787732,"[0.851492, 0.847589, 0.766708, 0.787732, 0.740868]",4,30,exported,1.084758,"[1.128182, 1.100646, 1.084758, 1.07263, 1.06391]",rigetti_rx_cz,6,"{""kind"": ""core_reference_samples"", ""shots"": 512, ""counts"": {""0001"": 122, ""0010"": 125, ""0100"": 137, ""1000"": 128}, ""total_variation_distance"": 0.017578125, ""squared_hellinger_fidelity"": 0.9995260877209599, ""cdf_max_deviation"": 0.017578125, ""dkw_limit"": 0.14461834543863566, ""false_rejection_bound"": 1e-09, ""reference_support"": 4, ""impossible_outcomes"": {}, ""passed"": true}"
Upstream main,core_w_state_4,static: each control-flow region counted once,35,flat circuit,,,0.438291,"[0.469971, 0.45293, 0.425106, 0.438291, 0.41613]",w_state,ede062e29de54882e3c894c625abd30d934007cb741bc8e03a7c128d2e6bdc47,7578,numeric,53,20,6,34,33,0,"{""rxpi"": 3, ""rz"": 33, ""rxpi2"": 17, ""iswap"": 6, ""measure"": 4}",core,0.787732,"[0.851492, 0.847589, 0.766708, 0.787732, 0.740868]",4,26,exported,1.031254,"[1.074085, 1.044486, 1.031254, 1.023301, 1.012965]",rigetti_rx_iswap,6,"{""kind"": ""core_reference_samples"", ""shots"": 512, ""counts"": {""0001"": 122, ""0010"": 125, ""0100"": 137, ""1000"": 128}, ""total_variation_distance"": 0.017578125, ""squared_hellinger_fidelity"": 0.9995260877209599, ""cdf_max_deviation"": 0.017578125, ""dkw_limit"": 0.14461834543863566, ""false_rejection_bound"": 1e-09, ""reference_support"": 4, ""impossible_outcomes"": {}, ""passed"": true}"
Upstream main,core_qpe_4,static: each control-flow region counted once,65,flat circuit,,,0.488819,"[0.528419, 0.492386, 0.488819, 0.477571, 0.469602]",qpe,9557c40f36e68d523231f01d4330fb0e243fcaaa4bfb0e40c7a89db1122db1b2,12630,numeric,103,103,11,64,0,0,"{""r"": 103, ""cz"": 11, ""measure"": 3}",core,0.810308,"[0.847557, 0.868677, 0.789364, 0.810308, 0.760213]",4,27,exported,1.267095,"[1.339719, 1.294071, 1.267095, 1.262103, 1.255975]",iqm_r_cz,11,"{""kind"": ""core_reference_samples"", ""shots"": 512, ""counts"": {""011"": 512}, ""total_variation_distance"": 0.0, ""squared_hellinger_fidelity"": 1.0, ""cdf_max_deviation"": 0.0, ""dkw_limit"": 0.14461834543863566, ""false_rejection_bound"": 1e-09, ""reference_support"": 1, ""impossible_outcomes"": {}, ""passed"": true}"
Upstream main,core_qpe_4,static: each control-flow region counted once,74,flat circuit,,,0.481347,"[0.503763, 0.500226, 0.481347, 0.472211, 0.467154]",qpe,9557c40f36e68d523231f01d4330fb0e243fcaaa4bfb0e40c7a89db1122db1b2,12307,numeric,111,44,11,73,67,0,"{""rz"": 67, ""sx"": 43, ""x"": 1, ""cx"": 11, ""measure"": 3}",core,0.810308,"[0.847557, 0.868677, 0.789364, 0.810308, 0.760213]",4,31,exported,1.314295,"[1.361704, 1.322615, 1.314295, 1.310664, 1.299415]",ibm_sxz_cx,11,"{""kind"": ""core_reference_samples"", ""shots"": 512, ""counts"": {""011"": 512}, ""total_variation_distance"": 0.0, ""squared_hellinger_fidelity"": 1.0, ""cdf_max_deviation"": 0.0, ""dkw_limit"": 0.14461834543863566, ""false_rejection_bound"": 1e-09, ""reference_support"": 1, ""impossible_outcomes"": {}, ""passed"": true}"
Upstream main,core_qpe_4,static: each control-flow region counted once,68,flat circuit,,,0.443811,"[0.477523, 0.445234, 0.439427, 0.429202, 0.443811]",qpe,9557c40f36e68d523231f01d4330fb0e243fcaaa4bfb0e40c7a89db1122db1b2,11586,numeric,97,37,11,67,60,0,"{""rz"": 60, ""sx"": 26, ""x"": 11, ""cz"": 11, ""measure"": 3}",core,0.810308,"[0.847557, 0.868677, 0.789364, 0.810308, 0.760213]",4,32,exported,1.298711,"[1.347895, 1.298711, 1.279991, 1.298855, 1.259495]",ibm_sxz_cz,11,"{""kind"": ""core_reference_samples"", ""shots"": 512, ""counts"": {""011"": 512}, ""total_variation_distance"": 0.0, ""squared_hellinger_fidelity"": 1.0, ""cdf_max_deviation"": 0.0, ""dkw_limit"": 0.14461834543863566, ""false_rejection_bound"": 1e-09, ""reference_support"": 1, ""impossible_outcomes"": {}, ""passed"": true}"
Upstream main,core_qpe_4,static: each control-flow region counted once,63,flat circuit,,,0.392818,"[0.422322, 0.392818, 0.422691, 0.391266, 0.386898]",qpe,9557c40f36e68d523231f01d4330fb0e243fcaaa4bfb0e40c7a89db1122db1b2,10278,numeric,99,61,11,62,38,0,"{""rx"": 61, ""rz"": 38, ""rzz"": 11, ""measure"": 3}",core,0.810308,"[0.847557, 0.868677, 0.789364, 0.810308, 0.760213]",4,26,exported,1.154758,"[1.204614, 1.159814, 1.154758, 1.141991, 1.14015]",rxrz_rzz_unbounded,11,"{""kind"": ""core_reference_samples"", ""shots"": 512, ""counts"": {""011"": 512}, ""total_variation_distance"": 0.0, ""squared_hellinger_fidelity"": 1.0, ""cdf_max_deviation"": 0.0, ""dkw_limit"": 0.14461834543863566, ""false_rejection_bound"": 1e-09, ""reference_support"": 1, ""impossible_outcomes"": {}, ""passed"": true}"
Upstream main,core_qpe_4,,,,"__init__(): incompatible function arguments. The following argument types are supported:
    1. __init__(self, name: str, arity: mqt.core.mlir.CompilerTarget.OperationArity, num_parameters: int, site_tuples: collections.abc.Sequence[mqt.core.mlir.CompilerTarget.SiteTuple] | None = None, duration: int | None = None, fidelity: float | None = None, *, fixed_parameters: collections.abc.Sequence[float | None] = [], canonical_name: str | None = None) -> None
    2. __init__(self, name: str, arity: int, num_parameters: int, site_tuples: collections.abc.Sequence[mqt.core.mlir.CompilerTarget.SiteTuple] | None = None, duration: int | None = None, fidelity: float | None = None, *, fixed_parameters: collections.abc.Sequence[float | None] = [], canonical_name: str | None = None) -> None

Invoked with types: mqt.core.mlir.OperationCapability, kwargs = { name: str, arity: int, num_parameters: int, parameter_bounds: list }",,,,qpe,9557c40f36e68d523231f01d4330fb0e243fcaaa4bfb0e40c7a89db1122db1b2,,numeric,,,,,,,,core,0.810308,"[0.847557, 0.868677, 0.789364, 0.810308, 0.760213]",4,,target_unsupported,,,ibm_fractional_bounded,,
Upstream main,core_qpe_4,,,,"Target synthesis failed: loc(""/tmp/core-synthesis-evaluation/corpus/core_qpe_4.mlir"":1:1): target compilation requires a single-qubit synthesis basis
loc(""/tmp/core-synthesis-evaluation/corpus/core_qpe_4.mlir"":1:1): failed to synthesize the QCO program for the target",,,,qpe,9557c40f36e68d523231f01d4330fb0e243fcaaa4bfb0e40c7a89db1122db1b2,,numeric,,,,,,,,core,0.810308,"[0.847557, 0.868677, 0.789364, 0.810308, 0.760213]",4,,synthesis_failed,,,ionq_fixed_r_zz,,
Upstream main,core_qpe_4,static: each control-flow region counted once,68,flat circuit,,,0.738644,"[0.791413, 0.738644, 0.731172, 0.71058, 0.954661]",qpe,9557c40f36e68d523231f01d4330fb0e243fcaaa4bfb0e40c7a89db1122db1b2,12379,numeric,97,37,11,67,60,0,"{""rz"": 60, ""rxpi2"": 26, ""rxpi"": 11, ""cz"": 11, ""measure"": 3}",core,0.810308,"[0.847557, 0.868677, 0.789364, 0.810308, 0.760213]",4,32,exported,1.318551,"[1.353399, 1.340951, 1.316936, 1.318551, 1.317959]",rigetti_rx_cz,11,"{""kind"": ""core_reference_samples"", ""shots"": 512, ""counts"": {""011"": 512}, ""total_variation_distance"": 0.0, ""squared_hellinger_fidelity"": 1.0, ""cdf_max_deviation"": 0.0, ""dkw_limit"": 0.14461834543863566, ""false_rejection_bound"": 1e-09, ""reference_support"": 1, ""impossible_outcomes"": {}, ""passed"": true}"
Upstream main,core_qpe_4,static: each control-flow region counted once,69,flat circuit,,,0.677332,"[0.73234, 0.694052, 0.677332, 0.663027, 0.667844]",qpe,9557c40f36e68d523231f01d4330fb0e243fcaaa4bfb0e40c7a89db1122db1b2,11342,numeric,104,42,12,68,62,0,"{""rz"": 62, ""rxpi2"": 29, ""rxpi"": 13, ""iswap"": 12, ""measure"": 3}",core,0.810308,"[0.847557, 0.868677, 0.789364, 0.810308, 0.760213]",4,29,exported,1.293527,"[1.351479, 1.309495, 1.286295, 1.282503, 1.293527]",rigetti_rx_iswap,12,"{""kind"": ""core_reference_samples"", ""shots"": 512, ""counts"": {""011"": 512}, ""total_variation_distance"": 0.0, ""squared_hellinger_fidelity"": 1.0, ""cdf_max_deviation"": 0.0, ""dkw_limit"": 0.14461834543863566, ""false_rejection_bound"": 1e-09, ""reference_support"": 1, ""impossible_outcomes"": {}, ""passed"": true}"
Upstream main,core_grover_3,static: each control-flow region counted once,175,flat circuit,,,0.916597,"[0.976438, 0.922597, 0.916597, 0.915556, 0.898293]",grover,47afa17f2637e4a30e14241e6fcb9817f4e4842f97f550df52140afcfb27b23f,22861,numeric,227,227,24,174,0,0,"{""r"": 227, ""cz"": 24, ""measure"": 3}",core,0.947205,"[0.965509, 0.990917, 0.908053, 0.947205, 0.884405]",3,11,exported,2.666126,"[2.781759, 2.711071, 2.666126, 2.637454, 2.63555]",iqm_r_cz,24,"{""kind"": ""core_reference_samples"", ""shots"": 512, ""counts"": {""000"": 2, ""001"": 1, ""010"": 4, ""011"": 3, ""100"": 4, ""101"": 493, ""110"": 3, ""111"": 2}, ""total_variation_distance"": 0.017578125, ""squared_hellinger_fidelity"": 0.9963483800169427, ""cdf_max_deviation"": 0.01171875, ""dkw_limit"": 0.14461834543863566, ""false_rejection_bound"": 1e-09, ""reference_support"": 8, ""impossible_outcomes"": {}, ""passed"": true}"
Upstream main,core_grover_3,static: each control-flow region counted once,56,flat circuit,,,0.455043,"[0.497555, 0.463474, 0.455043, 0.448594, 0.449842]",grover,47afa17f2637e4a30e14241e6fcb9817f4e4842f97f550df52140afcfb27b23f,12286,numeric,69,15,24,55,54,0,"{""rz"": 54, ""sx"": 15, ""cx"": 24, ""measure"": 3}",core,0.947205,"[0.965509, 0.990917, 0.908053, 0.947205, 0.884405]",3,12,exported,2.021147,"[2.057131, 2.035035, 2.021147, 2.006219, 1.981275]",ibm_sxz_cx,24,"{""kind"": ""core_reference_samples"", ""shots"": 512, ""counts"": {""000"": 2, ""001"": 1, ""010"": 4, ""011"": 3, ""100"": 4, ""101"": 493, ""110"": 3, ""111"": 2}, ""total_variation_distance"": 0.017578125, ""squared_hellinger_fidelity"": 0.9963483800169427, ""cdf_max_deviation"": 0.01171875, ""dkw_limit"": 0.14461834543863566, ""false_rejection_bound"": 1e-09, ""reference_support"": 8, ""impossible_outcomes"": {}, ""passed"": true}"
Upstream main,core_grover_3,static: each control-flow region counted once,127,flat circuit,,,0.682644,"[0.71666, 0.690739, 0.682644, 0.677956, 0.668387]",grover,47afa17f2637e4a30e14241e6fcb9817f4e4842f97f550df52140afcfb27b23f,17232,numeric,161,63,24,126,98,0,"{""rz"": 98, ""sx"": 63, ""cz"": 24, ""measure"": 3}",core,0.947205,"[0.965509, 0.990917, 0.908053, 0.947205, 0.884405]",3,12,exported,2.418413,"[2.453245, 2.426206, 2.405789, 2.418413, 2.396589]",ibm_sxz_cz,24,"{""kind"": ""core_reference_samples"", ""shots"": 512, ""counts"": {""000"": 2, ""001"": 1, ""010"": 4, ""011"": 3, ""100"": 4, ""101"": 493, ""110"": 3, ""111"": 2}, ""total_variation_distance"": 0.017578125, ""squared_hellinger_fidelity"": 0.9963483800169427, ""cdf_max_deviation"": 0.01171875, ""dkw_limit"": 0.14461834543863566, ""false_rejection_bound"": 1e-09, ""reference_support"": 8, ""impossible_outcomes"": {}, ""passed"": true}"
Upstream main,core_grover_3,static: each control-flow region counted once,191,flat circuit,,,0.969158,"[1.002533, 0.969158, 0.953861, 0.950309, 1.110566]",grover,47afa17f2637e4a30e14241e6fcb9817f4e4842f97f550df52140afcfb27b23f,23460,numeric,309,198,24,190,111,0,"{""rx"": 198, ""rz"": 111, ""rzz"": 24, ""measure"": 3}",core,0.947205,"[0.965509, 0.990917, 0.908053, 0.947205, 0.884405]",3,16,exported,2.497997,"[2.548989, 2.501181, 2.497997, 2.482238, 2.474717]",rxrz_rzz_unbounded,24,"{""kind"": ""core_reference_samples"", ""shots"": 512, ""counts"": {""000"": 2, ""001"": 1, ""010"": 4, ""011"": 3, ""100"": 4, ""101"": 493, ""110"": 3, ""111"": 2}, ""total_variation_distance"": 0.017578125, ""squared_hellinger_fidelity"": 0.9963483800169427, ""cdf_max_deviation"": 0.01171875, ""dkw_limit"": 0.14461834543863566, ""false_rejection_bound"": 1e-09, ""reference_support"": 8, ""impossible_outcomes"": {}, ""passed"": true}"
Upstream main,core_grover_3,,,,"__init__(): incompatible function arguments. The following argument types are supported:
    1. __init__(self, name: str, arity: mqt.core.mlir.CompilerTarget.OperationArity, num_parameters: int, site_tuples: collections.abc.Sequence[mqt.core.mlir.CompilerTarget.SiteTuple] | None = None, duration: int | None = None, fidelity: float | None = None, *, fixed_parameters: collections.abc.Sequence[float | None] = [], canonical_name: str | None = None) -> None
    2. __init__(self, name: str, arity: int, num_parameters: int, site_tuples: collections.abc.Sequence[mqt.core.mlir.CompilerTarget.SiteTuple] | None = None, duration: int | None = None, fidelity: float | None = None, *, fixed_parameters: collections.abc.Sequence[float | None] = [], canonical_name: str | None = None) -> None

Invoked with types: mqt.core.mlir.OperationCapability, kwargs = { name: str, arity: int, num_parameters: int, parameter_bounds: list }",,,,grover,47afa17f2637e4a30e14241e6fcb9817f4e4842f97f550df52140afcfb27b23f,,numeric,,,,,,,,core,0.947205,"[0.965509, 0.990917, 0.908053, 0.947205, 0.884405]",3,,target_unsupported,,,ibm_fractional_bounded,,
Upstream main,core_grover_3,,,,"Target synthesis failed: loc(""/tmp/core-synthesis-evaluation/corpus/core_grover_3.mlir"":1:1): target compilation requires a single-qubit synthesis basis
loc(""/tmp/core-synthesis-evaluation/corpus/core_grover_3.mlir"":1:1): failed to synthesize the QCO program for the target",,,,grover,47afa17f2637e4a30e14241e6fcb9817f4e4842f97f550df52140afcfb27b23f,,numeric,,,,,,,,core,0.947205,"[0.965509, 0.990917, 0.908053, 0.947205, 0.884405]",3,,synthesis_failed,,,ionq_fixed_r_zz,,
Upstream main,core_grover_3,static: each control-flow region counted once,127,flat circuit,,,1.138646,"[1.175014, 1.138646, 1.341608, 1.123334, 1.09791]",grover,47afa17f2637e4a30e14241e6fcb9817f4e4842f97f550df52140afcfb27b23f,18240,numeric,161,63,24,126,98,0,"{""rz"": 98, ""rxpi2"": 63, ""cz"": 24, ""measure"": 3}",core,0.947205,"[0.965509, 0.990917, 0.908053, 0.947205, 0.884405]",3,13,exported,2.451341,"[2.499646, 2.477837, 2.450222, 2.451341, 2.444878]",rigetti_rx_cz,24,"{""kind"": ""core_reference_samples"", ""shots"": 512, ""counts"": {""000"": 2, ""001"": 1, ""010"": 4, ""011"": 3, ""100"": 4, ""101"": 493, ""110"": 3, ""111"": 2}, ""total_variation_distance"": 0.017578125, ""squared_hellinger_fidelity"": 0.9963483800169427, ""cdf_max_deviation"": 0.01171875, ""dkw_limit"": 0.14461834543863566, ""false_rejection_bound"": 1e-09, ""reference_support"": 8, ""impossible_outcomes"": {}, ""passed"": true}"
Upstream main,core_grover_3,static: each control-flow region counted once,202,flat circuit,,,1.690777,"[1.71889, 1.690777, 1.671721, 1.773914, 1.664073]",grover,47afa17f2637e4a30e14241e6fcb9817f4e4842f97f550df52140afcfb27b23f,27202,numeric,311,116,40,201,195,0,"{""rz"": 195, ""rxpi2"": 62, ""rxpi"": 54, ""iswap"": 40, ""measure"": 3}",core,0.947205,"[0.965509, 0.990917, 0.908053, 0.947205, 0.884405]",3,32,exported,2.869775,"[2.889376, 2.869775, 2.869871, 2.853168, 2.850176]",rigetti_rx_iswap,40,"{""kind"": ""core_reference_samples"", ""shots"": 512, ""counts"": {""000"": 2, ""001"": 1, ""010"": 4, ""011"": 3, ""100"": 4, ""101"": 493, ""110"": 3, ""111"": 2}, ""total_variation_distance"": 0.017578125, ""squared_hellinger_fidelity"": 0.9963483800169427, ""cdf_max_deviation"": 0.01171875, ""dkw_limit"": 0.14461834543863566, ""false_rejection_bound"": 1e-09, ""reference_support"": 8, ""impossible_outcomes"": {}, ""passed"": true}"
Upstream main,core_multiplexer_3,static: each control-flow region counted once,24,flat circuit,,,0.240945,"[0.272866, 0.247441, 0.240945, 0.231186, 0.230289]",multiplexer,9012eef549b35b2b5250a04977edd68e45507df476d960e49162ebff04fb2f6b,6245,numeric,39,39,4,23,0,0,"{""r"": 39, ""cz"": 4, ""measure"": 3}",core,0.726708,"[0.769972, 0.791492, 0.698356, 0.726708, 0.689843]",3,21,exported,0.711172,"[0.776436, 0.730788, 0.711172, 0.702948, 0.691812]",iqm_r_cz,4,"{""kind"": ""core_reference_samples"", ""shots"": 512, ""counts"": {""000"": 136, ""010"": 109, ""011"": 12, ""100"": 65, ""101"": 61, ""110"": 13, ""111"": 116}, ""total_variation_distance"": 0.03075227735168154, ""squared_hellinger_fidelity"": 0.9970031898530823, ""cdf_max_deviation"": 0.015625, ""dkw_limit"": 0.14461834543863566, ""false_rejection_bound"": 1e-09, ""reference_support"": 7, ""impossible_outcomes"": {}, ""passed"": true}"
Upstream main,core_multiplexer_3,static: each control-flow region counted once,32,flat circuit,,,0.232273,"[0.256161, 0.240481, 0.230882, 0.232273, 0.225281]",multiplexer,9012eef549b35b2b5250a04977edd68e45507df476d960e49162ebff04fb2f6b,6187,numeric,45,18,4,31,27,0,"{""rz"": 27, ""sx"": 16, ""x"": 2, ""cx"": 4, ""measure"": 3}",core,0.726708,"[0.769972, 0.791492, 0.698356, 0.726708, 0.689843]",3,19,exported,0.731716,"[0.778725, 0.747364, 0.731716, 0.719092, 0.713124]",ibm_sxz_cx,4,"{""kind"": ""core_reference_samples"", ""shots"": 512, ""counts"": {""000"": 136, ""010"": 109, ""011"": 12, ""100"": 65, ""101"": 61, ""110"": 13, ""111"": 116}, ""total_variation_distance"": 0.03075227735168154, ""squared_hellinger_fidelity"": 0.9970031898530823, ""cdf_max_deviation"": 0.015625, ""dkw_limit"": 0.14461834543863566, ""false_rejection_bound"": 1e-09, ""reference_support"": 7, ""impossible_outcomes"": {}, ""passed"": true}"
Upstream main,core_multiplexer_3,static: each control-flow region counted once,27,flat circuit,,,0.22029,"[0.236321, 0.220801, 0.22029, 0.213569, 0.209265]",multiplexer,9012eef549b35b2b5250a04977edd68e45507df476d960e49162ebff04fb2f6b,5753,numeric,39,16,4,26,23,0,"{""rz"": 23, ""sx"": 14, ""cz"": 4, ""x"": 2, ""measure"": 3}",core,0.726708,"[0.769972, 0.791492, 0.698356, 0.726708, 0.689843]",3,17,exported,0.692372,"[0.717428, 0.693412, 0.692372, 0.67786, 0.668435]",ibm_sxz_cz,4,"{""kind"": ""core_reference_samples"", ""shots"": 512, ""counts"": {""000"": 136, ""010"": 109, ""011"": 12, ""100"": 65, ""101"": 61, ""110"": 13, ""111"": 116}, ""total_variation_distance"": 0.03075227735168154, ""squared_hellinger_fidelity"": 0.9970031898530823, ""cdf_max_deviation"": 0.015625, ""dkw_limit"": 0.14461834543863566, ""false_rejection_bound"": 1e-09, ""reference_support"": 7, ""impossible_outcomes"": {}, ""passed"": true}"
Upstream main,core_multiplexer_3,static: each control-flow region counted once,24,flat circuit,,,0.202018,"[0.219409, 0.204657, 0.199409, 0.202018, 0.195681]",multiplexer,9012eef549b35b2b5250a04977edd68e45507df476d960e49162ebff04fb2f6b,5579,numeric,39,25,4,23,14,0,"{""rx"": 25, ""rz"": 14, ""rzz"": 4, ""measure"": 3}",core,0.726708,"[0.769972, 0.791492, 0.698356, 0.726708, 0.689843]",3,22,exported,0.653603,"[0.687764, 0.670068, 0.653603, 0.644596, 0.642531]",rxrz_rzz_unbounded,4,"{""kind"": ""core_reference_samples"", ""shots"": 512, ""counts"": {""000"": 136, ""010"": 109, ""011"": 12, ""100"": 65, ""101"": 61, ""110"": 13, ""111"": 116}, ""total_variation_distance"": 0.03075227735168154, ""squared_hellinger_fidelity"": 0.9970031898530823, ""cdf_max_deviation"": 0.015625, ""dkw_limit"": 0.14461834543863566, ""false_rejection_bound"": 1e-09, ""reference_support"": 7, ""impossible_outcomes"": {}, ""passed"": true}"
Upstream main,core_multiplexer_3,,,,"__init__(): incompatible function arguments. The following argument types are supported:
    1. __init__(self, name: str, arity: mqt.core.mlir.CompilerTarget.OperationArity, num_parameters: int, site_tuples: collections.abc.Sequence[mqt.core.mlir.CompilerTarget.SiteTuple] | None = None, duration: int | None = None, fidelity: float | None = None, *, fixed_parameters: collections.abc.Sequence[float | None] = [], canonical_name: str | None = None) -> None
    2. __init__(self, name: str, arity: int, num_parameters: int, site_tuples: collections.abc.Sequence[mqt.core.mlir.CompilerTarget.SiteTuple] | None = None, duration: int | None = None, fidelity: float | None = None, *, fixed_parameters: collections.abc.Sequence[float | None] = [], canonical_name: str | None = None) -> None

Invoked with types: mqt.core.mlir.OperationCapability, kwargs = { name: str, arity: int, num_parameters: int, parameter_bounds: list }",,,,multiplexer,9012eef549b35b2b5250a04977edd68e45507df476d960e49162ebff04fb2f6b,,numeric,,,,,,,,core,0.726708,"[0.769972, 0.791492, 0.698356, 0.726708, 0.689843]",3,,target_unsupported,,,ibm_fractional_bounded,,
Upstream main,core_multiplexer_3,,,,"Target synthesis failed: loc(""/tmp/core-synthesis-evaluation/corpus/core_multiplexer_3.mlir"":1:1): target compilation requires a single-qubit synthesis basis
loc(""/tmp/core-synthesis-evaluation/corpus/core_multiplexer_3.mlir"":1:1): failed to synthesize the QCO program for the target",,,,multiplexer,9012eef549b35b2b5250a04977edd68e45507df476d960e49162ebff04fb2f6b,,numeric,,,,,,,,core,0.726708,"[0.769972, 0.791492, 0.698356, 0.726708, 0.689843]",3,,synthesis_failed,,,ionq_fixed_r_zz,,
Upstream main,core_multiplexer_3,static: each control-flow region counted once,27,flat circuit,,,0.382098,"[0.431826, 0.388034, 0.382098, 0.367714, 0.379778]",multiplexer,9012eef549b35b2b5250a04977edd68e45507df476d960e49162ebff04fb2f6b,6347,numeric,39,16,4,26,23,0,"{""rz"": 23, ""rxpi2"": 14, ""cz"": 4, ""rxpi"": 2, ""measure"": 3}",core,0.726708,"[0.769972, 0.791492, 0.698356, 0.726708, 0.689843]",3,17,exported,0.722995,"[0.754772, 0.731764, 0.722995, 0.715604, 0.713156]",rigetti_rx_cz,4,"{""kind"": ""core_reference_samples"", ""shots"": 512, ""counts"": {""000"": 136, ""010"": 109, ""011"": 12, ""100"": 65, ""101"": 61, ""110"": 13, ""111"": 116}, ""total_variation_distance"": 0.03075227735168154, ""squared_hellinger_fidelity"": 0.9970031898530823, ""cdf_max_deviation"": 0.015625, ""dkw_limit"": 0.14461834543863566, ""false_rejection_bound"": 1e-09, ""reference_support"": 7, ""impossible_outcomes"": {}, ""passed"": true}"
Upstream main,core_multiplexer_3,static: each control-flow region counted once,30,flat circuit,,,0.356962,"[0.390338, 0.37293, 0.350706, 0.356962, 0.35109]",multiplexer,9012eef549b35b2b5250a04977edd68e45507df476d960e49162ebff04fb2f6b,6262,numeric,41,16,4,29,25,0,"{""rz"": 25, ""rxpi2"": 10, ""rxpi"": 6, ""iswap"": 4, ""measure"": 3}",core,0.726708,"[0.769972, 0.791492, 0.698356, 0.726708, 0.689843]",3,23,exported,0.723284,"[0.768356, 0.732692, 0.723284, 0.71938, 0.711764]",rigetti_rx_iswap,4,"{""kind"": ""core_reference_samples"", ""shots"": 512, ""counts"": {""000"": 136, ""010"": 109, ""011"": 12, ""100"": 65, ""101"": 61, ""110"": 13, ""111"": 116}, ""total_variation_distance"": 0.03075227735168154, ""squared_hellinger_fidelity"": 0.9970031898530823, ""cdf_max_deviation"": 0.015625, ""dkw_limit"": 0.14461834543863566, ""false_rejection_bound"": 1e-09, ""reference_support"": 7, ""impossible_outcomes"": {}, ""passed"": true}"
Upstream main,core_qft_adder_4,static: each control-flow region counted once,42,flat circuit,,,0.347842,"[0.420754, 0.36237, 0.347842, 0.34533, 0.337058]",qft_adder,d349b6619a69d9201a4675f03a580e492ad36e75c89d397b6ae6d9552f83e538,9000,numeric,64,64,8,41,0,0,"{""r"": 64, ""cz"": 8, ""measure"": 4}",core,0.832565,"[0.847732, 0.880885, 0.796852, 0.832565, 0.763156]",4,20,exported,1.108166,"[1.166247, 1.13311, 1.103958, 1.108166, 1.098854]",iqm_r_cz,8,"{""kind"": ""core_reference_samples"", ""shots"": 512, ""counts"": {""1011"": 512}, ""total_variation_distance"": 0.0, ""squared_hellinger_fidelity"": 1.0, ""cdf_max_deviation"": 0.0, ""dkw_limit"": 0.14461834543863566, ""false_rejection_bound"": 1e-09, ""reference_support"": 1, ""impossible_outcomes"": {}, ""passed"": true}"
Upstream main,core_qft_adder_4,static: each control-flow region counted once,53,flat circuit,,,0.354562,"[0.374354, 0.358338, 0.354562, 0.34509, 0.342946]",qft_adder,d349b6619a69d9201a4675f03a580e492ad36e75c89d397b6ae6d9552f83e538,9038,numeric,72,31,8,52,41,0,"{""x"": 2, ""rz"": 41, ""sx"": 29, ""cx"": 8, ""measure"": 4}",core,0.832565,"[0.847732, 0.880885, 0.796852, 0.832565, 0.763156]",4,23,exported,1.146742,"[1.176038, 1.159015, 1.133078, 1.146742, 1.125847]",ibm_sxz_cx,8,"{""kind"": ""core_reference_samples"", ""shots"": 512, ""counts"": {""1011"": 512}, ""total_variation_distance"": 0.0, ""squared_hellinger_fidelity"": 1.0, ""cdf_max_deviation"": 0.0, ""dkw_limit"": 0.14461834543863566, ""false_rejection_bound"": 1e-09, ""reference_support"": 1, ""impossible_outcomes"": {}, ""passed"": true}"
Upstream main,core_qft_adder_4,static: each control-flow region counted once,43,flat circuit,,,0.316482,"[0.340386, 0.319442, 0.316482, 0.310801, 0.309842]",qft_adder,d349b6619a69d9201a4675f03a580e492ad36e75c89d397b6ae6d9552f83e538,8300,numeric,59,24,8,42,35,0,"{""x"": 8, ""rz"": 35, ""sx"": 16, ""cz"": 8, ""measure"": 4}",core,0.832565,"[0.847732, 0.880885, 0.796852, 0.832565, 0.763156]",4,22,exported,1.106918,"[1.141046, 1.111046, 1.106918, 1.087142, 1.09095]",ibm_sxz_cz,8,"{""kind"": ""core_reference_samples"", ""shots"": 512, ""counts"": {""1011"": 512}, ""total_variation_distance"": 0.0, ""squared_hellinger_fidelity"": 1.0, ""cdf_max_deviation"": 0.0, ""dkw_limit"": 0.14461834543863566, ""false_rejection_bound"": 1e-09, ""reference_support"": 1, ""impossible_outcomes"": {}, ""passed"": true}"
Upstream main,core_qft_adder_4,static: each control-flow region counted once,44,flat circuit,,,0.30981,"[0.332337, 0.32197, 0.30981, 0.304289, 0.30437]",qft_adder,d349b6619a69d9201a4675f03a580e492ad36e75c89d397b6ae6d9552f83e538,8197,numeric,71,45,8,43,26,0,"{""rx"": 45, ""rz"": 26, ""rzz"": 8, ""measure"": 4}",core,0.832565,"[0.847732, 0.880885, 0.796852, 0.832565, 0.763156]",4,23,exported,1.041429,"[1.079366, 1.051653, 1.041429, 1.034038, 1.029734]",rxrz_rzz_unbounded,8,"{""kind"": ""core_reference_samples"", ""shots"": 512, ""counts"": {""1011"": 512}, ""total_variation_distance"": 0.0, ""squared_hellinger_fidelity"": 1.0, ""cdf_max_deviation"": 0.0, ""dkw_limit"": 0.14461834543863566, ""false_rejection_bound"": 1e-09, ""reference_support"": 1, ""impossible_outcomes"": {}, ""passed"": true}"
Upstream main,core_qft_adder_4,,,,"__init__(): incompatible function arguments. The following argument types are supported:
    1. __init__(self, name: str, arity: mqt.core.mlir.CompilerTarget.OperationArity, num_parameters: int, site_tuples: collections.abc.Sequence[mqt.core.mlir.CompilerTarget.SiteTuple] | None = None, duration: int | None = None, fidelity: float | None = None, *, fixed_parameters: collections.abc.Sequence[float | None] = [], canonical_name: str | None = None) -> None
    2. __init__(self, name: str, arity: int, num_parameters: int, site_tuples: collections.abc.Sequence[mqt.core.mlir.CompilerTarget.SiteTuple] | None = None, duration: int | None = None, fidelity: float | None = None, *, fixed_parameters: collections.abc.Sequence[float | None] = [], canonical_name: str | None = None) -> None

Invoked with types: mqt.core.mlir.OperationCapability, kwargs = { name: str, arity: int, num_parameters: int, parameter_bounds: list }",,,,qft_adder,d349b6619a69d9201a4675f03a580e492ad36e75c89d397b6ae6d9552f83e538,,numeric,,,,,,,,core,0.832565,"[0.847732, 0.880885, 0.796852, 0.832565, 0.763156]",4,,target_unsupported,,,ibm_fractional_bounded,,
Upstream main,core_qft_adder_4,,,,"Target synthesis failed: loc(""/tmp/core-synthesis-evaluation/corpus/core_qft_adder_4.mlir"":1:1): target compilation requires a single-qubit synthesis basis
loc(""/tmp/core-synthesis-evaluation/corpus/core_qft_adder_4.mlir"":1:1): failed to synthesize the QCO program for the target",,,,qft_adder,d349b6619a69d9201a4675f03a580e492ad36e75c89d397b6ae6d9552f83e538,,numeric,,,,,,,,core,0.832565,"[0.847732, 0.880885, 0.796852, 0.832565, 0.763156]",4,,synthesis_failed,,,ionq_fixed_r_zz,,
Upstream main,core_qft_adder_4,static: each control-flow region counted once,43,flat circuit,,,0.564899,"[0.583843, 0.843124, 0.564899, 0.530019, 0.517827]",qft_adder,d349b6619a69d9201a4675f03a580e492ad36e75c89d397b6ae6d9552f83e538,8973,numeric,59,24,8,42,35,0,"{""rxpi"": 8, ""rz"": 35, ""rxpi2"": 16, ""cz"": 8, ""measure"": 4}",core,0.832565,"[0.847732, 0.880885, 0.796852, 0.832565, 0.763156]",4,22,exported,1.133622,"[1.16359, 1.142855, 1.133622, 1.130214, 1.12791]",rigetti_rx_cz,8,"{""kind"": ""core_reference_samples"", ""shots"": 512, ""counts"": {""1011"": 512}, ""total_variation_distance"": 0.0, ""squared_hellinger_fidelity"": 1.0, ""cdf_max_deviation"": 0.0, ""dkw_limit"": 0.14461834543863566, ""false_rejection_bound"": 1e-09, ""reference_support"": 1, ""impossible_outcomes"": {}, ""passed"": true}"
Upstream main,core_qft_adder_4,static: each control-flow region counted once,57,flat circuit,,,0.589812,"[0.643539, 0.604579, 0.585923, 0.589812, 0.571859]",qft_adder,d349b6619a69d9201a4675f03a580e492ad36e75c89d397b6ae6d9552f83e538,9861,numeric,87,34,10,56,53,0,"{""rxpi"": 12, ""rz"": 53, ""rxpi2"": 22, ""iswap"": 10, ""measure"": 4}",core,0.832565,"[0.847732, 0.880885, 0.796852, 0.832565, 0.763156]",4,23,exported,1.177655,"[1.216534, 1.194758, 1.177655, 1.16599, 1.156038]",rigetti_rx_iswap,10,"{""kind"": ""core_reference_samples"", ""shots"": 512, ""counts"": {""1011"": 512}, ""total_variation_distance"": 0.0, ""squared_hellinger_fidelity"": 1.0, ""cdf_max_deviation"": 0.0, ""dkw_limit"": 0.14461834543863566, ""false_rejection_bound"": 1e-09, ""reference_support"": 1, ""impossible_outcomes"": {}, ""passed"": true}"
Upstream main,core_bv_4,static: each control-flow region counted once,7,flat circuit,,,0.123936,"[0.155697, 0.147281, 0.123936, 0.119745, 0.118001]",bv,ad7ef36327520b8e3628ca50597e43c7e83e1617d06106bdf90aab771e33d2f7,3147,numeric,9,9,2,6,0,0,"{""r"": 9, ""cz"": 2, ""measure"": 3}",core,0.800388,"[0.846932, 0.865957, 0.77058, 0.800388, 0.732916]",4,8,exported,0.738484,"[0.791524, 0.740756, 0.738484, 0.723508, 0.713636]",iqm_r_cz,2,"{""kind"": ""core_reference_samples"", ""shots"": 512, ""counts"": {""101"": 512}, ""total_variation_distance"": 0.0, ""squared_hellinger_fidelity"": 1.0, ""cdf_max_deviation"": 0.0, ""dkw_limit"": 0.14461834543863566, ""false_rejection_bound"": 1e-09, ""reference_support"": 1, ""impossible_outcomes"": {}, ""passed"": true}"
Upstream main,core_bv_4,static: each control-flow region counted once,15,flat circuit,,,0.1616,"[0.178337, 0.1616, 0.162353, 0.149761, 0.149265]",bv,ad7ef36327520b8e3628ca50597e43c7e83e1617d06106bdf90aab771e33d2f7,4018,numeric,24,9,2,14,15,0,"{""x"": 1, ""rz"": 15, ""sx"": 8, ""cx"": 2, ""measure"": 3}",core,0.800388,"[0.846932, 0.865957, 0.77058, 0.800388, 0.732916]",4,8,exported,0.740596,"[0.796036, 0.760404, 0.740596, 0.73202, 0.729908]",ibm_sxz_cx,2,"{""kind"": ""core_reference_samples"", ""shots"": 512, ""counts"": {""101"": 512}, ""total_variation_distance"": 0.0, ""squared_hellinger_fidelity"": 1.0, ""cdf_max_deviation"": 0.0, ""dkw_limit"": 0.14461834543863566, ""false_rejection_bound"": 1e-09, ""reference_support"": 1, ""impossible_outcomes"": {}, ""passed"": true}"
Upstream main,core_bv_4,static: each control-flow region counted once,9,flat circuit,,,0.126673,"[0.147328, 0.132625, 0.126673, 0.12248, 0.122305]",bv,ad7ef36327520b8e3628ca50597e43c7e83e1617d06106bdf90aab771e33d2f7,3281,numeric,13,5,2,8,8,0,"{""x"": 1, ""rz"": 8, ""sx"": 4, ""cz"": 2, ""measure"": 3}",core,0.800388,"[0.846932, 0.865957, 0.77058, 0.800388, 0.732916]",4,5,exported,0.689524,"[0.7197, 0.69882, 0.689524, 0.672355, 0.678996]",ibm_sxz_cz,2,"{""kind"": ""core_reference_samples"", ""shots"": 512, ""counts"": {""101"": 512}, ""total_variation_distance"": 0.0, ""squared_hellinger_fidelity"": 1.0, ""cdf_max_deviation"": 0.0, ""dkw_limit"": 0.14461834543863566, ""false_rejection_bound"": 1e-09, ""reference_support"": 1, ""impossible_outcomes"": {}, ""passed"": true}"
Upstream main,core_bv_4,static: each control-flow region counted once,13,flat circuit,,,0.140576,"[0.157968, 0.144689, 0.139745, 0.134433, 0.140576]",bv,ad7ef36327520b8e3628ca50597e43c7e83e1617d06106bdf90aab771e33d2f7,3614,numeric,21,13,2,12,8,0,"{""rx"": 13, ""rz"": 8, ""rzz"": 2, ""measure"": 3}",core,0.800388,"[0.846932, 0.865957, 0.77058, 0.800388, 0.732916]",4,8,exported,0.712644,"[0.73418, 0.720211, 0.712644, 0.700548, 0.695252]",rxrz_rzz_unbounded,2,"{""kind"": ""core_reference_samples"", ""shots"": 512, ""counts"": {""101"": 512}, ""total_variation_distance"": 0.0, ""squared_hellinger_fidelity"": 1.0, ""cdf_max_deviation"": 0.0, ""dkw_limit"": 0.14461834543863566, ""false_rejection_bound"": 1e-09, ""reference_support"": 1, ""impossible_outcomes"": {}, ""passed"": true}"
Upstream main,core_bv_4,,,,"__init__(): incompatible function arguments. The following argument types are supported:
    1. __init__(self, name: str, arity: mqt.core.mlir.CompilerTarget.OperationArity, num_parameters: int, site_tuples: collections.abc.Sequence[mqt.core.mlir.CompilerTarget.SiteTuple] | None = None, duration: int | None = None, fidelity: float | None = None, *, fixed_parameters: collections.abc.Sequence[float | None] = [], canonical_name: str | None = None) -> None
    2. __init__(self, name: str, arity: int, num_parameters: int, site_tuples: collections.abc.Sequence[mqt.core.mlir.CompilerTarget.SiteTuple] | None = None, duration: int | None = None, fidelity: float | None = None, *, fixed_parameters: collections.abc.Sequence[float | None] = [], canonical_name: str | None = None) -> None

Invoked with types: mqt.core.mlir.OperationCapability, kwargs = { name: str, arity: int, num_parameters: int, parameter_bounds: list }",,,,bv,ad7ef36327520b8e3628ca50597e43c7e83e1617d06106bdf90aab771e33d2f7,,numeric,,,,,,,,core,0.800388,"[0.846932, 0.865957, 0.77058, 0.800388, 0.732916]",4,,target_unsupported,,,ibm_fractional_bounded,,
Upstream main,core_bv_4,,,,"Target synthesis failed: loc(""/tmp/core-synthesis-evaluation/corpus/core_bv_4.mlir"":1:1): target compilation requires a single-qubit synthesis basis
loc(""/tmp/core-synthesis-evaluation/corpus/core_bv_4.mlir"":1:1): failed to synthesize the QCO program for the target",,,,bv,ad7ef36327520b8e3628ca50597e43c7e83e1617d06106bdf90aab771e33d2f7,,numeric,,,,,,,,core,0.800388,"[0.846932, 0.865957, 0.77058, 0.800388, 0.732916]",4,,synthesis_failed,,,ionq_fixed_r_zz,,
Upstream main,core_bv_4,static: each control-flow region counted once,9,flat circuit,,,0.224001,"[0.271746, 0.232625, 0.224001, 0.222641, 0.212209]",bv,ad7ef36327520b8e3628ca50597e43c7e83e1617d06106bdf90aab771e33d2f7,3761,numeric,13,5,2,8,8,0,"{""rxpi"": 1, ""rz"": 8, ""rxpi2"": 4, ""cz"": 2, ""measure"": 3}",core,0.800388,"[0.846932, 0.865957, 0.77058, 0.800388, 0.732916]",4,5,exported,0.703284,"[0.7289, 0.712404, 0.703284, 0.692612, 0.689123]",rigetti_rx_cz,2,"{""kind"": ""core_reference_samples"", ""shots"": 512, ""counts"": {""101"": 512}, ""total_variation_distance"": 0.0, ""squared_hellinger_fidelity"": 1.0, ""cdf_max_deviation"": 0.0, ""dkw_limit"": 0.14461834543863566, ""false_rejection_bound"": 1e-09, ""reference_support"": 1, ""impossible_outcomes"": {}, ""passed"": true}"
Upstream main,core_bv_4,static: each control-flow region counted once,24,flat circuit,,,0.350017,"[0.388946, 0.351762, 0.350017, 0.337554, 0.331762]",bv,ad7ef36327520b8e3628ca50597e43c7e83e1617d06106bdf90aab771e33d2f7,5746,numeric,40,15,4,23,25,0,"{""rxpi"": 5, ""rz"": 25, ""rxpi2"": 10, ""iswap"": 4, ""measure"": 3}",core,0.800388,"[0.846932, 0.865957, 0.77058, 0.800388, 0.732916]",4,13,exported,0.81026,"[0.842213, 0.819557, 0.81026, 0.806837, 0.80138]",rigetti_rx_iswap,4,"{""kind"": ""core_reference_samples"", ""shots"": 512, ""counts"": {""101"": 512}, ""total_variation_distance"": 0.0, ""squared_hellinger_fidelity"": 1.0, ""cdf_max_deviation"": 0.0, ""dkw_limit"": 0.14461834543863566, ""false_rejection_bound"": 1e-09, ""reference_support"": 1, ""impossible_outcomes"": {}, ""passed"": true}"
Upstream main,core_ghz_16,static: each control-flow region counted once,49,flat circuit,,,0.541667,"[0.579491, 0.554931, 0.535155, 0.541667, 0.527491]",ghz,f7cd8082ac387b9c435919fe2a71e225b1abc22a9dbb81eccf913059d797ac7b,13771,numeric,77,77,15,48,0,0,"{""r"": 77, ""cz"": 15, ""measure"": 16}",core,1.007558,"[1.018853, 1.062662, 0.991861, 1.007558, 0.953893]",16,20,exported,2.002475,"[2.048091, 2.01697, 1.998091, 2.002475, 1.993051]",iqm_r_cz,15,"{""kind"": ""core_reference_samples"", ""shots"": 512, ""counts"": {""0000000000000000"": 272, ""1111111111111111"": 240}, ""total_variation_distance"": 0.03125, ""squared_hellinger_fidelity"": 0.9990224819584785, ""cdf_max_deviation"": 0.03125, ""dkw_limit"": 0.14461834543863566, ""false_rejection_bound"": 1e-09, ""reference_support"": 2, ""impossible_outcomes"": {}, ""passed"": true}"
Upstream main,core_ghz_16,static: each control-flow region counted once,19,flat circuit,,,0.310178,"[0.347698, 0.325809, 0.309186, 0.307378, 0.310178]",ghz,f7cd8082ac387b9c435919fe2a71e225b1abc22a9dbb81eccf913059d797ac7b,9179,numeric,3,1,15,18,2,0,"{""rz"": 2, ""sx"": 1, ""cx"": 15, ""measure"": 16}",core,1.007558,"[1.018853, 1.062662, 0.991861, 1.007558, 0.953893]",16,18,exported,1.819338,"[1.873738, 1.833929, 1.819338, 1.801802, 1.81057]",ibm_sxz_cx,15,"{""kind"": ""core_reference_samples"", ""shots"": 512, ""counts"": {""0000000000000000"": 272, ""1111111111111111"": 240}, ""total_variation_distance"": 0.03125, ""squared_hellinger_fidelity"": 0.9990224819584785, ""cdf_max_deviation"": 0.03125, ""dkw_limit"": 0.14461834543863566, ""false_rejection_bound"": 1e-09, ""reference_support"": 2, ""impossible_outcomes"": {}, ""passed"": true}"
Upstream main,core_ghz_16,static: each control-flow region counted once,64,flat circuit,,,0.549027,"[0.584355, 0.550419, 0.545635, 0.539075, 0.549027]",ghz,f7cd8082ac387b9c435919fe2a71e225b1abc22a9dbb81eccf913059d797ac7b,14224,numeric,93,31,15,63,62,0,"{""rz"": 62, ""sx"": 31, ""cz"": 15, ""measure"": 16}",core,1.007558,"[1.018853, 1.062662, 0.991861, 1.007558, 0.953893]",16,22,exported,2.040699,"[2.075003, 2.061564, 2.040699, 2.033019, 2.019099]",ibm_sxz_cz,15,"{""kind"": ""core_reference_samples"", ""shots"": 512, ""counts"": {""0000000000000000"": 272, ""1111111111111111"": 240}, ""total_variation_distance"": 0.03125, ""squared_hellinger_fidelity"": 0.9990224819584785, ""cdf_max_deviation"": 0.03125, ""dkw_limit"": 0.14461834543863566, ""false_rejection_bound"": 1e-09, ""reference_support"": 2, ""impossible_outcomes"": {}, ""passed"": true}"
Upstream main,core_ghz_16,static: each control-flow region counted once,65,flat circuit,,,0.596035,"[0.629972, 0.598771, 0.596035, 0.593332, 0.591939]",ghz,f7cd8082ac387b9c435919fe2a71e225b1abc22a9dbb81eccf913059d797ac7b,15207,numeric,138,92,15,64,46,0,"{""rx"": 92, ""rz"": 46, ""rzz"": 15, ""measure"": 16}",core,1.007558,"[1.018853, 1.062662, 0.991861, 1.007558, 0.953893]",16,23,exported,2.058284,"[2.09982, 2.084123, 2.058284, 2.041163, 2.050107]",rxrz_rzz_unbounded,15,"{""kind"": ""core_reference_samples"", ""shots"": 512, ""counts"": {""0000000000000000"": 272, ""1111111111111111"": 240}, ""total_variation_distance"": 0.03125, ""squared_hellinger_fidelity"": 0.9990224819584785, ""cdf_max_deviation"": 0.03125, ""dkw_limit"": 0.14461834543863566, ""false_rejection_bound"": 1e-09, ""reference_support"": 2, ""impossible_outcomes"": {}, ""passed"": true}"
Upstream main,core_ghz_16,,,,"__init__(): incompatible function arguments. The following argument types are supported:
    1. __init__(self, name: str, arity: mqt.core.mlir.CompilerTarget.OperationArity, num_parameters: int, site_tuples: collections.abc.Sequence[mqt.core.mlir.CompilerTarget.SiteTuple] | None = None, duration: int | None = None, fidelity: float | None = None, *, fixed_parameters: collections.abc.Sequence[float | None] = [], canonical_name: str | None = None) -> None
    2. __init__(self, name: str, arity: int, num_parameters: int, site_tuples: collections.abc.Sequence[mqt.core.mlir.CompilerTarget.SiteTuple] | None = None, duration: int | None = None, fidelity: float | None = None, *, fixed_parameters: collections.abc.Sequence[float | None] = [], canonical_name: str | None = None) -> None

Invoked with types: mqt.core.mlir.OperationCapability, kwargs = { name: str, arity: int, num_parameters: int, parameter_bounds: list }",,,,ghz,f7cd8082ac387b9c435919fe2a71e225b1abc22a9dbb81eccf913059d797ac7b,,numeric,,,,,,,,core,1.007558,"[1.018853, 1.062662, 0.991861, 1.007558, 0.953893]",16,,target_unsupported,,,ibm_fractional_bounded,,
Upstream main,core_ghz_16,,,,"Target synthesis failed: loc(""/tmp/core-synthesis-evaluation/corpus/core_ghz_16.mlir"":1:1): target compilation requires a single-qubit synthesis basis
loc(""/tmp/core-synthesis-evaluation/corpus/core_ghz_16.mlir"":1:1): failed to synthesize the QCO program for the target",,,,ghz,f7cd8082ac387b9c435919fe2a71e225b1abc22a9dbb81eccf913059d797ac7b,,numeric,,,,,,,,core,1.007558,"[1.018853, 1.062662, 0.991861, 1.007558, 0.953893]",16,,synthesis_failed,,,ionq_fixed_r_zz,,
Upstream main,core_ghz_16,static: each control-flow region counted once,64,flat circuit,,,0.804212,"[0.872517, 0.835381, 0.804212, 0.791172, 0.786853]",ghz,f7cd8082ac387b9c435919fe2a71e225b1abc22a9dbb81eccf913059d797ac7b,14866,numeric,93,31,15,63,62,0,"{""rz"": 62, ""rxpi2"": 31, ""cz"": 15, ""measure"": 16}",core,1.007558,"[1.018853, 1.062662, 0.991861, 1.007558, 0.953893]",16,21,exported,2.063531,"[2.083372, 2.063531, 2.051035, 2.051979, 2.070475]",rigetti_rx_cz,15,"{""kind"": ""core_reference_samples"", ""shots"": 512, ""counts"": {""0000000000000000"": 272, ""1111111111111111"": 240}, ""total_variation_distance"": 0.03125, ""squared_hellinger_fidelity"": 0.9990224819584785, ""cdf_max_deviation"": 0.03125, ""dkw_limit"": 0.14461834543863566, ""false_rejection_bound"": 1e-09, ""reference_support"": 2, ""impossible_outcomes"": {}, ""passed"": true}"
Upstream main,core_ghz_16,static: each control-flow region counted once,154,flat circuit,,,1.347367,"[1.412696, 1.347367, 1.338471, 1.336583, 1.523001]",ghz,f7cd8082ac387b9c435919fe2a71e225b1abc22a9dbb81eccf913059d797ac7b,23177,numeric,228,76,30,153,152,0,"{""rz"": 152, ""rxpi2"": 31, ""rxpi"": 45, ""iswap"": 30, ""measure"": 16}",core,1.007558,"[1.018853, 1.062662, 0.991861, 1.007558, 0.953893]",16,29,exported,2.509229,"[2.541662, 2.516142, 2.496606, 2.500077, 2.509229]",rigetti_rx_iswap,30,"{""kind"": ""core_reference_samples"", ""shots"": 512, ""counts"": {""0000000000000000"": 272, ""1111111111111111"": 240}, ""total_variation_distance"": 0.03125, ""squared_hellinger_fidelity"": 0.9990224819584785, ""cdf_max_deviation"": 0.03125, ""dkw_limit"": 0.14461834543863566, ""false_rejection_bound"": 1e-09, ""reference_support"": 2, ""impossible_outcomes"": {}, ""passed"": true}"
Upstream main,core_qft_8,static: each control-flow region counted once,148,flat circuit,,,2.136444,"[2.18478, 2.152043, 2.135084, 2.136444, 2.124107]",qft,05b4de52eef308cb63996b8f2f0f916927f46d81c57ab85fad6310a3ec0cd8d3,54515,numeric,524,524,56,147,0,0,"{""r"": 524, ""cz"": 56, ""measure"": 8}",core,1.212502,"[1.266391, 1.283895, 1.173799, 1.212502, 1.161222]",8,47,exported,3.886693,"[3.944517, 3.889381, 3.886693, 3.855269, 3.846261]",iqm_r_cz,26,"{""kind"": ""core_reference_samples"", ""shots"": 512, ""counts"": {""00000000"": 28, ""00010000"": 31, ""00100000"": 43, ""00110000"": 30, ""01000000"": 37, ""01010000"": 34, ""01100000"": 33, ""01110000"": 33, ""10000000"": 26, ""10010000"": 27, ""10100000"": 31, ""10110000"": 32, ""11000000"": 31, ""11010000"": 34, ""11100000"": 34, ""11110000"": 28}, ""total_variation_distance"": 0.046875, ""squared_hellinger_fidelity"": 0.996204326859562, ""cdf_max_deviation"": 0.025390625, ""dkw_limit"": 0.14461834543863566, ""false_rejection_bound"": 1e-09, ""reference_support"": 16, ""impossible_outcomes"": {}, ""passed"": true}"
Upstream main,core_qft_8,static: each control-flow region counted once,155,flat circuit,,,1.90937,"[1.922299, 1.90937, 1.881626, 1.923482, 1.877947]",qft,05b4de52eef308cb63996b8f2f0f916927f46d81c57ab85fad6310a3ec0cd8d3,46938,numeric,500,206,56,154,294,0,"{""rz"": 294, ""sx"": 206, ""cx"": 56, ""measure"": 8}",core,1.212502,"[1.266391, 1.283895, 1.173799, 1.212502, 1.161222]",8,42,exported,3.915573,"[3.967365, 3.915573, 3.905941, 3.932229, 3.883397]",ibm_sxz_cx,26,"{""kind"": ""core_reference_samples"", ""shots"": 512, ""counts"": {""00000000"": 28, ""00010000"": 31, ""00100000"": 43, ""00110000"": 30, ""01000000"": 37, ""01010000"": 34, ""01100000"": 33, ""01110000"": 33, ""10000000"": 26, ""10010000"": 27, ""10100000"": 31, ""10110000"": 32, ""11000000"": 31, ""11010000"": 34, ""11100000"": 34, ""11110000"": 28}, ""total_variation_distance"": 0.046875, ""squared_hellinger_fidelity"": 0.996204326859562, ""cdf_max_deviation"": 0.025390625, ""dkw_limit"": 0.14461834543863566, ""false_rejection_bound"": 1e-09, ""reference_support"": 16, ""impossible_outcomes"": {}, ""passed"": true}"
Upstream main,core_qft_8,static: each control-flow region counted once,143,flat circuit,,,1.729977,"[1.777817, 1.744074, 1.729977, 1.726649, 1.716202]",qft,05b4de52eef308cb63996b8f2f0f916927f46d81c57ab85fad6310a3ec0cd8d3,44227,numeric,444,178,56,142,266,0,"{""rz"": 266, ""sx"": 122, ""cz"": 56, ""x"": 56, ""measure"": 8}",core,1.212502,"[1.266391, 1.283895, 1.173799, 1.212502, 1.161222]",8,49,exported,3.81298,"[3.882293, 3.81298, 3.824116, 3.805829, 3.793077]",ibm_sxz_cz,26,"{""kind"": ""core_reference_samples"", ""shots"": 512, ""counts"": {""00000000"": 28, ""00010000"": 31, ""00100000"": 43, ""00110000"": 30, ""01000000"": 37, ""01010000"": 34, ""01100000"": 33, ""01110000"": 33, ""10000000"": 26, ""10010000"": 27, ""10100000"": 31, ""10110000"": 32, ""11000000"": 31, ""11010000"": 34, ""11100000"": 34, ""11110000"": 28}, ""total_variation_distance"": 0.046875, ""squared_hellinger_fidelity"": 0.996204326859562, ""cdf_max_deviation"": 0.025390625, ""dkw_limit"": 0.14461834543863566, ""false_rejection_bound"": 1e-09, ""reference_support"": 16, ""impossible_outcomes"": {}, ""passed"": true}"
Upstream main,core_qft_8,static: each control-flow region counted once,135,flat circuit,,,1.52908,"[1.571352, 1.532649, 1.52908, 1.522296, 1.515688]",qft,05b4de52eef308cb63996b8f2f0f916927f46d81c57ab85fad6310a3ec0cd8d3,39466,numeric,461,283,56,134,178,0,"{""rx"": 283, ""rz"": 178, ""rzz"": 56, ""measure"": 8}",core,1.212502,"[1.266391, 1.283895, 1.173799, 1.212502, 1.161222]",8,40,exported,3.290465,"[3.352738, 3.290465, 3.287282, 3.272546, 3.295474]",rxrz_rzz_unbounded,26,"{""kind"": ""core_reference_samples"", ""shots"": 512, ""counts"": {""00000000"": 28, ""00010000"": 31, ""00100000"": 43, ""00110000"": 30, ""01000000"": 37, ""01010000"": 34, ""01100000"": 33, ""01110000"": 33, ""10000000"": 26, ""10010000"": 27, ""10100000"": 31, ""10110000"": 32, ""11000000"": 31, ""11010000"": 34, ""11100000"": 34, ""11110000"": 28}, ""total_variation_distance"": 0.046875, ""squared_hellinger_fidelity"": 0.996204326859562, ""cdf_max_deviation"": 0.025390625, ""dkw_limit"": 0.14461834543863566, ""false_rejection_bound"": 1e-09, ""reference_support"": 16, ""impossible_outcomes"": {}, ""passed"": true}"
Upstream main,core_qft_8,,,,"__init__(): incompatible function arguments. The following argument types are supported:
    1. __init__(self, name: str, arity: mqt.core.mlir.CompilerTarget.OperationArity, num_parameters: int, site_tuples: collections.abc.Sequence[mqt.core.mlir.CompilerTarget.SiteTuple] | None = None, duration: int | None = None, fidelity: float | None = None, *, fixed_parameters: collections.abc.Sequence[float | None] = [], canonical_name: str | None = None) -> None
    2. __init__(self, name: str, arity: int, num_parameters: int, site_tuples: collections.abc.Sequence[mqt.core.mlir.CompilerTarget.SiteTuple] | None = None, duration: int | None = None, fidelity: float | None = None, *, fixed_parameters: collections.abc.Sequence[float | None] = [], canonical_name: str | None = None) -> None

Invoked with types: mqt.core.mlir.OperationCapability, kwargs = { name: str, arity: int, num_parameters: int, parameter_bounds: list }",,,,qft,05b4de52eef308cb63996b8f2f0f916927f46d81c57ab85fad6310a3ec0cd8d3,,numeric,,,,,,,,core,1.212502,"[1.266391, 1.283895, 1.173799, 1.212502, 1.161222]",8,,target_unsupported,,,ibm_fractional_bounded,,
Upstream main,core_qft_8,,,,"Target synthesis failed: loc(""/tmp/core-synthesis-evaluation/corpus/core_qft_8.mlir"":1:1): target compilation requires a single-qubit synthesis basis
loc(""/tmp/core-synthesis-evaluation/corpus/core_qft_8.mlir"":1:1): failed to synthesize the QCO program for the target",,,,qft,05b4de52eef308cb63996b8f2f0f916927f46d81c57ab85fad6310a3ec0cd8d3,,numeric,,,,,,,,core,1.212502,"[1.266391, 1.283895, 1.173799, 1.212502, 1.161222]",8,,synthesis_failed,,,ionq_fixed_r_zz,,
Upstream main,core_qft_8,static: each control-flow region counted once,143,flat circuit,,,2.787007,"[2.841471, 3.024864, 2.787007, 2.753103, 2.728063]",qft,05b4de52eef308cb63996b8f2f0f916927f46d81c57ab85fad6310a3ec0cd8d3,46334,numeric,444,178,56,142,266,0,"{""rz"": 266, ""rxpi2"": 122, ""cz"": 56, ""rxpi"": 56, ""measure"": 8}",core,1.212502,"[1.266391, 1.283895, 1.173799, 1.212502, 1.161222]",8,49,exported,3.96503,"[4.008838, 3.96167, 3.961702, 3.96503, 3.980566]",rigetti_rx_cz,26,"{""kind"": ""core_reference_samples"", ""shots"": 512, ""counts"": {""00000000"": 28, ""00010000"": 31, ""00100000"": 43, ""00110000"": 30, ""01000000"": 37, ""01010000"": 34, ""01100000"": 33, ""01110000"": 33, ""10000000"": 26, ""10010000"": 27, ""10100000"": 31, ""10110000"": 32, ""11000000"": 31, ""11010000"": 34, ""11100000"": 34, ""11110000"": 28}, ""total_variation_distance"": 0.046875, ""squared_hellinger_fidelity"": 0.996204326859562, ""cdf_max_deviation"": 0.025390625, ""dkw_limit"": 0.14461834543863566, ""false_rejection_bound"": 1e-09, ""reference_support"": 16, ""impossible_outcomes"": {}, ""passed"": true}"
Upstream main,core_qft_8,static: each control-flow region counted once,133,flat circuit,,,2.413373,"[2.438126, 2.396573, 2.458477, 2.332445, 2.413373]",qft,05b4de52eef308cb63996b8f2f0f916927f46d81c57ab85fad6310a3ec0cd8d3,37896,numeric,430,178,56,132,252,0,"{""rz"": 252, ""rxpi2"": 122, ""rxpi"": 56, ""iswap"": 56, ""measure"": 8}",core,1.212502,"[1.266391, 1.283895, 1.173799, 1.212502, 1.161222]",8,42,exported,3.712996,"[3.781716, 3.712996, 3.668084, 3.72354, 3.663492]",rigetti_rx_iswap,26,"{""kind"": ""core_reference_samples"", ""shots"": 512, ""counts"": {""00000000"": 28, ""00010000"": 31, ""00100000"": 43, ""00110000"": 30, ""01000000"": 37, ""01010000"": 34, ""01100000"": 33, ""01110000"": 33, ""10000000"": 26, ""10010000"": 27, ""10100000"": 31, ""10110000"": 32, ""11000000"": 31, ""11010000"": 34, ""11100000"": 34, ""11110000"": 28}, ""total_variation_distance"": 0.046875, ""squared_hellinger_fidelity"": 0.996204326859562, ""cdf_max_deviation"": 0.025390625, ""dkw_limit"": 0.14461834543863566, ""false_rejection_bound"": 1e-09, ""reference_support"": 16, ""impossible_outcomes"": {}, ""passed"": true}"
Upstream main,core_w_state_8,static: each control-flow region counted once,61,flat circuit,,,0.576867,"[0.625795, 0.580611, 0.562691, 0.576867, 0.555971]",w_state,243ee1522238b0fa227c74fc6c5b2ef066f672e289d8ecc5d434f213d341ab77,15265,numeric,97,97,14,60,0,0,"{""r"": 97, ""cz"": 14, ""measure"": 8}",core,0.954309,"[0.998086, 1.029269, 0.929701, 0.954309, 0.903157]",8,53,exported,1.831994,"[1.917963, 1.866666, 1.831978, 1.831994, 1.827386]",iqm_r_cz,14,"{""kind"": ""core_reference_samples"", ""shots"": 512, ""counts"": {""00000001"": 67, ""00000010"": 64, ""00000100"": 52, ""00001000"": 68, ""00010000"": 61, ""00100000"": 70, ""01000000"": 60, ""10000000"": 70}, ""total_variation_distance"": 0.037109375, ""squared_hellinger_fidelity"": 0.9978787346688462, ""cdf_max_deviation"": 0.017578125, ""dkw_limit"": 0.14461834543863566, ""false_rejection_bound"": 1e-09, ""reference_support"": 8, ""impossible_outcomes"": {}, ""passed"": true}"
Upstream main,core_w_state_8,static: each control-flow region counted once,62,flat circuit,,,0.580611,"[0.618163, 0.582419, 0.580611, 0.563395, 0.575364]",w_state,243ee1522238b0fa227c74fc6c5b2ef066f672e289d8ecc5d434f213d341ab77,15342,numeric,115,42,14,61,73,0,"{""x"": 1, ""rz"": 73, ""sx"": 41, ""cx"": 14, ""measure"": 8}",core,0.954309,"[0.998086, 1.029269, 0.929701, 0.954309, 0.903157]",8,52,exported,1.905258,"[1.955994, 1.915946, 1.897706, 1.905258, 1.883786]",ibm_sxz_cx,14,"{""kind"": ""core_reference_samples"", ""shots"": 512, ""counts"": {""00000001"": 67, ""00000010"": 64, ""00000100"": 52, ""00001000"": 68, ""00010000"": 61, ""00100000"": 70, ""01000000"": 60, ""10000000"": 70}, ""total_variation_distance"": 0.037109375, ""squared_hellinger_fidelity"": 0.9978787346688462, ""cdf_max_deviation"": 0.017578125, ""dkw_limit"": 0.14461834543863566, ""false_rejection_bound"": 1e-09, ""reference_support"": 8, ""impossible_outcomes"": {}, ""passed"": true}"
Upstream main,core_w_state_8,static: each control-flow region counted once,85,flat circuit,,,0.646547,"[0.691508, 0.66178, 0.646547, 0.641188, 0.639427]",w_state,243ee1522238b0fa227c74fc6c5b2ef066f672e289d8ecc5d434f213d341ab77,17083,numeric,144,55,14,84,89,0,"{""x"": 3, ""rz"": 89, ""sx"": 52, ""cz"": 14, ""measure"": 8}",core,0.954309,"[0.998086, 1.029269, 0.929701, 0.954309, 0.903157]",8,55,exported,1.980266,"[2.049147, 1.993691, 1.980266, 1.974058, 1.973851]",ibm_sxz_cz,14,"{""kind"": ""core_reference_samples"", ""shots"": 512, ""counts"": {""00000001"": 67, ""00000010"": 64, ""00000100"": 52, ""00001000"": 68, ""00010000"": 61, ""00100000"": 70, ""01000000"": 60, ""10000000"": 70}, ""total_variation_distance"": 0.037109375, ""squared_hellinger_fidelity"": 0.9978787346688462, ""cdf_max_deviation"": 0.017578125, ""dkw_limit"": 0.14461834543863566, ""false_rejection_bound"": 1e-09, ""reference_support"": 8, ""impossible_outcomes"": {}, ""passed"": true}"
Upstream main,core_w_state_8,static: each control-flow region counted once,59,flat circuit,,,0.496403,"[0.534307, 0.506803, 0.496403, 0.485282, 0.487219]",w_state,243ee1522238b0fa227c74fc6c5b2ef066f672e289d8ecc5d434f213d341ab77,13904,numeric,103,70,14,58,33,0,"{""rx"": 70, ""rz"": 33, ""rzz"": 14, ""measure"": 8}",core,0.954309,"[0.998086, 1.029269, 0.929701, 0.954309, 0.903157]",8,65,exported,1.755625,"[1.808858, 1.789322, 1.755625, 1.747337, 1.745626]",rxrz_rzz_unbounded,14,"{""kind"": ""core_reference_samples"", ""shots"": 512, ""counts"": {""00000001"": 67, ""00000010"": 64, ""00000100"": 52, ""00001000"": 68, ""00010000"": 61, ""00100000"": 70, ""01000000"": 60, ""10000000"": 70}, ""total_variation_distance"": 0.037109375, ""squared_hellinger_fidelity"": 0.9978787346688462, ""cdf_max_deviation"": 0.017578125, ""dkw_limit"": 0.14461834543863566, ""false_rejection_bound"": 1e-09, ""reference_support"": 8, ""impossible_outcomes"": {}, ""passed"": true}"
Upstream main,core_w_state_8,,,,"__init__(): incompatible function arguments. The following argument types are supported:
    1. __init__(self, name: str, arity: mqt.core.mlir.CompilerTarget.OperationArity, num_parameters: int, site_tuples: collections.abc.Sequence[mqt.core.mlir.CompilerTarget.SiteTuple] | None = None, duration: int | None = None, fidelity: float | None = None, *, fixed_parameters: collections.abc.Sequence[float | None] = [], canonical_name: str | None = None) -> None
    2. __init__(self, name: str, arity: int, num_parameters: int, site_tuples: collections.abc.Sequence[mqt.core.mlir.CompilerTarget.SiteTuple] | None = None, duration: int | None = None, fidelity: float | None = None, *, fixed_parameters: collections.abc.Sequence[float | None] = [], canonical_name: str | None = None) -> None

Invoked with types: mqt.core.mlir.OperationCapability, kwargs = { name: str, arity: int, num_parameters: int, parameter_bounds: list }",,,,w_state,243ee1522238b0fa227c74fc6c5b2ef066f672e289d8ecc5d434f213d341ab77,,numeric,,,,,,,,core,0.954309,"[0.998086, 1.029269, 0.929701, 0.954309, 0.903157]",8,,target_unsupported,,,ibm_fractional_bounded,,
Upstream main,core_w_state_8,,,,"Target synthesis failed: loc(""/tmp/core-synthesis-evaluation/corpus/core_w_state_8.mlir"":1:1): target compilation requires a single-qubit synthesis basis
loc(""/tmp/core-synthesis-evaluation/corpus/core_w_state_8.mlir"":1:1): failed to synthesize the QCO program for the target",,,,w_state,243ee1522238b0fa227c74fc6c5b2ef066f672e289d8ecc5d434f213d341ab77,,numeric,,,,,,,,core,0.954309,"[0.998086, 1.029269, 0.929701, 0.954309, 0.903157]",8,,synthesis_failed,,,ionq_fixed_r_zz,,
Upstream main,core_w_state_8,static: each control-flow region counted once,82,flat circuit,,,1.06071,"[1.13575, 1.06071, 1.310535, 1.052117, 0.994598]",w_state,243ee1522238b0fa227c74fc6c5b2ef066f672e289d8ecc5d434f213d341ab77,17332,numeric,138,53,14,81,85,0,"{""rxpi"": 5, ""rz"": 85, ""rxpi2"": 48, ""cz"": 14, ""measure"": 8}",core,0.954309,"[0.998086, 1.029269, 0.929701, 0.954309, 0.903157]",8,49,exported,2.042827,"[2.104187, 2.056667, 2.042827, 2.033467, 2.01057]",rigetti_rx_cz,14,"{""kind"": ""core_reference_samples"", ""shots"": 512, ""counts"": {""00000001"": 67, ""00000010"": 64, ""00000100"": 52, ""00001000"": 68, ""00010000"": 61, ""00100000"": 70, ""01000000"": 60, ""10000000"": 70}, ""total_variation_distance"": 0.037109375, ""squared_hellinger_fidelity"": 0.9978787346688462, ""cdf_max_deviation"": 0.017578125, ""dkw_limit"": 0.14461834543863566, ""false_rejection_bound"": 1e-09, ""reference_support"": 8, ""impossible_outcomes"": {}, ""passed"": true}"
Upstream main,core_w_state_8,static: each control-flow region counted once,80,flat circuit,,,0.858468,"[0.915637, 0.873029, 0.858468, 0.846469, 0.835205]",w_state,243ee1522238b0fa227c74fc6c5b2ef066f672e289d8ecc5d434f213d341ab77,15209,numeric,128,48,14,79,80,0,"{""rxpi"": 5, ""rz"": 80, ""rxpi2"": 43, ""iswap"": 14, ""measure"": 8}",core,0.954309,"[0.998086, 1.029269, 0.929701, 0.954309, 0.903157]",8,54,exported,1.957963,"[2.045403, 1.994651, 1.957963, 1.954394, 1.934474]",rigetti_rx_iswap,14,"{""kind"": ""core_reference_samples"", ""shots"": 512, ""counts"": {""00000001"": 67, ""00000010"": 64, ""00000100"": 52, ""00001000"": 68, ""00010000"": 61, ""00100000"": 70, ""01000000"": 60, ""10000000"": 70}, ""total_variation_distance"": 0.037109375, ""squared_hellinger_fidelity"": 0.9978787346688462, ""cdf_max_deviation"": 0.017578125, ""dkw_limit"": 0.14461834543863566, ""false_rejection_bound"": 1e-09, ""reference_support"": 8, ""impossible_outcomes"": {}, ""passed"": true}"
Upstream main,core_qpe_8,static: each control-flow region counted once,246,flat circuit,,,1.797081,"[1.862362, 1.79721, 1.797081, 1.780698, 1.760265]",qpe,507e0a60475c808a1484f6fe27cec9ced16df6c704b91ea350483c1bf482a514,46500,numeric,439,439,47,245,0,0,"{""r"": 439, ""cz"": 47, ""measure"": 7}",core,1.192358,"[1.232439, 1.265943, 1.157094, 1.192358, 1.137222]",8,50,exported,3.527779,"[3.593635, 3.555379, 3.527779, 3.515395, 3.502595]",iqm_r_cz,42,"{""kind"": ""core_reference_samples"", ""shots"": 512, ""counts"": {""0110000"": 512}, ""total_variation_distance"": 0.0, ""squared_hellinger_fidelity"": 1.0, ""cdf_max_deviation"": 0.0, ""dkw_limit"": 0.14461834543863566, ""false_rejection_bound"": 1e-09, ""reference_support"": 1, ""impossible_outcomes"": {}, ""passed"": true}"
Upstream main,core_qpe_8,static: each control-flow region counted once,268,flat circuit,,,1.704169,"[1.743322, 1.718553, 1.704169, 1.689481, 1.687785]",qpe,507e0a60475c808a1484f6fe27cec9ced16df6c704b91ea350483c1bf482a514,43159,numeric,457,179,47,267,278,0,"{""rz"": 278, ""sx"": 178, ""x"": 1, ""cx"": 47, ""measure"": 7}",core,1.192358,"[1.232439, 1.265943, 1.157094, 1.192358, 1.137222]",8,59,exported,3.707204,"[3.765732, 3.707204, 3.725429, 3.664964, 3.676372]",ibm_sxz_cx,42,"{""kind"": ""core_reference_samples"", ""shots"": 512, ""counts"": {""0110000"": 512}, ""total_variation_distance"": 0.0, ""squared_hellinger_fidelity"": 1.0, ""cdf_max_deviation"": 0.0, ""dkw_limit"": 0.14461834543863566, ""false_rejection_bound"": 1e-09, ""reference_support"": 1, ""impossible_outcomes"": {}, ""passed"": true}"
Upstream main,core_qpe_8,static: each control-flow region counted once,236,flat circuit,,,1.55876,"[1.591176, 1.565241, 1.55876, 1.544488, 1.547561]",qpe,507e0a60475c808a1484f6fe27cec9ced16df6c704b91ea350483c1bf482a514,39887,numeric,398,151,47,235,247,0,"{""rz"": 247, ""sx"": 104, ""x"": 47, ""cz"": 47, ""measure"": 7}",core,1.192358,"[1.232439, 1.265943, 1.157094, 1.192358, 1.137222]",8,59,exported,3.571252,"[3.676404, 3.584691, 3.567987, 3.571252, 3.540435]",ibm_sxz_cz,42,"{""kind"": ""core_reference_samples"", ""shots"": 512, ""counts"": {""0110000"": 512}, ""total_variation_distance"": 0.0, ""squared_hellinger_fidelity"": 1.0, ""cdf_max_deviation"": 0.0, ""dkw_limit"": 0.14461834543863566, ""false_rejection_bound"": 1e-09, ""reference_support"": 1, ""impossible_outcomes"": {}, ""passed"": true}"
Upstream main,core_qpe_8,static: each control-flow region counted once,214,flat circuit,,,1.311879,"[1.344503, 1.318519, 1.311879, 1.296151, 1.300551]",qpe,507e0a60475c808a1484f6fe27cec9ced16df6c704b91ea350483c1bf482a514,34012,numeric,390,238,47,213,152,0,"{""rx"": 238, ""rz"": 152, ""rzz"": 47, ""measure"": 7}",core,1.192358,"[1.232439, 1.265943, 1.157094, 1.192358, 1.137222]",8,42,exported,3.025153,"[3.092993, 3.043856, 3.025153, 3.016209, 3.019552]",rxrz_rzz_unbounded,42,"{""kind"": ""core_reference_samples"", ""shots"": 512, ""counts"": {""0110000"": 512}, ""total_variation_distance"": 0.0, ""squared_hellinger_fidelity"": 1.0, ""cdf_max_deviation"": 0.0, ""dkw_limit"": 0.14461834543863566, ""false_rejection_bound"": 1e-09, ""reference_support"": 1, ""impossible_outcomes"": {}, ""passed"": true}"
Upstream main,core_qpe_8,,,,"__init__(): incompatible function arguments. The following argument types are supported:
    1. __init__(self, name: str, arity: mqt.core.mlir.CompilerTarget.OperationArity, num_parameters: int, site_tuples: collections.abc.Sequence[mqt.core.mlir.CompilerTarget.SiteTuple] | None = None, duration: int | None = None, fidelity: float | None = None, *, fixed_parameters: collections.abc.Sequence[float | None] = [], canonical_name: str | None = None) -> None
    2. __init__(self, name: str, arity: int, num_parameters: int, site_tuples: collections.abc.Sequence[mqt.core.mlir.CompilerTarget.SiteTuple] | None = None, duration: int | None = None, fidelity: float | None = None, *, fixed_parameters: collections.abc.Sequence[float | None] = [], canonical_name: str | None = None) -> None

Invoked with types: mqt.core.mlir.OperationCapability, kwargs = { name: str, arity: int, num_parameters: int, parameter_bounds: list }",,,,qpe,507e0a60475c808a1484f6fe27cec9ced16df6c704b91ea350483c1bf482a514,,numeric,,,,,,,,core,1.192358,"[1.232439, 1.265943, 1.157094, 1.192358, 1.137222]",8,,target_unsupported,,,ibm_fractional_bounded,,
Upstream main,core_qpe_8,,,,"Target synthesis failed: loc(""/tmp/core-synthesis-evaluation/corpus/core_qpe_8.mlir"":1:1): target compilation requires a single-qubit synthesis basis
loc(""/tmp/core-synthesis-evaluation/corpus/core_qpe_8.mlir"":1:1): failed to synthesize the QCO program for the target",,,,qpe,507e0a60475c808a1484f6fe27cec9ced16df6c704b91ea350483c1bf482a514,,numeric,,,,,,,,core,1.192358,"[1.232439, 1.265943, 1.157094, 1.192358, 1.137222]",8,,synthesis_failed,,,ionq_fixed_r_zz,,
Upstream main,core_qpe_8,static: each control-flow region counted once,236,flat circuit,,,2.450845,"[2.537678, 2.446717, 3.045776, 2.450845, 2.403982]",qpe,507e0a60475c808a1484f6fe27cec9ced16df6c704b91ea350483c1bf482a514,41743,numeric,398,151,47,235,247,0,"{""rz"": 247, ""rxpi2"": 104, ""rxpi"": 47, ""cz"": 47, ""measure"": 7}",core,1.192358,"[1.232439, 1.265943, 1.157094, 1.192358, 1.137222]",8,59,exported,3.707332,"[3.740948, 3.715396, 3.707332, 3.684052, 3.690132]",rigetti_rx_cz,42,"{""kind"": ""core_reference_samples"", ""shots"": 512, ""counts"": {""0110000"": 512}, ""total_variation_distance"": 0.0, ""squared_hellinger_fidelity"": 1.0, ""cdf_max_deviation"": 0.0, ""dkw_limit"": 0.14461834543863566, ""false_rejection_bound"": 1e-09, ""reference_support"": 1, ""impossible_outcomes"": {}, ""passed"": true}"
Upstream main,core_qpe_8,static: each control-flow region counted once,237,flat circuit,,,2.126956,"[2.2027, 2.267004, 2.126956, 2.115195, 2.113803]",qpe,507e0a60475c808a1484f6fe27cec9ced16df6c704b91ea350483c1bf482a514,35278,numeric,390,156,48,236,234,0,"{""rz"": 234, ""rxpi2"": 107, ""rxpi"": 49, ""iswap"": 48, ""measure"": 7}",core,1.192358,"[1.232439, 1.265943, 1.157094, 1.192358, 1.137222]",8,58,exported,3.451411,"[3.520883, 3.481683, 3.451411, 3.438227, 3.448403]",rigetti_rx_iswap,42,"{""kind"": ""core_reference_samples"", ""shots"": 512, ""counts"": {""0110000"": 512}, ""total_variation_distance"": 0.0, ""squared_hellinger_fidelity"": 1.0, ""cdf_max_deviation"": 0.0, ""dkw_limit"": 0.14461834543863566, ""false_rejection_bound"": 1e-09, ""reference_support"": 1, ""impossible_outcomes"": {}, ""passed"": true}"
Upstream main,core_grover_5,static: each control-flow region counted once,1005,flat circuit,,,4.647386,"[4.706313, 4.652201, 4.647386, 4.637449, 4.646393]",grover,2ece9a2ccc268dc860a69a195005b4959388a72a8a73ec9e456517a866b5d55e,119846,numeric,1195,1195,136,1004,0,0,"{""r"": 1195, ""cz"": 136, ""measure"": 5}",core,1.111958,"[1.139558, 1.14823, 1.050614, 1.111958, 1.05247]",5,36,exported,8.961265,"[9.022545, 8.954384, 8.975681, 8.940145, 8.961265]",iqm_r_cz,136,"{""kind"": ""core_reference_samples"", ""shots"": 512, ""counts"": {""00000"": 5, ""00001"": 7, ""00010"": 5, ""00011"": 3, ""00100"": 7, ""00101"": 6, ""00110"": 3, ""00111"": 4, ""01000"": 4, ""01001"": 4, ""01010"": 6, ""01011"": 10, ""01100"": 6, ""01101"": 4, ""01110"": 10, ""01111"": 12, ""10000"": 5, ""10001"": 4, ""10010"": 3, ""10011"": 8, ""10100"": 6, ""10101"": 327, ""10110"": 7, ""10111"": 3, ""11000"": 8, ""11001"": 11, ""11010"": 6, ""11011"": 4, ""11100"": 8, ""11101"": 9, ""11110"": 4, ""11111"": 3}, ""total_variation_distance"": 0.084625244140625, ""squared_hellinger_fidelity"": 0.982802942417824, ""cdf_max_deviation"": 0.03560638427734375, ""dkw_limit"": 0.14461834543863566, ""false_rejection_bound"": 1e-09, ""reference_support"": 32, ""impossible_outcomes"": {}, ""passed"": true}"
Upstream main,core_grover_5,static: each control-flow region counted once,564,flat circuit,,,3.01736,"[3.075665, 3.028976, 3.01736, 3.009489, 3.007264]",grover,2ece9a2ccc268dc860a69a195005b4959388a72a8a73ec9e456517a866b5d55e,78197,numeric,692,258,136,563,434,0,"{""rz"": 434, ""sx"": 253, ""cx"": 136, ""x"": 5, ""measure"": 5}",core,1.111958,"[1.139558, 1.14823, 1.050614, 1.111958, 1.05247]",5,42,exported,7.530441,"[7.608713, 7.538953, 7.530441, 7.486584, 7.477944]",ibm_sxz_cx,136,"{""kind"": ""core_reference_samples"", ""shots"": 512, ""counts"": {""00000"": 5, ""00001"": 7, ""00010"": 5, ""00011"": 3, ""00100"": 7, ""00101"": 6, ""00110"": 3, ""00111"": 4, ""01000"": 4, ""01001"": 4, ""01010"": 6, ""01011"": 10, ""01100"": 6, ""01101"": 4, ""01110"": 10, ""01111"": 12, ""10000"": 5, ""10001"": 4, ""10010"": 3, ""10011"": 8, ""10100"": 6, ""10101"": 327, ""10110"": 7, ""10111"": 3, ""11000"": 8, ""11001"": 11, ""11010"": 6, ""11011"": 4, ""11100"": 8, ""11101"": 9, ""11110"": 4, ""11111"": 3}, ""total_variation_distance"": 0.084625244140625, ""squared_hellinger_fidelity"": 0.982802942417824, ""cdf_max_deviation"": 0.03560638427734375, ""dkw_limit"": 0.14461834543863566, ""false_rejection_bound"": 1e-09, ""reference_support"": 32, ""impossible_outcomes"": {}, ""passed"": true}"
Upstream main,core_grover_5,static: each control-flow region counted once,853,flat circuit,,,3.688451,"[3.735653, 3.688451, 3.662596, 3.728404, 3.660564]",grover,2ece9a2ccc268dc860a69a195005b4959388a72a8a73ec9e456517a866b5d55e,92632,numeric,957,390,136,852,567,0,"{""rz"": 567, ""sx"": 329, ""cz"": 136, ""x"": 61, ""measure"": 5}",core,1.111958,"[1.139558, 1.14823, 1.050614, 1.111958, 1.05247]",5,43,exported,8.583854,"[8.710415, 8.606238, 8.583854, 8.583198, 8.581199]",ibm_sxz_cz,136,"{""kind"": ""core_reference_samples"", ""shots"": 512, ""counts"": {""00000"": 5, ""00001"": 7, ""00010"": 5, ""00011"": 3, ""00100"": 7, ""00101"": 6, ""00110"": 3, ""00111"": 4, ""01000"": 4, ""01001"": 4, ""01010"": 6, ""01011"": 10, ""01100"": 6, ""01101"": 4, ""01110"": 10, ""01111"": 12, ""10000"": 5, ""10001"": 4, ""10010"": 3, ""10011"": 8, ""10100"": 6, ""10101"": 327, ""10110"": 7, ""10111"": 3, ""11000"": 8, ""11001"": 11, ""11010"": 6, ""11011"": 4, ""11100"": 8, ""11101"": 9, ""11110"": 4, ""11111"": 3}, ""total_variation_distance"": 0.084625244140625, ""squared_hellinger_fidelity"": 0.982802942417824, ""cdf_max_deviation"": 0.03560638427734375, ""dkw_limit"": 0.14461834543863566, ""false_rejection_bound"": 1e-09, ""reference_support"": 32, ""impossible_outcomes"": {}, ""passed"": true}"
Upstream main,core_grover_5,static: each control-flow region counted once,988,flat circuit,,,4.207607,"[4.269703, 4.232311, 4.207607, 4.194119, 4.175526]",grover,2ece9a2ccc268dc860a69a195005b4959388a72a8a73ec9e456517a866b5d55e,106902,numeric,1411,898,136,987,513,0,"{""rx"": 898, ""rz"": 513, ""rzz"": 136, ""measure"": 5}",core,1.111958,"[1.139558, 1.14823, 1.050614, 1.111958, 1.05247]",5,40,exported,8.126476,"[8.19118, 8.108891, 8.126476, 8.110652, 8.154348]",rxrz_rzz_unbounded,136,"{""kind"": ""core_reference_samples"", ""shots"": 512, ""counts"": {""00000"": 5, ""00001"": 7, ""00010"": 5, ""00011"": 3, ""00100"": 7, ""00101"": 6, ""00110"": 3, ""00111"": 4, ""01000"": 4, ""01001"": 4, ""01010"": 6, ""01011"": 10, ""01100"": 6, ""01101"": 4, ""01110"": 10, ""01111"": 12, ""10000"": 5, ""10001"": 4, ""10010"": 3, ""10011"": 8, ""10100"": 6, ""10101"": 327, ""10110"": 7, ""10111"": 3, ""11000"": 8, ""11001"": 11, ""11010"": 6, ""11011"": 4, ""11100"": 8, ""11101"": 9, ""11110"": 4, ""11111"": 3}, ""total_variation_distance"": 0.084625244140625, ""squared_hellinger_fidelity"": 0.982802942417824, ""cdf_max_deviation"": 0.03560638427734375, ""dkw_limit"": 0.14461834543863566, ""false_rejection_bound"": 1e-09, ""reference_support"": 32, ""impossible_outcomes"": {}, ""passed"": true}"
Upstream main,core_grover_5,,,,"__init__(): incompatible function arguments. The following argument types are supported:
    1. __init__(self, name: str, arity: mqt.core.mlir.CompilerTarget.OperationArity, num_parameters: int, site_tuples: collections.abc.Sequence[mqt.core.mlir.CompilerTarget.SiteTuple] | None = None, duration: int | None = None, fidelity: float | None = None, *, fixed_parameters: collections.abc.Sequence[float | None] = [], canonical_name: str | None = None) -> None
    2. __init__(self, name: str, arity: int, num_parameters: int, site_tuples: collections.abc.Sequence[mqt.core.mlir.CompilerTarget.SiteTuple] | None = None, duration: int | None = None, fidelity: float | None = None, *, fixed_parameters: collections.abc.Sequence[float | None] = [], canonical_name: str | None = None) -> None

Invoked with types: mqt.core.mlir.OperationCapability, kwargs = { name: str, arity: int, num_parameters: int, parameter_bounds: list }",,,,grover,2ece9a2ccc268dc860a69a195005b4959388a72a8a73ec9e456517a866b5d55e,,numeric,,,,,,,,core,1.111958,"[1.139558, 1.14823, 1.050614, 1.111958, 1.05247]",5,,target_unsupported,,,ibm_fractional_bounded,,
Upstream main,core_grover_5,,,,"Target synthesis failed: loc(""/tmp/core-synthesis-evaluation/corpus/core_grover_5.mlir"":1:1): target compilation requires a single-qubit synthesis basis
loc(""/tmp/core-synthesis-evaluation/corpus/core_grover_5.mlir"":1:1): failed to synthesize the QCO program for the target",,,,grover,2ece9a2ccc268dc860a69a195005b4959388a72a8a73ec9e456517a866b5d55e,,numeric,,,,,,,,core,1.111958,"[1.139558, 1.14823, 1.050614, 1.111958, 1.05247]",5,,synthesis_failed,,,ionq_fixed_r_zz,,
Upstream main,core_grover_5,static: each control-flow region counted once,853,flat circuit,,,5.796623,"[5.903968, 5.793359, 5.826256, 5.726687, 5.796623]",grover,2ece9a2ccc268dc860a69a195005b4959388a72a8a73ec9e456517a866b5d55e,96653,numeric,957,390,136,852,567,0,"{""rz"": 567, ""rxpi2"": 329, ""cz"": 136, ""rxpi"": 61, ""measure"": 5}",core,1.111958,"[1.139558, 1.14823, 1.050614, 1.111958, 1.05247]",5,43,exported,8.84056,"[8.969648, 8.845424, 8.812848, 8.834672, 8.84056]",rigetti_rx_cz,136,"{""kind"": ""core_reference_samples"", ""shots"": 512, ""counts"": {""00000"": 5, ""00001"": 7, ""00010"": 5, ""00011"": 3, ""00100"": 7, ""00101"": 6, ""00110"": 3, ""00111"": 4, ""01000"": 4, ""01001"": 4, ""01010"": 6, ""01011"": 10, ""01100"": 6, ""01101"": 4, ""01110"": 10, ""01111"": 12, ""10000"": 5, ""10001"": 4, ""10010"": 3, ""10011"": 8, ""10100"": 6, ""10101"": 327, ""10110"": 7, ""10111"": 3, ""11000"": 8, ""11001"": 11, ""11010"": 6, ""11011"": 4, ""11100"": 8, ""11101"": 9, ""11110"": 4, ""11111"": 3}, ""total_variation_distance"": 0.084625244140625, ""squared_hellinger_fidelity"": 0.982802942417824, ""cdf_max_deviation"": 0.03560638427734375, ""dkw_limit"": 0.14461834543863566, ""false_rejection_bound"": 1e-09, ""reference_support"": 32, ""impossible_outcomes"": {}, ""passed"": true}"
Upstream main,core_grover_5,static: each control-flow region counted once,1128,flat circuit,,,8.117196,"[8.077404, 8.392589, 8.066332, 8.955984, 8.117196]",grover,2ece9a2ccc268dc860a69a195005b4959388a72a8a73ec9e456517a866b5d55e,132683,numeric,1657,630,216,1127,1027,0,"{""rz"": 1027, ""rxpi2"": 329, ""rxpi"": 301, ""iswap"": 216, ""measure"": 5}",core,1.111958,"[1.139558, 1.14823, 1.050614, 1.111958, 1.05247]",5,48,exported,10.371288,"[10.429128, 10.38756, 10.371288, 10.298216, 10.322648]",rigetti_rx_iswap,216,"{""kind"": ""core_reference_samples"", ""shots"": 512, ""counts"": {""00000"": 5, ""00001"": 7, ""00010"": 5, ""00011"": 3, ""00100"": 7, ""00101"": 6, ""00110"": 3, ""00111"": 4, ""01000"": 4, ""01001"": 4, ""01010"": 6, ""01011"": 10, ""01100"": 6, ""01101"": 4, ""01110"": 10, ""01111"": 12, ""10000"": 5, ""10001"": 4, ""10010"": 3, ""10011"": 8, ""10100"": 6, ""10101"": 327, ""10110"": 7, ""10111"": 3, ""11000"": 8, ""11001"": 11, ""11010"": 6, ""11011"": 4, ""11100"": 8, ""11101"": 9, ""11110"": 4, ""11111"": 3}, ""total_variation_distance"": 0.084625244140625, ""squared_hellinger_fidelity"": 0.982802942417824, ""cdf_max_deviation"": 0.03560638427734375, ""dkw_limit"": 0.14461834543863566, ""false_rejection_bound"": 1e-09, ""reference_support"": 32, ""impossible_outcomes"": {}, ""passed"": true}"
Upstream main,core_multiplexer_5,static: each control-flow region counted once,46,flat circuit,,,0.419218,"[0.461363, 0.425202, 0.419218, 0.409891, 0.407138]",multiplexer,c9a78e82363cd1df1b51fe808e8f82b53bb6a866239019463f9f7af2a14c2f14,10722,numeric,79,79,8,45,0,0,"{""r"": 79, ""cz"": 8, ""measure"": 5}",core,0.813269,"[0.863156, 0.861301, 0.790532, 0.813269, 0.767748]",5,30,exported,1.074534,"[1.138711, 1.079222, 1.074534, 1.059141, 1.050053]",iqm_r_cz,8,"{""kind"": ""core_reference_samples"", ""shots"": 512, ""counts"": {""00000"": 37, ""00010"": 21, ""00100"": 28, ""00110"": 33, ""00111"": 2, ""01000"": 20, ""01001"": 5, ""01010"": 21, ""01011"": 12, ""01100"": 21, ""01101"": 11, ""01110"": 20, ""01111"": 17, ""10000"": 19, ""10001"": 18, ""10010"": 12, ""10011"": 23, ""10100"": 9, ""10101"": 26, ""10110"": 7, ""10111"": 30, ""11000"": 5, ""11001"": 27, ""11010"": 3, ""11011"": 32, ""11100"": 2, ""11101"": 31, ""11111"": 20}, ""total_variation_distance"": 0.08242667587670066, ""squared_hellinger_fidelity"": 0.9856744798006757, ""cdf_max_deviation"": 0.034939694781862596, ""dkw_limit"": 0.14461834543863566, ""false_rejection_bound"": 1e-09, ""reference_support"": 31, ""impossible_outcomes"": {}, ""passed"": true}"
Upstream main,core_multiplexer_5,static: each control-flow region counted once,60,flat circuit,,,0.411859,"[0.433426, 0.414402, 0.411859, 0.40285, 0.407074]",multiplexer,c9a78e82363cd1df1b51fe808e8f82b53bb6a866239019463f9f7af2a14c2f14,10415,numeric,91,36,8,59,55,0,"{""rz"": 55, ""sx"": 32, ""x"": 4, ""cx"": 8, ""measure"": 5}",core,0.813269,"[0.863156, 0.861301, 0.790532, 0.813269, 0.767748]",5,26,exported,1.105014,"[1.149111, 1.12455, 1.105014, 1.100102, 1.094118]",ibm_sxz_cx,8,"{""kind"": ""core_reference_samples"", ""shots"": 512, ""counts"": {""00000"": 37, ""00010"": 21, ""00100"": 28, ""00110"": 33, ""00111"": 2, ""01000"": 20, ""01001"": 5, ""01010"": 21, ""01011"": 12, ""01100"": 21, ""01101"": 11, ""01110"": 20, ""01111"": 17, ""10000"": 19, ""10001"": 18, ""10010"": 12, ""10011"": 23, ""10100"": 9, ""10101"": 26, ""10110"": 7, ""10111"": 30, ""11000"": 5, ""11001"": 27, ""11010"": 3, ""11011"": 32, ""11100"": 2, ""11101"": 31, ""11111"": 20}, ""total_variation_distance"": 0.08242667587670066, ""squared_hellinger_fidelity"": 0.9856744798006757, ""cdf_max_deviation"": 0.034939694781862596, ""dkw_limit"": 0.14461834543863566, ""false_rejection_bound"": 1e-09, ""reference_support"": 31, ""impossible_outcomes"": {}, ""passed"": true}"
Upstream main,core_multiplexer_5,static: each control-flow region counted once,50,flat circuit,,,0.375634,"[0.404594, 0.381042, 0.375634, 0.369378, 0.36741]",multiplexer,c9a78e82363cd1df1b51fe808e8f82b53bb6a866239019463f9f7af2a14c2f14,9657,numeric,79,32,8,49,47,0,"{""rz"": 47, ""sx"": 28, ""cz"": 8, ""x"": 4, ""measure"": 5}",core,0.813269,"[0.863156, 0.861301, 0.790532, 0.813269, 0.767748]",5,24,exported,1.08703,"[1.11343, 1.08703, 1.141974, 1.075429, 1.056933]",ibm_sxz_cz,8,"{""kind"": ""core_reference_samples"", ""shots"": 512, ""counts"": {""00000"": 37, ""00010"": 21, ""00100"": 28, ""00110"": 33, ""00111"": 2, ""01000"": 20, ""01001"": 5, ""01010"": 21, ""01011"": 12, ""01100"": 21, ""01101"": 11, ""01110"": 20, ""01111"": 17, ""10000"": 19, ""10001"": 18, ""10010"": 12, ""10011"": 23, ""10100"": 9, ""10101"": 26, ""10110"": 7, ""10111"": 30, ""11000"": 5, ""11001"": 27, ""11010"": 3, ""11011"": 32, ""11100"": 2, ""11101"": 31, ""11111"": 20}, ""total_variation_distance"": 0.08242667587670066, ""squared_hellinger_fidelity"": 0.9856744798006757, ""cdf_max_deviation"": 0.034939694781862596, ""dkw_limit"": 0.14461834543863566, ""false_rejection_bound"": 1e-09, ""reference_support"": 31, ""impossible_outcomes"": {}, ""passed"": true}"
Upstream main,core_multiplexer_5,static: each control-flow region counted once,44,flat circuit,,,0.340385,"[0.365938, 0.356482, 0.339362, 0.340385, 0.336514]",multiplexer,c9a78e82363cd1df1b51fe808e8f82b53bb6a866239019463f9f7af2a14c2f14,9008,numeric,77,49,8,43,28,0,"{""rx"": 49, ""rz"": 28, ""rzz"": 8, ""measure"": 5}",core,0.813269,"[0.863156, 0.861301, 0.790532, 0.813269, 0.767748]",5,28,exported,0.985734,"[1.015638, 0.986821, 0.985734, 0.968885, 0.956453]",rxrz_rzz_unbounded,8,"{""kind"": ""core_reference_samples"", ""shots"": 512, ""counts"": {""00000"": 37, ""00010"": 21, ""00100"": 28, ""00110"": 33, ""00111"": 2, ""01000"": 20, ""01001"": 5, ""01010"": 21, ""01011"": 12, ""01100"": 21, ""01101"": 11, ""01110"": 20, ""01111"": 17, ""10000"": 19, ""10001"": 18, ""10010"": 12, ""10011"": 23, ""10100"": 9, ""10101"": 26, ""10110"": 7, ""10111"": 30, ""11000"": 5, ""11001"": 27, ""11010"": 3, ""11011"": 32, ""11100"": 2, ""11101"": 31, ""11111"": 20}, ""total_variation_distance"": 0.08242667587670066, ""squared_hellinger_fidelity"": 0.9856744798006757, ""cdf_max_deviation"": 0.034939694781862596, ""dkw_limit"": 0.14461834543863566, ""false_rejection_bound"": 1e-09, ""reference_support"": 31, ""impossible_outcomes"": {}, ""passed"": true}"
Upstream main,core_multiplexer_5,,,,"__init__(): incompatible function arguments. The following argument types are supported:
    1. __init__(self, name: str, arity: mqt.core.mlir.CompilerTarget.OperationArity, num_parameters: int, site_tuples: collections.abc.Sequence[mqt.core.mlir.CompilerTarget.SiteTuple] | None = None, duration: int | None = None, fidelity: float | None = None, *, fixed_parameters: collections.abc.Sequence[float | None] = [], canonical_name: str | None = None) -> None
    2. __init__(self, name: str, arity: int, num_parameters: int, site_tuples: collections.abc.Sequence[mqt.core.mlir.CompilerTarget.SiteTuple] | None = None, duration: int | None = None, fidelity: float | None = None, *, fixed_parameters: collections.abc.Sequence[float | None] = [], canonical_name: str | None = None) -> None

Invoked with types: mqt.core.mlir.OperationCapability, kwargs = { name: str, arity: int, num_parameters: int, parameter_bounds: list }",,,,multiplexer,c9a78e82363cd1df1b51fe808e8f82b53bb6a866239019463f9f7af2a14c2f14,,numeric,,,,,,,,core,0.813269,"[0.863156, 0.861301, 0.790532, 0.813269, 0.767748]",5,,target_unsupported,,,ibm_fractional_bounded,,
Upstream main,core_multiplexer_5,,,,"Target synthesis failed: loc(""/tmp/core-synthesis-evaluation/corpus/core_multiplexer_5.mlir"":1:1): target compilation requires a single-qubit synthesis basis
loc(""/tmp/core-synthesis-evaluation/corpus/core_multiplexer_5.mlir"":1:1): failed to synthesize the QCO program for the target",,,,multiplexer,c9a78e82363cd1df1b51fe808e8f82b53bb6a866239019463f9f7af2a14c2f14,,numeric,,,,,,,,core,0.813269,"[0.863156, 0.861301, 0.790532, 0.813269, 0.767748]",5,,synthesis_failed,,,ionq_fixed_r_zz,,
Upstream main,core_multiplexer_5,static: each control-flow region counted once,50,flat circuit,,,0.626227,"[0.685891, 0.64274, 0.626227, 0.623636, 0.615635]",multiplexer,c9a78e82363cd1df1b51fe808e8f82b53bb6a866239019463f9f7af2a14c2f14,10402,numeric,79,32,8,49,47,0,"{""rz"": 47, ""rxpi2"": 28, ""cz"": 8, ""rxpi"": 4, ""measure"": 5}",core,0.813269,"[0.863156, 0.861301, 0.790532, 0.813269, 0.767748]",5,24,exported,1.089622,"[1.132166, 1.118262, 1.086902, 1.089622, 1.080678]",rigetti_rx_cz,8,"{""kind"": ""core_reference_samples"", ""shots"": 512, ""counts"": {""00000"": 37, ""00010"": 21, ""00100"": 28, ""00110"": 33, ""00111"": 2, ""01000"": 20, ""01001"": 5, ""01010"": 21, ""01011"": 12, ""01100"": 21, ""01101"": 11, ""01110"": 20, ""01111"": 17, ""10000"": 19, ""10001"": 18, ""10010"": 12, ""10011"": 23, ""10100"": 9, ""10101"": 26, ""10110"": 7, ""10111"": 30, ""11000"": 5, ""11001"": 27, ""11010"": 3, ""11011"": 32, ""11100"": 2, ""11101"": 31, ""11111"": 20}, ""total_variation_distance"": 0.08242667587670066, ""squared_hellinger_fidelity"": 0.9856744798006757, ""cdf_max_deviation"": 0.034939694781862596, ""dkw_limit"": 0.14461834543863566, ""false_rejection_bound"": 1e-09, ""reference_support"": 31, ""impossible_outcomes"": {}, ""passed"": true}"
Upstream main,core_multiplexer_5,static: each control-flow region counted once,56,flat circuit,,,0.585795,"[0.633059, 0.597428, 0.585795, 0.581875, 0.573283]",multiplexer,c9a78e82363cd1df1b51fe808e8f82b53bb6a866239019463f9f7af2a14c2f14,10042,numeric,81,32,8,55,49,0,"{""rz"": 49, ""rxpi2"": 20, ""rxpi"": 12, ""iswap"": 8, ""measure"": 5}",core,0.813269,"[0.863156, 0.861301, 0.790532, 0.813269, 0.767748]",5,34,exported,1.089109,"[1.128982, 1.107014, 1.089109, 1.075077, 1.075093]",rigetti_rx_iswap,8,"{""kind"": ""core_reference_samples"", ""shots"": 512, ""counts"": {""00000"": 37, ""00010"": 21, ""00100"": 28, ""00110"": 33, ""00111"": 2, ""01000"": 20, ""01001"": 5, ""01010"": 21, ""01011"": 12, ""01100"": 21, ""01101"": 11, ""01110"": 20, ""01111"": 17, ""10000"": 19, ""10001"": 18, ""10010"": 12, ""10011"": 23, ""10100"": 9, ""10101"": 26, ""10110"": 7, ""10111"": 30, ""11000"": 5, ""11001"": 27, ""11010"": 3, ""11011"": 32, ""11100"": 2, ""11101"": 31, ""11111"": 20}, ""total_variation_distance"": 0.08242667587670066, ""squared_hellinger_fidelity"": 0.9856744798006757, ""cdf_max_deviation"": 0.034939694781862596, ""dkw_limit"": 0.14461834543863566, ""false_rejection_bound"": 1e-09, ""reference_support"": 31, ""impossible_outcomes"": {}, ""passed"": true}"
Upstream main,core_qft_adder_8,static: each control-flow region counted once,167,flat circuit,,,1.448216,"[1.499432, 1.459368, 1.4462, 1.448216, 1.428887]",qft_adder,1557e6094ee2e21407cabbf59b9d69d641942391642e679324e3b557b97819d9,37544,numeric,344,344,40,166,0,0,"{""r"": 344, ""cz"": 40, ""measure"": 8}",core,1.138198,"[1.196614, 1.194391, 1.12063, 1.138198, 1.094294]",8,36,exported,3.096113,"[3.148305, 3.111617, 3.096113, 3.075985, 3.066657]",iqm_r_cz,30,"{""kind"": ""core_reference_samples"", ""shots"": 512, ""counts"": {""10101111"": 512}, ""total_variation_distance"": 0.0, ""squared_hellinger_fidelity"": 1.0, ""cdf_max_deviation"": 0.0, ""dkw_limit"": 0.14461834543863566, ""false_rejection_bound"": 1e-09, ""reference_support"": 1, ""impossible_outcomes"": {}, ""passed"": true}"
Upstream main,core_qft_adder_8,static: each control-flow region counted once,187,flat circuit,,,1.375719,"[1.416023, 1.3798, 1.375719, 1.36564, 1.365847]",qft_adder,1557e6094ee2e21407cabbf59b9d69d641942391642e679324e3b557b97819d9,35034,numeric,352,146,40,186,206,0,"{""x"": 4, ""rz"": 206, ""sx"": 142, ""cx"": 40, ""measure"": 8}",core,1.138198,"[1.196614, 1.194391, 1.12063, 1.138198, 1.094294]",8,50,exported,3.219617,"[3.252818, 3.226722, 3.219617, 3.193457, 3.19173]",ibm_sxz_cx,30,"{""kind"": ""core_reference_samples"", ""shots"": 512, ""counts"": {""10101111"": 512}, ""total_variation_distance"": 0.0, ""squared_hellinger_fidelity"": 1.0, ""cdf_max_deviation"": 0.0, ""dkw_limit"": 0.14461834543863566, ""false_rejection_bound"": 1e-09, ""reference_support"": 1, ""impossible_outcomes"": {}, ""passed"": true}"
Upstream main,core_qft_adder_8,static: each control-flow region counted once,163,flat circuit,,,1.249127,"[1.287527, 1.259735, 1.247766, 1.249127, 1.234375]",qft_adder,1557e6094ee2e21407cabbf59b9d69d641942391642e679324e3b557b97819d9,32055,numeric,301,120,40,162,181,0,"{""x"": 40, ""rz"": 181, ""sx"": 80, ""cz"": 40, ""measure"": 8}",core,1.138198,"[1.196614, 1.194391, 1.12063, 1.138198, 1.094294]",8,47,exported,3.084576,"[3.129537, 3.135297, 3.082144, 3.084576, 3.071312]",ibm_sxz_cz,30,"{""kind"": ""core_reference_samples"", ""shots"": 512, ""counts"": {""10101111"": 512}, ""total_variation_distance"": 0.0, ""squared_hellinger_fidelity"": 1.0, ""cdf_max_deviation"": 0.0, ""dkw_limit"": 0.14461834543863566, ""false_rejection_bound"": 1e-09, ""reference_support"": 1, ""impossible_outcomes"": {}, ""passed"": true}"
Upstream main,core_qft_adder_8,static: each control-flow region counted once,151,flat circuit,,,1.122118,"[1.16319, 1.134039, 1.122118, 1.118966, 1.111446]",qft_adder,1557e6094ee2e21407cabbf59b9d69d641942391642e679324e3b557b97819d9,28956,numeric,324,200,40,150,124,0,"{""rx"": 200, ""rz"": 124, ""rzz"": 40, ""measure"": 8}",core,1.138198,"[1.196614, 1.194391, 1.12063, 1.138198, 1.094294]",8,37,exported,2.751967,"[2.791247, 2.751967, 2.761567, 2.726767, 2.721391]",rxrz_rzz_unbounded,30,"{""kind"": ""core_reference_samples"", ""shots"": 512, ""counts"": {""10101111"": 512}, ""total_variation_distance"": 0.0, ""squared_hellinger_fidelity"": 1.0, ""cdf_max_deviation"": 0.0, ""dkw_limit"": 0.14461834543863566, ""false_rejection_bound"": 1e-09, ""reference_support"": 1, ""impossible_outcomes"": {}, ""passed"": true}"
Upstream main,core_qft_adder_8,,,,"__init__(): incompatible function arguments. The following argument types are supported:
    1. __init__(self, name: str, arity: mqt.core.mlir.CompilerTarget.OperationArity, num_parameters: int, site_tuples: collections.abc.Sequence[mqt.core.mlir.CompilerTarget.SiteTuple] | None = None, duration: int | None = None, fidelity: float | None = None, *, fixed_parameters: collections.abc.Sequence[float | None] = [], canonical_name: str | None = None) -> None
    2. __init__(self, name: str, arity: int, num_parameters: int, site_tuples: collections.abc.Sequence[mqt.core.mlir.CompilerTarget.SiteTuple] | None = None, duration: int | None = None, fidelity: float | None = None, *, fixed_parameters: collections.abc.Sequence[float | None] = [], canonical_name: str | None = None) -> None

Invoked with types: mqt.core.mlir.OperationCapability, kwargs = { name: str, arity: int, num_parameters: int, parameter_bounds: list }",,,,qft_adder,1557e6094ee2e21407cabbf59b9d69d641942391642e679324e3b557b97819d9,,numeric,,,,,,,,core,1.138198,"[1.196614, 1.194391, 1.12063, 1.138198, 1.094294]",8,,target_unsupported,,,ibm_fractional_bounded,,
Upstream main,core_qft_adder_8,,,,"Target synthesis failed: loc(""/tmp/core-synthesis-evaluation/corpus/core_qft_adder_8.mlir"":1:1): target compilation requires a single-qubit synthesis basis
loc(""/tmp/core-synthesis-evaluation/corpus/core_qft_adder_8.mlir"":1:1): failed to synthesize the QCO program for the target",,,,qft_adder,1557e6094ee2e21407cabbf59b9d69d641942391642e679324e3b557b97819d9,,numeric,,,,,,,,core,1.138198,"[1.196614, 1.194391, 1.12063, 1.138198, 1.094294]",8,,synthesis_failed,,,ionq_fixed_r_zz,,
Upstream main,core_qft_adder_8,static: each control-flow region counted once,163,flat circuit,,,2.003131,"[2.066235, 2.003131, 1.983787, 2.161371, 1.994251]",qft_adder,1557e6094ee2e21407cabbf59b9d69d641942391642e679324e3b557b97819d9,33624,numeric,301,120,40,162,181,0,"{""rxpi"": 40, ""rz"": 181, ""rxpi2"": 80, ""cz"": 40, ""measure"": 8}",core,1.138198,"[1.196614, 1.194391, 1.12063, 1.138198, 1.094294]",8,47,exported,3.198593,"[3.236514, 3.203122, 3.198593, 3.191457, 3.195138]",rigetti_rx_cz,30,"{""kind"": ""core_reference_samples"", ""shots"": 512, ""counts"": {""10101111"": 512}, ""total_variation_distance"": 0.0, ""squared_hellinger_fidelity"": 1.0, ""cdf_max_deviation"": 0.0, ""dkw_limit"": 0.14461834543863566, ""false_rejection_bound"": 1e-09, ""reference_support"": 1, ""impossible_outcomes"": {}, ""passed"": true}"
Upstream main,core_qft_adder_8,static: each control-flow region counted once,170,flat circuit,,,1.968186,"[1.998395, 1.968186, 2.084668, 1.947034, 1.917083]",qft_adder,1557e6094ee2e21407cabbf59b9d69d641942391642e679324e3b557b97819d9,31646,numeric,348,140,44,169,208,0,"{""rxpi"": 48, ""rz"": 208, ""rxpi2"": 92, ""iswap"": 44, ""measure"": 8}",core,1.138198,"[1.196614, 1.194391, 1.12063, 1.138198, 1.094294]",8,45,exported,3.158609,"[3.206225, 3.158609, 3.154625, 3.139585, 3.174417]",rigetti_rx_iswap,32,"{""kind"": ""core_reference_samples"", ""shots"": 512, ""counts"": {""10101111"": 512}, ""total_variation_distance"": 0.0, ""squared_hellinger_fidelity"": 1.0, ""cdf_max_deviation"": 0.0, ""dkw_limit"": 0.14461834543863566, ""false_rejection_bound"": 1e-09, ""reference_support"": 1, ""impossible_outcomes"": {}, ""passed"": true}"
Upstream main,core_bv_8,static: each control-flow region counted once,9,flat circuit,,,0.203393,"[0.237425, 0.208577, 0.203393, 0.194449, 0.194209]",bv,235d45383d6f480c733742b4582e38babec8cea40590292f7d932e6cb4526d1a,5107,numeric,17,17,4,8,0,0,"{""r"": 17, ""cz"": 4, ""measure"": 7}",core,0.934373,"[0.981174, 0.996373, 0.909253, 0.934373, 0.886213]",8,12,exported,1.222087,"[1.280263, 1.240647, 1.222087, 1.215255, 1.207318]",iqm_r_cz,4,"{""kind"": ""core_reference_samples"", ""shots"": 512, ""counts"": {""1010101"": 512}, ""total_variation_distance"": 0.0, ""squared_hellinger_fidelity"": 1.0, ""cdf_max_deviation"": 0.0, ""dkw_limit"": 0.14461834543863566, ""false_rejection_bound"": 1e-09, ""reference_support"": 1, ""impossible_outcomes"": {}, ""passed"": true}"
Upstream main,core_bv_8,static: each control-flow region counted once,27,flat circuit,,,0.258161,"[0.290562, 0.265569, 0.258161, 0.254594, 0.257969]",bv,235d45383d6f480c733742b4582e38babec8cea40590292f7d932e6cb4526d1a,6646,numeric,46,17,4,26,29,0,"{""x"": 1, ""rz"": 29, ""sx"": 16, ""cx"": 4, ""measure"": 7}",core,0.934373,"[0.981174, 0.996373, 0.909253, 0.934373, 0.886213]",8,12,exported,1.244551,"[1.289463, 1.273047, 1.244551, 1.234455, 1.239383]",ibm_sxz_cx,4,"{""kind"": ""core_reference_samples"", ""shots"": 512, ""counts"": {""1010101"": 512}, ""total_variation_distance"": 0.0, ""squared_hellinger_fidelity"": 1.0, ""cdf_max_deviation"": 0.0, ""dkw_limit"": 0.14461834543863566, ""false_rejection_bound"": 1e-09, ""reference_support"": 1, ""impossible_outcomes"": {}, ""passed"": true}"
Upstream main,core_bv_8,static: each control-flow region counted once,11,flat circuit,,,0.202289,"[0.223345, 0.206673, 0.199233, 0.202289, 0.197441]",bv,235d45383d6f480c733742b4582e38babec8cea40590292f7d932e6cb4526d1a,5285,numeric,25,9,4,10,16,0,"{""x"": 1, ""rz"": 16, ""sx"": 8, ""cz"": 4, ""measure"": 7}",core,0.934373,"[0.981174, 0.996373, 0.909253, 0.934373, 0.886213]",8,8,exported,1.144279,"[1.179687, 1.152102, 1.144279, 1.128278, 1.136406]",ibm_sxz_cz,4,"{""kind"": ""core_reference_samples"", ""shots"": 512, ""counts"": {""1010101"": 512}, ""total_variation_distance"": 0.0, ""squared_hellinger_fidelity"": 1.0, ""cdf_max_deviation"": 0.0, ""dkw_limit"": 0.14461834543863566, ""false_rejection_bound"": 1e-09, ""reference_support"": 1, ""impossible_outcomes"": {}, ""passed"": true}"
Upstream main,core_bv_8,static: each control-flow region counted once,17,flat circuit,,,0.234161,"[0.249729, 0.234161, 0.238578, 0.227361, 0.223121]",bv,235d45383d6f480c733742b4582e38babec8cea40590292f7d932e6cb4526d1a,5953,numeric,41,25,4,16,16,0,"{""rx"": 25, ""rz"": 16, ""rzz"": 4, ""measure"": 7}",core,0.934373,"[0.981174, 0.996373, 0.909253, 0.934373, 0.886213]",8,12,exported,1.205351,"[1.227238, 1.205351, 1.206935, 1.185702, 1.181351]",rxrz_rzz_unbounded,4,"{""kind"": ""core_reference_samples"", ""shots"": 512, ""counts"": {""1010101"": 512}, ""total_variation_distance"": 0.0, ""squared_hellinger_fidelity"": 1.0, ""cdf_max_deviation"": 0.0, ""dkw_limit"": 0.14461834543863566, ""false_rejection_bound"": 1e-09, ""reference_support"": 1, ""impossible_outcomes"": {}, ""passed"": true}"
Upstream main,core_bv_8,,,,"__init__(): incompatible function arguments. The following argument types are supported:
    1. __init__(self, name: str, arity: mqt.core.mlir.CompilerTarget.OperationArity, num_parameters: int, site_tuples: collections.abc.Sequence[mqt.core.mlir.CompilerTarget.SiteTuple] | None = None, duration: int | None = None, fidelity: float | None = None, *, fixed_parameters: collections.abc.Sequence[float | None] = [], canonical_name: str | None = None) -> None
    2. __init__(self, name: str, arity: int, num_parameters: int, site_tuples: collections.abc.Sequence[mqt.core.mlir.CompilerTarget.SiteTuple] | None = None, duration: int | None = None, fidelity: float | None = None, *, fixed_parameters: collections.abc.Sequence[float | None] = [], canonical_name: str | None = None) -> None

Invoked with types: mqt.core.mlir.OperationCapability, kwargs = { name: str, arity: int, num_parameters: int, parameter_bounds: list }",,,,bv,235d45383d6f480c733742b4582e38babec8cea40590292f7d932e6cb4526d1a,,numeric,,,,,,,,core,0.934373,"[0.981174, 0.996373, 0.909253, 0.934373, 0.886213]",8,,target_unsupported,,,ibm_fractional_bounded,,
Upstream main,core_bv_8,,,,"Target synthesis failed: loc(""/tmp/core-synthesis-evaluation/corpus/core_bv_8.mlir"":1:1): target compilation requires a single-qubit synthesis basis
loc(""/tmp/core-synthesis-evaluation/corpus/core_bv_8.mlir"":1:1): failed to synthesize the QCO program for the target",,,,bv,235d45383d6f480c733742b4582e38babec8cea40590292f7d932e6cb4526d1a,,numeric,,,,,,,,core,0.934373,"[0.981174, 0.996373, 0.909253, 0.934373, 0.886213]",8,,synthesis_failed,,,ionq_fixed_r_zz,,
Upstream main,core_bv_8,static: each control-flow region counted once,11,flat circuit,,,0.325778,"[0.385762, 0.342978, 0.325778, 0.319537, 0.31733]",bv,235d45383d6f480c733742b4582e38babec8cea40590292f7d932e6cb4526d1a,5867,numeric,25,9,4,10,16,0,"{""rxpi"": 1, ""rz"": 16, ""rxpi2"": 8, ""cz"": 4, ""measure"": 7}",core,0.934373,"[0.981174, 0.996373, 0.909253, 0.934373, 0.886213]",8,9,exported,1.171574,"[1.207399, 1.176422, 1.171574, 1.159286, 1.159686]",rigetti_rx_cz,4,"{""kind"": ""core_reference_samples"", ""shots"": 512, ""counts"": {""1010101"": 512}, ""total_variation_distance"": 0.0, ""squared_hellinger_fidelity"": 1.0, ""cdf_max_deviation"": 0.0, ""dkw_limit"": 0.14461834543863566, ""false_rejection_bound"": 1e-09, ""reference_support"": 1, ""impossible_outcomes"": {}, ""passed"": true}"
Upstream main,core_bv_8,static: each control-flow region counted once,44,flat circuit,,,0.564755,"[0.618403, 0.573555, 0.564755, 0.551971, 0.546611]",bv,235d45383d6f480c733742b4582e38babec8cea40590292f7d932e6cb4526d1a,9334,numeric,78,29,8,43,49,0,"{""rxpi"": 9, ""rz"": 49, ""rxpi2"": 20, ""iswap"": 8, ""measure"": 7}",core,0.934373,"[0.981174, 0.996373, 0.909253, 0.934373, 0.886213]",8,17,exported,1.374728,"[1.404295, 1.379768, 1.374728, 1.362743, 1.363256]",rigetti_rx_iswap,8,"{""kind"": ""core_reference_samples"", ""shots"": 512, ""counts"": {""1010101"": 512}, ""total_variation_distance"": 0.0, ""squared_hellinger_fidelity"": 1.0, ""cdf_max_deviation"": 0.0, ""dkw_limit"": 0.14461834543863566, ""false_rejection_bound"": 1e-09, ""reference_support"": 1, ""impossible_outcomes"": {}, ""passed"": true}"
Upstream main,core_ghz_64,static: each control-flow region counted once,193,flat circuit,,,2.041915,"[2.120428, 2.062523, 2.041915, 2.036603, 2.033067]",ghz,6f386eca3151e97db294e93f7b2b08b6ee89a7eceb4a83a0a98b7d55c9ebbb46,53935,numeric,317,317,63,192,0,0,"{""r"": 317, ""cz"": 63, ""measure"": 64}",core,2.052283,"[2.052283, 2.140396, 2.011419, 2.076059, 2.038395]",64,68,exported,8.117035,"[8.155068, 8.117035, 8.088972, 8.234301, 8.096348]",iqm_r_cz,63,"{""kind"": ""core_reference_samples"", ""shots"": 512, ""counts"": {""0000000000000000000000000000000000000000000000000000000000000000"": 232, ""1111111111111111111111111111111111111111111111111111111111111111"": 280}, ""total_variation_distance"": 0.046875, ""squared_hellinger_fidelity"": 0.9977978850648123, ""cdf_max_deviation"": 0.046875, ""dkw_limit"": 0.14461834543863566, ""false_rejection_bound"": 1e-09, ""reference_support"": 2, ""impossible_outcomes"": {}, ""passed"": true}"
Upstream main,core_ghz_64,static: each control-flow region counted once,67,flat circuit,,,1.116342,"[1.168326, 1.137222, 1.116342, 1.116246, 1.116166]",ghz,6f386eca3151e97db294e93f7b2b08b6ee89a7eceb4a83a0a98b7d55c9ebbb46,33625,numeric,3,1,63,66,2,0,"{""rz"": 2, ""sx"": 1, ""cx"": 63, ""measure"": 64}",core,2.052283,"[2.052283, 2.140396, 2.011419, 2.076059, 2.038395]",64,66,exported,7.349784,"[7.405992, 7.349784, 7.341159, 7.35044, 7.309959]",ibm_sxz_cx,63,"{""kind"": ""core_reference_samples"", ""shots"": 512, ""counts"": {""0000000000000000000000000000000000000000000000000000000000000000"": 232, ""1111111111111111111111111111111111111111111111111111111111111111"": 280}, ""total_variation_distance"": 0.046875, ""squared_hellinger_fidelity"": 0.9977978850648123, ""cdf_max_deviation"": 0.046875, ""dkw_limit"": 0.14461834543863566, ""false_rejection_bound"": 1e-09, ""reference_support"": 2, ""impossible_outcomes"": {}, ""passed"": true}"
Upstream main,core_ghz_64,static: each control-flow region counted once,256,flat circuit,,,2.118491,"[2.141563, 2.137004, 2.118491, 2.100156, 2.107515]",ghz,6f386eca3151e97db294e93f7b2b08b6ee89a7eceb4a83a0a98b7d55c9ebbb46,54710,numeric,381,127,63,255,254,0,"{""rz"": 254, ""sx"": 127, ""cz"": 63, ""measure"": 64}",core,2.052283,"[2.052283, 2.140396, 2.011419, 2.076059, 2.038395]",64,70,exported,8.281244,"[8.286493, 8.289261, 8.281244, 8.269981, 8.263581]",ibm_sxz_cz,63,"{""kind"": ""core_reference_samples"", ""shots"": 512, ""counts"": {""0000000000000000000000000000000000000000000000000000000000000000"": 232, ""1111111111111111111111111111111111111111111111111111111111111111"": 280}, ""total_variation_distance"": 0.046875, ""squared_hellinger_fidelity"": 0.9977978850648123, ""cdf_max_deviation"": 0.046875, ""dkw_limit"": 0.14461834543863566, ""false_rejection_bound"": 1e-09, ""reference_support"": 2, ""impossible_outcomes"": {}, ""passed"": true}"
Upstream main,core_ghz_64,static: each control-flow region counted once,257,flat circuit,,,2.3095,"[2.385357, 2.323949, 2.3095, 2.308989, 2.297772]",ghz,6f386eca3151e97db294e93f7b2b08b6ee89a7eceb4a83a0a98b7d55c9ebbb46,58911,numeric,570,380,63,256,190,0,"{""rx"": 380, ""rz"": 190, ""rzz"": 63, ""measure"": 64}",core,2.052283,"[2.052283, 2.140396, 2.011419, 2.076059, 2.038395]",64,71,exported,8.227517,"[8.277853, 8.227517, 8.223581, 8.759519, 8.174316]",rxrz_rzz_unbounded,63,"{""kind"": ""core_reference_samples"", ""shots"": 512, ""counts"": {""0000000000000000000000000000000000000000000000000000000000000000"": 232, ""1111111111111111111111111111111111111111111111111111111111111111"": 280}, ""total_variation_distance"": 0.046875, ""squared_hellinger_fidelity"": 0.9977978850648123, ""cdf_max_deviation"": 0.046875, ""dkw_limit"": 0.14461834543863566, ""false_rejection_bound"": 1e-09, ""reference_support"": 2, ""impossible_outcomes"": {}, ""passed"": true}"
Upstream main,core_ghz_64,,,,"__init__(): incompatible function arguments. The following argument types are supported:
    1. __init__(self, name: str, arity: mqt.core.mlir.CompilerTarget.OperationArity, num_parameters: int, site_tuples: collections.abc.Sequence[mqt.core.mlir.CompilerTarget.SiteTuple] | None = None, duration: int | None = None, fidelity: float | None = None, *, fixed_parameters: collections.abc.Sequence[float | None] = [], canonical_name: str | None = None) -> None
    2. __init__(self, name: str, arity: int, num_parameters: int, site_tuples: collections.abc.Sequence[mqt.core.mlir.CompilerTarget.SiteTuple] | None = None, duration: int | None = None, fidelity: float | None = None, *, fixed_parameters: collections.abc.Sequence[float | None] = [], canonical_name: str | None = None) -> None

Invoked with types: mqt.core.mlir.OperationCapability, kwargs = { name: str, arity: int, num_parameters: int, parameter_bounds: list }",,,,ghz,6f386eca3151e97db294e93f7b2b08b6ee89a7eceb4a83a0a98b7d55c9ebbb46,,numeric,,,,,,,,core,2.052283,"[2.052283, 2.140396, 2.011419, 2.076059, 2.038395]",64,,target_unsupported,,,ibm_fractional_bounded,,
Upstream main,core_ghz_64,,,,"Target synthesis failed: loc(""/tmp/core-synthesis-evaluation/corpus/core_ghz_64.mlir"":1:1): target compilation requires a single-qubit synthesis basis
loc(""/tmp/core-synthesis-evaluation/corpus/core_ghz_64.mlir"":1:1): failed to synthesize the QCO program for the target",,,,ghz,6f386eca3151e97db294e93f7b2b08b6ee89a7eceb4a83a0a98b7d55c9ebbb46,,numeric,,,,,,,,core,2.052283,"[2.052283, 2.140396, 2.011419, 2.076059, 2.038395]",64,,synthesis_failed,,,ionq_fixed_r_zz,,
Upstream main,core_ghz_64,static: each control-flow region counted once,256,flat circuit,,,2.925776,"[3.01232, 2.925776, 2.914576, 3.339714, 2.884128]",ghz,6f386eca3151e97db294e93f7b2b08b6ee89a7eceb4a83a0a98b7d55c9ebbb46,56118,numeric,381,127,63,255,254,0,"{""rz"": 254, ""rxpi2"": 127, ""cz"": 63, ""measure"": 64}",core,2.052283,"[2.052283, 2.140396, 2.011419, 2.076059, 2.038395]",64,69,exported,8.301389,"[8.351517, 8.348685, 8.249085, 8.301389, 8.259661]",rigetti_rx_cz,63,"{""kind"": ""core_reference_samples"", ""shots"": 512, ""counts"": {""0000000000000000000000000000000000000000000000000000000000000000"": 232, ""1111111111111111111111111111111111111111111111111111111111111111"": 280}, ""total_variation_distance"": 0.046875, ""squared_hellinger_fidelity"": 0.9977978850648123, ""cdf_max_deviation"": 0.046875, ""dkw_limit"": 0.14461834543863566, ""false_rejection_bound"": 1e-09, ""reference_support"": 2, ""impossible_outcomes"": {}, ""passed"": true}"
Upstream main,core_ghz_64,static: each control-flow region counted once,634,flat circuit,,,5.098668,"[5.204012, 5.098668, 5.127211, 5.053356, 5.098059]",ghz,6f386eca3151e97db294e93f7b2b08b6ee89a7eceb4a83a0a98b7d55c9ebbb46,89876,numeric,948,316,126,633,632,0,"{""rz"": 632, ""rxpi2"": 127, ""rxpi"": 189, ""iswap"": 126, ""measure"": 64}",core,2.052283,"[2.052283, 2.140396, 2.011419, 2.076059, 2.038395]",64,77,exported,10.018118,"[10.106726, 10.053671, 9.983414, 10.018118, 10.003302]",rigetti_rx_iswap,126,"{""kind"": ""core_reference_samples"", ""shots"": 512, ""counts"": {""0000000000000000000000000000000000000000000000000000000000000000"": 232, ""1111111111111111111111111111111111111111111111111111111111111111"": 280}, ""total_variation_distance"": 0.046875, ""squared_hellinger_fidelity"": 0.9977978850648123, ""cdf_max_deviation"": 0.046875, ""dkw_limit"": 0.14461834543863566, ""false_rejection_bound"": 1e-09, ""reference_support"": 2, ""impossible_outcomes"": {}, ""passed"": true}"
Upstream main,core_qft_16,static: each control-flow region counted once,324,flat circuit,,,9.174914,"[9.371139, 9.187474, 9.125873, 9.174914, 9.136961]",qft,e4f8b2012eb43abf5872d8035888ca466032e5f93e5f55c737727ad6a6108988,222760,numeric,2204,2204,240,323,0,0,"{""r"": 2204, ""cz"": 240, ""measure"": 16}",core,2.626862,"[2.626862, 2.729311, 2.606686, 2.651902, 2.625054]",16,100,exported,14.133981,"[14.259213, 14.242941, 14.09974, 14.081772, 14.133981]",iqm_r_cz,58,"{""kind"": ""core_reference_samples"", ""shots"": 512, ""counts"": {""0000000000000000"": 2, ""0000000100000000"": 2, ""0000001000000000"": 2, ""0000001100000000"": 5, ""0000010000000000"": 3, ""0000010100000000"": 1, ""0000011100000000"": 3, ""0000100000000000"": 1, ""0000100100000000"": 3, ""0000101000000000"": 2, ""0000110000000000"": 2, ""0000110100000000"": 3, ""0000111100000000"": 3, ""0001000000000000"": 1, ""0001000100000000"": 1, ""0001001000000000"": 4, ""0001001100000000"": 1, ""0001010000000000"": 1, ""0001010100000000"": 5, ""0001011000000000"": 2, ""0001011100000000"": 1, ""0001100000000000"": 2, ""0001100100000000"": 1, ""0001101000000000"": 2, ""0001101100000000"": 2, ""0001110000000000"": 2, ""0001110100000000"": 1, ""0001111000000000"": 2, ""0001111100000000"": 5, ""0010000000000000"": 3, ""0010000100000000"": 2, ""0010001000000000"": 3, ""0010001100000000"": 5, ""0010010000000000"": 4, ""0010010100000000"": 4, ""0010011000000000"": 2, ""0010011100000000"": 3, ""0010100100000000"": 1, ""0010101000000000"": 3, ""0010101100000000"": 1, ""0010110000000000"": 2, ""0010110100000000"": 3, ""0010111000000000"": 2, ""0010111100000000"": 2, ""0011000000000000"": 2, ""0011000100000000"": 3, ""0011001000000000"": 3, ""0011001100000000"": 2, ""0011010000000000"": 2, ""0011010100000000"": 1, ""0011011000000000"": 1, ""0011011100000000"": 2, ""0011100100000000"": 5, ""0011101000000000"": 3, ""0011101100000000"": 1, ""0011111000000000"": 2, ""0100000000000000"": 1, ""0100000100000000"": 3, ""0100001000000000"": 3, ""0100001100000000"": 1, ""0100010000000000"": 2, ""0100011000000000"": 2, ""0100011100000000"": 2, ""0100100000000000"": 1, ""0100100100000000"": 1, ""0100101000000000"": 2, ""0100101100000000"": 4, ""0100110000000000"": 2, ""0100110100000000"": 4, ""0100111000000000"": 4, ""0100111100000000"": 3, ""0101000000000000"": 2, ""0101000100000000"": 5, ""0101001000000000"": 2, ""0101001100000000"": 1, ""0101010000000000"": 1, ""0101010100000000"": 2, ""0101011000000000"": 1, ""0101011100000000"": 3, ""0101100000000000"": 3, ""0101100100000000"": 1, ""0101101000000000"": 3, ""0101110100000000"": 1, ""0101111000000000"": 2, ""0101111100000000"": 6, ""0110000000000000"": 2, ""0110000100000000"": 1, ""0110001000000000"": 3, ""0110001100000000"": 3, ""0110010000000000"": 3, ""0110010100000000"": 2, ""0110011100000000"": 4, ""0110100000000000"": 2, ""0110100100000000"": 1, ""0110101000000000"": 4, ""0110101100000000"": 1, ""0110110000000000"": 7, ""0110110100000000"": 5, ""0110111000000000"": 3, ""0110111100000000"": 2, ""0111000000000000"": 4, ""0111000100000000"": 2, ""0111001000000000"": 1, ""0111010000000000"": 2, ""0111010100000000"": 1, ""0111011100000000"": 2, ""0111100000000000"": 2, ""0111100100000000"": 2, ""0111101000000000"": 3, ""0111101100000000"": 2, ""0111110000000000"": 3, ""0111110100000000"": 2, ""0111111000000000"": 2, ""0111111100000000"": 1, ""1000000000000000"": 1, ""1000000100000000"": 2, ""1000001000000000"": 2, ""1000001100000000"": 1, ""1000010000000000"": 2, ""1000010100000000"": 3, ""1000011000000000"": 3, ""1000011100000000"": 1, ""1000100000000000"": 2, ""1000100100000000"": 3, ""1000101000000000"": 1, ""1000110000000000"": 4, ""1000110100000000"": 3, ""1000111100000000"": 5, ""1001000000000000"": 2, ""1001001000000000"": 1, ""1001001100000000"": 1, ""1001010000000000"": 4, ""1001010100000000"": 2, ""1001011000000000"": 1, ""1001011100000000"": 4, ""1001100100000000"": 2, ""1001101000000000"": 3, ""1001101100000000"": 2, ""1001110000000000"": 2, ""1001110100000000"": 1, ""1001111100000000"": 2, ""1010000000000000"": 1, ""1010001100000000"": 3, ""1010010000000000"": 1, ""1010010100000000"": 1, ""1010011000000000"": 1, ""1010011100000000"": 3, ""1010100000000000"": 2, ""1010100100000000"": 1, ""1010101000000000"": 2, ""1010101100000000"": 3, ""1010110000000000"": 2, ""1010110100000000"": 2, ""1010111000000000"": 1, ""1010111100000000"": 3, ""1011000000000000"": 5, ""1011000100000000"": 1, ""1011001000000000"": 3, ""1011001100000000"": 1, ""1011010000000000"": 2, ""1011010100000000"": 1, ""1011011000000000"": 3, ""1011011100000000"": 4, ""1011100000000000"": 1, ""1011100100000000"": 1, ""1011101000000000"": 2, ""1011101100000000"": 1, ""1011110000000000"": 2, ""1011111000000000"": 2, ""1011111100000000"": 3, ""1100000000000000"": 4, ""1100000100000000"": 3, ""1100001100000000"": 4, ""1100010000000000"": 2, ""1100010100000000"": 2, ""1100011100000000"": 2, ""1100100000000000"": 3, ""1100100100000000"": 1, ""1100101000000000"": 6, ""1100101100000000"": 2, ""1100110100000000"": 1, ""1100111000000000"": 1, ""1100111100000000"": 1, ""1101000100000000"": 3, ""1101001000000000"": 1, ""1101001100000000"": 3, ""1101010000000000"": 1, ""1101010100000000"": 2, ""1101011000000000"": 2, ""1101011100000000"": 3, ""1101100000000000"": 4, ""1101100100000000"": 1, ""1101101000000000"": 4, ""1101101100000000"": 5, ""1101110000000000"": 1, ""1101110100000000"": 1, ""1101111000000000"": 2, ""1110000000000000"": 1, ""1110000100000000"": 2, ""1110001000000000"": 1, ""1110010000000000"": 3, ""1110010100000000"": 2, ""1110011000000000"": 4, ""1110100000000000"": 1, ""1110100100000000"": 1, ""1110101000000000"": 3, ""1110101100000000"": 1, ""1110110000000000"": 1, ""1110110100000000"": 3, ""1110111000000000"": 3, ""1110111100000000"": 2, ""1111000000000000"": 1, ""1111000100000000"": 1, ""1111001100000000"": 1, ""1111010000000000"": 2, ""1111010100000000"": 1, ""1111011000000000"": 4, ""1111011100000000"": 1, ""1111100000000000"": 2, ""1111100100000000"": 3, ""1111101000000000"": 3, ""1111110000000000"": 2, ""1111110100000000"": 1, ""1111111000000000"": 5, ""1111111100000000"": 2}, ""total_variation_distance"": 0.2578125, ""squared_hellinger_fidelity"": 0.8204590880647917, ""cdf_max_deviation"": 0.041015625, ""dkw_limit"": 0.14461834543863566, ""false_rejection_bound"": 1e-09, ""reference_support"": 256, ""impossible_outcomes"": {}, ""passed"": true}"
Upstream main,core_qft_16,static: each control-flow region counted once,339,flat circuit,,,7.964347,"[7.999211, 7.891547, 7.964347, 7.984635, 7.881115]",qft,e4f8b2012eb43abf5872d8035888ca466032e5f93e5f55c737727ad6a6108988,189508,numeric,2092,862,240,338,1230,0,"{""rz"": 1230, ""sx"": 862, ""cx"": 240, ""measure"": 16}",core,2.626862,"[2.626862, 2.729311, 2.606686, 2.651902, 2.625054]",16,79,exported,14.346926,"[14.467822, 14.346926, 14.335774, 14.850465, 14.330829]",ibm_sxz_cx,58,"{""kind"": ""core_reference_samples"", ""shots"": 512, ""counts"": {""0000000000000000"": 2, ""0000000100000000"": 2, ""0000001000000000"": 2, ""0000001100000000"": 5, ""0000010000000000"": 3, ""0000010100000000"": 1, ""0000011100000000"": 3, ""0000100000000000"": 1, ""0000100100000000"": 3, ""0000101000000000"": 2, ""0000110000000000"": 2, ""0000110100000000"": 3, ""0000111100000000"": 3, ""0001000000000000"": 1, ""0001000100000000"": 1, ""0001001000000000"": 4, ""0001001100000000"": 1, ""0001010000000000"": 1, ""0001010100000000"": 5, ""0001011000000000"": 2, ""0001011100000000"": 1, ""0001100000000000"": 2, ""0001100100000000"": 1, ""0001101000000000"": 2, ""0001101100000000"": 2, ""0001110000000000"": 2, ""0001110100000000"": 1, ""0001111000000000"": 2, ""0001111100000000"": 5, ""0010000000000000"": 3, ""0010000100000000"": 2, ""0010001000000000"": 3, ""0010001100000000"": 5, ""0010010000000000"": 4, ""0010010100000000"": 4, ""0010011000000000"": 2, ""0010011100000000"": 3, ""0010100100000000"": 1, ""0010101000000000"": 3, ""0010101100000000"": 1, ""0010110000000000"": 2, ""0010110100000000"": 3, ""0010111000000000"": 2, ""0010111100000000"": 2, ""0011000000000000"": 2, ""0011000100000000"": 3, ""0011001000000000"": 3, ""0011001100000000"": 2, ""0011010000000000"": 2, ""0011010100000000"": 1, ""0011011000000000"": 1, ""0011011100000000"": 2, ""0011100100000000"": 5, ""0011101000000000"": 3, ""0011101100000000"": 1, ""0011111000000000"": 2, ""0100000000000000"": 1, ""0100000100000000"": 3, ""0100001000000000"": 3, ""0100001100000000"": 1, ""0100010000000000"": 2, ""0100011000000000"": 2, ""0100011100000000"": 2, ""0100100000000000"": 1, ""0100100100000000"": 1, ""0100101000000000"": 2, ""0100101100000000"": 4, ""0100110000000000"": 2, ""0100110100000000"": 4, ""0100111000000000"": 4, ""0100111100000000"": 3, ""0101000000000000"": 2, ""0101000100000000"": 5, ""0101001000000000"": 2, ""0101001100000000"": 1, ""0101010000000000"": 1, ""0101010100000000"": 2, ""0101011000000000"": 1, ""0101011100000000"": 3, ""0101100000000000"": 3, ""0101100100000000"": 1, ""0101101000000000"": 3, ""0101110100000000"": 1, ""0101111000000000"": 2, ""0101111100000000"": 6, ""0110000000000000"": 2, ""0110000100000000"": 1, ""0110001000000000"": 3, ""0110001100000000"": 3, ""0110010000000000"": 3, ""0110010100000000"": 2, ""0110011100000000"": 4, ""0110100000000000"": 2, ""0110100100000000"": 1, ""0110101000000000"": 4, ""0110101100000000"": 1, ""0110110000000000"": 7, ""0110110100000000"": 5, ""0110111000000000"": 3, ""0110111100000000"": 2, ""0111000000000000"": 4, ""0111000100000000"": 2, ""0111001000000000"": 1, ""0111010000000000"": 2, ""0111010100000000"": 1, ""0111011100000000"": 2, ""0111100000000000"": 2, ""0111100100000000"": 2, ""0111101000000000"": 3, ""0111101100000000"": 2, ""0111110000000000"": 3, ""0111110100000000"": 2, ""0111111000000000"": 2, ""0111111100000000"": 1, ""1000000000000000"": 1, ""1000000100000000"": 2, ""1000001000000000"": 2, ""1000001100000000"": 1, ""1000010000000000"": 2, ""1000010100000000"": 3, ""1000011000000000"": 3, ""1000011100000000"": 1, ""1000100000000000"": 2, ""1000100100000000"": 3, ""1000101000000000"": 1, ""1000110000000000"": 4, ""1000110100000000"": 3, ""1000111100000000"": 5, ""1001000000000000"": 2, ""1001001000000000"": 1, ""1001001100000000"": 1, ""1001010000000000"": 4, ""1001010100000000"": 2, ""1001011000000000"": 1, ""1001011100000000"": 4, ""1001100100000000"": 2, ""1001101000000000"": 3, ""1001101100000000"": 2, ""1001110000000000"": 2, ""1001110100000000"": 1, ""1001111100000000"": 2, ""1010000000000000"": 1, ""1010001100000000"": 3, ""1010010000000000"": 1, ""1010010100000000"": 1, ""1010011000000000"": 1, ""1010011100000000"": 3, ""1010100000000000"": 2, ""1010100100000000"": 1, ""1010101000000000"": 2, ""1010101100000000"": 3, ""1010110000000000"": 2, ""1010110100000000"": 2, ""1010111000000000"": 1, ""1010111100000000"": 3, ""1011000000000000"": 5, ""1011000100000000"": 1, ""1011001000000000"": 3, ""1011001100000000"": 1, ""1011010000000000"": 2, ""1011010100000000"": 1, ""1011011000000000"": 3, ""1011011100000000"": 4, ""1011100000000000"": 1, ""1011100100000000"": 1, ""1011101000000000"": 2, ""1011101100000000"": 1, ""1011110000000000"": 2, ""1011111000000000"": 2, ""1011111100000000"": 3, ""1100000000000000"": 4, ""1100000100000000"": 3, ""1100001100000000"": 4, ""1100010000000000"": 2, ""1100010100000000"": 2, ""1100011100000000"": 2, ""1100100000000000"": 3, ""1100100100000000"": 1, ""1100101000000000"": 6, ""1100101100000000"": 2, ""1100110100000000"": 1, ""1100111000000000"": 1, ""1100111100000000"": 1, ""1101000100000000"": 3, ""1101001000000000"": 1, ""1101001100000000"": 3, ""1101010000000000"": 1, ""1101010100000000"": 2, ""1101011000000000"": 2, ""1101011100000000"": 3, ""1101100000000000"": 4, ""1101100100000000"": 1, ""1101101000000000"": 4, ""1101101100000000"": 5, ""1101110000000000"": 1, ""1101110100000000"": 1, ""1101111000000000"": 2, ""1110000000000000"": 1, ""1110000100000000"": 2, ""1110001000000000"": 1, ""1110010000000000"": 3, ""1110010100000000"": 2, ""1110011000000000"": 4, ""1110100000000000"": 1, ""1110100100000000"": 1, ""1110101000000000"": 3, ""1110101100000000"": 1, ""1110110000000000"": 1, ""1110110100000000"": 3, ""1110111000000000"": 3, ""1110111100000000"": 2, ""1111000000000000"": 1, ""1111000100000000"": 1, ""1111001100000000"": 1, ""1111010000000000"": 2, ""1111010100000000"": 1, ""1111011000000000"": 4, ""1111011100000000"": 1, ""1111100000000000"": 2, ""1111100100000000"": 3, ""1111101000000000"": 3, ""1111110000000000"": 2, ""1111110100000000"": 1, ""1111111000000000"": 5, ""1111111100000000"": 2}, ""total_variation_distance"": 0.2578125, ""squared_hellinger_fidelity"": 0.8204590880647917, ""cdf_max_deviation"": 0.041015625, ""dkw_limit"": 0.14461834543863566, ""false_rejection_bound"": 1e-09, ""reference_support"": 256, ""impossible_outcomes"": {}, ""passed"": true}"
Upstream main,core_qft_16,static: each control-flow region counted once,311,flat circuit,,,7.318391,"[7.387592, 7.320248, 7.318391, 7.312984, 7.306423]",qft,e4f8b2012eb43abf5872d8035888ca466032e5f93e5f55c737727ad6a6108988,176772,numeric,1852,742,240,310,1110,0,"{""rz"": 1110, ""sx"": 502, ""cz"": 240, ""x"": 240, ""measure"": 16}",core,2.626862,"[2.626862, 2.729311, 2.606686, 2.651902, 2.625054]",16,98,exported,13.950044,"[14.074524, 14.062972, 13.945452, 13.950044, 13.947579]",ibm_sxz_cz,58,"{""kind"": ""core_reference_samples"", ""shots"": 512, ""counts"": {""0000000000000000"": 2, ""0000000100000000"": 2, ""0000001000000000"": 2, ""0000001100000000"": 5, ""0000010000000000"": 3, ""0000010100000000"": 1, ""0000011100000000"": 3, ""0000100000000000"": 1, ""0000100100000000"": 3, ""0000101000000000"": 2, ""0000110000000000"": 2, ""0000110100000000"": 3, ""0000111100000000"": 3, ""0001000000000000"": 1, ""0001000100000000"": 1, ""0001001000000000"": 4, ""0001001100000000"": 1, ""0001010000000000"": 1, ""0001010100000000"": 5, ""0001011000000000"": 2, ""0001011100000000"": 1, ""0001100000000000"": 2, ""0001100100000000"": 1, ""0001101000000000"": 2, ""0001101100000000"": 2, ""0001110000000000"": 2, ""0001110100000000"": 1, ""0001111000000000"": 2, ""0001111100000000"": 5, ""0010000000000000"": 3, ""0010000100000000"": 2, ""0010001000000000"": 3, ""0010001100000000"": 5, ""0010010000000000"": 4, ""0010010100000000"": 4, ""0010011000000000"": 2, ""0010011100000000"": 3, ""0010100100000000"": 1, ""0010101000000000"": 3, ""0010101100000000"": 1, ""0010110000000000"": 2, ""0010110100000000"": 3, ""0010111000000000"": 2, ""0010111100000000"": 2, ""0011000000000000"": 2, ""0011000100000000"": 3, ""0011001000000000"": 3, ""0011001100000000"": 2, ""0011010000000000"": 2, ""0011010100000000"": 1, ""0011011000000000"": 1, ""0011011100000000"": 2, ""0011100100000000"": 5, ""0011101000000000"": 3, ""0011101100000000"": 1, ""0011111000000000"": 2, ""0100000000000000"": 1, ""0100000100000000"": 3, ""0100001000000000"": 3, ""0100001100000000"": 1, ""0100010000000000"": 2, ""0100011000000000"": 2, ""0100011100000000"": 2, ""0100100000000000"": 1, ""0100100100000000"": 1, ""0100101000000000"": 2, ""0100101100000000"": 4, ""0100110000000000"": 2, ""0100110100000000"": 4, ""0100111000000000"": 4, ""0100111100000000"": 3, ""0101000000000000"": 2, ""0101000100000000"": 5, ""0101001000000000"": 2, ""0101001100000000"": 1, ""0101010000000000"": 1, ""0101010100000000"": 2, ""0101011000000000"": 1, ""0101011100000000"": 3, ""0101100000000000"": 3, ""0101100100000000"": 1, ""0101101000000000"": 3, ""0101110100000000"": 1, ""0101111000000000"": 2, ""0101111100000000"": 6, ""0110000000000000"": 2, ""0110000100000000"": 1, ""0110001000000000"": 3, ""0110001100000000"": 3, ""0110010000000000"": 3, ""0110010100000000"": 2, ""0110011100000000"": 4, ""0110100000000000"": 2, ""0110100100000000"": 1, ""0110101000000000"": 4, ""0110101100000000"": 1, ""0110110000000000"": 7, ""0110110100000000"": 5, ""0110111000000000"": 3, ""0110111100000000"": 2, ""0111000000000000"": 4, ""0111000100000000"": 2, ""0111001000000000"": 1, ""0111010000000000"": 2, ""0111010100000000"": 1, ""0111011100000000"": 2, ""0111100000000000"": 2, ""0111100100000000"": 2, ""0111101000000000"": 3, ""0111101100000000"": 2, ""0111110000000000"": 3, ""0111110100000000"": 2, ""0111111000000000"": 2, ""0111111100000000"": 1, ""1000000000000000"": 1, ""1000000100000000"": 2, ""1000001000000000"": 2, ""1000001100000000"": 1, ""1000010000000000"": 2, ""1000010100000000"": 3, ""1000011000000000"": 3, ""1000011100000000"": 1, ""1000100000000000"": 2, ""1000100100000000"": 3, ""1000101000000000"": 1, ""1000110000000000"": 4, ""1000110100000000"": 3, ""1000111100000000"": 5, ""1001000000000000"": 2, ""1001001000000000"": 1, ""1001001100000000"": 1, ""1001010000000000"": 4, ""1001010100000000"": 2, ""1001011000000000"": 1, ""1001011100000000"": 4, ""1001100100000000"": 2, ""1001101000000000"": 3, ""1001101100000000"": 2, ""1001110000000000"": 2, ""1001110100000000"": 1, ""1001111100000000"": 2, ""1010000000000000"": 1, ""1010001100000000"": 3, ""1010010000000000"": 1, ""1010010100000000"": 1, ""1010011000000000"": 1, ""1010011100000000"": 3, ""1010100000000000"": 2, ""1010100100000000"": 1, ""1010101000000000"": 2, ""1010101100000000"": 3, ""1010110000000000"": 2, ""1010110100000000"": 2, ""1010111000000000"": 1, ""1010111100000000"": 3, ""1011000000000000"": 5, ""1011000100000000"": 1, ""1011001000000000"": 3, ""1011001100000000"": 1, ""1011010000000000"": 2, ""1011010100000000"": 1, ""1011011000000000"": 3, ""1011011100000000"": 4, ""1011100000000000"": 1, ""1011100100000000"": 1, ""1011101000000000"": 2, ""1011101100000000"": 1, ""1011110000000000"": 2, ""1011111000000000"": 2, ""1011111100000000"": 3, ""1100000000000000"": 4, ""1100000100000000"": 3, ""1100001100000000"": 4, ""1100010000000000"": 2, ""1100010100000000"": 2, ""1100011100000000"": 2, ""1100100000000000"": 3, ""1100100100000000"": 1, ""1100101000000000"": 6, ""1100101100000000"": 2, ""1100110100000000"": 1, ""1100111000000000"": 1, ""1100111100000000"": 1, ""1101000100000000"": 3, ""1101001000000000"": 1, ""1101001100000000"": 3, ""1101010000000000"": 1, ""1101010100000000"": 2, ""1101011000000000"": 2, ""1101011100000000"": 3, ""1101100000000000"": 4, ""1101100100000000"": 1, ""1101101000000000"": 4, ""1101101100000000"": 5, ""1101110000000000"": 1, ""1101110100000000"": 1, ""1101111000000000"": 2, ""1110000000000000"": 1, ""1110000100000000"": 2, ""1110001000000000"": 1, ""1110010000000000"": 3, ""1110010100000000"": 2, ""1110011000000000"": 4, ""1110100000000000"": 1, ""1110100100000000"": 1, ""1110101000000000"": 3, ""1110101100000000"": 1, ""1110110000000000"": 1, ""1110110100000000"": 3, ""1110111000000000"": 3, ""1110111100000000"": 2, ""1111000000000000"": 1, ""1111000100000000"": 1, ""1111001100000000"": 1, ""1111010000000000"": 2, ""1111010100000000"": 1, ""1111011000000000"": 4, ""1111011100000000"": 1, ""1111100000000000"": 2, ""1111100100000000"": 3, ""1111101000000000"": 3, ""1111110000000000"": 2, ""1111110100000000"": 1, ""1111111000000000"": 5, ""1111111100000000"": 2}, ""total_variation_distance"": 0.2578125, ""squared_hellinger_fidelity"": 0.8204590880647917, ""cdf_max_deviation"": 0.041015625, ""dkw_limit"": 0.14461834543863566, ""false_rejection_bound"": 1e-09, ""reference_support"": 256, ""impossible_outcomes"": {}, ""passed"": true}"
Upstream main,core_qft_16,static: each control-flow region counted once,295,flat circuit,,,6.189649,"[6.237234, 6.226418, 6.189649, 6.18597, 6.163633]",qft,e4f8b2012eb43abf5872d8035888ca466032e5f93e5f55c737727ad6a6108988,156201,numeric,1914,1172,240,294,742,0,"{""rx"": 1172, ""rz"": 742, ""rzz"": 240, ""measure"": 16}",core,2.626862,"[2.626862, 2.729311, 2.606686, 2.651902, 2.625054]",16,72,exported,11.724863,"[11.85784, 11.717087, 11.717071, 11.724863, 11.873056]",rxrz_rzz_unbounded,58,"{""kind"": ""core_reference_samples"", ""shots"": 512, ""counts"": {""0000000000000000"": 2, ""0000000100000000"": 2, ""0000001000000000"": 2, ""0000001100000000"": 5, ""0000010000000000"": 3, ""0000010100000000"": 1, ""0000011100000000"": 3, ""0000100000000000"": 1, ""0000100100000000"": 3, ""0000101000000000"": 2, ""0000110000000000"": 2, ""0000110100000000"": 3, ""0000111100000000"": 3, ""0001000000000000"": 1, ""0001000100000000"": 1, ""0001001000000000"": 4, ""0001001100000000"": 1, ""0001010000000000"": 1, ""0001010100000000"": 5, ""0001011000000000"": 2, ""0001011100000000"": 1, ""0001100000000000"": 2, ""0001100100000000"": 1, ""0001101000000000"": 2, ""0001101100000000"": 2, ""0001110000000000"": 2, ""0001110100000000"": 1, ""0001111000000000"": 2, ""0001111100000000"": 5, ""0010000000000000"": 3, ""0010000100000000"": 2, ""0010001000000000"": 3, ""0010001100000000"": 5, ""0010010000000000"": 4, ""0010010100000000"": 4, ""0010011000000000"": 2, ""0010011100000000"": 3, ""0010100100000000"": 1, ""0010101000000000"": 3, ""0010101100000000"": 1, ""0010110000000000"": 2, ""0010110100000000"": 3, ""0010111000000000"": 2, ""0010111100000000"": 2, ""0011000000000000"": 2, ""0011000100000000"": 3, ""0011001000000000"": 3, ""0011001100000000"": 2, ""0011010000000000"": 2, ""0011010100000000"": 1, ""0011011000000000"": 1, ""0011011100000000"": 2, ""0011100100000000"": 5, ""0011101000000000"": 3, ""0011101100000000"": 1, ""0011111000000000"": 2, ""0100000000000000"": 1, ""0100000100000000"": 3, ""0100001000000000"": 3, ""0100001100000000"": 1, ""0100010000000000"": 2, ""0100011000000000"": 2, ""0100011100000000"": 2, ""0100100000000000"": 1, ""0100100100000000"": 1, ""0100101000000000"": 2, ""0100101100000000"": 4, ""0100110000000000"": 2, ""0100110100000000"": 4, ""0100111000000000"": 4, ""0100111100000000"": 3, ""0101000000000000"": 2, ""0101000100000000"": 5, ""0101001000000000"": 2, ""0101001100000000"": 1, ""0101010000000000"": 1, ""0101010100000000"": 2, ""0101011000000000"": 1, ""0101011100000000"": 3, ""0101100000000000"": 3, ""0101100100000000"": 1, ""0101101000000000"": 3, ""0101110100000000"": 1, ""0101111000000000"": 2, ""0101111100000000"": 6, ""0110000000000000"": 2, ""0110000100000000"": 1, ""0110001000000000"": 3, ""0110001100000000"": 3, ""0110010000000000"": 3, ""0110010100000000"": 2, ""0110011100000000"": 4, ""0110100000000000"": 2, ""0110100100000000"": 1, ""0110101000000000"": 4, ""0110101100000000"": 1, ""0110110000000000"": 7, ""0110110100000000"": 5, ""0110111000000000"": 3, ""0110111100000000"": 2, ""0111000000000000"": 4, ""0111000100000000"": 2, ""0111001000000000"": 1, ""0111010000000000"": 2, ""0111010100000000"": 1, ""0111011100000000"": 2, ""0111100000000000"": 2, ""0111100100000000"": 2, ""0111101000000000"": 3, ""0111101100000000"": 2, ""0111110000000000"": 3, ""0111110100000000"": 2, ""0111111000000000"": 2, ""0111111100000000"": 1, ""1000000000000000"": 1, ""1000000100000000"": 2, ""1000001000000000"": 2, ""1000001100000000"": 1, ""1000010000000000"": 2, ""1000010100000000"": 3, ""1000011000000000"": 3, ""1000011100000000"": 1, ""1000100000000000"": 2, ""1000100100000000"": 3, ""1000101000000000"": 1, ""1000110000000000"": 4, ""1000110100000000"": 3, ""1000111100000000"": 5, ""1001000000000000"": 2, ""1001001000000000"": 1, ""1001001100000000"": 1, ""1001010000000000"": 4, ""1001010100000000"": 2, ""1001011000000000"": 1, ""1001011100000000"": 4, ""1001100100000000"": 2, ""1001101000000000"": 3, ""1001101100000000"": 2, ""1001110000000000"": 2, ""1001110100000000"": 1, ""1001111100000000"": 2, ""1010000000000000"": 1, ""1010001100000000"": 3, ""1010010000000000"": 1, ""1010010100000000"": 1, ""1010011000000000"": 1, ""1010011100000000"": 3, ""1010100000000000"": 2, ""1010100100000000"": 1, ""1010101000000000"": 2, ""1010101100000000"": 3, ""1010110000000000"": 2, ""1010110100000000"": 2, ""1010111000000000"": 1, ""1010111100000000"": 3, ""1011000000000000"": 5, ""1011000100000000"": 1, ""1011001000000000"": 3, ""1011001100000000"": 1, ""1011010000000000"": 2, ""1011010100000000"": 1, ""1011011000000000"": 3, ""1011011100000000"": 4, ""1011100000000000"": 1, ""1011100100000000"": 1, ""1011101000000000"": 2, ""1011101100000000"": 1, ""1011110000000000"": 2, ""1011111000000000"": 2, ""1011111100000000"": 3, ""1100000000000000"": 4, ""1100000100000000"": 3, ""1100001100000000"": 4, ""1100010000000000"": 2, ""1100010100000000"": 2, ""1100011100000000"": 2, ""1100100000000000"": 3, ""1100100100000000"": 1, ""1100101000000000"": 6, ""1100101100000000"": 2, ""1100110100000000"": 1, ""1100111000000000"": 1, ""1100111100000000"": 1, ""1101000100000000"": 3, ""1101001000000000"": 1, ""1101001100000000"": 3, ""1101010000000000"": 1, ""1101010100000000"": 2, ""1101011000000000"": 2, ""1101011100000000"": 3, ""1101100000000000"": 4, ""1101100100000000"": 1, ""1101101000000000"": 4, ""1101101100000000"": 5, ""1101110000000000"": 1, ""1101110100000000"": 1, ""1101111000000000"": 2, ""1110000000000000"": 1, ""1110000100000000"": 2, ""1110001000000000"": 1, ""1110010000000000"": 3, ""1110010100000000"": 2, ""1110011000000000"": 4, ""1110100000000000"": 1, ""1110100100000000"": 1, ""1110101000000000"": 3, ""1110101100000000"": 1, ""1110110000000000"": 1, ""1110110100000000"": 3, ""1110111000000000"": 3, ""1110111100000000"": 2, ""1111000000000000"": 1, ""1111000100000000"": 1, ""1111001100000000"": 1, ""1111010000000000"": 2, ""1111010100000000"": 1, ""1111011000000000"": 4, ""1111011100000000"": 1, ""1111100000000000"": 2, ""1111100100000000"": 3, ""1111101000000000"": 3, ""1111110000000000"": 2, ""1111110100000000"": 1, ""1111111000000000"": 5, ""1111111100000000"": 2}, ""total_variation_distance"": 0.2578125, ""squared_hellinger_fidelity"": 0.8204590880647917, ""cdf_max_deviation"": 0.041015625, ""dkw_limit"": 0.14461834543863566, ""false_rejection_bound"": 1e-09, ""reference_support"": 256, ""impossible_outcomes"": {}, ""passed"": true}"
Upstream main,core_qft_16,,,,"__init__(): incompatible function arguments. The following argument types are supported:
    1. __init__(self, name: str, arity: mqt.core.mlir.CompilerTarget.OperationArity, num_parameters: int, site_tuples: collections.abc.Sequence[mqt.core.mlir.CompilerTarget.SiteTuple] | None = None, duration: int | None = None, fidelity: float | None = None, *, fixed_parameters: collections.abc.Sequence[float | None] = [], canonical_name: str | None = None) -> None
    2. __init__(self, name: str, arity: int, num_parameters: int, site_tuples: collections.abc.Sequence[mqt.core.mlir.CompilerTarget.SiteTuple] | None = None, duration: int | None = None, fidelity: float | None = None, *, fixed_parameters: collections.abc.Sequence[float | None] = [], canonical_name: str | None = None) -> None

Invoked with types: mqt.core.mlir.OperationCapability, kwargs = { name: str, arity: int, num_parameters: int, parameter_bounds: list }",,,,qft,e4f8b2012eb43abf5872d8035888ca466032e5f93e5f55c737727ad6a6108988,,numeric,,,,,,,,core,2.626862,"[2.626862, 2.729311, 2.606686, 2.651902, 2.625054]",16,,target_unsupported,,,ibm_fractional_bounded,,
Upstream main,core_qft_16,,,,"Target synthesis failed: loc(""/tmp/core-synthesis-evaluation/corpus/core_qft_16.mlir"":1:1): target compilation requires a single-qubit synthesis basis
loc(""/tmp/core-synthesis-evaluation/corpus/core_qft_16.mlir"":1:1): failed to synthesize the QCO program for the target",,,,qft,e4f8b2012eb43abf5872d8035888ca466032e5f93e5f55c737727ad6a6108988,,numeric,,,,,,,,core,2.626862,"[2.626862, 2.729311, 2.606686, 2.651902, 2.625054]",16,,synthesis_failed,,,ionq_fixed_r_zz,,
Upstream main,core_qft_16,static: each control-flow region counted once,311,flat circuit,,,11.184861,"[11.488446, 11.256253, 11.184861, 11.133932, 11.114924]",qft,e4f8b2012eb43abf5872d8035888ca466032e5f93e5f55c737727ad6a6108988,184138,numeric,1852,742,240,310,1110,0,"{""rz"": 1110, ""rxpi2"": 502, ""cz"": 240, ""rxpi"": 240, ""measure"": 16}",core,2.626862,"[2.626862, 2.729311, 2.606686, 2.651902, 2.625054]",16,98,exported,14.554863,"[14.587007, 14.554863, 14.578447, 14.548063, 14.51307]",rigetti_rx_cz,58,"{""kind"": ""core_reference_samples"", ""shots"": 512, ""counts"": {""0000000000000000"": 2, ""0000000100000000"": 2, ""0000001000000000"": 2, ""0000001100000000"": 5, ""0000010000000000"": 3, ""0000010100000000"": 1, ""0000011100000000"": 3, ""0000100000000000"": 1, ""0000100100000000"": 3, ""0000101000000000"": 2, ""0000110000000000"": 2, ""0000110100000000"": 3, ""0000111100000000"": 3, ""0001000000000000"": 1, ""0001000100000000"": 1, ""0001001000000000"": 4, ""0001001100000000"": 1, ""0001010000000000"": 1, ""0001010100000000"": 5, ""0001011000000000"": 2, ""0001011100000000"": 1, ""0001100000000000"": 2, ""0001100100000000"": 1, ""0001101000000000"": 2, ""0001101100000000"": 2, ""0001110000000000"": 2, ""0001110100000000"": 1, ""0001111000000000"": 2, ""0001111100000000"": 5, ""0010000000000000"": 3, ""0010000100000000"": 2, ""0010001000000000"": 3, ""0010001100000000"": 5, ""0010010000000000"": 4, ""0010010100000000"": 4, ""0010011000000000"": 2, ""0010011100000000"": 3, ""0010100100000000"": 1, ""0010101000000000"": 3, ""0010101100000000"": 1, ""0010110000000000"": 2, ""0010110100000000"": 3, ""0010111000000000"": 2, ""0010111100000000"": 2, ""0011000000000000"": 2, ""0011000100000000"": 3, ""0011001000000000"": 3, ""0011001100000000"": 2, ""0011010000000000"": 2, ""0011010100000000"": 1, ""0011011000000000"": 1, ""0011011100000000"": 2, ""0011100100000000"": 5, ""0011101000000000"": 3, ""0011101100000000"": 1, ""0011111000000000"": 2, ""0100000000000000"": 1, ""0100000100000000"": 3, ""0100001000000000"": 3, ""0100001100000000"": 1, ""0100010000000000"": 2, ""0100011000000000"": 2, ""0100011100000000"": 2, ""0100100000000000"": 1, ""0100100100000000"": 1, ""0100101000000000"": 2, ""0100101100000000"": 4, ""0100110000000000"": 2, ""0100110100000000"": 4, ""0100111000000000"": 4, ""0100111100000000"": 3, ""0101000000000000"": 2, ""0101000100000000"": 5, ""0101001000000000"": 2, ""0101001100000000"": 1, ""0101010000000000"": 1, ""0101010100000000"": 2, ""0101011000000000"": 1, ""0101011100000000"": 3, ""0101100000000000"": 3, ""0101100100000000"": 1, ""0101101000000000"": 3, ""0101110100000000"": 1, ""0101111000000000"": 2, ""0101111100000000"": 6, ""0110000000000000"": 2, ""0110000100000000"": 1, ""0110001000000000"": 3, ""0110001100000000"": 3, ""0110010000000000"": 3, ""0110010100000000"": 2, ""0110011100000000"": 4, ""0110100000000000"": 2, ""0110100100000000"": 1, ""0110101000000000"": 4, ""0110101100000000"": 1, ""0110110000000000"": 7, ""0110110100000000"": 5, ""0110111000000000"": 3, ""0110111100000000"": 2, ""0111000000000000"": 4, ""0111000100000000"": 2, ""0111001000000000"": 1, ""0111010000000000"": 2, ""0111010100000000"": 1, ""0111011100000000"": 2, ""0111100000000000"": 2, ""0111100100000000"": 2, ""0111101000000000"": 3, ""0111101100000000"": 2, ""0111110000000000"": 3, ""0111110100000000"": 2, ""0111111000000000"": 2, ""0111111100000000"": 1, ""1000000000000000"": 1, ""1000000100000000"": 2, ""1000001000000000"": 2, ""1000001100000000"": 1, ""1000010000000000"": 2, ""1000010100000000"": 3, ""1000011000000000"": 3, ""1000011100000000"": 1, ""1000100000000000"": 2, ""1000100100000000"": 3, ""1000101000000000"": 1, ""1000110000000000"": 4, ""1000110100000000"": 3, ""1000111100000000"": 5, ""1001000000000000"": 2, ""1001001000000000"": 1, ""1001001100000000"": 1, ""1001010000000000"": 4, ""1001010100000000"": 2, ""1001011000000000"": 1, ""1001011100000000"": 4, ""1001100100000000"": 2, ""1001101000000000"": 3, ""1001101100000000"": 2, ""1001110000000000"": 2, ""1001110100000000"": 1, ""1001111100000000"": 2, ""1010000000000000"": 1, ""1010001100000000"": 3, ""1010010000000000"": 1, ""1010010100000000"": 1, ""1010011000000000"": 1, ""1010011100000000"": 3, ""1010100000000000"": 2, ""1010100100000000"": 1, ""1010101000000000"": 2, ""1010101100000000"": 3, ""1010110000000000"": 2, ""1010110100000000"": 2, ""1010111000000000"": 1, ""1010111100000000"": 3, ""1011000000000000"": 5, ""1011000100000000"": 1, ""1011001000000000"": 3, ""1011001100000000"": 1, ""1011010000000000"": 2, ""1011010100000000"": 1, ""1011011000000000"": 3, ""1011011100000000"": 4, ""1011100000000000"": 1, ""1011100100000000"": 1, ""1011101000000000"": 2, ""1011101100000000"": 1, ""1011110000000000"": 2, ""1011111000000000"": 2, ""1011111100000000"": 3, ""1100000000000000"": 4, ""1100000100000000"": 3, ""1100001100000000"": 4, ""1100010000000000"": 2, ""1100010100000000"": 2, ""1100011100000000"": 2, ""1100100000000000"": 3, ""1100100100000000"": 1, ""1100101000000000"": 6, ""1100101100000000"": 2, ""1100110100000000"": 1, ""1100111000000000"": 1, ""1100111100000000"": 1, ""1101000100000000"": 3, ""1101001000000000"": 1, ""1101001100000000"": 3, ""1101010000000000"": 1, ""1101010100000000"": 2, ""1101011000000000"": 2, ""1101011100000000"": 3, ""1101100000000000"": 4, ""1101100100000000"": 1, ""1101101000000000"": 4, ""1101101100000000"": 5, ""1101110000000000"": 1, ""1101110100000000"": 1, ""1101111000000000"": 2, ""1110000000000000"": 1, ""1110000100000000"": 2, ""1110001000000000"": 1, ""1110010000000000"": 3, ""1110010100000000"": 2, ""1110011000000000"": 4, ""1110100000000000"": 1, ""1110100100000000"": 1, ""1110101000000000"": 3, ""1110101100000000"": 1, ""1110110000000000"": 1, ""1110110100000000"": 3, ""1110111000000000"": 3, ""1110111100000000"": 2, ""1111000000000000"": 1, ""1111000100000000"": 1, ""1111001100000000"": 1, ""1111010000000000"": 2, ""1111010100000000"": 1, ""1111011000000000"": 4, ""1111011100000000"": 1, ""1111100000000000"": 2, ""1111100100000000"": 3, ""1111101000000000"": 3, ""1111110000000000"": 2, ""1111110100000000"": 1, ""1111111000000000"": 5, ""1111111100000000"": 2}, ""total_variation_distance"": 0.2578125, ""squared_hellinger_fidelity"": 0.8204590880647917, ""cdf_max_deviation"": 0.041015625, ""dkw_limit"": 0.14461834543863566, ""false_rejection_bound"": 1e-09, ""reference_support"": 256, ""impossible_outcomes"": {}, ""passed"": true}"
Upstream main,core_qft_16,static: each control-flow region counted once,296,flat circuit,,,9.450019,"[9.659028, 9.488852, 9.450019, 9.359971, 9.326962]",qft,e4f8b2012eb43abf5872d8035888ca466032e5f93e5f55c737727ad6a6108988,148062,numeric,1793,742,240,295,1051,0,"{""rz"": 1051, ""rxpi2"": 502, ""rxpi"": 240, ""iswap"": 240, ""measure"": 16}",core,2.626862,"[2.626862, 2.729311, 2.606686, 2.651902, 2.625054]",16,79,exported,13.21956,"[13.291464, 13.262999, 13.210983, 13.21956, 13.177591]",rigetti_rx_iswap,58,"{""kind"": ""core_reference_samples"", ""shots"": 512, ""counts"": {""0000000000000000"": 2, ""0000000100000000"": 2, ""0000001000000000"": 2, ""0000001100000000"": 5, ""0000010000000000"": 3, ""0000010100000000"": 1, ""0000011100000000"": 3, ""0000100000000000"": 1, ""0000100100000000"": 3, ""0000101000000000"": 2, ""0000110000000000"": 2, ""0000110100000000"": 3, ""0000111100000000"": 3, ""0001000000000000"": 1, ""0001000100000000"": 1, ""0001001000000000"": 4, ""0001001100000000"": 1, ""0001010000000000"": 1, ""0001010100000000"": 5, ""0001011000000000"": 2, ""0001011100000000"": 1, ""0001100000000000"": 2, ""0001100100000000"": 1, ""0001101000000000"": 2, ""0001101100000000"": 2, ""0001110000000000"": 2, ""0001110100000000"": 1, ""0001111000000000"": 2, ""0001111100000000"": 5, ""0010000000000000"": 3, ""0010000100000000"": 2, ""0010001000000000"": 3, ""0010001100000000"": 5, ""0010010000000000"": 4, ""0010010100000000"": 4, ""0010011000000000"": 2, ""0010011100000000"": 3, ""0010100100000000"": 1, ""0010101000000000"": 3, ""0010101100000000"": 1, ""0010110000000000"": 2, ""0010110100000000"": 3, ""0010111000000000"": 2, ""0010111100000000"": 2, ""0011000000000000"": 2, ""0011000100000000"": 3, ""0011001000000000"": 3, ""0011001100000000"": 2, ""0011010000000000"": 2, ""0011010100000000"": 1, ""0011011000000000"": 1, ""0011011100000000"": 2, ""0011100100000000"": 5, ""0011101000000000"": 3, ""0011101100000000"": 1, ""0011111000000000"": 2, ""0100000000000000"": 1, ""0100000100000000"": 3, ""0100001000000000"": 3, ""0100001100000000"": 1, ""0100010000000000"": 2, ""0100011000000000"": 2, ""0100011100000000"": 2, ""0100100000000000"": 1, ""0100100100000000"": 1, ""0100101000000000"": 2, ""0100101100000000"": 4, ""0100110000000000"": 2, ""0100110100000000"": 4, ""0100111000000000"": 4, ""0100111100000000"": 3, ""0101000000000000"": 2, ""0101000100000000"": 5, ""0101001000000000"": 2, ""0101001100000000"": 1, ""0101010000000000"": 1, ""0101010100000000"": 2, ""0101011000000000"": 1, ""0101011100000000"": 3, ""0101100000000000"": 3, ""0101100100000000"": 1, ""0101101000000000"": 3, ""0101110100000000"": 1, ""0101111000000000"": 2, ""0101111100000000"": 6, ""0110000000000000"": 2, ""0110000100000000"": 1, ""0110001000000000"": 3, ""0110001100000000"": 3, ""0110010000000000"": 3, ""0110010100000000"": 2, ""0110011100000000"": 4, ""0110100000000000"": 2, ""0110100100000000"": 1, ""0110101000000000"": 4, ""0110101100000000"": 1, ""0110110000000000"": 7, ""0110110100000000"": 5, ""0110111000000000"": 3, ""0110111100000000"": 2, ""0111000000000000"": 4, ""0111000100000000"": 2, ""0111001000000000"": 1, ""0111010000000000"": 2, ""0111010100000000"": 1, ""0111011100000000"": 2, ""0111100000000000"": 2, ""0111100100000000"": 2, ""0111101000000000"": 3, ""0111101100000000"": 2, ""0111110000000000"": 3, ""0111110100000000"": 2, ""0111111000000000"": 2, ""0111111100000000"": 1, ""1000000000000000"": 1, ""1000000100000000"": 2, ""1000001000000000"": 2, ""1000001100000000"": 1, ""1000010000000000"": 2, ""1000010100000000"": 3, ""1000011000000000"": 3, ""1000011100000000"": 1, ""1000100000000000"": 2, ""1000100100000000"": 3, ""1000101000000000"": 1, ""1000110000000000"": 4, ""1000110100000000"": 3, ""1000111100000000"": 5, ""1001000000000000"": 2, ""1001001000000000"": 1, ""1001001100000000"": 1, ""1001010000000000"": 4, ""1001010100000000"": 2, ""1001011000000000"": 1, ""1001011100000000"": 4, ""1001100100000000"": 2, ""1001101000000000"": 3, ""1001101100000000"": 2, ""1001110000000000"": 2, ""1001110100000000"": 1, ""1001111100000000"": 2, ""1010000000000000"": 1, ""1010001100000000"": 3, ""1010010000000000"": 1, ""1010010100000000"": 1, ""1010011000000000"": 1, ""1010011100000000"": 3, ""1010100000000000"": 2, ""1010100100000000"": 1, ""1010101000000000"": 2, ""1010101100000000"": 3, ""1010110000000000"": 2, ""1010110100000000"": 2, ""1010111000000000"": 1, ""1010111100000000"": 3, ""1011000000000000"": 5, ""1011000100000000"": 1, ""1011001000000000"": 3, ""1011001100000000"": 1, ""1011010000000000"": 2, ""1011010100000000"": 1, ""1011011000000000"": 3, ""1011011100000000"": 4, ""1011100000000000"": 1, ""1011100100000000"": 1, ""1011101000000000"": 2, ""1011101100000000"": 1, ""1011110000000000"": 2, ""1011111000000000"": 2, ""1011111100000000"": 3, ""1100000000000000"": 4, ""1100000100000000"": 3, ""1100001100000000"": 4, ""1100010000000000"": 2, ""1100010100000000"": 2, ""1100011100000000"": 2, ""1100100000000000"": 3, ""1100100100000000"": 1, ""1100101000000000"": 6, ""1100101100000000"": 2, ""1100110100000000"": 1, ""1100111000000000"": 1, ""1100111100000000"": 1, ""1101000100000000"": 3, ""1101001000000000"": 1, ""1101001100000000"": 3, ""1101010000000000"": 1, ""1101010100000000"": 2, ""1101011000000000"": 2, ""1101011100000000"": 3, ""1101100000000000"": 4, ""1101100100000000"": 1, ""1101101000000000"": 4, ""1101101100000000"": 5, ""1101110000000000"": 1, ""1101110100000000"": 1, ""1101111000000000"": 2, ""1110000000000000"": 1, ""1110000100000000"": 2, ""1110001000000000"": 1, ""1110010000000000"": 3, ""1110010100000000"": 2, ""1110011000000000"": 4, ""1110100000000000"": 1, ""1110100100000000"": 1, ""1110101000000000"": 3, ""1110101100000000"": 1, ""1110110000000000"": 1, ""1110110100000000"": 3, ""1110111000000000"": 3, ""1110111100000000"": 2, ""1111000000000000"": 1, ""1111000100000000"": 1, ""1111001100000000"": 1, ""1111010000000000"": 2, ""1111010100000000"": 1, ""1111011000000000"": 4, ""1111011100000000"": 1, ""1111100000000000"": 2, ""1111100100000000"": 3, ""1111101000000000"": 3, ""1111110000000000"": 2, ""1111110100000000"": 1, ""1111111000000000"": 5, ""1111111100000000"": 2}, ""total_variation_distance"": 0.2578125, ""squared_hellinger_fidelity"": 0.8204590880647917, ""cdf_max_deviation"": 0.041015625, ""dkw_limit"": 0.14461834543863566, ""false_rejection_bound"": 1e-09, ""reference_support"": 256, ""impossible_outcomes"": {}, ""passed"": true}"
Upstream main,core_w_state_16,static: each control-flow region counted once,125,flat circuit,,,1.111318,"[1.190006, 1.134198, 1.111318, 1.099366, 1.100982]",w_state,a087eebbde0db551496c2837e0b83cdf05b542dade9b4aa80365b456c53a2563,29944,numeric,202,202,30,124,0,0,"{""r"": 202, ""cz"": 30, ""measure"": 16}",core,1.331191,"[1.405576, 1.414504, 1.331191, 1.300695, 1.271319]",16,87,exported,3.565907,"[3.642068, 3.571363, 3.54658, 3.544483, 3.565907]",iqm_r_cz,30,"{""kind"": ""core_reference_samples"", ""shots"": 512, ""counts"": {""0000000000000001"": 37, ""0000000000000010"": 29, ""0000000000000100"": 25, ""0000000000001000"": 43, ""0000000000010000"": 32, ""0000000000100000"": 37, ""0000000001000000"": 26, ""0000000010000000"": 29, ""0000000100000000"": 31, ""0000001000000000"": 29, ""0000010000000000"": 33, ""0000100000000000"": 35, ""0001000000000000"": 26, ""0010000000000000"": 35, ""0100000000000000"": 28, ""1000000000000000"": 37}, ""total_variation_distance"": 0.064453125, ""squared_hellinger_fidelity"": 0.9943166623417441, ""cdf_max_deviation"": 0.021484375, ""dkw_limit"": 0.14461834543863566, ""false_rejection_bound"": 1e-09, ""reference_support"": 16, ""impossible_outcomes"": {}, ""passed"": true}"
Upstream main,core_w_state_16,static: each control-flow region counted once,125,flat circuit,,,1.128502,"[1.174119, 1.128502, 1.129126, 1.114166, 1.110038]",w_state,a087eebbde0db551496c2837e0b83cdf05b542dade9b4aa80365b456c53a2563,30065,numeric,233,83,30,124,150,0,"{""x"": 2, ""rz"": 150, ""sx"": 81, ""cx"": 30, ""measure"": 16}",core,1.331191,"[1.405576, 1.414504, 1.331191, 1.300695, 1.271319]",16,94,exported,3.699524,"[3.758676, 3.728324, 3.699524, 3.683636, 3.674804]",ibm_sxz_cx,30,"{""kind"": ""core_reference_samples"", ""shots"": 512, ""counts"": {""0000000000000001"": 37, ""0000000000000010"": 29, ""0000000000000100"": 25, ""0000000000001000"": 43, ""0000000000010000"": 32, ""0000000000100000"": 37, ""0000000001000000"": 26, ""0000000010000000"": 29, ""0000000100000000"": 31, ""0000001000000000"": 29, ""0000010000000000"": 33, ""0000100000000000"": 35, ""0001000000000000"": 26, ""0010000000000000"": 35, ""0100000000000000"": 28, ""1000000000000000"": 37}, ""total_variation_distance"": 0.064453125, ""squared_hellinger_fidelity"": 0.9943166623417441, ""cdf_max_deviation"": 0.021484375, ""dkw_limit"": 0.14461834543863566, ""false_rejection_bound"": 1e-09, ""reference_support"": 16, ""impossible_outcomes"": {}, ""passed"": true}"
Upstream main,core_w_state_16,static: each control-flow region counted once,178,flat circuit,,,1.317239,"[1.364504, 1.328135, 1.317239, 1.311911, 1.313863]",w_state,a087eebbde0db551496c2837e0b83cdf05b542dade9b4aa80365b456c53a2563,34369,numeric,306,117,30,177,189,0,"{""x"": 5, ""rz"": 189, ""sx"": 112, ""cz"": 30, ""measure"": 16}",core,1.331191,"[1.405576, 1.414504, 1.331191, 1.300695, 1.271319]",16,100,exported,3.898965,"[3.926597, 3.908069, 3.898965, 3.866709, 3.867301]",ibm_sxz_cz,30,"{""kind"": ""core_reference_samples"", ""shots"": 512, ""counts"": {""0000000000000001"": 37, ""0000000000000010"": 29, ""0000000000000100"": 25, ""0000000000001000"": 43, ""0000000000010000"": 32, ""0000000000100000"": 37, ""0000000001000000"": 26, ""0000000010000000"": 29, ""0000000100000000"": 31, ""0000001000000000"": 29, ""0000010000000000"": 33, ""0000100000000000"": 35, ""0001000000000000"": 26, ""0010000000000000"": 35, ""0100000000000000"": 28, ""1000000000000000"": 37}, ""total_variation_distance"": 0.064453125, ""squared_hellinger_fidelity"": 0.9943166623417441, ""cdf_max_deviation"": 0.021484375, ""dkw_limit"": 0.14461834543863566, ""false_rejection_bound"": 1e-09, ""reference_support"": 16, ""impossible_outcomes"": {}, ""passed"": true}"
Upstream main,core_w_state_16,static: each control-flow region counted once,111,flat circuit,,,0.957605,"[0.983206, 0.957605, 0.947333, 0.940757, 0.965637]",w_state,a087eebbde0db551496c2837e0b83cdf05b542dade9b4aa80365b456c53a2563,26609,numeric,205,139,30,110,66,0,"{""rx"": 139, ""rz"": 66, ""rzz"": 30, ""measure"": 16}",core,1.331191,"[1.405576, 1.414504, 1.331191, 1.300695, 1.271319]",16,116,exported,3.38485,"[3.436243, 3.38925, 3.38485, 3.375314, 3.376531]",rxrz_rzz_unbounded,30,"{""kind"": ""core_reference_samples"", ""shots"": 512, ""counts"": {""0000000000000001"": 37, ""0000000000000010"": 29, ""0000000000000100"": 25, ""0000000000001000"": 43, ""0000000000010000"": 32, ""0000000000100000"": 37, ""0000000001000000"": 26, ""0000000010000000"": 29, ""0000000100000000"": 31, ""0000001000000000"": 29, ""0000010000000000"": 33, ""0000100000000000"": 35, ""0001000000000000"": 26, ""0010000000000000"": 35, ""0100000000000000"": 28, ""1000000000000000"": 37}, ""total_variation_distance"": 0.064453125, ""squared_hellinger_fidelity"": 0.9943166623417441, ""cdf_max_deviation"": 0.021484375, ""dkw_limit"": 0.14461834543863566, ""false_rejection_bound"": 1e-09, ""reference_support"": 16, ""impossible_outcomes"": {}, ""passed"": true}"
Upstream main,core_w_state_16,,,,"__init__(): incompatible function arguments. The following argument types are supported:
    1. __init__(self, name: str, arity: mqt.core.mlir.CompilerTarget.OperationArity, num_parameters: int, site_tuples: collections.abc.Sequence[mqt.core.mlir.CompilerTarget.SiteTuple] | None = None, duration: int | None = None, fidelity: float | None = None, *, fixed_parameters: collections.abc.Sequence[float | None] = [], canonical_name: str | None = None) -> None
    2. __init__(self, name: str, arity: int, num_parameters: int, site_tuples: collections.abc.Sequence[mqt.core.mlir.CompilerTarget.SiteTuple] | None = None, duration: int | None = None, fidelity: float | None = None, *, fixed_parameters: collections.abc.Sequence[float | None] = [], canonical_name: str | None = None) -> None

Invoked with types: mqt.core.mlir.OperationCapability, kwargs = { name: str, arity: int, num_parameters: int, parameter_bounds: list }",,,,w_state,a087eebbde0db551496c2837e0b83cdf05b542dade9b4aa80365b456c53a2563,,numeric,,,,,,,,core,1.331191,"[1.405576, 1.414504, 1.331191, 1.300695, 1.271319]",16,,target_unsupported,,,ibm_fractional_bounded,,
Upstream main,core_w_state_16,,,,"Target synthesis failed: loc(""/tmp/core-synthesis-evaluation/corpus/core_w_state_16.mlir"":1:1): target compilation requires a single-qubit synthesis basis
loc(""/tmp/core-synthesis-evaluation/corpus/core_w_state_16.mlir"":1:1): failed to synthesize the QCO program for the target",,,,w_state,a087eebbde0db551496c2837e0b83cdf05b542dade9b4aa80365b456c53a2563,,numeric,,,,,,,,core,1.331191,"[1.405576, 1.414504, 1.331191, 1.300695, 1.271319]",16,,synthesis_failed,,,ionq_fixed_r_zz,,
Upstream main,core_w_state_16,static: each control-flow region counted once,171,flat circuit,,,2.017035,"[2.072267, 2.017035, 1.992378, 2.218989, 2.00345]",w_state,a087eebbde0db551496c2837e0b83cdf05b542dade9b4aa80365b456c53a2563,35390,numeric,302,114,30,170,188,0,"{""rxpi"": 8, ""rz"": 188, ""rxpi2"": 106, ""cz"": 30, ""measure"": 16}",core,1.331191,"[1.405576, 1.414504, 1.331191, 1.300695, 1.271319]",16,96,exported,4.019414,"[4.081142, 4.05231, 4.010965, 4.009574, 4.019414]",rigetti_rx_cz,30,"{""kind"": ""core_reference_samples"", ""shots"": 512, ""counts"": {""0000000000000001"": 37, ""0000000000000010"": 29, ""0000000000000100"": 25, ""0000000000001000"": 43, ""0000000000010000"": 32, ""0000000000100000"": 37, ""0000000001000000"": 26, ""0000000010000000"": 29, ""0000000100000000"": 31, ""0000001000000000"": 29, ""0000010000000000"": 33, ""0000100000000000"": 35, ""0001000000000000"": 26, ""0010000000000000"": 35, ""0100000000000000"": 28, ""1000000000000000"": 37}, ""total_variation_distance"": 0.064453125, ""squared_hellinger_fidelity"": 0.9943166623417441, ""cdf_max_deviation"": 0.021484375, ""dkw_limit"": 0.14461834543863566, ""false_rejection_bound"": 1e-09, ""reference_support"": 16, ""impossible_outcomes"": {}, ""passed"": true}"
Upstream main,core_w_state_16,static: each control-flow region counted once,161,flat circuit,,,1.647465,"[1.705993, 1.647465, 1.624697, 1.624409, 1.753177]",w_state,a087eebbde0db551496c2837e0b83cdf05b542dade9b4aa80365b456c53a2563,29796,numeric,269,98,30,160,171,0,"{""rxpi"": 8, ""rz"": 171, ""rxpi2"": 90, ""iswap"": 30, ""measure"": 16}",core,1.331191,"[1.405576, 1.414504, 1.331191, 1.300695, 1.271319]",16,100,exported,3.828405,"[3.900517, 3.828405, 3.838485, 3.798309, 3.800517]",rigetti_rx_iswap,30,"{""kind"": ""core_reference_samples"", ""shots"": 512, ""counts"": {""0000000000000001"": 37, ""0000000000000010"": 29, ""0000000000000100"": 25, ""0000000000001000"": 43, ""0000000000010000"": 32, ""0000000000100000"": 37, ""0000000001000000"": 26, ""0000000010000000"": 29, ""0000000100000000"": 31, ""0000001000000000"": 29, ""0000010000000000"": 33, ""0000100000000000"": 35, ""0001000000000000"": 26, ""0010000000000000"": 35, ""0100000000000000"": 28, ""1000000000000000"": 37}, ""total_variation_distance"": 0.064453125, ""squared_hellinger_fidelity"": 0.9943166623417441, ""cdf_max_deviation"": 0.021484375, ""dkw_limit"": 0.14461834543863566, ""false_rejection_bound"": 1e-09, ""reference_support"": 16, ""impossible_outcomes"": {}, ""passed"": true}"
Upstream main,core_qpe_16,static: each control-flow region counted once,1186,flat circuit,,,8.083612,"[8.067932, 8.083612, 8.122572, 8.064187, 8.109964]",qpe,85386ca7325ee3e8911afbe9b8b3bd27acf3d82921df6977983290039cdbacdd,201119,numeric,1983,1983,215,1185,0,0,"{""r"": 1983, ""cz"": 215, ""measure"": 15}",core,2.639454,"[2.686735, 2.688174, 2.570302, 2.639454, 2.580878]",16,107,exported,13.150935,"[13.244968, 13.151351, 13.134871, 13.150935, 13.045319]",iqm_r_cz,210,"{""kind"": ""core_reference_samples"", ""shots"": 512, ""counts"": {""011000000000000"": 512}, ""total_variation_distance"": 0.0, ""squared_hellinger_fidelity"": 1.0, ""cdf_max_deviation"": 0.0, ""dkw_limit"": 0.14461834543863566, ""false_rejection_bound"": 1e-09, ""reference_support"": 1, ""impossible_outcomes"": {}, ""passed"": true}"
Upstream main,core_qpe_16,static: each control-flow region counted once,1292,flat circuit,,,7.546345,"[7.566825, 7.588281, 7.503513, 7.527081, 7.546345]",qpe,85386ca7325ee3e8911afbe9b8b3bd27acf3d82921df6977983290039cdbacdd,180185,numeric,2013,791,215,1291,1222,0,"{""rz"": 1222, ""sx"": 790, ""x"": 1, ""cx"": 215, ""measure"": 15}",core,2.639454,"[2.686735, 2.688174, 2.570302, 2.639454, 2.580878]",16,106,exported,13.803499,"[13.894827, 13.828539, 13.774874, 13.803499, 13.799403]",ibm_sxz_cx,210,"{""kind"": ""core_reference_samples"", ""shots"": 512, ""counts"": {""011000000000000"": 512}, ""total_variation_distance"": 0.0, ""squared_hellinger_fidelity"": 1.0, ""cdf_max_deviation"": 0.0, ""dkw_limit"": 0.14461834543863566, ""false_rejection_bound"": 1e-09, ""reference_support"": 1, ""impossible_outcomes"": {}, ""passed"": true}"
Upstream main,core_qpe_16,static: each control-flow region counted once,1108,flat circuit,,,6.828949,"[6.865461, 6.828949, 6.792741, 6.845157, 6.807157]",qpe,85386ca7325ee3e8911afbe9b8b3bd27acf3d82921df6977983290039cdbacdd,166262,numeric,1762,671,215,1107,1091,0,"{""rz"": 1091, ""sx"": 456, ""x"": 215, ""cz"": 215, ""measure"": 15}",core,2.639454,"[2.686735, 2.688174, 2.570302, 2.639454, 2.580878]",16,115,exported,13.380616,"[13.488121, 13.408025, 13.346664, 13.372856, 13.380616]",ibm_sxz_cz,210,"{""kind"": ""core_reference_samples"", ""shots"": 512, ""counts"": {""011000000000000"": 512}, ""total_variation_distance"": 0.0, ""squared_hellinger_fidelity"": 1.0, ""cdf_max_deviation"": 0.0, ""dkw_limit"": 0.14461834543863566, ""false_rejection_bound"": 1e-09, ""reference_support"": 1, ""impossible_outcomes"": {}, ""passed"": true}"
Upstream main,core_qpe_16,static: each control-flow region counted once,1021,flat circuit,,,5.593678,"[5.686143, 5.589886, 5.576798, 5.616815, 5.593678]",qpe,85386ca7325ee3e8911afbe9b8b3bd27acf3d82921df6977983290039cdbacdd,141287,numeric,1725,1053,215,1020,672,0,"{""rx"": 1053, ""rz"": 672, ""rzz"": 215, ""measure"": 15}",core,2.639454,"[2.686735, 2.688174, 2.570302, 2.639454, 2.580878]",16,77,exported,10.921516,"[11.036076, 10.921516, 10.928475, 10.877483, 10.858651]",rxrz_rzz_unbounded,210,"{""kind"": ""core_reference_samples"", ""shots"": 512, ""counts"": {""011000000000000"": 512}, ""total_variation_distance"": 0.0, ""squared_hellinger_fidelity"": 1.0, ""cdf_max_deviation"": 0.0, ""dkw_limit"": 0.14461834543863566, ""false_rejection_bound"": 1e-09, ""reference_support"": 1, ""impossible_outcomes"": {}, ""passed"": true}"
Upstream main,core_qpe_16,,,,"__init__(): incompatible function arguments. The following argument types are supported:
    1. __init__(self, name: str, arity: mqt.core.mlir.CompilerTarget.OperationArity, num_parameters: int, site_tuples: collections.abc.Sequence[mqt.core.mlir.CompilerTarget.SiteTuple] | None = None, duration: int | None = None, fidelity: float | None = None, *, fixed_parameters: collections.abc.Sequence[float | None] = [], canonical_name: str | None = None) -> None
    2. __init__(self, name: str, arity: int, num_parameters: int, site_tuples: collections.abc.Sequence[mqt.core.mlir.CompilerTarget.SiteTuple] | None = None, duration: int | None = None, fidelity: float | None = None, *, fixed_parameters: collections.abc.Sequence[float | None] = [], canonical_name: str | None = None) -> None

Invoked with types: mqt.core.mlir.OperationCapability, kwargs = { name: str, arity: int, num_parameters: int, parameter_bounds: list }",,,,qpe,85386ca7325ee3e8911afbe9b8b3bd27acf3d82921df6977983290039cdbacdd,,numeric,,,,,,,,core,2.639454,"[2.686735, 2.688174, 2.570302, 2.639454, 2.580878]",16,,target_unsupported,,,ibm_fractional_bounded,,
Upstream main,core_qpe_16,,,,"Target synthesis failed: loc(""/tmp/core-synthesis-evaluation/corpus/core_qpe_16.mlir"":1:1): target compilation requires a single-qubit synthesis basis
loc(""/tmp/core-synthesis-evaluation/corpus/core_qpe_16.mlir"":1:1): failed to synthesize the QCO program for the target",,,,qpe,85386ca7325ee3e8911afbe9b8b3bd27acf3d82921df6977983290039cdbacdd,,numeric,,,,,,,,core,2.639454,"[2.686735, 2.688174, 2.570302, 2.639454, 2.580878]",16,,synthesis_failed,,,ionq_fixed_r_zz,,
Upstream main,core_qpe_16,static: each control-flow region counted once,1108,flat circuit,,,10.34908,"[10.528121, 10.377272, 10.34908, 10.320232, 10.267895]",qpe,85386ca7325ee3e8911afbe9b8b3bd27acf3d82921df6977983290039cdbacdd,172967,numeric,1762,671,215,1107,1091,0,"{""rz"": 1091, ""rxpi2"": 456, ""rxpi"": 215, ""cz"": 215, ""measure"": 15}",core,2.639454,"[2.686735, 2.688174, 2.570302, 2.639454, 2.580878]",16,115,exported,13.880699,"[13.9675, 13.896875, 13.880699, 13.865115, 13.826571]",rigetti_rx_cz,210,"{""kind"": ""core_reference_samples"", ""shots"": 512, ""counts"": {""011000000000000"": 512}, ""total_variation_distance"": 0.0, ""squared_hellinger_fidelity"": 1.0, ""cdf_max_deviation"": 0.0, ""dkw_limit"": 0.14461834543863566, ""false_rejection_bound"": 1e-09, ""reference_support"": 1, ""impossible_outcomes"": {}, ""passed"": true}"
Upstream main,core_qpe_16,static: each control-flow region counted once,1170,flat circuit,,,8.869472,"[8.869472, 8.758544, 8.780031, 10.021318, 21.272436]",qpe,85386ca7325ee3e8911afbe9b8b3bd27acf3d82921df6977983290039cdbacdd,141099,numeric,1699,676,216,1169,1023,0,"{""rz"": 1023, ""rxpi2"": 459, ""rxpi"": 217, ""iswap"": 216, ""measure"": 15}",core,2.639454,"[2.686735, 2.688174, 2.570302, 2.639454, 2.580878]",16,115,exported,12.560996,"[12.5937, 12.545827, 12.560996, 12.581316, 12.550036]",rigetti_rx_iswap,210,"{""kind"": ""core_reference_samples"", ""shots"": 512, ""counts"": {""011000000000000"": 512}, ""total_variation_distance"": 0.0, ""squared_hellinger_fidelity"": 1.0, ""cdf_max_deviation"": 0.0, ""dkw_limit"": 0.14461834543863566, ""false_rejection_bound"": 1e-09, ""reference_support"": 1, ""impossible_outcomes"": {}, ""passed"": true}"
Upstream main,core_grover_7,static: each control-flow region counted once,2633,flat circuit,,,17.198285,"[17.262749, 17.198285, 17.083869, 17.149805, 17.220989]",grover,dcd8a3d425373ffd674f87a7dadf01a99d2f494fde8dbb152ea75dc8781e9350,410425,numeric,4068,4068,480,2632,0,0,"{""r"": 4068, ""cz"": 480, ""measure"": 7}",core,1.290807,"[1.433207, 1.293559, 1.290791, 1.290807, 1.283383]",7,56,exported,32.05963,"[32.033565, 32.05963, 32.112398, 32.036638, 32.122526]",iqm_r_cz,352,"{""kind"": ""core_reference_samples"", ""shots"": 512, ""counts"": {""0000000"": 5, ""0000001"": 1, ""0000010"": 4, ""0000011"": 6, ""0000100"": 2, ""0000101"": 2, ""0000110"": 3, ""0000111"": 2, ""0001000"": 2, ""0001001"": 5, ""0001010"": 2, ""0001011"": 4, ""0001100"": 1, ""0001101"": 8, ""0001110"": 6, ""0001111"": 4, ""0010000"": 3, ""0010001"": 4, ""0010010"": 4, ""0010011"": 1, ""0010100"": 1, ""0010101"": 6, ""0010110"": 4, ""0010111"": 2, ""0011000"": 2, ""0011001"": 3, ""0011010"": 7, ""0011011"": 4, ""0011100"": 1, ""0011110"": 1, ""0011111"": 1, ""0100000"": 2, ""0100001"": 1, ""0100010"": 3, ""0100011"": 4, ""0100100"": 1, ""0100101"": 4, ""0100110"": 2, ""0100111"": 2, ""0101000"": 2, ""0101001"": 2, ""0101010"": 4, ""0101011"": 4, ""0101100"": 3, ""0101101"": 3, ""0101110"": 6, ""0101111"": 3, ""0110000"": 4, ""0110001"": 3, ""0110010"": 5, ""0110011"": 4, ""0110100"": 2, ""0110101"": 7, ""0110110"": 5, ""0110111"": 4, ""0111000"": 3, ""0111001"": 2, ""0111010"": 2, ""0111011"": 5, ""0111100"": 5, ""0111101"": 5, ""0111110"": 3, ""0111111"": 7, ""1000000"": 3, ""1000001"": 5, ""1000010"": 1, ""1000011"": 1, ""1000100"": 4, ""1000101"": 3, ""1000110"": 4, ""1000111"": 2, ""1001000"": 2, ""1001010"": 1, ""1001011"": 1, ""1001100"": 3, ""1001101"": 3, ""1001110"": 4, ""1001111"": 2, ""1010000"": 1, ""1010001"": 5, ""1010010"": 3, ""1010011"": 5, ""1010100"": 6, ""1010101"": 99, ""1010110"": 6, ""1010111"": 4, ""1011000"": 3, ""1011001"": 3, ""1011010"": 5, ""1011011"": 1, ""1011100"": 4, ""1011101"": 2, ""1011110"": 4, ""1011111"": 1, ""1100000"": 4, ""1100001"": 6, ""1100010"": 1, ""1100011"": 3, ""1100100"": 4, ""1100110"": 3, ""1100111"": 1, ""1101000"": 2, ""1101001"": 7, ""1101010"": 5, ""1101011"": 5, ""1101100"": 6, ""1101101"": 6, ""1101110"": 1, ""1101111"": 2, ""1110000"": 1, ""1110001"": 4, ""1110010"": 2, ""1110011"": 3, ""1110100"": 5, ""1110101"": 6, ""1110110"": 4, ""1110111"": 3, ""1111000"": 2, ""1111001"": 5, ""1111010"": 1, ""1111011"": 3, ""1111100"": 5, ""1111101"": 3, ""1111110"": 3, ""1111111"": 2}, ""total_variation_distance"": 0.1875806450843811, ""squared_hellinger_fidelity"": 0.9245693699874495, ""cdf_max_deviation"": 0.027879074215888977, ""dkw_limit"": 0.14461834543863566, ""false_rejection_bound"": 1e-09, ""reference_support"": 128, ""impossible_outcomes"": {}, ""passed"": true}"
Upstream main,core_grover_7,static: each control-flow region counted once,1084,flat circuit,,,8.651023,"[8.706159, 8.651311, 8.623566, 8.651023, 8.569583]",grover,dcd8a3d425373ffd674f87a7dadf01a99d2f494fde8dbb152ea75dc8781e9350,216173,numeric,1472,430,480,1083,1042,0,"{""rz"": 1042, ""sx"": 419, ""cx"": 480, ""x"": 11, ""measure"": 7}",core,1.290807,"[1.433207, 1.293559, 1.290791, 1.290807, 1.283383]",7,61,exported,22.973837,"[23.043996, 22.904652, 23.152637, 22.930188, 22.973837]",ibm_sxz_cx,352,"{""kind"": ""core_reference_samples"", ""shots"": 512, ""counts"": {""0000000"": 5, ""0000001"": 1, ""0000010"": 4, ""0000011"": 6, ""0000100"": 2, ""0000101"": 2, ""0000110"": 3, ""0000111"": 2, ""0001000"": 2, ""0001001"": 5, ""0001010"": 2, ""0001011"": 4, ""0001100"": 1, ""0001101"": 8, ""0001110"": 6, ""0001111"": 4, ""0010000"": 3, ""0010001"": 4, ""0010010"": 4, ""0010011"": 1, ""0010100"": 1, ""0010101"": 6, ""0010110"": 4, ""0010111"": 2, ""0011000"": 2, ""0011001"": 3, ""0011010"": 7, ""0011011"": 4, ""0011100"": 1, ""0011110"": 1, ""0011111"": 1, ""0100000"": 2, ""0100001"": 1, ""0100010"": 3, ""0100011"": 4, ""0100100"": 1, ""0100101"": 4, ""0100110"": 2, ""0100111"": 2, ""0101000"": 2, ""0101001"": 2, ""0101010"": 4, ""0101011"": 4, ""0101100"": 3, ""0101101"": 3, ""0101110"": 6, ""0101111"": 3, ""0110000"": 4, ""0110001"": 3, ""0110010"": 5, ""0110011"": 4, ""0110100"": 2, ""0110101"": 7, ""0110110"": 5, ""0110111"": 4, ""0111000"": 3, ""0111001"": 2, ""0111010"": 2, ""0111011"": 5, ""0111100"": 5, ""0111101"": 5, ""0111110"": 3, ""0111111"": 7, ""1000000"": 3, ""1000001"": 5, ""1000010"": 1, ""1000011"": 1, ""1000100"": 4, ""1000101"": 3, ""1000110"": 4, ""1000111"": 2, ""1001000"": 2, ""1001010"": 1, ""1001011"": 1, ""1001100"": 3, ""1001101"": 3, ""1001110"": 4, ""1001111"": 2, ""1010000"": 1, ""1010001"": 5, ""1010010"": 3, ""1010011"": 5, ""1010100"": 6, ""1010101"": 99, ""1010110"": 6, ""1010111"": 4, ""1011000"": 3, ""1011001"": 3, ""1011010"": 5, ""1011011"": 1, ""1011100"": 4, ""1011101"": 2, ""1011110"": 4, ""1011111"": 1, ""1100000"": 4, ""1100001"": 6, ""1100010"": 1, ""1100011"": 3, ""1100100"": 4, ""1100110"": 3, ""1100111"": 1, ""1101000"": 2, ""1101001"": 7, ""1101010"": 5, ""1101011"": 5, ""1101100"": 6, ""1101101"": 6, ""1101110"": 1, ""1101111"": 2, ""1110000"": 1, ""1110001"": 4, ""1110010"": 2, ""1110011"": 3, ""1110100"": 5, ""1110101"": 6, ""1110110"": 4, ""1110111"": 3, ""1111000"": 2, ""1111001"": 5, ""1111010"": 1, ""1111011"": 3, ""1111100"": 5, ""1111101"": 3, ""1111110"": 3, ""1111111"": 2}, ""total_variation_distance"": 0.1875806450843811, ""squared_hellinger_fidelity"": 0.9245693699874495, ""cdf_max_deviation"": 0.027879074215888977, ""dkw_limit"": 0.14461834543863566, ""false_rejection_bound"": 1e-09, ""reference_support"": 128, ""impossible_outcomes"": {}, ""passed"": true}"
Upstream main,core_grover_7,static: each control-flow region counted once,1912,flat circuit,,,12.538612,"[12.616484, 12.571796, 12.410852, 12.425827, 12.538612]",grover,dcd8a3d425373ffd674f87a7dadf01a99d2f494fde8dbb152ea75dc8781e9350,297632,numeric,2911,1150,480,1911,1761,0,"{""rz"": 1761, ""sx"": 1051, ""cz"": 480, ""x"": 99, ""measure"": 7}",core,1.290807,"[1.433207, 1.293559, 1.290791, 1.290807, 1.283383]",7,67,exported,28.658187,"[28.694891, 28.696427, 28.594875, 28.608347, 28.658187]",ibm_sxz_cz,352,"{""kind"": ""core_reference_samples"", ""shots"": 512, ""counts"": {""0000000"": 5, ""0000001"": 1, ""0000010"": 4, ""0000011"": 6, ""0000100"": 2, ""0000101"": 2, ""0000110"": 3, ""0000111"": 2, ""0001000"": 2, ""0001001"": 5, ""0001010"": 2, ""0001011"": 4, ""0001100"": 1, ""0001101"": 8, ""0001110"": 6, ""0001111"": 4, ""0010000"": 3, ""0010001"": 4, ""0010010"": 4, ""0010011"": 1, ""0010100"": 1, ""0010101"": 6, ""0010110"": 4, ""0010111"": 2, ""0011000"": 2, ""0011001"": 3, ""0011010"": 7, ""0011011"": 4, ""0011100"": 1, ""0011110"": 1, ""0011111"": 1, ""0100000"": 2, ""0100001"": 1, ""0100010"": 3, ""0100011"": 4, ""0100100"": 1, ""0100101"": 4, ""0100110"": 2, ""0100111"": 2, ""0101000"": 2, ""0101001"": 2, ""0101010"": 4, ""0101011"": 4, ""0101100"": 3, ""0101101"": 3, ""0101110"": 6, ""0101111"": 3, ""0110000"": 4, ""0110001"": 3, ""0110010"": 5, ""0110011"": 4, ""0110100"": 2, ""0110101"": 7, ""0110110"": 5, ""0110111"": 4, ""0111000"": 3, ""0111001"": 2, ""0111010"": 2, ""0111011"": 5, ""0111100"": 5, ""0111101"": 5, ""0111110"": 3, ""0111111"": 7, ""1000000"": 3, ""1000001"": 5, ""1000010"": 1, ""1000011"": 1, ""1000100"": 4, ""1000101"": 3, ""1000110"": 4, ""1000111"": 2, ""1001000"": 2, ""1001010"": 1, ""1001011"": 1, ""1001100"": 3, ""1001101"": 3, ""1001110"": 4, ""1001111"": 2, ""1010000"": 1, ""1010001"": 5, ""1010010"": 3, ""1010011"": 5, ""1010100"": 6, ""1010101"": 99, ""1010110"": 6, ""1010111"": 4, ""1011000"": 3, ""1011001"": 3, ""1011010"": 5, ""1011011"": 1, ""1011100"": 4, ""1011101"": 2, ""1011110"": 4, ""1011111"": 1, ""1100000"": 4, ""1100001"": 6, ""1100010"": 1, ""1100011"": 3, ""1100100"": 4, ""1100110"": 3, ""1100111"": 1, ""1101000"": 2, ""1101001"": 7, ""1101010"": 5, ""1101011"": 5, ""1101100"": 6, ""1101101"": 6, ""1101110"": 1, ""1101111"": 2, ""1110000"": 1, ""1110001"": 4, ""1110010"": 2, ""1110011"": 3, ""1110100"": 5, ""1110101"": 6, ""1110110"": 4, ""1110111"": 3, ""1111000"": 2, ""1111001"": 5, ""1111010"": 1, ""1111011"": 3, ""1111100"": 5, ""1111101"": 3, ""1111110"": 3, ""1111111"": 2}, ""total_variation_distance"": 0.1875806450843811, ""squared_hellinger_fidelity"": 0.9245693699874495, ""cdf_max_deviation"": 0.027879074215888977, ""dkw_limit"": 0.14461834543863566, ""false_rejection_bound"": 1e-09, ""reference_support"": 128, ""impossible_outcomes"": {}, ""passed"": true}"
Upstream main,core_grover_7,static: each control-flow region counted once,2560,flat circuit,,,16.254584,"[16.254584, 16.825291, 16.342152, 16.248488, 16.219256]",grover,dcd8a3d425373ffd674f87a7dadf01a99d2f494fde8dbb152ea75dc8781e9350,388786,numeric,5219,3332,480,2559,1887,0,"{""rx"": 3332, ""rz"": 1887, ""rzz"": 480, ""measure"": 7}",core,1.290807,"[1.433207, 1.293559, 1.290791, 1.290807, 1.283383]",7,57,exported,29.108846,"[29.299342, 29.108846, 29.001405, 29.59632, 29.050973]",rxrz_rzz_unbounded,352,"{""kind"": ""core_reference_samples"", ""shots"": 512, ""counts"": {""0000000"": 5, ""0000001"": 1, ""0000010"": 4, ""0000011"": 6, ""0000100"": 2, ""0000101"": 2, ""0000110"": 3, ""0000111"": 2, ""0001000"": 2, ""0001001"": 5, ""0001010"": 2, ""0001011"": 4, ""0001100"": 1, ""0001101"": 8, ""0001110"": 6, ""0001111"": 4, ""0010000"": 3, ""0010001"": 4, ""0010010"": 4, ""0010011"": 1, ""0010100"": 1, ""0010101"": 6, ""0010110"": 4, ""0010111"": 2, ""0011000"": 2, ""0011001"": 3, ""0011010"": 7, ""0011011"": 4, ""0011100"": 1, ""0011110"": 1, ""0011111"": 1, ""0100000"": 2, ""0100001"": 1, ""0100010"": 3, ""0100011"": 4, ""0100100"": 1, ""0100101"": 4, ""0100110"": 2, ""0100111"": 2, ""0101000"": 2, ""0101001"": 2, ""0101010"": 4, ""0101011"": 4, ""0101100"": 3, ""0101101"": 3, ""0101110"": 6, ""0101111"": 3, ""0110000"": 4, ""0110001"": 3, ""0110010"": 5, ""0110011"": 4, ""0110100"": 2, ""0110101"": 7, ""0110110"": 5, ""0110111"": 4, ""0111000"": 3, ""0111001"": 2, ""0111010"": 2, ""0111011"": 5, ""0111100"": 5, ""0111101"": 5, ""0111110"": 3, ""0111111"": 7, ""1000000"": 3, ""1000001"": 5, ""1000010"": 1, ""1000011"": 1, ""1000100"": 4, ""1000101"": 3, ""1000110"": 4, ""1000111"": 2, ""1001000"": 2, ""1001010"": 1, ""1001011"": 1, ""1001100"": 3, ""1001101"": 3, ""1001110"": 4, ""1001111"": 2, ""1010000"": 1, ""1010001"": 5, ""1010010"": 3, ""1010011"": 5, ""1010100"": 6, ""1010101"": 99, ""1010110"": 6, ""1010111"": 4, ""1011000"": 3, ""1011001"": 3, ""1011010"": 5, ""1011011"": 1, ""1011100"": 4, ""1011101"": 2, ""1011110"": 4, ""1011111"": 1, ""1100000"": 4, ""1100001"": 6, ""1100010"": 1, ""1100011"": 3, ""1100100"": 4, ""1100110"": 3, ""1100111"": 1, ""1101000"": 2, ""1101001"": 7, ""1101010"": 5, ""1101011"": 5, ""1101100"": 6, ""1101101"": 6, ""1101110"": 1, ""1101111"": 2, ""1110000"": 1, ""1110001"": 4, ""1110010"": 2, ""1110011"": 3, ""1110100"": 5, ""1110101"": 6, ""1110110"": 4, ""1110111"": 3, ""1111000"": 2, ""1111001"": 5, ""1111010"": 1, ""1111011"": 3, ""1111100"": 5, ""1111101"": 3, ""1111110"": 3, ""1111111"": 2}, ""total_variation_distance"": 0.1875806450843811, ""squared_hellinger_fidelity"": 0.9245693699874495, ""cdf_max_deviation"": 0.027879074215888977, ""dkw_limit"": 0.14461834543863566, ""false_rejection_bound"": 1e-09, ""reference_support"": 128, ""impossible_outcomes"": {}, ""passed"": true}"
Upstream main,core_grover_7,,,,"__init__(): incompatible function arguments. The following argument types are supported:
    1. __init__(self, name: str, arity: mqt.core.mlir.CompilerTarget.OperationArity, num_parameters: int, site_tuples: collections.abc.Sequence[mqt.core.mlir.CompilerTarget.SiteTuple] | None = None, duration: int | None = None, fidelity: float | None = None, *, fixed_parameters: collections.abc.Sequence[float | None] = [], canonical_name: str | None = None) -> None
    2. __init__(self, name: str, arity: int, num_parameters: int, site_tuples: collections.abc.Sequence[mqt.core.mlir.CompilerTarget.SiteTuple] | None = None, duration: int | None = None, fidelity: float | None = None, *, fixed_parameters: collections.abc.Sequence[float | None] = [], canonical_name: str | None = None) -> None

Invoked with types: mqt.core.mlir.OperationCapability, kwargs = { name: str, arity: int, num_parameters: int, parameter_bounds: list }",,,,grover,dcd8a3d425373ffd674f87a7dadf01a99d2f494fde8dbb152ea75dc8781e9350,,numeric,,,,,,,,core,1.290807,"[1.433207, 1.293559, 1.290791, 1.290807, 1.283383]",7,,target_unsupported,,,ibm_fractional_bounded,,
Upstream main,core_grover_7,,,,"Target synthesis failed: loc(""/tmp/core-synthesis-evaluation/corpus/core_grover_7.mlir"":1:1): target compilation requires a single-qubit synthesis basis
loc(""/tmp/core-synthesis-evaluation/corpus/core_grover_7.mlir"":1:1): failed to synthesize the QCO program for the target",,,,grover,dcd8a3d425373ffd674f87a7dadf01a99d2f494fde8dbb152ea75dc8781e9350,,numeric,,,,,,,,core,1.290807,"[1.433207, 1.293559, 1.290791, 1.290807, 1.283383]",7,,synthesis_failed,,,ionq_fixed_r_zz,,
Upstream main,core_grover_7,static: each control-flow region counted once,1920,flat circuit,,,18.671429,"[18.671429, 18.624021, 18.514516, 19.320696, 18.735158]",grover,dcd8a3d425373ffd674f87a7dadf01a99d2f494fde8dbb152ea75dc8781e9350,309019,numeric,2919,1150,480,1919,1769,0,"{""rz"": 1769, ""rxpi2"": 1051, ""cz"": 480, ""rxpi"": 99, ""measure"": 7}",core,1.290807,"[1.433207, 1.293559, 1.290791, 1.290807, 1.283383]",7,67,exported,29.24467,"[29.266127, 29.24467, 29.149165, 29.338735, 29.230094]",rigetti_rx_cz,352,"{""kind"": ""core_reference_samples"", ""shots"": 512, ""counts"": {""0000000"": 5, ""0000001"": 1, ""0000010"": 4, ""0000011"": 6, ""0000100"": 2, ""0000101"": 2, ""0000110"": 3, ""0000111"": 2, ""0001000"": 2, ""0001001"": 5, ""0001010"": 2, ""0001011"": 4, ""0001100"": 1, ""0001101"": 8, ""0001110"": 6, ""0001111"": 4, ""0010000"": 3, ""0010001"": 4, ""0010010"": 4, ""0010011"": 1, ""0010100"": 1, ""0010101"": 6, ""0010110"": 4, ""0010111"": 2, ""0011000"": 2, ""0011001"": 3, ""0011010"": 7, ""0011011"": 4, ""0011100"": 1, ""0011110"": 1, ""0011111"": 1, ""0100000"": 2, ""0100001"": 1, ""0100010"": 3, ""0100011"": 4, ""0100100"": 1, ""0100101"": 4, ""0100110"": 2, ""0100111"": 2, ""0101000"": 2, ""0101001"": 2, ""0101010"": 4, ""0101011"": 4, ""0101100"": 3, ""0101101"": 3, ""0101110"": 6, ""0101111"": 3, ""0110000"": 4, ""0110001"": 3, ""0110010"": 5, ""0110011"": 4, ""0110100"": 2, ""0110101"": 7, ""0110110"": 5, ""0110111"": 4, ""0111000"": 3, ""0111001"": 2, ""0111010"": 2, ""0111011"": 5, ""0111100"": 5, ""0111101"": 5, ""0111110"": 3, ""0111111"": 7, ""1000000"": 3, ""1000001"": 5, ""1000010"": 1, ""1000011"": 1, ""1000100"": 4, ""1000101"": 3, ""1000110"": 4, ""1000111"": 2, ""1001000"": 2, ""1001010"": 1, ""1001011"": 1, ""1001100"": 3, ""1001101"": 3, ""1001110"": 4, ""1001111"": 2, ""1010000"": 1, ""1010001"": 5, ""1010010"": 3, ""1010011"": 5, ""1010100"": 6, ""1010101"": 99, ""1010110"": 6, ""1010111"": 4, ""1011000"": 3, ""1011001"": 3, ""1011010"": 5, ""1011011"": 1, ""1011100"": 4, ""1011101"": 2, ""1011110"": 4, ""1011111"": 1, ""1100000"": 4, ""1100001"": 6, ""1100010"": 1, ""1100011"": 3, ""1100100"": 4, ""1100110"": 3, ""1100111"": 1, ""1101000"": 2, ""1101001"": 7, ""1101010"": 5, ""1101011"": 5, ""1101100"": 6, ""1101101"": 6, ""1101110"": 1, ""1101111"": 2, ""1110000"": 1, ""1110001"": 4, ""1110010"": 2, ""1110011"": 3, ""1110100"": 5, ""1110101"": 6, ""1110110"": 4, ""1110111"": 3, ""1111000"": 2, ""1111001"": 5, ""1111010"": 1, ""1111011"": 3, ""1111100"": 5, ""1111101"": 3, ""1111110"": 3, ""1111111"": 2}, ""total_variation_distance"": 0.1875806450843811, ""squared_hellinger_fidelity"": 0.9245693699874495, ""cdf_max_deviation"": 0.027879074215888977, ""dkw_limit"": 0.14461834543863566, ""false_rejection_bound"": 1e-09, ""reference_support"": 128, ""impossible_outcomes"": {}, ""passed"": true}"
Upstream main,core_grover_7,static: each control-flow region counted once,1948,flat circuit,,,21.22813,"[21.179875, 22.042951, 21.358612, 21.22813, 21.187411]",grover,dcd8a3d425373ffd674f87a7dadf01a99d2f494fde8dbb152ea75dc8781e9350,340586,numeric,4003,1648,488,1947,2355,0,"{""rz"": 2355, ""rxpi2"": 1330, ""rxpi"": 318, ""iswap"": 488, ""measure"": 7}",core,1.290807,"[1.433207, 1.293559, 1.290791, 1.290807, 1.283383]",7,470,exported,31.687436,"[31.881245, 31.750667, 31.687436, 31.658155, 31.618283]",rigetti_rx_iswap,360,"{""kind"": ""core_reference_samples"", ""shots"": 512, ""counts"": {""0000000"": 5, ""0000001"": 1, ""0000010"": 4, ""0000011"": 6, ""0000100"": 2, ""0000101"": 2, ""0000110"": 3, ""0000111"": 2, ""0001000"": 2, ""0001001"": 5, ""0001010"": 2, ""0001011"": 4, ""0001100"": 1, ""0001101"": 8, ""0001110"": 6, ""0001111"": 4, ""0010000"": 3, ""0010001"": 4, ""0010010"": 4, ""0010011"": 1, ""0010100"": 1, ""0010101"": 6, ""0010110"": 4, ""0010111"": 2, ""0011000"": 2, ""0011001"": 3, ""0011010"": 7, ""0011011"": 4, ""0011100"": 1, ""0011110"": 1, ""0011111"": 1, ""0100000"": 2, ""0100001"": 1, ""0100010"": 3, ""0100011"": 4, ""0100100"": 1, ""0100101"": 4, ""0100110"": 2, ""0100111"": 2, ""0101000"": 2, ""0101001"": 2, ""0101010"": 4, ""0101011"": 4, ""0101100"": 3, ""0101101"": 3, ""0101110"": 6, ""0101111"": 3, ""0110000"": 4, ""0110001"": 3, ""0110010"": 5, ""0110011"": 4, ""0110100"": 2, ""0110101"": 7, ""0110110"": 5, ""0110111"": 4, ""0111000"": 3, ""0111001"": 2, ""0111010"": 2, ""0111011"": 5, ""0111100"": 5, ""0111101"": 5, ""0111110"": 3, ""0111111"": 7, ""1000000"": 3, ""1000001"": 5, ""1000010"": 1, ""1000011"": 1, ""1000100"": 4, ""1000101"": 3, ""1000110"": 4, ""1000111"": 2, ""1001000"": 2, ""1001010"": 1, ""1001011"": 1, ""1001100"": 3, ""1001101"": 3, ""1001110"": 4, ""1001111"": 2, ""1010000"": 1, ""1010001"": 5, ""1010010"": 3, ""1010011"": 5, ""1010100"": 6, ""1010101"": 99, ""1010110"": 6, ""1010111"": 4, ""1011000"": 3, ""1011001"": 3, ""1011010"": 5, ""1011011"": 1, ""1011100"": 4, ""1011101"": 2, ""1011110"": 4, ""1011111"": 1, ""1100000"": 4, ""1100001"": 6, ""1100010"": 1, ""1100011"": 3, ""1100100"": 4, ""1100110"": 3, ""1100111"": 1, ""1101000"": 2, ""1101001"": 7, ""1101010"": 5, ""1101011"": 5, ""1101100"": 6, ""1101101"": 6, ""1101110"": 1, ""1101111"": 2, ""1110000"": 1, ""1110001"": 4, ""1110010"": 2, ""1110011"": 3, ""1110100"": 5, ""1110101"": 6, ""1110110"": 4, ""1110111"": 3, ""1111000"": 2, ""1111001"": 5, ""1111010"": 1, ""1111011"": 3, ""1111100"": 5, ""1111101"": 3, ""1111110"": 3, ""1111111"": 2}, ""total_variation_distance"": 0.1875806450843811, ""squared_hellinger_fidelity"": 0.9245693699874495, ""cdf_max_deviation"": 0.027879074215888977, ""dkw_limit"": 0.14461834543863566, ""false_rejection_bound"": 1e-09, ""reference_support"": 128, ""impossible_outcomes"": {}, ""passed"": true}"
Upstream main,core_multiplexer_7,static: each control-flow region counted once,68,flat circuit,,,0.592083,"[0.633268, 0.605891, 0.592083, 0.578611, 0.577379]",multiplexer,22acbe2045af1e4b55402eb14d05c35b26c2126a1ee2d1514ea887cd0a991b32,15233,numeric,119,119,12,67,0,0,"{""r"": 119, ""cz"": 12, ""measure"": 7}",core,0.894693,"[1.008966, 0.955845, 0.894693, 0.88218, 0.862277]",7,38,exported,1.447128,"[1.506792, 1.465656, 1.447128, 1.431976, 1.436664]",iqm_r_cz,12,"{""kind"": ""core_reference_samples"", ""shots"": 512, ""counts"": {""0000000"": 9, ""0000010"": 12, ""0000100"": 6, ""0000110"": 6, ""0001000"": 9, ""0001010"": 6, ""0001100"": 9, ""0001110"": 9, ""0001111"": 1, ""0010000"": 7, ""0010001"": 1, ""0010010"": 6, ""0010100"": 9, ""0010110"": 6, ""0011000"": 6, ""0011010"": 14, ""0011100"": 5, ""0011110"": 2, ""0011111"": 1, ""0100000"": 4, ""0100010"": 5, ""0100011"": 2, ""0100100"": 6, ""0100110"": 5, ""0101000"": 2, ""0101001"": 2, ""0101010"": 8, ""0101011"": 2, ""0101100"": 6, ""0101101"": 5, ""0101110"": 8, ""0101111"": 3, ""0110000"": 6, ""0110001"": 2, ""0110010"": 5, ""0110011"": 4, ""0110100"": 3, ""0110101"": 8, ""0110110"": 7, ""0110111"": 3, ""0111000"": 4, ""0111001"": 1, ""0111010"": 3, ""0111011"": 4, ""0111100"": 6, ""0111101"": 8, ""0111110"": 7, ""0111111"": 6, ""1000000"": 4, ""1000001"": 6, ""1000010"": 3, ""1000100"": 6, ""1000101"": 2, ""1000110"": 6, ""1000111"": 4, ""1001000"": 3, ""1001001"": 2, ""1001010"": 2, ""1001011"": 3, ""1001100"": 3, ""1001101"": 5, ""1001110"": 2, ""1001111"": 4, ""1010000"": 3, ""1010001"": 7, ""1010010"": 2, ""1010011"": 5, ""1010100"": 3, ""1010101"": 7, ""1010110"": 2, ""1010111"": 4, ""1011000"": 1, ""1011001"": 6, ""1011010"": 3, ""1011011"": 6, ""1011100"": 1, ""1011101"": 7, ""1011111"": 6, ""1100000"": 1, ""1100001"": 14, ""1100010"": 1, ""1100011"": 5, ""1100100"": 3, ""1100101"": 5, ""1100111"": 7, ""1101000"": 1, ""1101001"": 10, ""1101010"": 1, ""1101011"": 10, ""1101100"": 1, ""1101101"": 10, ""1101110"": 1, ""1101111"": 4, ""1110001"": 6, ""1110011"": 7, ""1110101"": 12, ""1110110"": 1, ""1110111"": 9, ""1111001"": 10, ""1111011"": 4, ""1111101"": 5, ""1111111"": 7}, ""total_variation_distance"": 0.17164225508412168, ""squared_hellinger_fidelity"": 0.929560121666696, ""cdf_max_deviation"": 0.035590392445465635, ""dkw_limit"": 0.14461834543863566, ""false_rejection_bound"": 1e-09, ""reference_support"": 127, ""impossible_outcomes"": {}, ""passed"": true}"
Upstream main,core_multiplexer_7,static: each control-flow region counted once,88,flat circuit,,,0.589156,"[0.624595, 0.599683, 0.589156, 0.573747, 0.577443]",multiplexer,22acbe2045af1e4b55402eb14d05c35b26c2126a1ee2d1514ea887cd0a991b32,14861,numeric,137,54,12,87,83,0,"{""rz"": 83, ""sx"": 48, ""x"": 6, ""cx"": 12, ""measure"": 7}",core,0.894693,"[1.008966, 0.955845, 0.894693, 0.88218, 0.862277]",7,35,exported,1.513272,"[1.544169, 1.513272, 1.486488, 1.516152, 1.474616]",ibm_sxz_cx,12,"{""kind"": ""core_reference_samples"", ""shots"": 512, ""counts"": {""0000000"": 9, ""0000010"": 12, ""0000100"": 6, ""0000110"": 6, ""0001000"": 9, ""0001010"": 6, ""0001100"": 9, ""0001110"": 9, ""0001111"": 1, ""0010000"": 7, ""0010001"": 1, ""0010010"": 6, ""0010100"": 9, ""0010110"": 6, ""0011000"": 6, ""0011010"": 14, ""0011100"": 5, ""0011110"": 2, ""0011111"": 1, ""0100000"": 4, ""0100010"": 5, ""0100011"": 2, ""0100100"": 6, ""0100110"": 5, ""0101000"": 2, ""0101001"": 2, ""0101010"": 8, ""0101011"": 2, ""0101100"": 6, ""0101101"": 5, ""0101110"": 8, ""0101111"": 3, ""0110000"": 6, ""0110001"": 2, ""0110010"": 5, ""0110011"": 4, ""0110100"": 3, ""0110101"": 8, ""0110110"": 7, ""0110111"": 3, ""0111000"": 4, ""0111001"": 1, ""0111010"": 3, ""0111011"": 4, ""0111100"": 6, ""0111101"": 8, ""0111110"": 7, ""0111111"": 6, ""1000000"": 4, ""1000001"": 6, ""1000010"": 3, ""1000100"": 6, ""1000101"": 2, ""1000110"": 6, ""1000111"": 4, ""1001000"": 3, ""1001001"": 2, ""1001010"": 2, ""1001011"": 3, ""1001100"": 3, ""1001101"": 5, ""1001110"": 2, ""1001111"": 4, ""1010000"": 3, ""1010001"": 7, ""1010010"": 2, ""1010011"": 5, ""1010100"": 3, ""1010101"": 7, ""1010110"": 2, ""1010111"": 4, ""1011000"": 1, ""1011001"": 6, ""1011010"": 3, ""1011011"": 6, ""1011100"": 1, ""1011101"": 7, ""1011111"": 6, ""1100000"": 1, ""1100001"": 14, ""1100010"": 1, ""1100011"": 5, ""1100100"": 3, ""1100101"": 5, ""1100111"": 7, ""1101000"": 1, ""1101001"": 10, ""1101010"": 1, ""1101011"": 10, ""1101100"": 1, ""1101101"": 10, ""1101110"": 1, ""1101111"": 4, ""1110001"": 6, ""1110011"": 7, ""1110101"": 12, ""1110110"": 1, ""1110111"": 9, ""1111001"": 10, ""1111011"": 4, ""1111101"": 5, ""1111111"": 7}, ""total_variation_distance"": 0.17164225508412168, ""squared_hellinger_fidelity"": 0.929560121666696, ""cdf_max_deviation"": 0.035590392445465635, ""dkw_limit"": 0.14461834543863566, ""false_rejection_bound"": 1e-09, ""reference_support"": 127, ""impossible_outcomes"": {}, ""passed"": true}"
Upstream main,core_multiplexer_7,static: each control-flow region counted once,72,flat circuit,,,0.537875,"[0.569491, 0.540451, 0.537875, 0.527475, 0.528131]",multiplexer,22acbe2045af1e4b55402eb14d05c35b26c2126a1ee2d1514ea887cd0a991b32,13583,numeric,119,48,12,71,71,0,"{""rz"": 71, ""sx"": 42, ""cz"": 12, ""x"": 6, ""measure"": 7}",core,0.894693,"[1.008966, 0.955845, 0.894693, 0.88218, 0.862277]",7,30,exported,1.43412,"[1.493977, 1.450392, 1.43412, 1.427255, 1.411847]",ibm_sxz_cz,12,"{""kind"": ""core_reference_samples"", ""shots"": 512, ""counts"": {""0000000"": 9, ""0000010"": 12, ""0000100"": 6, ""0000110"": 6, ""0001000"": 9, ""0001010"": 6, ""0001100"": 9, ""0001110"": 9, ""0001111"": 1, ""0010000"": 7, ""0010001"": 1, ""0010010"": 6, ""0010100"": 9, ""0010110"": 6, ""0011000"": 6, ""0011010"": 14, ""0011100"": 5, ""0011110"": 2, ""0011111"": 1, ""0100000"": 4, ""0100010"": 5, ""0100011"": 2, ""0100100"": 6, ""0100110"": 5, ""0101000"": 2, ""0101001"": 2, ""0101010"": 8, ""0101011"": 2, ""0101100"": 6, ""0101101"": 5, ""0101110"": 8, ""0101111"": 3, ""0110000"": 6, ""0110001"": 2, ""0110010"": 5, ""0110011"": 4, ""0110100"": 3, ""0110101"": 8, ""0110110"": 7, ""0110111"": 3, ""0111000"": 4, ""0111001"": 1, ""0111010"": 3, ""0111011"": 4, ""0111100"": 6, ""0111101"": 8, ""0111110"": 7, ""0111111"": 6, ""1000000"": 4, ""1000001"": 6, ""1000010"": 3, ""1000100"": 6, ""1000101"": 2, ""1000110"": 6, ""1000111"": 4, ""1001000"": 3, ""1001001"": 2, ""1001010"": 2, ""1001011"": 3, ""1001100"": 3, ""1001101"": 5, ""1001110"": 2, ""1001111"": 4, ""1010000"": 3, ""1010001"": 7, ""1010010"": 2, ""1010011"": 5, ""1010100"": 3, ""1010101"": 7, ""1010110"": 2, ""1010111"": 4, ""1011000"": 1, ""1011001"": 6, ""1011010"": 3, ""1011011"": 6, ""1011100"": 1, ""1011101"": 7, ""1011111"": 6, ""1100000"": 1, ""1100001"": 14, ""1100010"": 1, ""1100011"": 5, ""1100100"": 3, ""1100101"": 5, ""1100111"": 7, ""1101000"": 1, ""1101001"": 10, ""1101010"": 1, ""1101011"": 10, ""1101100"": 1, ""1101101"": 10, ""1101110"": 1, ""1101111"": 4, ""1110001"": 6, ""1110011"": 7, ""1110101"": 12, ""1110110"": 1, ""1110111"": 9, ""1111001"": 10, ""1111011"": 4, ""1111101"": 5, ""1111111"": 7}, ""total_variation_distance"": 0.17164225508412168, ""squared_hellinger_fidelity"": 0.929560121666696, ""cdf_max_deviation"": 0.035590392445465635, ""dkw_limit"": 0.14461834543863566, ""false_rejection_bound"": 1e-09, ""reference_support"": 127, ""impossible_outcomes"": {}, ""passed"": true}"
Upstream main,core_multiplexer_7,static: each control-flow region counted once,64,flat circuit,,,0.470402,"[0.505651, 0.483795, 0.470402, 0.469539, 0.463826]",multiplexer,22acbe2045af1e4b55402eb14d05c35b26c2126a1ee2d1514ea887cd0a991b32,12433,numeric,115,73,12,63,42,0,"{""rx"": 73, ""rz"": 42, ""rzz"": 12, ""measure"": 7}",core,0.894693,"[1.008966, 0.955845, 0.894693, 0.88218, 0.862277]",7,34,exported,1.288839,"[1.338056, 1.308055, 1.288839, 1.288791, 1.277223]",rxrz_rzz_unbounded,12,"{""kind"": ""core_reference_samples"", ""shots"": 512, ""counts"": {""0000000"": 9, ""0000010"": 12, ""0000100"": 6, ""0000110"": 6, ""0001000"": 9, ""0001010"": 6, ""0001100"": 9, ""0001110"": 9, ""0001111"": 1, ""0010000"": 7, ""0010001"": 1, ""0010010"": 6, ""0010100"": 9, ""0010110"": 6, ""0011000"": 6, ""0011010"": 14, ""0011100"": 5, ""0011110"": 2, ""0011111"": 1, ""0100000"": 4, ""0100010"": 5, ""0100011"": 2, ""0100100"": 6, ""0100110"": 5, ""0101000"": 2, ""0101001"": 2, ""0101010"": 8, ""0101011"": 2, ""0101100"": 6, ""0101101"": 5, ""0101110"": 8, ""0101111"": 3, ""0110000"": 6, ""0110001"": 2, ""0110010"": 5, ""0110011"": 4, ""0110100"": 3, ""0110101"": 8, ""0110110"": 7, ""0110111"": 3, ""0111000"": 4, ""0111001"": 1, ""0111010"": 3, ""0111011"": 4, ""0111100"": 6, ""0111101"": 8, ""0111110"": 7, ""0111111"": 6, ""1000000"": 4, ""1000001"": 6, ""1000010"": 3, ""1000100"": 6, ""1000101"": 2, ""1000110"": 6, ""1000111"": 4, ""1001000"": 3, ""1001001"": 2, ""1001010"": 2, ""1001011"": 3, ""1001100"": 3, ""1001101"": 5, ""1001110"": 2, ""1001111"": 4, ""1010000"": 3, ""1010001"": 7, ""1010010"": 2, ""1010011"": 5, ""1010100"": 3, ""1010101"": 7, ""1010110"": 2, ""1010111"": 4, ""1011000"": 1, ""1011001"": 6, ""1011010"": 3, ""1011011"": 6, ""1011100"": 1, ""1011101"": 7, ""1011111"": 6, ""1100000"": 1, ""1100001"": 14, ""1100010"": 1, ""1100011"": 5, ""1100100"": 3, ""1100101"": 5, ""1100111"": 7, ""1101000"": 1, ""1101001"": 10, ""1101010"": 1, ""1101011"": 10, ""1101100"": 1, ""1101101"": 10, ""1101110"": 1, ""1101111"": 4, ""1110001"": 6, ""1110011"": 7, ""1110101"": 12, ""1110110"": 1, ""1110111"": 9, ""1111001"": 10, ""1111011"": 4, ""1111101"": 5, ""1111111"": 7}, ""total_variation_distance"": 0.17164225508412168, ""squared_hellinger_fidelity"": 0.929560121666696, ""cdf_max_deviation"": 0.035590392445465635, ""dkw_limit"": 0.14461834543863566, ""false_rejection_bound"": 1e-09, ""reference_support"": 127, ""impossible_outcomes"": {}, ""passed"": true}"
Upstream main,core_multiplexer_7,,,,"__init__(): incompatible function arguments. The following argument types are supported:
    1. __init__(self, name: str, arity: mqt.core.mlir.CompilerTarget.OperationArity, num_parameters: int, site_tuples: collections.abc.Sequence[mqt.core.mlir.CompilerTarget.SiteTuple] | None = None, duration: int | None = None, fidelity: float | None = None, *, fixed_parameters: collections.abc.Sequence[float | None] = [], canonical_name: str | None = None) -> None
    2. __init__(self, name: str, arity: int, num_parameters: int, site_tuples: collections.abc.Sequence[mqt.core.mlir.CompilerTarget.SiteTuple] | None = None, duration: int | None = None, fidelity: float | None = None, *, fixed_parameters: collections.abc.Sequence[float | None] = [], canonical_name: str | None = None) -> None

Invoked with types: mqt.core.mlir.OperationCapability, kwargs = { name: str, arity: int, num_parameters: int, parameter_bounds: list }",,,,multiplexer,22acbe2045af1e4b55402eb14d05c35b26c2126a1ee2d1514ea887cd0a991b32,,numeric,,,,,,,,core,0.894693,"[1.008966, 0.955845, 0.894693, 0.88218, 0.862277]",7,,target_unsupported,,,ibm_fractional_bounded,,
Upstream main,core_multiplexer_7,,,,"Target synthesis failed: loc(""/tmp/core-synthesis-evaluation/corpus/core_multiplexer_7.mlir"":1:1): target compilation requires a single-qubit synthesis basis
loc(""/tmp/core-synthesis-evaluation/corpus/core_multiplexer_7.mlir"":1:1): failed to synthesize the QCO program for the target",,,,multiplexer,22acbe2045af1e4b55402eb14d05c35b26c2126a1ee2d1514ea887cd0a991b32,,numeric,,,,,,,,core,0.894693,"[1.008966, 0.955845, 0.894693, 0.88218, 0.862277]",7,,synthesis_failed,,,ionq_fixed_r_zz,,
Upstream main,core_multiplexer_7,static: each control-flow region counted once,72,flat circuit,,,0.882085,"[0.930101, 0.898421, 0.882085, 0.861477, 0.858868]",multiplexer,22acbe2045af1e4b55402eb14d05c35b26c2126a1ee2d1514ea887cd0a991b32,14482,numeric,119,48,12,71,71,0,"{""rz"": 71, ""rxpi2"": 42, ""cz"": 12, ""rxpi"": 6, ""measure"": 7}",core,0.894693,"[1.008966, 0.955845, 0.894693, 0.88218, 0.862277]",7,30,exported,1.480488,"[1.514233, 1.49108, 1.480488, 1.46756, 1.45676]",rigetti_rx_cz,12,"{""kind"": ""core_reference_samples"", ""shots"": 512, ""counts"": {""0000000"": 9, ""0000010"": 12, ""0000100"": 6, ""0000110"": 6, ""0001000"": 9, ""0001010"": 6, ""0001100"": 9, ""0001110"": 9, ""0001111"": 1, ""0010000"": 7, ""0010001"": 1, ""0010010"": 6, ""0010100"": 9, ""0010110"": 6, ""0011000"": 6, ""0011010"": 14, ""0011100"": 5, ""0011110"": 2, ""0011111"": 1, ""0100000"": 4, ""0100010"": 5, ""0100011"": 2, ""0100100"": 6, ""0100110"": 5, ""0101000"": 2, ""0101001"": 2, ""0101010"": 8, ""0101011"": 2, ""0101100"": 6, ""0101101"": 5, ""0101110"": 8, ""0101111"": 3, ""0110000"": 6, ""0110001"": 2, ""0110010"": 5, ""0110011"": 4, ""0110100"": 3, ""0110101"": 8, ""0110110"": 7, ""0110111"": 3, ""0111000"": 4, ""0111001"": 1, ""0111010"": 3, ""0111011"": 4, ""0111100"": 6, ""0111101"": 8, ""0111110"": 7, ""0111111"": 6, ""1000000"": 4, ""1000001"": 6, ""1000010"": 3, ""1000100"": 6, ""1000101"": 2, ""1000110"": 6, ""1000111"": 4, ""1001000"": 3, ""1001001"": 2, ""1001010"": 2, ""1001011"": 3, ""1001100"": 3, ""1001101"": 5, ""1001110"": 2, ""1001111"": 4, ""1010000"": 3, ""1010001"": 7, ""1010010"": 2, ""1010011"": 5, ""1010100"": 3, ""1010101"": 7, ""1010110"": 2, ""1010111"": 4, ""1011000"": 1, ""1011001"": 6, ""1011010"": 3, ""1011011"": 6, ""1011100"": 1, ""1011101"": 7, ""1011111"": 6, ""1100000"": 1, ""1100001"": 14, ""1100010"": 1, ""1100011"": 5, ""1100100"": 3, ""1100101"": 5, ""1100111"": 7, ""1101000"": 1, ""1101001"": 10, ""1101010"": 1, ""1101011"": 10, ""1101100"": 1, ""1101101"": 10, ""1101110"": 1, ""1101111"": 4, ""1110001"": 6, ""1110011"": 7, ""1110101"": 12, ""1110110"": 1, ""1110111"": 9, ""1111001"": 10, ""1111011"": 4, ""1111101"": 5, ""1111111"": 7}, ""total_variation_distance"": 0.17164225508412168, ""squared_hellinger_fidelity"": 0.929560121666696, ""cdf_max_deviation"": 0.035590392445465635, ""dkw_limit"": 0.14461834543863566, ""false_rejection_bound"": 1e-09, ""reference_support"": 127, ""impossible_outcomes"": {}, ""passed"": true}"
Upstream main,core_multiplexer_7,static: each control-flow region counted once,82,flat circuit,,,0.859701,"[0.859701, 0.833412, 0.807028, 1.942603, 0.870773]",multiplexer,22acbe2045af1e4b55402eb14d05c35b26c2126a1ee2d1514ea887cd0a991b32,13616,numeric,121,48,12,81,73,0,"{""rz"": 73, ""rxpi2"": 30, ""rxpi"": 18, ""iswap"": 12, ""measure"": 7}",core,0.894693,"[1.008966, 0.955845, 0.894693, 0.88218, 0.862277]",7,41,exported,1.474536,"[1.506872, 1.474536, 1.446328, 1.474808, 1.443928]",rigetti_rx_iswap,12,"{""kind"": ""core_reference_samples"", ""shots"": 512, ""counts"": {""0000000"": 9, ""0000010"": 12, ""0000100"": 6, ""0000110"": 6, ""0001000"": 9, ""0001010"": 6, ""0001100"": 9, ""0001110"": 9, ""0001111"": 1, ""0010000"": 7, ""0010001"": 1, ""0010010"": 6, ""0010100"": 9, ""0010110"": 6, ""0011000"": 6, ""0011010"": 14, ""0011100"": 5, ""0011110"": 2, ""0011111"": 1, ""0100000"": 4, ""0100010"": 5, ""0100011"": 2, ""0100100"": 6, ""0100110"": 5, ""0101000"": 2, ""0101001"": 2, ""0101010"": 8, ""0101011"": 2, ""0101100"": 6, ""0101101"": 5, ""0101110"": 8, ""0101111"": 3, ""0110000"": 6, ""0110001"": 2, ""0110010"": 5, ""0110011"": 4, ""0110100"": 3, ""0110101"": 8, ""0110110"": 7, ""0110111"": 3, ""0111000"": 4, ""0111001"": 1, ""0111010"": 3, ""0111011"": 4, ""0111100"": 6, ""0111101"": 8, ""0111110"": 7, ""0111111"": 6, ""1000000"": 4, ""1000001"": 6, ""1000010"": 3, ""1000100"": 6, ""1000101"": 2, ""1000110"": 6, ""1000111"": 4, ""1001000"": 3, ""1001001"": 2, ""1001010"": 2, ""1001011"": 3, ""1001100"": 3, ""1001101"": 5, ""1001110"": 2, ""1001111"": 4, ""1010000"": 3, ""1010001"": 7, ""1010010"": 2, ""1010011"": 5, ""1010100"": 3, ""1010101"": 7, ""1010110"": 2, ""1010111"": 4, ""1011000"": 1, ""1011001"": 6, ""1011010"": 3, ""1011011"": 6, ""1011100"": 1, ""1011101"": 7, ""1011111"": 6, ""1100000"": 1, ""1100001"": 14, ""1100010"": 1, ""1100011"": 5, ""1100100"": 3, ""1100101"": 5, ""1100111"": 7, ""1101000"": 1, ""1101001"": 10, ""1101010"": 1, ""1101011"": 10, ""1101100"": 1, ""1101101"": 10, ""1101110"": 1, ""1101111"": 4, ""1110001"": 6, ""1110011"": 7, ""1110101"": 12, ""1110110"": 1, ""1110111"": 9, ""1111001"": 10, ""1111011"": 4, ""1111101"": 5, ""1111111"": 7}, ""total_variation_distance"": 0.17164225508412168, ""squared_hellinger_fidelity"": 0.929560121666696, ""cdf_max_deviation"": 0.035590392445465635, ""dkw_limit"": 0.14461834543863566, ""false_rejection_bound"": 1e-09, ""reference_support"": 127, ""impossible_outcomes"": {}, ""passed"": true}"
Upstream main,core_qft_adder_16,static: each control-flow region counted once,549,flat circuit,,,6.283746,"[6.375459, 6.283746, 6.259506, 6.339186, 6.246018]",qft_adder,0e786ccffb52aeb2c2704dcf1fa8c643dc09ad16a682d1373b134a61d79e22b3,159357,numeric,1552,1552,176,548,0,0,"{""r"": 1552, ""cz"": 176, ""measure"": 16}",core,2.27446,"[2.315468, 2.315661, 2.21534, 2.27446, 2.261132]",16,74,exported,10.667657,"[10.71329, 10.651785, 10.667657, 10.677626, 10.641786]",iqm_r_cz,98,"{""kind"": ""core_reference_samples"", ""shots"": 512, ""counts"": {""1010101011111111"": 512}, ""total_variation_distance"": 0.0, ""squared_hellinger_fidelity"": 1.0, ""cdf_max_deviation"": 0.0, ""dkw_limit"": 0.14461834543863566, ""false_rejection_bound"": 1e-09, ""reference_support"": 1, ""impossible_outcomes"": {}, ""passed"": true}"
Upstream main,core_qft_adder_16,static: each control-flow region counted once,599,flat circuit,,,5.778159,"[5.816752, 5.755327, 5.722287, 5.786095, 5.778159]",qft_adder,0e786ccffb52aeb2c2704dcf1fa8c643dc09ad16a682d1373b134a61d79e22b3,142251,numeric,1544,632,176,598,912,0,"{""x"": 8, ""rz"": 912, ""sx"": 624, ""cx"": 176, ""measure"": 16}",core,2.27446,"[2.315468, 2.315661, 2.21534, 2.27446, 2.261132]",16,96,exported,11.120525,"[11.256733, 11.120525, 11.166221, 11.070172, 11.037164]",ibm_sxz_cx,98,"{""kind"": ""core_reference_samples"", ""shots"": 512, ""counts"": {""1010101011111111"": 512}, ""total_variation_distance"": 0.0, ""squared_hellinger_fidelity"": 1.0, ""cdf_max_deviation"": 0.0, ""dkw_limit"": 0.14461834543863566, ""false_rejection_bound"": 1e-09, ""reference_support"": 1, ""impossible_outcomes"": {}, ""passed"": true}"
Upstream main,core_qft_adder_16,static: each control-flow region counted once,523,flat circuit,,,5.309165,"[5.309165, 5.431565, 5.289069, 5.312588, 5.274893]",qft_adder,0e786ccffb52aeb2c2704dcf1fa8c643dc09ad16a682d1373b134a61d79e22b3,130107,numeric,1333,528,176,522,805,0,"{""x"": 176, ""rz"": 805, ""sx"": 352, ""cz"": 176, ""measure"": 16}",core,2.27446,"[2.315468, 2.315661, 2.21534, 2.27446, 2.261132]",16,95,exported,10.731594,"[10.764859, 10.966795, 10.731594, 10.655162, 10.707546]",ibm_sxz_cz,98,"{""kind"": ""core_reference_samples"", ""shots"": 512, ""counts"": {""1010101011111111"": 512}, ""total_variation_distance"": 0.0, ""squared_hellinger_fidelity"": 1.0, ""cdf_max_deviation"": 0.0, ""dkw_limit"": 0.14461834543863566, ""false_rejection_bound"": 1e-09, ""reference_support"": 1, ""impossible_outcomes"": {}, ""passed"": true}"
Upstream main,core_qft_adder_16,static: each control-flow region counted once,481,flat circuit,,,4.561576,"[4.600681, 4.561576, 4.573961, 4.522825, 4.551624]",qft_adder,0e786ccffb52aeb2c2704dcf1fa8c643dc09ad16a682d1373b134a61d79e22b3,114349,numeric,1382,846,176,480,536,0,"{""rx"": 846, ""rz"": 536, ""rzz"": 176, ""measure"": 16}",core,2.27446,"[2.315468, 2.315661, 2.21534, 2.27446, 2.261132]",16,65,exported,9.101762,"[9.138497, 9.101762, 9.085969, 9.110562, 9.044705]",rxrz_rzz_unbounded,98,"{""kind"": ""core_reference_samples"", ""shots"": 512, ""counts"": {""1010101011111111"": 512}, ""total_variation_distance"": 0.0, ""squared_hellinger_fidelity"": 1.0, ""cdf_max_deviation"": 0.0, ""dkw_limit"": 0.14461834543863566, ""false_rejection_bound"": 1e-09, ""reference_support"": 1, ""impossible_outcomes"": {}, ""passed"": true}"
Upstream main,core_qft_adder_16,,,,"__init__(): incompatible function arguments. The following argument types are supported:
    1. __init__(self, name: str, arity: mqt.core.mlir.CompilerTarget.OperationArity, num_parameters: int, site_tuples: collections.abc.Sequence[mqt.core.mlir.CompilerTarget.SiteTuple] | None = None, duration: int | None = None, fidelity: float | None = None, *, fixed_parameters: collections.abc.Sequence[float | None] = [], canonical_name: str | None = None) -> None
    2. __init__(self, name: str, arity: int, num_parameters: int, site_tuples: collections.abc.Sequence[mqt.core.mlir.CompilerTarget.SiteTuple] | None = None, duration: int | None = None, fidelity: float | None = None, *, fixed_parameters: collections.abc.Sequence[float | None] = [], canonical_name: str | None = None) -> None

Invoked with types: mqt.core.mlir.OperationCapability, kwargs = { name: str, arity: int, num_parameters: int, parameter_bounds: list }",,,,qft_adder,0e786ccffb52aeb2c2704dcf1fa8c643dc09ad16a682d1373b134a61d79e22b3,,numeric,,,,,,,,core,2.27446,"[2.315468, 2.315661, 2.21534, 2.27446, 2.261132]",16,,target_unsupported,,,ibm_fractional_bounded,,
Upstream main,core_qft_adder_16,,,,"Target synthesis failed: loc(""/tmp/core-synthesis-evaluation/corpus/core_qft_adder_16.mlir"":1:1): target compilation requires a single-qubit synthesis basis
loc(""/tmp/core-synthesis-evaluation/corpus/core_qft_adder_16.mlir"":1:1): failed to synthesize the QCO program for the target",,,,qft_adder,0e786ccffb52aeb2c2704dcf1fa8c643dc09ad16a682d1373b134a61d79e22b3,,numeric,,,,,,,,core,2.27446,"[2.315468, 2.315661, 2.21534, 2.27446, 2.261132]",16,,synthesis_failed,,,ionq_fixed_r_zz,,
Upstream main,core_qft_adder_16,static: each control-flow region counted once,523,flat circuit,,,8.10334,"[8.208061, 8.112508, 8.100012, 8.059819, 8.10334]",qft_adder,0e786ccffb52aeb2c2704dcf1fa8c643dc09ad16a682d1373b134a61d79e22b3,135484,numeric,1333,528,176,522,805,0,"{""rxpi"": 176, ""rz"": 805, ""rxpi2"": 352, ""cz"": 176, ""measure"": 16}",core,2.27446,"[2.315468, 2.315661, 2.21534, 2.27446, 2.261132]",16,95,exported,11.13126,"[11.20598, 11.13126, 11.142941, 11.11622, 11.111565]",rigetti_rx_cz,98,"{""kind"": ""core_reference_samples"", ""shots"": 512, ""counts"": {""1010101011111111"": 512}, ""total_variation_distance"": 0.0, ""squared_hellinger_fidelity"": 1.0, ""cdf_max_deviation"": 0.0, ""dkw_limit"": 0.14461834543863566, ""false_rejection_bound"": 1e-09, ""reference_support"": 1, ""impossible_outcomes"": {}, ""passed"": true}"
Upstream main,core_qft_adder_16,static: each control-flow region counted once,533,flat circuit,,,7.356088,"[7.431224, 7.356088, 7.279047, 7.274439, 8.513535]",qft_adder,0e786ccffb52aeb2c2704dcf1fa8c643dc09ad16a682d1373b134a61d79e22b3,116971,numeric,1394,568,184,532,826,0,"{""rxpi"": 192, ""rz"": 826, ""rxpi2"": 376, ""iswap"": 184, ""measure"": 16}",core,2.27446,"[2.315468, 2.315661, 2.21534, 2.27446, 2.261132]",16,91,exported,10.477448,"[10.572777, 10.526489, 10.470872, 10.477448, 10.456008]",rigetti_rx_iswap,100,"{""kind"": ""core_reference_samples"", ""shots"": 512, ""counts"": {""1010101011111111"": 512}, ""total_variation_distance"": 0.0, ""squared_hellinger_fidelity"": 1.0, ""cdf_max_deviation"": 0.0, ""dkw_limit"": 0.14461834543863566, ""false_rejection_bound"": 1e-09, ""reference_support"": 1, ""impossible_outcomes"": {}, ""passed"": true}"
Upstream main,core_bv_16,static: each control-flow region counted once,13,flat circuit,,,0.350562,"[0.39061, 0.368354, 0.350562, 0.344962, 0.34573]",bv,1bbb96fad32b3787560d7d5238def1664fc12ffcf0d7e7b44f0681102c9cb850,9100,numeric,33,33,8,12,0,0,"{""r"": 33, ""cz"": 8, ""measure"": 15}",core,1.270343,"[1.33692, 1.310775, 1.250502, 1.270343, 1.212743]",16,20,exported,2.235228,"[2.290764, 2.266477, 2.235228, 2.231244, 2.222684]",iqm_r_cz,8,"{""kind"": ""core_reference_samples"", ""shots"": 512, ""counts"": {""101010101010101"": 512}, ""total_variation_distance"": 0.0, ""squared_hellinger_fidelity"": 1.0, ""cdf_max_deviation"": 0.0, ""dkw_limit"": 0.14461834543863566, ""false_rejection_bound"": 1e-09, ""reference_support"": 1, ""impossible_outcomes"": {}, ""passed"": true}"
Upstream main,core_bv_16,static: each control-flow region counted once,51,flat circuit,,,0.476531,"[0.516691, 0.489538, 0.476531, 0.465442, 0.470755]",bv,1bbb96fad32b3787560d7d5238def1664fc12ffcf0d7e7b44f0681102c9cb850,12005,numeric,90,33,8,50,57,0,"{""x"": 1, ""rz"": 57, ""sx"": 32, ""cx"": 8, ""measure"": 15}",core,1.270343,"[1.33692, 1.310775, 1.250502, 1.270343, 1.212743]",16,20,exported,2.329693,"[2.393661, 2.345949, 2.325741, 2.329693, 2.311757]",ibm_sxz_cx,8,"{""kind"": ""core_reference_samples"", ""shots"": 512, ""counts"": {""101010101010101"": 512}, ""total_variation_distance"": 0.0, ""squared_hellinger_fidelity"": 1.0, ""cdf_max_deviation"": 0.0, ""dkw_limit"": 0.14461834543863566, ""false_rejection_bound"": 1e-09, ""reference_support"": 1, ""impossible_outcomes"": {}, ""passed"": true}"
Upstream main,core_bv_16,static: each control-flow region counted once,15,flat circuit,,,0.373506,"[0.408258, 0.383634, 0.373506, 0.370642, 0.359426]",bv,1bbb96fad32b3787560d7d5238def1664fc12ffcf0d7e7b44f0681102c9cb850,9534,numeric,49,17,8,14,32,0,"{""x"": 1, ""rz"": 32, ""sx"": 16, ""cz"": 8, ""measure"": 15}",core,1.270343,"[1.33692, 1.310775, 1.250502, 1.270343, 1.212743]",16,16,exported,2.134987,"[2.186764, 2.148123, 2.134987, 2.132283, 2.131692]",ibm_sxz_cz,8,"{""kind"": ""core_reference_samples"", ""shots"": 512, ""counts"": {""101010101010101"": 512}, ""total_variation_distance"": 0.0, ""squared_hellinger_fidelity"": 1.0, ""cdf_max_deviation"": 0.0, ""dkw_limit"": 0.14461834543863566, ""false_rejection_bound"": 1e-09, ""reference_support"": 1, ""impossible_outcomes"": {}, ""passed"": true}"
Upstream main,core_bv_16,static: each control-flow region counted once,25,flat circuit,,,0.421138,"[0.451763, 0.423682, 0.421138, 0.412563, 0.419426]",bv,1bbb96fad32b3787560d7d5238def1664fc12ffcf0d7e7b44f0681102c9cb850,10701,numeric,81,49,8,24,32,0,"{""rx"": 49, ""rz"": 32, ""rzz"": 8, ""measure"": 15}",core,1.270343,"[1.33692, 1.310775, 1.250502, 1.270343, 1.212743]",16,20,exported,2.209468,"[2.24478, 2.218076, 2.209468, 2.204492, 2.196828]",rxrz_rzz_unbounded,8,"{""kind"": ""core_reference_samples"", ""shots"": 512, ""counts"": {""101010101010101"": 512}, ""total_variation_distance"": 0.0, ""squared_hellinger_fidelity"": 1.0, ""cdf_max_deviation"": 0.0, ""dkw_limit"": 0.14461834543863566, ""false_rejection_bound"": 1e-09, ""reference_support"": 1, ""impossible_outcomes"": {}, ""passed"": true}"
Upstream main,core_bv_16,,,,"__init__(): incompatible function arguments. The following argument types are supported:
    1. __init__(self, name: str, arity: mqt.core.mlir.CompilerTarget.OperationArity, num_parameters: int, site_tuples: collections.abc.Sequence[mqt.core.mlir.CompilerTarget.SiteTuple] | None = None, duration: int | None = None, fidelity: float | None = None, *, fixed_parameters: collections.abc.Sequence[float | None] = [], canonical_name: str | None = None) -> None
    2. __init__(self, name: str, arity: int, num_parameters: int, site_tuples: collections.abc.Sequence[mqt.core.mlir.CompilerTarget.SiteTuple] | None = None, duration: int | None = None, fidelity: float | None = None, *, fixed_parameters: collections.abc.Sequence[float | None] = [], canonical_name: str | None = None) -> None

Invoked with types: mqt.core.mlir.OperationCapability, kwargs = { name: str, arity: int, num_parameters: int, parameter_bounds: list }",,,,bv,1bbb96fad32b3787560d7d5238def1664fc12ffcf0d7e7b44f0681102c9cb850,,numeric,,,,,,,,core,1.270343,"[1.33692, 1.310775, 1.250502, 1.270343, 1.212743]",16,,target_unsupported,,,ibm_fractional_bounded,,
Upstream main,core_bv_16,,,,"Target synthesis failed: loc(""/tmp/core-synthesis-evaluation/corpus/core_bv_16.mlir"":1:1): target compilation requires a single-qubit synthesis basis
loc(""/tmp/core-synthesis-evaluation/corpus/core_bv_16.mlir"":1:1): failed to synthesize the QCO program for the target",,,,bv,1bbb96fad32b3787560d7d5238def1664fc12ffcf0d7e7b44f0681102c9cb850,,numeric,,,,,,,,core,1.270343,"[1.33692, 1.310775, 1.250502, 1.270343, 1.212743]",16,,synthesis_failed,,,ionq_fixed_r_zz,,
Upstream main,core_bv_16,static: each control-flow region counted once,15,flat circuit,,,0.553732,"[0.599475, 0.604483, 0.553732, 0.535986, 0.540307]",bv,1bbb96fad32b3787560d7d5238def1664fc12ffcf0d7e7b44f0681102c9cb850,10164,numeric,49,17,8,14,32,0,"{""rxpi"": 1, ""rz"": 32, ""rxpi2"": 16, ""cz"": 8, ""measure"": 15}",core,1.270343,"[1.33692, 1.310775, 1.250502, 1.270343, 1.212743]",16,17,exported,2.17526,"[2.218204, 2.20302, 2.169692, 2.17526, 2.170155]",rigetti_rx_cz,8,"{""kind"": ""core_reference_samples"", ""shots"": 512, ""counts"": {""101010101010101"": 512}, ""total_variation_distance"": 0.0, ""squared_hellinger_fidelity"": 1.0, ""cdf_max_deviation"": 0.0, ""dkw_limit"": 0.14461834543863566, ""false_rejection_bound"": 1e-09, ""reference_support"": 1, ""impossible_outcomes"": {}, ""passed"": true}"
Upstream main,core_bv_16,static: each control-flow region counted once,84,flat circuit,,,1.01463,"[1.061541, 1.021014, 1.003813, 1.01463, 1.005429]",bv,1bbb96fad32b3787560d7d5238def1664fc12ffcf0d7e7b44f0681102c9cb850,16732,numeric,154,57,16,83,97,0,"{""rxpi"": 17, ""rz"": 97, ""rxpi2"": 40, ""iswap"": 16, ""measure"": 15}",core,1.270343,"[1.33692, 1.310775, 1.250502, 1.270343, 1.212743]",16,25,exported,2.557966,"[2.60131, 2.572254, 2.55539, 2.557966, 2.557374]",rigetti_rx_iswap,16,"{""kind"": ""core_reference_samples"", ""shots"": 512, ""counts"": {""101010101010101"": 512}, ""total_variation_distance"": 0.0, ""squared_hellinger_fidelity"": 1.0, ""cdf_max_deviation"": 0.0, ""dkw_limit"": 0.14461834543863566, ""false_rejection_bound"": 1e-09, ""reference_support"": 1, ""impossible_outcomes"": {}, ""passed"": true}"
Upstream main,efficient_su2_4_numeric,static: each control-flow region counted once,51,flat circuit,,,0.509171,"[0.559811, 0.524195, 0.509171, 0.500307, 0.504514]",efficient_su2,1a41267a227bf80df2c98dd2db692b02cb42140613c318bab7b45a78042ced4c,14028,numeric,108,108,12,51,0,0,"{""r"": 108, ""cz"": 12}",synthetic,1.106934,"[1.194758, 1.172406, 1.089606, 1.106934, 1.06807]",4,53,exported,2.164108,"[2.215868, 2.173004, 2.158012, 2.15838, 2.164108]",iqm_r_cz,12,"{""kind"": ""full_matrix_including_phase"", ""max_error"": 8.345155887641792e-16, ""samples"": [8.345155887641792e-16], ""passed"": true}"
Upstream main,efficient_su2_4_numeric,static: each control-flow region counted once,31,flat circuit,,,0.361634,"[0.39373, 0.369106, 0.361634, 0.35157, 0.34981]",efficient_su2,1a41267a227bf80df2c98dd2db692b02cb42140613c318bab7b45a78042ced4c,10104,numeric,70,32,12,31,38,0,"{""sx"": 32, ""rz"": 38, ""cx"": 12}",synthetic,1.106934,"[1.194758, 1.172406, 1.089606, 1.106934, 1.06807]",4,36,exported,1.975531,"[2.014618, 2.022683, 1.975531, 1.974843, 1.955418]",ibm_sxz_cx,12,"{""kind"": ""full_matrix_including_phase"", ""max_error"": 6.101493737192989e-16, ""samples"": [6.101493737192989e-16], ""passed"": true}"
Upstream main,efficient_su2_4_numeric,static: each control-flow region counted once,66,flat circuit,,,0.517843,"[0.553364, 0.52845, 0.517843, 0.511667, 0.504963]",efficient_su2,1a41267a227bf80df2c98dd2db692b02cb42140613c318bab7b45a78042ced4c,13725,numeric,132,56,12,66,76,0,"{""sx"": 56, ""rz"": 76, ""cz"": 12}",synthetic,1.106934,"[1.194758, 1.172406, 1.089606, 1.106934, 1.06807]",4,40,exported,2.223452,"[2.258716, 2.226476, 2.220044, 2.21334, 2.223452]",ibm_sxz_cz,12,"{""kind"": ""full_matrix_including_phase"", ""max_error"": 8.252325904466732e-16, ""samples"": [8.252325904466732e-16], ""passed"": true}"
Upstream main,efficient_su2_4_numeric,static: each control-flow region counted once,63,flat circuit,,,0.564451,"[0.600083, 0.568979, 0.556115, 0.564451, 0.545587]",efficient_su2,1a41267a227bf80df2c98dd2db692b02cb42140613c318bab7b45a78042ced4c,14880,numeric,156,104,12,63,52,0,"{""rx"": 104, ""rz"": 52, ""rzz"": 12}",synthetic,1.106934,"[1.194758, 1.172406, 1.089606, 1.106934, 1.06807]",4,56,exported,2.116827,"[2.15638, 2.116827, 2.119611, 2.098252, 2.093515]",rxrz_rzz_unbounded,12,"{""kind"": ""full_matrix_including_phase"", ""max_error"": 5.640326337488471e-15, ""samples"": [5.640326337488471e-15], ""passed"": true}"
Upstream main,efficient_su2_4_numeric,,,,"__init__(): incompatible function arguments. The following argument types are supported:
    1. __init__(self, name: str, arity: mqt.core.mlir.CompilerTarget.OperationArity, num_parameters: int, site_tuples: collections.abc.Sequence[mqt.core.mlir.CompilerTarget.SiteTuple] | None = None, duration: int | None = None, fidelity: float | None = None, *, fixed_parameters: collections.abc.Sequence[float | None] = [], canonical_name: str | None = None) -> None
    2. __init__(self, name: str, arity: int, num_parameters: int, site_tuples: collections.abc.Sequence[mqt.core.mlir.CompilerTarget.SiteTuple] | None = None, duration: int | None = None, fidelity: float | None = None, *, fixed_parameters: collections.abc.Sequence[float | None] = [], canonical_name: str | None = None) -> None

Invoked with types: mqt.core.mlir.OperationCapability, kwargs = { name: str, arity: int, num_parameters: int, parameter_bounds: list }",,,,efficient_su2,1a41267a227bf80df2c98dd2db692b02cb42140613c318bab7b45a78042ced4c,,numeric,,,,,,,,synthetic,1.106934,"[1.194758, 1.172406, 1.089606, 1.106934, 1.06807]",4,,target_unsupported,,,ibm_fractional_bounded,,
Upstream main,efficient_su2_4_numeric,,,,"Target synthesis failed: loc(""/tmp/core-synthesis-evaluation/corpus/efficient_su2_4_numeric.mlir"":1:1): target compilation requires a single-qubit synthesis basis
loc(""/tmp/core-synthesis-evaluation/corpus/efficient_su2_4_numeric.mlir"":1:1): failed to synthesize the QCO program for the target",,,,efficient_su2,1a41267a227bf80df2c98dd2db692b02cb42140613c318bab7b45a78042ced4c,,numeric,,,,,,,,synthetic,1.106934,"[1.194758, 1.172406, 1.089606, 1.106934, 1.06807]",4,,synthesis_failed,,,ionq_fixed_r_zz,,
Upstream main,efficient_su2_4_numeric,static: each control-flow region counted once,66,flat circuit,,,0.936645,"[0.975413, 0.925333, 0.909013, 1.108262, 0.936645]",efficient_su2,1a41267a227bf80df2c98dd2db692b02cb42140613c318bab7b45a78042ced4c,14732,numeric,132,56,12,66,76,0,"{""rxpi2"": 56, ""rz"": 76, ""cz"": 12}",synthetic,1.106934,"[1.194758, 1.172406, 1.089606, 1.106934, 1.06807]",4,41,exported,2.27502,"[2.315901, 2.27502, 2.281596, 2.24246, 2.25894]",rigetti_rx_cz,12,"{""kind"": ""full_matrix_including_phase"", ""max_error"": 8.345155887641792e-16, ""samples"": [8.345155887641792e-16], ""passed"": true}"
Upstream main,efficient_su2_4_numeric,static: each control-flow region counted once,137,flat circuit,,,1.324279,"[1.353831, 1.325015, 1.324279, 1.310039, 1.289239]",efficient_su2,1a41267a227bf80df2c98dd2db692b02cb42140613c318bab7b45a78042ced4c,21285,numeric,234,92,24,137,142,0,"{""rxpi2"": 56, ""rz"": 142, ""rxpi"": 36, ""iswap"": 24}",synthetic,1.106934,"[1.194758, 1.172406, 1.089606, 1.106934, 1.06807]",4,50,exported,2.583278,"[2.633038, 2.604238, 2.578766, 2.583278, 2.570814]",rigetti_rx_iswap,24,"{""kind"": ""full_matrix_including_phase"", ""max_error"": 6.226225846578651e-15, ""samples"": [6.226225846578651e-15], ""passed"": true}"
Upstream main,pauli_layers_4_numeric,static: each control-flow region counted once,101,flat circuit,,,0.744676,"[0.782692, 0.762452, 0.744676, 0.741396, 0.733909]",pauli_layers,de985cf53b113307d72d7e3dc0c0ab5f13bfc7eac7c9f52c7861452c58f6f2de,20867,numeric,152,152,24,101,0,0,"{""r"": 152, ""cz"": 24}",synthetic,1.028997,"[1.05103, 1.070437, 1.001222, 1.028997, 1.00135]",4,63,exported,2.095019,"[2.140892, 2.099563, 2.091004, 2.095019, 2.070219]",iqm_r_cz,24,"{""kind"": ""full_matrix_including_phase"", ""max_error"": 8.067472105228781e-15, ""samples"": [8.067472105228781e-15], ""passed"": true}"
Upstream main,pauli_layers_4_numeric,static: each control-flow region counted once,126,flat circuit,,,0.804308,"[0.840373, 0.807764, 0.804308, 0.793941, 0.787812]",pauli_layers,de985cf53b113307d72d7e3dc0c0ab5f13bfc7eac7c9f52c7861452c58f6f2de,22113,numeric,187,70,24,126,117,0,"{""sx"": 67, ""rz"": 117, ""cx"": 24, ""x"": 3}",synthetic,1.028997,"[1.05103, 1.070437, 1.001222, 1.028997, 1.00135]",4,78,exported,2.274716,"[2.337901, 2.287565, 2.274716, 2.274316, 2.272029]",ibm_sxz_cx,24,"{""kind"": ""full_matrix_including_phase"", ""max_error"": 1.49200354243558e-14, ""samples"": [1.49200354243558e-14], ""passed"": true}"
Upstream main,pauli_layers_4_numeric,static: each control-flow region counted once,145,flat circuit,,,0.917925,"[0.946645, 0.929621, 0.917925, 0.894485, 0.901397]",pauli_layers,de985cf53b113307d72d7e3dc0c0ab5f13bfc7eac7c9f52c7861452c58f6f2de,25009,numeric,231,91,24,145,140,0,"{""sx"": 87, ""rz"": 140, ""cz"": 24, ""x"": 4}",synthetic,1.028997,"[1.05103, 1.070437, 1.001222, 1.028997, 1.00135]",4,87,exported,2.390461,"[2.438942, 2.421245, 2.390461, 2.386861, 2.375693]",ibm_sxz_cz,24,"{""kind"": ""full_matrix_including_phase"", ""max_error"": 1.4821061559045985e-14, ""samples"": [1.4821061559045985e-14], ""passed"": true}"
Upstream main,pauli_layers_4_numeric,static: each control-flow region counted once,100,flat circuit,,,0.589187,"[0.626403, 0.597427, 0.589187, 0.586548, 0.587059]",pauli_layers,de985cf53b113307d72d7e3dc0c0ab5f13bfc7eac7c9f52c7861452c58f6f2de,17370,numeric,148,99,24,100,49,0,"{""rx"": 99, ""rz"": 49, ""rzz"": 24}",synthetic,1.028997,"[1.05103, 1.070437, 1.001222, 1.028997, 1.00135]",4,78,exported,1.87409,"[1.915578, 1.904602, 1.87409, 1.85961, 1.854778]",rxrz_rzz_unbounded,24,"{""kind"": ""full_matrix_including_phase"", ""max_error"": 1.9991722838696e-15, ""samples"": [1.9991722838696e-15], ""passed"": true}"
Upstream main,pauli_layers_4_numeric,,,,"__init__(): incompatible function arguments. The following argument types are supported:
    1. __init__(self, name: str, arity: mqt.core.mlir.CompilerTarget.OperationArity, num_parameters: int, site_tuples: collections.abc.Sequence[mqt.core.mlir.CompilerTarget.SiteTuple] | None = None, duration: int | None = None, fidelity: float | None = None, *, fixed_parameters: collections.abc.Sequence[float | None] = [], canonical_name: str | None = None) -> None
    2. __init__(self, name: str, arity: int, num_parameters: int, site_tuples: collections.abc.Sequence[mqt.core.mlir.CompilerTarget.SiteTuple] | None = None, duration: int | None = None, fidelity: float | None = None, *, fixed_parameters: collections.abc.Sequence[float | None] = [], canonical_name: str | None = None) -> None

Invoked with types: mqt.core.mlir.OperationCapability, kwargs = { name: str, arity: int, num_parameters: int, parameter_bounds: list }",,,,pauli_layers,de985cf53b113307d72d7e3dc0c0ab5f13bfc7eac7c9f52c7861452c58f6f2de,,numeric,,,,,,,,synthetic,1.028997,"[1.05103, 1.070437, 1.001222, 1.028997, 1.00135]",4,,target_unsupported,,,ibm_fractional_bounded,,
Upstream main,pauli_layers_4_numeric,,,,"Target synthesis failed: loc(""/tmp/core-synthesis-evaluation/corpus/pauli_layers_4_numeric.mlir"":1:1): target compilation requires a single-qubit synthesis basis
loc(""/tmp/core-synthesis-evaluation/corpus/pauli_layers_4_numeric.mlir"":1:1): failed to synthesize the QCO program for the target",,,,pauli_layers,de985cf53b113307d72d7e3dc0c0ab5f13bfc7eac7c9f52c7861452c58f6f2de,,numeric,,,,,,,,synthetic,1.028997,"[1.05103, 1.070437, 1.001222, 1.028997, 1.00135]",4,,synthesis_failed,,,ionq_fixed_r_zz,,
Upstream main,pauli_layers_4_numeric,static: each control-flow region counted once,146,flat circuit,,,1.514136,"[1.556057, 1.514136, 1.497256, 1.497464, 1.737913]",pauli_layers,de985cf53b113307d72d7e3dc0c0ab5f13bfc7eac7c9f52c7861452c58f6f2de,26154,numeric,229,91,24,146,138,0,"{""rxpi2"": 88, ""rz"": 138, ""rxpi"": 3, ""cz"": 24}",synthetic,1.028997,"[1.05103, 1.070437, 1.001222, 1.028997, 1.00135]",4,87,exported,2.517438,"[2.562142, 2.52179, 2.517438, 2.490397, 2.491693]",rigetti_rx_cz,24,"{""kind"": ""full_matrix_including_phase"", ""max_error"": 1.2807686987403508e-14, ""samples"": [1.2807686987403508e-14], ""passed"": true}"
Upstream main,pauli_layers_4_numeric,static: each control-flow region counted once,145,flat circuit,,,1.294343,"[1.338743, 1.303127, 1.294343, 1.291175, 1.288519]",pauli_layers,de985cf53b113307d72d7e3dc0c0ab5f13bfc7eac7c9f52c7861452c58f6f2de,21865,numeric,219,93,24,145,126,0,"{""rxpi2"": 93, ""rz"": 126, ""iswap"": 24}",synthetic,1.028997,"[1.05103, 1.070437, 1.001222, 1.028997, 1.00135]",4,77,exported,2.348733,"[2.411901, 2.362173, 2.348733, 2.342316, 2.323405]",rigetti_rx_iswap,24,"{""kind"": ""full_matrix_including_phase"", ""max_error"": 2.8426100110059218e-15, ""samples"": [2.8426100110059218e-15], ""passed"": true}"
Upstream main,equatorial_frames_4_numeric,static: each control-flow region counted once,48,flat circuit,,,0.291873,"[0.326306, 0.313266, 0.291873, 0.28629, 0.284338]",equatorial_frames,e15dc635e66dac2a263d527234836cb44a5d2719a0f702cdc020ae04e40386b9,8723,numeric,36,36,12,48,0,0,"{""r"": 36, ""cz"": 12}",synthetic,0.989477,"[1.003958, 1.031381, 0.967302, 0.989477, 0.955893]",4,39,exported,1.676153,"[1.732425, 1.697513, 1.673705, 1.676153, 1.674649]",iqm_r_cz,12,"{""kind"": ""full_matrix_including_phase"", ""max_error"": 1.5582722720639764e-15, ""samples"": [1.5582722720639764e-15], ""passed"": true}"
Upstream main,equatorial_frames_4_numeric,static: each control-flow region counted once,97,flat circuit,,,0.467154,"[0.501011, 0.477011, 0.467154, 0.462627, 0.459954]",equatorial_frames,e15dc635e66dac2a263d527234836cb44a5d2719a0f702cdc020ae04e40386b9,12141,numeric,121,48,12,97,73,0,"{""rz"": 73, ""sx"": 48, ""cx"": 12}",synthetic,0.989477,"[1.003958, 1.031381, 0.967302, 0.989477, 0.955893]",4,21,exported,1.912331,"[1.93481, 1.912331, 1.882586, 1.920171, 1.885978]",ibm_sxz_cx,12,"{""kind"": ""full_matrix_including_phase"", ""max_error"": 1.2262814116578437e-15, ""samples"": [1.2262814116578437e-15], ""passed"": true}"
Upstream main,equatorial_frames_4_numeric,static: each control-flow region counted once,72,flat circuit,,,0.313346,"[0.335954, 0.321826, 0.313346, 0.308785, 0.30493]",equatorial_frames,e15dc635e66dac2a263d527234836cb44a5d2719a0f702cdc020ae04e40386b9,8580,numeric,60,24,12,72,36,0,"{""rz"": 36, ""sx"": 24, ""cz"": 12}",synthetic,0.989477,"[1.003958, 1.031381, 0.967302, 0.989477, 0.955893]",4,17,exported,1.684633,"[1.723129, 1.698249, 1.684633, 1.674617, 1.676233]",ibm_sxz_cz,12,"{""kind"": ""full_matrix_including_phase"", ""max_error"": 1.9100999153570945e-15, ""samples"": [1.9100999153570945e-15], ""passed"": true}"
Upstream main,equatorial_frames_4_numeric,static: each control-flow region counted once,73,flat circuit,,,0.355282,"[0.369442, 0.359698, 0.345522, 0.355282, 0.350385]",equatorial_frames,e15dc635e66dac2a263d527234836cb44a5d2719a0f702cdc020ae04e40386b9,9960,numeric,84,48,12,73,36,0,"{""rx"": 48, ""rz"": 36, ""rzz"": 12}",synthetic,0.989477,"[1.003958, 1.031381, 0.967302, 0.989477, 0.955893]",4,42,exported,1.702457,"[1.738073, 1.709817, 1.698345, 1.692266, 1.702457]",rxrz_rzz_unbounded,12,"{""kind"": ""full_matrix_including_phase"", ""max_error"": 1.15279234046123e-14, ""samples"": [1.15279234046123e-14], ""passed"": true}"
Upstream main,equatorial_frames_4_numeric,,,,"__init__(): incompatible function arguments. The following argument types are supported:
    1. __init__(self, name: str, arity: mqt.core.mlir.CompilerTarget.OperationArity, num_parameters: int, site_tuples: collections.abc.Sequence[mqt.core.mlir.CompilerTarget.SiteTuple] | None = None, duration: int | None = None, fidelity: float | None = None, *, fixed_parameters: collections.abc.Sequence[float | None] = [], canonical_name: str | None = None) -> None
    2. __init__(self, name: str, arity: int, num_parameters: int, site_tuples: collections.abc.Sequence[mqt.core.mlir.CompilerTarget.SiteTuple] | None = None, duration: int | None = None, fidelity: float | None = None, *, fixed_parameters: collections.abc.Sequence[float | None] = [], canonical_name: str | None = None) -> None

Invoked with types: mqt.core.mlir.OperationCapability, kwargs = { name: str, arity: int, num_parameters: int, parameter_bounds: list }",,,,equatorial_frames,e15dc635e66dac2a263d527234836cb44a5d2719a0f702cdc020ae04e40386b9,,numeric,,,,,,,,synthetic,0.989477,"[1.003958, 1.031381, 0.967302, 0.989477, 0.955893]",4,,target_unsupported,,,ibm_fractional_bounded,,
Upstream main,equatorial_frames_4_numeric,,,,"Target synthesis failed: loc(""/tmp/core-synthesis-evaluation/corpus/equatorial_frames_4_numeric.mlir"":1:1): target compilation requires a single-qubit synthesis basis
loc(""/tmp/core-synthesis-evaluation/corpus/equatorial_frames_4_numeric.mlir"":1:1): failed to synthesize the QCO program for the target",,,,equatorial_frames,e15dc635e66dac2a263d527234836cb44a5d2719a0f702cdc020ae04e40386b9,,numeric,,,,,,,,synthetic,0.989477,"[1.003958, 1.031381, 0.967302, 0.989477, 0.955893]",4,,synthesis_failed,,,ionq_fixed_r_zz,,
Upstream main,equatorial_frames_4_numeric,static: each control-flow region counted once,72,flat circuit,,,0.524787,"[0.569347, 0.544931, 0.524787, 0.517699, 0.508194]",equatorial_frames,e15dc635e66dac2a263d527234836cb44a5d2719a0f702cdc020ae04e40386b9,9299,numeric,60,24,12,72,36,0,"{""rz"": 36, ""rxpi2"": 24, ""cz"": 12}",synthetic,0.989477,"[1.003958, 1.031381, 0.967302, 0.989477, 0.955893]",4,18,exported,1.730618,"[1.77209, 1.737497, 1.730618, 1.724985, 1.728649]",rigetti_rx_cz,12,"{""kind"": ""full_matrix_including_phase"", ""max_error"": 1.2560739669470201e-15, ""samples"": [1.2560739669470201e-15], ""passed"": true}"
Upstream main,equatorial_frames_4_numeric,static: each control-flow region counted once,169,flat circuit,,,1.22039,"[1.258375, 1.210071, 1.44844, 1.22039, 1.188055]",equatorial_frames,e15dc635e66dac2a263d527234836cb44a5d2719a0f702cdc020ae04e40386b9,19147,numeric,220,84,24,169,136,0,"{""rz"": 136, ""rxpi2"": 60, ""rxpi"": 24, ""iswap"": 24}",synthetic,0.989477,"[1.003958, 1.031381, 0.967302, 0.989477, 0.955893]",4,26,exported,2.268348,"[2.41563, 2.268348, 2.277805, 2.259612, 2.261597]",rigetti_rx_iswap,24,"{""kind"": ""full_matrix_including_phase"", ""max_error"": 1.111308430948944e-14, ""samples"": [1.111308430948944e-14], ""passed"": true}"
Upstream main,efficient_su2_4_symbolic,static: each control-flow region counted once,55,flat circuit,,,1.120566,"[1.194439, 1.147958, 1.119798, 1.120566, 1.101206]",efficient_su2,8c3cbfc30e71e903e1b8a918baecc81c8952781dba208d7d1cd41bbf9a57579e,22304,symbolic,124,124,12,55,0,0,"{""r"": 124, ""cz"": 12}",synthetic,1.268551,"[1.281735, 1.301559, 1.234294, 1.268551, 1.237751]",4,73,exported,3.073777,"[3.163249, 3.106881, 3.073777, 3.070881, 3.058641]",iqm_r_cz,12,"{""kind"": ""full_matrix_including_phase"", ""max_error"": 8.010741897413915e-16, ""samples"": [8.010741897413915e-16, 7.221785298249065e-16, 7.889616961715915e-16], ""passed"": true}"
Upstream main,efficient_su2_4_symbolic,static: each control-flow region counted once,28,flat circuit,,,1.05023,"[1.09831, 1.049589, 1.055366, 1.05023, 1.042038]",efficient_su2,8c3cbfc30e71e903e1b8a918baecc81c8952781dba208d7d1cd41bbf9a57579e,21263,symbolic,64,32,12,28,32,0,"{""sx"": 32, ""rz"": 32, ""cx"": 12}",synthetic,1.268551,"[1.281735, 1.301559, 1.234294, 1.268551, 1.237751]",4,163,exported,3.345154,"[3.376386, 3.349618, 3.345154, 3.319554, 3.316418]",ibm_sxz_cx,12,"{""kind"": ""full_matrix_including_phase"", ""max_error"": 9.238896857051834e-16, ""samples"": [8.068235998053637e-16, 9.238896857051834e-16, 7.440164072555801e-16], ""passed"": true}"
Upstream main,efficient_su2_4_symbolic,static: each control-flow region counted once,66,flat circuit,,,1.438728,"[1.473, 1.438728, 1.46316, 1.406536, 1.398231]",efficient_su2,8c3cbfc30e71e903e1b8a918baecc81c8952781dba208d7d1cd41bbf9a57579e,26725,symbolic,127,56,12,66,71,0,"{""sx"": 56, ""rz"": 71, ""cz"": 12}",synthetic,1.268551,"[1.281735, 1.301559, 1.234294, 1.268551, 1.237751]",4,212,exported,3.76842,"[3.791412, 3.781621, 3.74546, 3.76842, 3.766805]",ibm_sxz_cz,12,"{""kind"": ""full_matrix_including_phase"", ""max_error"": 1.2585248453105971e-15, ""samples"": [1.2585248453105971e-15, 1.0550770151300912e-15, 9.531322860796707e-16], ""passed"": true}"
Upstream main,efficient_su2_4_symbolic,static: each control-flow region counted once,67,flat circuit,,,1.182263,"[1.234391, 1.191062, 1.182263, 1.158838, 1.16319]",efficient_su2,8c3cbfc30e71e903e1b8a918baecc81c8952781dba208d7d1cd41bbf9a57579e,23126,symbolic,172,104,12,67,68,0,"{""rx"": 104, ""rz"": 68, ""rzz"": 12}",synthetic,1.268551,"[1.281735, 1.301559, 1.234294, 1.268551, 1.237751]",4,78,exported,3.136753,"[3.173633, 3.136753, 3.123553, 3.148721, 3.120945]",rxrz_rzz_unbounded,12,"{""kind"": ""full_matrix_including_phase"", ""max_error"": 5.896998480231781e-15, ""samples"": [5.896998480231781e-15, 4.8166920684289545e-15, 5.573551796744008e-15], ""passed"": true}"
Upstream main,efficient_su2_4_symbolic,,,,"__init__(): incompatible function arguments. The following argument types are supported:
    1. __init__(self, name: str, arity: mqt.core.mlir.CompilerTarget.OperationArity, num_parameters: int, site_tuples: collections.abc.Sequence[mqt.core.mlir.CompilerTarget.SiteTuple] | None = None, duration: int | None = None, fidelity: float | None = None, *, fixed_parameters: collections.abc.Sequence[float | None] = [], canonical_name: str | None = None) -> None
    2. __init__(self, name: str, arity: int, num_parameters: int, site_tuples: collections.abc.Sequence[mqt.core.mlir.CompilerTarget.SiteTuple] | None = None, duration: int | None = None, fidelity: float | None = None, *, fixed_parameters: collections.abc.Sequence[float | None] = [], canonical_name: str | None = None) -> None

Invoked with types: mqt.core.mlir.OperationCapability, kwargs = { name: str, arity: int, num_parameters: int, parameter_bounds: list }",,,,efficient_su2,8c3cbfc30e71e903e1b8a918baecc81c8952781dba208d7d1cd41bbf9a57579e,,symbolic,,,,,,,,synthetic,1.268551,"[1.281735, 1.301559, 1.234294, 1.268551, 1.237751]",4,,target_unsupported,,,ibm_fractional_bounded,,
Upstream main,efficient_su2_4_symbolic,,,,"Target synthesis failed: loc(""/tmp/core-synthesis-evaluation/corpus/efficient_su2_4_symbolic.mlir"":1:1): target compilation requires a single-qubit synthesis basis
loc(""/tmp/core-synthesis-evaluation/corpus/efficient_su2_4_symbolic.mlir"":1:1): failed to synthesize the QCO program for the target",,,,efficient_su2,8c3cbfc30e71e903e1b8a918baecc81c8952781dba208d7d1cd41bbf9a57579e,,symbolic,,,,,,,,synthetic,1.268551,"[1.281735, 1.301559, 1.234294, 1.268551, 1.237751]",4,,synthesis_failed,,,ionq_fixed_r_zz,,
Upstream main,efficient_su2_4_symbolic,static: each control-flow region counted once,66,flat circuit,,,1.821802,"[1.849546, 1.821802, 2.468861, 1.797674, 1.78913]",efficient_su2,8c3cbfc30e71e903e1b8a918baecc81c8952781dba208d7d1cd41bbf9a57579e,27677,symbolic,127,56,12,66,71,0,"{""rxpi2"": 56, ""rz"": 71, ""cz"": 12}",synthetic,1.268551,"[1.281735, 1.301559, 1.234294, 1.268551, 1.237751]",4,213,exported,3.605588,"[3.63402, 3.629716, 3.599396, 3.605588, 3.583907]",rigetti_rx_cz,12,"{""kind"": ""full_matrix_including_phase"", ""max_error"": 1.2490009027033011e-15, ""samples"": [1.2490009027033011e-15, 9.710485573708405e-16, 1.1792037227924548e-15], ""passed"": true}"
Upstream main,efficient_su2_4_symbolic,static: each control-flow region counted once,136,flat circuit,,,2.277356,"[2.326365, 2.277356, 2.271661, 2.274492, 2.526782]",efficient_su2,8c3cbfc30e71e903e1b8a918baecc81c8952781dba208d7d1cd41bbf9a57579e,35001,symbolic,232,92,24,136,140,0,"{""rxpi2"": 56, ""rz"": 140, ""rxpi"": 36, ""iswap"": 24}",synthetic,1.268551,"[1.281735, 1.301559, 1.234294, 1.268551, 1.237751]",4,236,exported,4.199047,"[4.250423, 4.18967, 4.251895, 4.180807, 4.199047]",rigetti_rx_iswap,24,"{""kind"": ""full_matrix_including_phase"", ""max_error"": 6.5540782326436186e-15, ""samples"": [6.5540782326436186e-15, 5.003707553108401e-15, 6.432829949336598e-15], ""passed"": true}"
Upstream main,pauli_layers_4_symbolic,,,,"Target synthesis failed: loc(""/tmp/core-synthesis-evaluation/corpus/pauli_layers_4_symbolic.mlir"":191:40): target-native synthesis cannot lower operation 'qco.rxx': its unitary matrix is not available at compile time
loc(""/tmp/core-synthesis-evaluation/corpus/pauli_layers_4_symbolic.mlir"":1:1): failed to synthesize the QCO program for the target",,,,pauli_layers,08c923172691102be4bab5a823f6d2747b508a0c023a0498c94d556f3e085b7e,,symbolic,,,,,,,,synthetic,1.09135,"[1.109878, 1.128598, 1.060069, 1.09135, 1.05863]",4,,synthesis_failed,,,iqm_r_cz,,
Upstream main,pauli_layers_4_symbolic,,,,"Target synthesis failed: loc(""/tmp/core-synthesis-evaluation/corpus/pauli_layers_4_symbolic.mlir"":191:40): target-native synthesis cannot lower operation 'qco.rxx': its unitary matrix is not available at compile time
loc(""/tmp/core-synthesis-evaluation/corpus/pauli_layers_4_symbolic.mlir"":1:1): failed to synthesize the QCO program for the target",,,,pauli_layers,08c923172691102be4bab5a823f6d2747b508a0c023a0498c94d556f3e085b7e,,symbolic,,,,,,,,synthetic,1.09135,"[1.109878, 1.128598, 1.060069, 1.09135, 1.05863]",4,,synthesis_failed,,,ibm_sxz_cx,,
Upstream main,pauli_layers_4_symbolic,,,,"Target synthesis failed: loc(""/tmp/core-synthesis-evaluation/corpus/pauli_layers_4_symbolic.mlir"":191:40): target-native synthesis cannot lower operation 'qco.rxx': its unitary matrix is not available at compile time
loc(""/tmp/core-synthesis-evaluation/corpus/pauli_layers_4_symbolic.mlir"":1:1): failed to synthesize the QCO program for the target",,,,pauli_layers,08c923172691102be4bab5a823f6d2747b508a0c023a0498c94d556f3e085b7e,,symbolic,,,,,,,,synthetic,1.09135,"[1.109878, 1.128598, 1.060069, 1.09135, 1.05863]",4,,synthesis_failed,,,ibm_sxz_cz,,
Upstream main,pauli_layers_4_symbolic,,,,"Target synthesis failed: loc(""/tmp/core-synthesis-evaluation/corpus/pauli_layers_4_symbolic.mlir"":191:40): target-native synthesis cannot lower operation 'qco.rxx': its unitary matrix is not available at compile time
loc(""/tmp/core-synthesis-evaluation/corpus/pauli_layers_4_symbolic.mlir"":1:1): failed to synthesize the QCO program for the target",,,,pauli_layers,08c923172691102be4bab5a823f6d2747b508a0c023a0498c94d556f3e085b7e,,symbolic,,,,,,,,synthetic,1.09135,"[1.109878, 1.128598, 1.060069, 1.09135, 1.05863]",4,,synthesis_failed,,,rxrz_rzz_unbounded,,
Upstream main,pauli_layers_4_symbolic,,,,"__init__(): incompatible function arguments. The following argument types are supported:
    1. __init__(self, name: str, arity: mqt.core.mlir.CompilerTarget.OperationArity, num_parameters: int, site_tuples: collections.abc.Sequence[mqt.core.mlir.CompilerTarget.SiteTuple] | None = None, duration: int | None = None, fidelity: float | None = None, *, fixed_parameters: collections.abc.Sequence[float | None] = [], canonical_name: str | None = None) -> None
    2. __init__(self, name: str, arity: int, num_parameters: int, site_tuples: collections.abc.Sequence[mqt.core.mlir.CompilerTarget.SiteTuple] | None = None, duration: int | None = None, fidelity: float | None = None, *, fixed_parameters: collections.abc.Sequence[float | None] = [], canonical_name: str | None = None) -> None

Invoked with types: mqt.core.mlir.OperationCapability, kwargs = { name: str, arity: int, num_parameters: int, parameter_bounds: list }",,,,pauli_layers,08c923172691102be4bab5a823f6d2747b508a0c023a0498c94d556f3e085b7e,,symbolic,,,,,,,,synthetic,1.09135,"[1.109878, 1.128598, 1.060069, 1.09135, 1.05863]",4,,target_unsupported,,,ibm_fractional_bounded,,
Upstream main,pauli_layers_4_symbolic,,,,"Target synthesis failed: loc(""/tmp/core-synthesis-evaluation/corpus/pauli_layers_4_symbolic.mlir"":1:1): target compilation requires a single-qubit synthesis basis
loc(""/tmp/core-synthesis-evaluation/corpus/pauli_layers_4_symbolic.mlir"":1:1): failed to synthesize the QCO program for the target",,,,pauli_layers,08c923172691102be4bab5a823f6d2747b508a0c023a0498c94d556f3e085b7e,,symbolic,,,,,,,,synthetic,1.09135,"[1.109878, 1.128598, 1.060069, 1.09135, 1.05863]",4,,synthesis_failed,,,ionq_fixed_r_zz,,
Upstream main,pauli_layers_4_symbolic,,,,"Target synthesis failed: loc(""/tmp/core-synthesis-evaluation/corpus/pauli_layers_4_symbolic.mlir"":191:40): target-native synthesis cannot lower operation 'qco.rxx': its unitary matrix is not available at compile time
loc(""/tmp/core-synthesis-evaluation/corpus/pauli_layers_4_symbolic.mlir"":1:1): failed to synthesize the QCO program for the target",,,,pauli_layers,08c923172691102be4bab5a823f6d2747b508a0c023a0498c94d556f3e085b7e,,symbolic,,,,,,,,synthetic,1.09135,"[1.109878, 1.128598, 1.060069, 1.09135, 1.05863]",4,,synthesis_failed,,,rigetti_rx_cz,,
Upstream main,pauli_layers_4_symbolic,,,,"Target synthesis failed: loc(""/tmp/core-synthesis-evaluation/corpus/pauli_layers_4_symbolic.mlir"":191:40): target-native synthesis cannot lower operation 'qco.rxx': its unitary matrix is not available at compile time
loc(""/tmp/core-synthesis-evaluation/corpus/pauli_layers_4_symbolic.mlir"":1:1): failed to synthesize the QCO program for the target",,,,pauli_layers,08c923172691102be4bab5a823f6d2747b508a0c023a0498c94d556f3e085b7e,,symbolic,,,,,,,,synthetic,1.09135,"[1.109878, 1.128598, 1.060069, 1.09135, 1.05863]",4,,synthesis_failed,,,rigetti_rx_iswap,,
Upstream main,equatorial_frames_4_symbolic,static: each control-flow region counted once,60,flat circuit,,,0.65194,"[0.724772, 0.671859, 0.65194, 0.641363, 0.643748]",equatorial_frames,2ff7e9fd83b36271b3ebee8edddaa3815481887e6c05757b8ab745ec2de8162e,11981,symbolic,48,48,12,60,0,0,"{""r"": 48, ""cz"": 12}",synthetic,1.00871,"[0.977333, 1.059622, 1.00871, 1.054261, 1.004742]",4,57,exported,1.767178,"[1.806698, 1.777738, 1.767178, 1.755545, 1.761545]",iqm_r_cz,12,"{""kind"": ""full_matrix_including_phase"", ""max_error"": 1.0235750533041808e-15, ""samples"": [9.694605782913356e-16, 9.155133597044475e-16, 1.0235750533041808e-15], ""passed"": true}"
Upstream main,equatorial_frames_4_symbolic,static: each control-flow region counted once,97,flat circuit,,,0.998885,"[1.039461, 1.022406, 0.991461, 0.989894, 0.998885]",equatorial_frames,2ff7e9fd83b36271b3ebee8edddaa3815481887e6c05757b8ab745ec2de8162e,18435,symbolic,121,48,12,97,73,0,"{""rz"": 73, ""sx"": 48, ""cx"": 12}",synthetic,1.00871,"[0.977333, 1.059622, 1.00871, 1.054261, 1.004742]",4,124,exported,2.347725,"[2.404445, 2.353261, 2.340765, 2.347725, 2.339517]",ibm_sxz_cx,12,"{""kind"": ""full_matrix_including_phase"", ""max_error"": 1.5463617361248926e-15, ""samples"": [1.5463617361248926e-15, 1.3426356273935429e-15, 1.0007415106216803e-15], ""passed"": true}"
Upstream main,equatorial_frames_4_symbolic,static: each control-flow region counted once,72,flat circuit,,,0.630067,"[0.67434, 0.639379, 0.630067, 0.617828, 0.613731]",equatorial_frames,2ff7e9fd83b36271b3ebee8edddaa3815481887e6c05757b8ab745ec2de8162e,12821,symbolic,60,24,12,72,36,0,"{""rz"": 36, ""sx"": 24, ""cz"": 12}",synthetic,1.00871,"[0.977333, 1.059622, 1.00871, 1.054261, 1.004742]",4,65,exported,1.996459,"[2.046059, 2.007531, 1.991227, 1.992171, 1.996459]",ibm_sxz_cz,12,"{""kind"": ""full_matrix_including_phase"", ""max_error"": 1.7772239894833365e-15, ""samples"": [1.7772239894833365e-15, 9.550499576785472e-16, 1.1443916996305594e-15], ""passed"": true}"
Upstream main,equatorial_frames_4_symbolic,static: each control-flow region counted once,85,flat circuit,,,0.500131,"[0.539859, 0.526515, 0.500131, 0.495395, 0.478738]",equatorial_frames,2ff7e9fd83b36271b3ebee8edddaa3815481887e6c05757b8ab745ec2de8162e,11535,symbolic,96,48,12,85,48,0,"{""rz"": 48, ""rx"": 48, ""rzz"": 12}",synthetic,1.00871,"[0.977333, 1.059622, 1.00871, 1.054261, 1.004742]",4,9,exported,1.80505,"[1.837402, 1.808474, 1.80505, 1.798074, 1.778442]",rxrz_rzz_unbounded,12,"{""kind"": ""full_matrix_including_phase"", ""max_error"": 1.1916681118978814e-14, ""samples"": [1.1022563465713405e-14, 1.1916681118978814e-14, 1.1544751426487991e-14], ""passed"": true}"
Upstream main,equatorial_frames_4_symbolic,,,,"__init__(): incompatible function arguments. The following argument types are supported:
    1. __init__(self, name: str, arity: mqt.core.mlir.CompilerTarget.OperationArity, num_parameters: int, site_tuples: collections.abc.Sequence[mqt.core.mlir.CompilerTarget.SiteTuple] | None = None, duration: int | None = None, fidelity: float | None = None, *, fixed_parameters: collections.abc.Sequence[float | None] = [], canonical_name: str | None = None) -> None
    2. __init__(self, name: str, arity: int, num_parameters: int, site_tuples: collections.abc.Sequence[mqt.core.mlir.CompilerTarget.SiteTuple] | None = None, duration: int | None = None, fidelity: float | None = None, *, fixed_parameters: collections.abc.Sequence[float | None] = [], canonical_name: str | None = None) -> None

Invoked with types: mqt.core.mlir.OperationCapability, kwargs = { name: str, arity: int, num_parameters: int, parameter_bounds: list }",,,,equatorial_frames,2ff7e9fd83b36271b3ebee8edddaa3815481887e6c05757b8ab745ec2de8162e,,symbolic,,,,,,,,synthetic,1.00871,"[0.977333, 1.059622, 1.00871, 1.054261, 1.004742]",4,,target_unsupported,,,ibm_fractional_bounded,,
Upstream main,equatorial_frames_4_symbolic,,,,"Target synthesis failed: loc(""/tmp/core-synthesis-evaluation/corpus/equatorial_frames_4_symbolic.mlir"":1:1): target compilation requires a single-qubit synthesis basis
loc(""/tmp/core-synthesis-evaluation/corpus/equatorial_frames_4_symbolic.mlir"":1:1): failed to synthesize the QCO program for the target",,,,equatorial_frames,2ff7e9fd83b36271b3ebee8edddaa3815481887e6c05757b8ab745ec2de8162e,,symbolic,,,,,,,,synthetic,1.00871,"[0.977333, 1.059622, 1.00871, 1.054261, 1.004742]",4,,synthesis_failed,,,ionq_fixed_r_zz,,
Upstream main,equatorial_frames_4_symbolic,static: each control-flow region counted once,72,flat circuit,,,0.782196,"[0.827045, 0.802164, 0.782196, 0.770292, 0.766421]",equatorial_frames,2ff7e9fd83b36271b3ebee8edddaa3815481887e6c05757b8ab745ec2de8162e,13517,symbolic,60,24,12,72,36,0,"{""rz"": 36, ""rxpi2"": 24, ""cz"": 12}",synthetic,1.00871,"[0.977333, 1.059622, 1.00871, 1.054261, 1.004742]",4,66,exported,2.057019,"[2.084108, 2.082523, 2.057019, 2.037371, 2.041227]",rigetti_rx_cz,12,"{""kind"": ""full_matrix_including_phase"", ""max_error"": 1.2174545926647187e-15, ""samples"": [1.2174545926647187e-15, 8.95090418262362e-16, 8.459761032879693e-16], ""passed"": true}"
Upstream main,equatorial_frames_4_symbolic,static: each control-flow region counted once,169,flat circuit,,,1.692009,"[2.298717, 1.711401, 1.692009, 1.662825, 1.648393]",equatorial_frames,2ff7e9fd83b36271b3ebee8edddaa3815481887e6c05757b8ab745ec2de8162e,25406,symbolic,220,84,24,169,136,0,"{""rz"": 136, ""rxpi2"": 60, ""rxpi"": 24, ""iswap"": 24}",synthetic,1.00871,"[0.977333, 1.059622, 1.00871, 1.054261, 1.004742]",4,130,exported,2.810831,"[2.838399, 2.82296, 2.810831, 2.784095, 2.787855]",rigetti_rx_iswap,24,"{""kind"": ""full_matrix_including_phase"", ""max_error"": 1.2004920162603107e-14, ""samples"": [1.1469334655223673e-14, 1.0778315928076987e-14, 1.2004920162603107e-14], ""passed"": true}"
Upstream main,efficient_su2_8_numeric,static: each control-flow region counted once,87,flat circuit,,,0.984677,"[1.036357, 0.996182, 0.984677, 0.978325, 0.978822]",efficient_su2,61dcf5cd5f16f5335990b02319f38a918049ae3a7a8403e194a0a490d44cb5e2,27179,numeric,216,216,24,87,0,0,"{""r"": 216, ""cz"": 24}",synthetic,1.465944,"[1.46724, 1.477496, 1.424344, 1.465944, 1.419464]",8,101,exported,4.115766,"[4.158263, 4.151383, 4.115766, 4.095302, 4.10095]",iqm_r_cz,24,"{""kind"": ""sample_state_including_phase"", ""max_error"": 3.030954607830199e-16, ""samples"": [3.030954607830199e-16], ""passed"": true}"
Upstream main,efficient_su2_8_numeric,static: each control-flow region counted once,42,flat circuit,,,0.694532,"[0.737876, 0.705971, 0.694532, 0.691444, 0.679204]",efficient_su2,61dcf5cd5f16f5335990b02319f38a918049ae3a7a8403e194a0a490d44cb5e2,19454,numeric,145,64,24,42,81,0,"{""sx"": 64, ""rz"": 81, ""cx"": 24}",synthetic,1.465944,"[1.46724, 1.477496, 1.424344, 1.465944, 1.419464]",8,69,exported,3.776277,"[3.785573, 3.796549, 3.776277, 3.759861, 3.76874]",ibm_sxz_cx,24,"{""kind"": ""sample_state_including_phase"", ""max_error"": 1.804800335240263e-16, ""samples"": [1.804800335240263e-16], ""passed"": true}"
Upstream main,efficient_su2_8_numeric,static: each control-flow region counted once,114,flat circuit,,,1.013846,"[1.049046, 1.015045, 1.00295, 1.012469, 1.013846]",efficient_su2,61dcf5cd5f16f5335990b02319f38a918049ae3a7a8403e194a0a490d44cb5e2,26466,numeric,267,112,24,114,155,0,"{""sx"": 112, ""rz"": 155, ""cz"": 24}",synthetic,1.465944,"[1.46724, 1.477496, 1.424344, 1.465944, 1.419464]",8,73,exported,4.264663,"[4.309239, 4.279815, 4.264663, 4.250151, 4.249223]",ibm_sxz_cz,24,"{""kind"": ""sample_state_including_phase"", ""max_error"": 2.702607872794089e-16, ""samples"": [2.702607872794089e-16], ""passed"": true}"
Upstream main,efficient_su2_8_numeric,static: each control-flow region counted once,111,flat circuit,,,1.08535,"[1.10311, 1.08535, 1.137382, 1.066518, 1.061701]",efficient_su2,61dcf5cd5f16f5335990b02319f38a918049ae3a7a8403e194a0a490d44cb5e2,28621,numeric,312,208,24,111,104,0,"{""rx"": 208, ""rz"": 104, ""rzz"": 24}",synthetic,1.465944,"[1.46724, 1.477496, 1.424344, 1.465944, 1.419464]",8,104,exported,3.995334,"[4.158663, 3.995334, 3.99415, 3.986677, 4.012709]",rxrz_rzz_unbounded,24,"{""kind"": ""sample_state_including_phase"", ""max_error"": 3.0060570586118027e-15, ""samples"": [3.0060570586118027e-15], ""passed"": true}"
Upstream main,efficient_su2_8_numeric,,,,"__init__(): incompatible function arguments. The following argument types are supported:
    1. __init__(self, name: str, arity: mqt.core.mlir.CompilerTarget.OperationArity, num_parameters: int, site_tuples: collections.abc.Sequence[mqt.core.mlir.CompilerTarget.SiteTuple] | None = None, duration: int | None = None, fidelity: float | None = None, *, fixed_parameters: collections.abc.Sequence[float | None] = [], canonical_name: str | None = None) -> None
    2. __init__(self, name: str, arity: int, num_parameters: int, site_tuples: collections.abc.Sequence[mqt.core.mlir.CompilerTarget.SiteTuple] | None = None, duration: int | None = None, fidelity: float | None = None, *, fixed_parameters: collections.abc.Sequence[float | None] = [], canonical_name: str | None = None) -> None

Invoked with types: mqt.core.mlir.OperationCapability, kwargs = { name: str, arity: int, num_parameters: int, parameter_bounds: list }",,,,efficient_su2,61dcf5cd5f16f5335990b02319f38a918049ae3a7a8403e194a0a490d44cb5e2,,numeric,,,,,,,,synthetic,1.465944,"[1.46724, 1.477496, 1.424344, 1.465944, 1.419464]",8,,target_unsupported,,,ibm_fractional_bounded,,
Upstream main,efficient_su2_8_numeric,,,,"Target synthesis failed: loc(""/tmp/core-synthesis-evaluation/corpus/efficient_su2_8_numeric.mlir"":1:1): target compilation requires a single-qubit synthesis basis
loc(""/tmp/core-synthesis-evaluation/corpus/efficient_su2_8_numeric.mlir"":1:1): failed to synthesize the QCO program for the target",,,,efficient_su2,61dcf5cd5f16f5335990b02319f38a918049ae3a7a8403e194a0a490d44cb5e2,,numeric,,,,,,,,synthetic,1.465944,"[1.46724, 1.477496, 1.424344, 1.465944, 1.419464]",8,,synthesis_failed,,,ionq_fixed_r_zz,,
Upstream main,efficient_su2_8_numeric,static: each control-flow region counted once,114,flat circuit,,,1.733225,"[1.787466, 1.733225, 1.702314, 1.691417, 1.815498]",efficient_su2,61dcf5cd5f16f5335990b02319f38a918049ae3a7a8403e194a0a490d44cb5e2,27979,numeric,267,112,24,114,155,0,"{""rxpi2"": 112, ""rz"": 155, ""cz"": 24}",synthetic,1.465944,"[1.46724, 1.477496, 1.424344, 1.465944, 1.419464]",8,74,exported,4.335831,"[4.364472, 4.335831, 4.328023, 4.335, 4.33716]",rigetti_rx_cz,24,"{""kind"": ""sample_state_including_phase"", ""max_error"": 3.517829920308685e-16, ""samples"": [3.517829920308685e-16], ""passed"": true}"
Upstream main,efficient_su2_8_numeric,static: each control-flow region counted once,257,flat circuit,,,2.511758,"[2.559597, 2.511758, 3.221713, 2.50291, 2.477629]",efficient_su2,61dcf5cd5f16f5335990b02319f38a918049ae3a7a8403e194a0a490d44cb5e2,40358,numeric,467,184,48,257,283,0,"{""rxpi2"": 112, ""rz"": 283, ""rxpi"": 72, ""iswap"": 48}",synthetic,1.465944,"[1.46724, 1.477496, 1.424344, 1.465944, 1.419464]",8,82,exported,4.963627,"[4.999116, 4.969259, 4.962331, 4.963627, 4.955995]",rigetti_rx_iswap,48,"{""kind"": ""sample_state_including_phase"", ""max_error"": 3.1707024946691817e-15, ""samples"": [3.1707024946691817e-15], ""passed"": true}"
Upstream main,pauli_layers_8_numeric,static: each control-flow region counted once,196,flat circuit,,,1.486728,"[1.551368, 1.513784, 1.48364, 1.486728, 1.46468]",pauli_layers,6c730dd0333835f6e7669a7282790d012cc470e1e1f47fd66c28d5052544c1f6,41921,numeric,304,304,48,196,0,0,"{""r"": 304, ""cz"": 48}",synthetic,1.405272,"[1.405272, 1.445448, 1.378535, 1.426024, 1.378231]",8,130,exported,3.956517,"[4.02919, 3.965653, 3.955669, 3.956517, 3.928965]",iqm_r_cz,48,"{""kind"": ""sample_state_including_phase"", ""max_error"": 3.2879522447618414e-15, ""samples"": [3.2879522447618414e-15], ""passed"": true}"
Upstream main,pauli_layers_8_numeric,static: each control-flow region counted once,257,flat circuit,,,1.624425,"[1.63468, 1.643769, 1.620553, 1.624425, 1.618985]",pauli_layers,6c730dd0333835f6e7669a7282790d012cc470e1e1f47fd66c28d5052544c1f6,43659,numeric,395,152,48,257,243,0,"{""sx"": 150, ""rz"": 243, ""cx"": 48, ""x"": 2}",synthetic,1.405272,"[1.405272, 1.445448, 1.378535, 1.426024, 1.378231]",8,136,exported,4.401976,"[4.425192, 4.461624, 4.401976, 4.380504, 4.360727]",ibm_sxz_cx,48,"{""kind"": ""sample_state_including_phase"", ""max_error"": 5.977251978320701e-15, ""samples"": [5.977251978320701e-15], ""passed"": true}"
Upstream main,pauli_layers_8_numeric,static: each control-flow region counted once,288,flat circuit,,,1.83113,"[1.901466, 1.86873, 1.82945, 1.83113, 1.821498]",pauli_layers,6c730dd0333835f6e7669a7282790d012cc470e1e1f47fd66c28d5052544c1f6,48631,numeric,475,189,48,288,286,0,"{""sx"": 186, ""rz"": 286, ""cz"": 48, ""x"": 3}",synthetic,1.405272,"[1.405272, 1.445448, 1.378535, 1.426024, 1.378231]",8,147,exported,4.574713,"[4.605688, 4.591177, 4.574713, 4.552664, 4.544201]",ibm_sxz_cz,48,"{""kind"": ""sample_state_including_phase"", ""max_error"": 6.42925123411825e-15, ""samples"": [6.42925123411825e-15], ""passed"": true}"
Upstream main,pauli_layers_8_numeric,static: each control-flow region counted once,198,flat circuit,,,1.188966,"[1.237271, 1.188966, 1.186406, 1.192231, 1.171254]",pauli_layers,6c730dd0333835f6e7669a7282790d012cc470e1e1f47fd66c28d5052544c1f6,34675,numeric,308,205,48,198,103,0,"{""rx"": 205, ""rz"": 103, ""rzz"": 48}",synthetic,1.405272,"[1.405272, 1.445448, 1.378535, 1.426024, 1.378231]",8,148,exported,3.547491,"[3.603988, 3.586692, 3.547491, 3.535011, 3.536819]",rxrz_rzz_unbounded,48,"{""kind"": ""sample_state_including_phase"", ""max_error"": 7.482753390844705e-16, ""samples"": [7.482753390844705e-16], ""passed"": true}"
Upstream main,pauli_layers_8_numeric,,,,"__init__(): incompatible function arguments. The following argument types are supported:
    1. __init__(self, name: str, arity: mqt.core.mlir.CompilerTarget.OperationArity, num_parameters: int, site_tuples: collections.abc.Sequence[mqt.core.mlir.CompilerTarget.SiteTuple] | None = None, duration: int | None = None, fidelity: float | None = None, *, fixed_parameters: collections.abc.Sequence[float | None] = [], canonical_name: str | None = None) -> None
    2. __init__(self, name: str, arity: int, num_parameters: int, site_tuples: collections.abc.Sequence[mqt.core.mlir.CompilerTarget.SiteTuple] | None = None, duration: int | None = None, fidelity: float | None = None, *, fixed_parameters: collections.abc.Sequence[float | None] = [], canonical_name: str | None = None) -> None

Invoked with types: mqt.core.mlir.OperationCapability, kwargs = { name: str, arity: int, num_parameters: int, parameter_bounds: list }",,,,pauli_layers,6c730dd0333835f6e7669a7282790d012cc470e1e1f47fd66c28d5052544c1f6,,numeric,,,,,,,,synthetic,1.405272,"[1.405272, 1.445448, 1.378535, 1.426024, 1.378231]",8,,target_unsupported,,,ibm_fractional_bounded,,
Upstream main,pauli_layers_8_numeric,,,,"Target synthesis failed: loc(""/tmp/core-synthesis-evaluation/corpus/pauli_layers_8_numeric.mlir"":1:1): target compilation requires a single-qubit synthesis basis
loc(""/tmp/core-synthesis-evaluation/corpus/pauli_layers_8_numeric.mlir"":1:1): failed to synthesize the QCO program for the target",,,,pauli_layers,6c730dd0333835f6e7669a7282790d012cc470e1e1f47fd66c28d5052544c1f6,,numeric,,,,,,,,synthetic,1.405272,"[1.405272, 1.445448, 1.378535, 1.426024, 1.378231]",8,,synthesis_failed,,,ionq_fixed_r_zz,,
Upstream main,pauli_layers_8_numeric,static: each control-flow region counted once,288,flat circuit,,,2.911008,"[2.954464, 2.911008, 3.064016, 2.88784, 2.885392]",pauli_layers,6c730dd0333835f6e7669a7282790d012cc470e1e1f47fd66c28d5052544c1f6,50088,numeric,463,185,48,288,278,0,"{""rxpi2"": 182, ""rz"": 278, ""cz"": 48, ""rxpi"": 3}",synthetic,1.405272,"[1.405272, 1.445448, 1.378535, 1.426024, 1.378231]",8,144,exported,4.77441,"[4.813098, 4.761866, 4.77441, 4.776042, 4.749753]",rigetti_rx_cz,48,"{""kind"": ""sample_state_including_phase"", ""max_error"": 5.662018374686417e-15, ""samples"": [5.662018374686417e-15], ""passed"": true}"
Upstream main,pauli_layers_8_numeric,static: each control-flow region counted once,277,flat circuit,,,2.478798,"[2.657742, 2.478798, 2.462877, 2.529662, 2.453389]",pauli_layers,6c730dd0333835f6e7669a7282790d012cc470e1e1f47fd66c28d5052544c1f6,41671,numeric,428,185,48,277,243,0,"{""rxpi2"": 177, ""rz"": 243, ""iswap"": 48, ""rxpi"": 8}",synthetic,1.405272,"[1.405272, 1.445448, 1.378535, 1.426024, 1.378231]",8,142,exported,4.417016,"[4.472072, 4.435368, 4.417016, 4.405655, 4.391288]",rigetti_rx_iswap,48,"{""kind"": ""sample_state_including_phase"", ""max_error"": 7.802785423612615e-16, ""samples"": [7.802785423612615e-16], ""passed"": true}"
Upstream main,equatorial_frames_8_numeric,static: each control-flow region counted once,96,flat circuit,,,0.550531,"[0.597171, 0.556483, 0.550531, 0.543107, 0.537587]",equatorial_frames,aee0464522bb7d0c2b83297928f54065455fbc6b741d6bd5fa50e6785e6ccd76,16445,numeric,72,72,24,96,0,0,"{""r"": 72, ""cz"": 24}",synthetic,1.332136,"[1.339415, 1.355431, 1.296247, 1.332136, 1.294054]",8,75,exported,3.075648,"[3.153473, 3.104944, 3.064128, 3.075648, 3.07056]",iqm_r_cz,24,"{""kind"": ""sample_state_including_phase"", ""max_error"": 2.8066088919804617e-16, ""samples"": [2.8066088919804617e-16], ""passed"": true}"
Upstream main,equatorial_frames_8_numeric,static: each control-flow region counted once,193,flat circuit,,,0.896629,"[0.922725, 0.900709, 0.896629, 0.883508, 0.885173]",equatorial_frames,aee0464522bb7d0c2b83297928f54065455fbc6b741d6bd5fa50e6785e6ccd76,22882,numeric,241,96,24,193,145,0,"{""rz"": 145, ""sx"": 96, ""cx"": 24}",synthetic,1.332136,"[1.339415, 1.355431, 1.296247, 1.332136, 1.294054]",8,33,exported,3.485347,"[3.529411, 3.493859, 3.485347, 3.479267, 3.461522]",ibm_sxz_cx,24,"{""kind"": ""sample_state_including_phase"", ""max_error"": 2.797157557069881e-16, ""samples"": [2.797157557069881e-16], ""passed"": true}"
Upstream main,equatorial_frames_8_numeric,static: each control-flow region counted once,144,flat circuit,,,0.594595,"[0.619651, 0.599027, 0.594595, 0.580564, 0.580451]",equatorial_frames,aee0464522bb7d0c2b83297928f54065455fbc6b741d6bd5fa50e6785e6ccd76,15955,numeric,120,48,24,144,72,0,"{""rz"": 72, ""sx"": 48, ""cz"": 24}",synthetic,1.332136,"[1.339415, 1.355431, 1.296247, 1.332136, 1.294054]",8,29,exported,3.096545,"[3.127617, 3.123649, 3.096545, 3.094593, 3.084337]",ibm_sxz_cz,24,"{""kind"": ""sample_state_including_phase"", ""max_error"": 2.6443013074044547e-16, ""samples"": [2.6443013074044547e-16], ""passed"": true}"
Upstream main,equatorial_frames_8_numeric,static: each control-flow region counted once,145,flat circuit,,,0.666884,"[0.697875, 0.672004, 0.666884, 0.657571, 0.658356]",equatorial_frames,aee0464522bb7d0c2b83297928f54065455fbc6b741d6bd5fa50e6785e6ccd76,18790,numeric,168,96,24,145,72,0,"{""rx"": 96, ""rz"": 72, ""rzz"": 24}",synthetic,1.332136,"[1.339415, 1.355431, 1.296247, 1.332136, 1.294054]",8,78,exported,3.120913,"[3.186817, 3.145746, 3.120913, 3.112337, 3.111025]",rxrz_rzz_unbounded,24,"{""kind"": ""sample_state_including_phase"", ""max_error"": 3.1350979293212566e-15, ""samples"": [3.1350979293212566e-15], ""passed"": true}"
Upstream main,equatorial_frames_8_numeric,,,,"__init__(): incompatible function arguments. The following argument types are supported:
    1. __init__(self, name: str, arity: mqt.core.mlir.CompilerTarget.OperationArity, num_parameters: int, site_tuples: collections.abc.Sequence[mqt.core.mlir.CompilerTarget.SiteTuple] | None = None, duration: int | None = None, fidelity: float | None = None, *, fixed_parameters: collections.abc.Sequence[float | None] = [], canonical_name: str | None = None) -> None
    2. __init__(self, name: str, arity: int, num_parameters: int, site_tuples: collections.abc.Sequence[mqt.core.mlir.CompilerTarget.SiteTuple] | None = None, duration: int | None = None, fidelity: float | None = None, *, fixed_parameters: collections.abc.Sequence[float | None] = [], canonical_name: str | None = None) -> None

Invoked with types: mqt.core.mlir.OperationCapability, kwargs = { name: str, arity: int, num_parameters: int, parameter_bounds: list }",,,,equatorial_frames,aee0464522bb7d0c2b83297928f54065455fbc6b741d6bd5fa50e6785e6ccd76,,numeric,,,,,,,,synthetic,1.332136,"[1.339415, 1.355431, 1.296247, 1.332136, 1.294054]",8,,target_unsupported,,,ibm_fractional_bounded,,
Upstream main,equatorial_frames_8_numeric,,,,"Target synthesis failed: loc(""/tmp/core-synthesis-evaluation/corpus/equatorial_frames_8_numeric.mlir"":1:1): target compilation requires a single-qubit synthesis basis
loc(""/tmp/core-synthesis-evaluation/corpus/equatorial_frames_8_numeric.mlir"":1:1): failed to synthesize the QCO program for the target",,,,equatorial_frames,aee0464522bb7d0c2b83297928f54065455fbc6b741d6bd5fa50e6785e6ccd76,,numeric,,,,,,,,synthetic,1.332136,"[1.339415, 1.355431, 1.296247, 1.332136, 1.294054]",8,,synthesis_failed,,,ionq_fixed_r_zz,,
Upstream main,equatorial_frames_8_numeric,static: each control-flow region counted once,144,flat circuit,,,0.960181,"[1.001509, 0.960181, 0.949797, 0.945558, 1.242614]",equatorial_frames,aee0464522bb7d0c2b83297928f54065455fbc6b741d6bd5fa50e6785e6ccd76,16890,numeric,120,48,24,144,72,0,"{""rz"": 72, ""rxpi2"": 48, ""cz"": 24}",synthetic,1.332136,"[1.339415, 1.355431, 1.296247, 1.332136, 1.294054]",8,30,exported,3.208034,"[3.242113, 3.202625, 3.208034, 3.164913, 3.211633]",rigetti_rx_cz,24,"{""kind"": ""sample_state_including_phase"", ""max_error"": 2.0026854743534788e-16, ""samples"": [2.0026854743534788e-16], ""passed"": true}"
Upstream main,equatorial_frames_8_numeric,static: each control-flow region counted once,337,flat circuit,,,2.3003,"[2.316013, 2.3003, 2.420877, 2.291277, 2.257116]",equatorial_frames,aee0464522bb7d0c2b83297928f54065455fbc6b741d6bd5fa50e6785e6ccd76,36278,numeric,440,168,48,337,272,0,"{""rz"": 272, ""rxpi2"": 120, ""rxpi"": 48, ""iswap"": 48}",synthetic,1.332136,"[1.339415, 1.355431, 1.296247, 1.332136, 1.294054]",8,38,exported,4.224647,"[4.273991, 4.233014, 4.224647, 4.197927, 4.223831]",rigetti_rx_iswap,48,"{""kind"": ""sample_state_including_phase"", ""max_error"": 3.0180998017332827e-15, ""samples"": [3.0180998017332827e-15], ""passed"": true}"
Upstream main,efficient_su2_8_symbolic,static: each control-flow region counted once,91,flat circuit,,,2.271628,"[2.331164, 2.284765, 2.271628, 2.260604, 2.261341]",efficient_su2,45671e1821b33460653cab97584d9dd7220a77f94476ba5f67a0a0dcce024b00,43396,symbolic,248,248,24,91,0,0,"{""r"": 248, ""cz"": 24}",synthetic,2.133292,"[2.133292, 2.1975, 2.089035, 2.150428, 2.105899]",8,137,exported,8.134028,"[8.209213, 8.031804, 8.134028, 8.009147, 8.163021]",iqm_r_cz,24,"{""kind"": ""sample_state_including_phase"", ""max_error"": 2.9766560853408183e-16, ""samples"": [2.9766560853408183e-16, 2.9095817245434343e-16, 2.6990424254992216e-16], ""passed"": true}"
Upstream main,efficient_su2_8_symbolic,static: each control-flow region counted once,40,flat circuit,,,2.178507,"[2.228333, 2.178507, 2.15318, 2.161356, 2.180955]",efficient_su2,45671e1821b33460653cab97584d9dd7220a77f94476ba5f67a0a0dcce024b00,41423,symbolic,128,64,24,40,64,0,"{""sx"": 64, ""rz"": 64, ""cx"": 24}",synthetic,2.133292,"[2.133292, 2.1975, 2.089035, 2.150428, 2.105899]",8,323,exported,8.662879,"[8.859632, 8.662879, 8.766672, 8.652943, 8.621167]",ibm_sxz_cx,24,"{""kind"": ""sample_state_including_phase"", ""max_error"": 3.3308497693360055e-16, ""samples"": [3.2398021848425308e-16, 3.3308497693360055e-16, 2.2887833992611187e-16], ""passed"": true}"
Upstream main,efficient_su2_8_symbolic,static: each control-flow region counted once,114,flat circuit,,,2.97328,"[3.155857, 2.985984, 2.97328, 2.957696, 2.960944]",efficient_su2,45671e1821b33460653cab97584d9dd7220a77f94476ba5f67a0a0dcce024b00,52509,symbolic,251,112,24,114,139,0,"{""sx"": 112, ""rz"": 139, ""cz"": 24}",synthetic,2.133292,"[2.133292, 2.1975, 2.089035, 2.150428, 2.105899]",8,432,exported,9.678565,"[9.678565, 9.784917, 9.618916, 9.667636, 9.787413]",ibm_sxz_cz,24,"{""kind"": ""sample_state_including_phase"", ""max_error"": 3.356589068483857e-16, ""samples"": [2.9782731741931367e-16, 3.356589068483857e-16, 3.3467127652111137e-16], ""passed"": true}"
Upstream main,efficient_su2_8_symbolic,static: each control-flow region counted once,115,flat circuit,,,2.346413,"[2.394285, 2.350813, 2.339212, 2.320509, 2.346413]",efficient_su2,45671e1821b33460653cab97584d9dd7220a77f94476ba5f67a0a0dcce024b00,44703,symbolic,344,208,24,115,136,0,"{""rx"": 208, ""rz"": 136, ""rzz"": 24}",synthetic,2.133292,"[2.133292, 2.1975, 2.089035, 2.150428, 2.105899]",8,142,exported,8.158012,"[8.201724, 8.158012, 8.12814, 8.159132, 8.104331]",rxrz_rzz_unbounded,24,"{""kind"": ""sample_state_including_phase"", ""max_error"": 3.4110645426713424e-15, ""samples"": [3.210661525969102e-15, 3.0873633541844905e-15, 3.4110645426713424e-15], ""passed"": true}"
Upstream main,efficient_su2_8_symbolic,,,,"__init__(): incompatible function arguments. The following argument types are supported:
    1. __init__(self, name: str, arity: mqt.core.mlir.CompilerTarget.OperationArity, num_parameters: int, site_tuples: collections.abc.Sequence[mqt.core.mlir.CompilerTarget.SiteTuple] | None = None, duration: int | None = None, fidelity: float | None = None, *, fixed_parameters: collections.abc.Sequence[float | None] = [], canonical_name: str | None = None) -> None
    2. __init__(self, name: str, arity: int, num_parameters: int, site_tuples: collections.abc.Sequence[mqt.core.mlir.CompilerTarget.SiteTuple] | None = None, duration: int | None = None, fidelity: float | None = None, *, fixed_parameters: collections.abc.Sequence[float | None] = [], canonical_name: str | None = None) -> None

Invoked with types: mqt.core.mlir.OperationCapability, kwargs = { name: str, arity: int, num_parameters: int, parameter_bounds: list }",,,,efficient_su2,45671e1821b33460653cab97584d9dd7220a77f94476ba5f67a0a0dcce024b00,,symbolic,,,,,,,,synthetic,2.133292,"[2.133292, 2.1975, 2.089035, 2.150428, 2.105899]",8,,target_unsupported,,,ibm_fractional_bounded,,
Upstream main,efficient_su2_8_symbolic,,,,"Target synthesis failed: loc(""/tmp/core-synthesis-evaluation/corpus/efficient_su2_8_symbolic.mlir"":1:1): target compilation requires a single-qubit synthesis basis
loc(""/tmp/core-synthesis-evaluation/corpus/efficient_su2_8_symbolic.mlir"":1:1): failed to synthesize the QCO program for the target",,,,efficient_su2,45671e1821b33460653cab97584d9dd7220a77f94476ba5f67a0a0dcce024b00,,symbolic,,,,,,,,synthetic,2.133292,"[2.133292, 2.1975, 2.089035, 2.150428, 2.105899]",8,,synthesis_failed,,,ionq_fixed_r_zz,,
Upstream main,efficient_su2_8_symbolic,static: each control-flow region counted once,114,flat circuit,,,3.68546,"[3.734212, 3.665108, 3.674612, 3.68546, 3.923365]",efficient_su2,45671e1821b33460653cab97584d9dd7220a77f94476ba5f67a0a0dcce024b00,53909,symbolic,251,112,24,114,139,0,"{""rxpi2"": 112, ""rz"": 139, ""cz"": 24}",synthetic,2.133292,"[2.133292, 2.1975, 2.089035, 2.150428, 2.105899]",8,433,exported,9.125569,"[9.125569, 9.195458, 9.039809, 9.034721, 9.166402]",rigetti_rx_cz,24,"{""kind"": ""sample_state_including_phase"", ""max_error"": 4.553442605056512e-16, ""samples"": [3.498640950825924e-16, 3.7192730237993177e-16, 4.553442605056512e-16], ""passed"": true}"
Upstream main,efficient_su2_8_symbolic,static: each control-flow region counted once,256,flat circuit,,,4.605193,"[4.668361, 4.605193, 4.806938, 4.540281, 4.547784]",efficient_su2,45671e1821b33460653cab97584d9dd7220a77f94476ba5f67a0a0dcce024b00,67730,symbolic,464,184,48,256,280,0,"{""rxpi2"": 112, ""rz"": 280, ""rxpi"": 72, ""iswap"": 48}",synthetic,2.133292,"[2.133292, 2.1975, 2.089035, 2.150428, 2.105899]",8,456,exported,10.593913,"[10.593913, 10.559929, 10.716186, 10.554041, 10.652778]",rigetti_rx_iswap,48,"{""kind"": ""sample_state_including_phase"", ""max_error"": 3.954615592274657e-15, ""samples"": [3.1834628881706905e-15, 3.38871026991227e-15, 3.954615592274657e-15], ""passed"": true}"
Upstream main,pauli_layers_8_symbolic,,,,"Target synthesis failed: loc(""/tmp/core-synthesis-evaluation/corpus/pauli_layers_8_symbolic.mlir"":375:40): target-native synthesis cannot lower operation 'qco.rxx': its unitary matrix is not available at compile time
loc(""/tmp/core-synthesis-evaluation/corpus/pauli_layers_8_symbolic.mlir"":1:1): failed to synthesize the QCO program for the target",,,,pauli_layers,417b3dc33bf0becacf59aec3a661e73c3f206edb562c4b9dc63cf541fde53986,,symbolic,,,,,,,,synthetic,1.595993,"[1.603465, 1.611945, 1.558504, 1.595993, 1.544008]",8,,synthesis_failed,,,iqm_r_cz,,
Upstream main,pauli_layers_8_symbolic,,,,"Target synthesis failed: loc(""/tmp/core-synthesis-evaluation/corpus/pauli_layers_8_symbolic.mlir"":375:40): target-native synthesis cannot lower operation 'qco.rxx': its unitary matrix is not available at compile time
loc(""/tmp/core-synthesis-evaluation/corpus/pauli_layers_8_symbolic.mlir"":1:1): failed to synthesize the QCO program for the target",,,,pauli_layers,417b3dc33bf0becacf59aec3a661e73c3f206edb562c4b9dc63cf541fde53986,,symbolic,,,,,,,,synthetic,1.595993,"[1.603465, 1.611945, 1.558504, 1.595993, 1.544008]",8,,synthesis_failed,,,ibm_sxz_cx,,
Upstream main,pauli_layers_8_symbolic,,,,"Target synthesis failed: loc(""/tmp/core-synthesis-evaluation/corpus/pauli_layers_8_symbolic.mlir"":375:40): target-native synthesis cannot lower operation 'qco.rxx': its unitary matrix is not available at compile time
loc(""/tmp/core-synthesis-evaluation/corpus/pauli_layers_8_symbolic.mlir"":1:1): failed to synthesize the QCO program for the target",,,,pauli_layers,417b3dc33bf0becacf59aec3a661e73c3f206edb562c4b9dc63cf541fde53986,,symbolic,,,,,,,,synthetic,1.595993,"[1.603465, 1.611945, 1.558504, 1.595993, 1.544008]",8,,synthesis_failed,,,ibm_sxz_cz,,
Upstream main,pauli_layers_8_symbolic,,,,"Target synthesis failed: loc(""/tmp/core-synthesis-evaluation/corpus/pauli_layers_8_symbolic.mlir"":375:40): target-native synthesis cannot lower operation 'qco.rxx': its unitary matrix is not available at compile time
loc(""/tmp/core-synthesis-evaluation/corpus/pauli_layers_8_symbolic.mlir"":1:1): failed to synthesize the QCO program for the target",,,,pauli_layers,417b3dc33bf0becacf59aec3a661e73c3f206edb562c4b9dc63cf541fde53986,,symbolic,,,,,,,,synthetic,1.595993,"[1.603465, 1.611945, 1.558504, 1.595993, 1.544008]",8,,synthesis_failed,,,rxrz_rzz_unbounded,,
Upstream main,pauli_layers_8_symbolic,,,,"__init__(): incompatible function arguments. The following argument types are supported:
    1. __init__(self, name: str, arity: mqt.core.mlir.CompilerTarget.OperationArity, num_parameters: int, site_tuples: collections.abc.Sequence[mqt.core.mlir.CompilerTarget.SiteTuple] | None = None, duration: int | None = None, fidelity: float | None = None, *, fixed_parameters: collections.abc.Sequence[float | None] = [], canonical_name: str | None = None) -> None
    2. __init__(self, name: str, arity: int, num_parameters: int, site_tuples: collections.abc.Sequence[mqt.core.mlir.CompilerTarget.SiteTuple] | None = None, duration: int | None = None, fidelity: float | None = None, *, fixed_parameters: collections.abc.Sequence[float | None] = [], canonical_name: str | None = None) -> None

Invoked with types: mqt.core.mlir.OperationCapability, kwargs = { name: str, arity: int, num_parameters: int, parameter_bounds: list }",,,,pauli_layers,417b3dc33bf0becacf59aec3a661e73c3f206edb562c4b9dc63cf541fde53986,,symbolic,,,,,,,,synthetic,1.595993,"[1.603465, 1.611945, 1.558504, 1.595993, 1.544008]",8,,target_unsupported,,,ibm_fractional_bounded,,
Upstream main,pauli_layers_8_symbolic,,,,"Target synthesis failed: loc(""/tmp/core-synthesis-evaluation/corpus/pauli_layers_8_symbolic.mlir"":1:1): target compilation requires a single-qubit synthesis basis
loc(""/tmp/core-synthesis-evaluation/corpus/pauli_layers_8_symbolic.mlir"":1:1): failed to synthesize the QCO program for the target",,,,pauli_layers,417b3dc33bf0becacf59aec3a661e73c3f206edb562c4b9dc63cf541fde53986,,symbolic,,,,,,,,synthetic,1.595993,"[1.603465, 1.611945, 1.558504, 1.595993, 1.544008]",8,,synthesis_failed,,,ionq_fixed_r_zz,,
Upstream main,pauli_layers_8_symbolic,,,,"Target synthesis failed: loc(""/tmp/core-synthesis-evaluation/corpus/pauli_layers_8_symbolic.mlir"":375:40): target-native synthesis cannot lower operation 'qco.rxx': its unitary matrix is not available at compile time
loc(""/tmp/core-synthesis-evaluation/corpus/pauli_layers_8_symbolic.mlir"":1:1): failed to synthesize the QCO program for the target",,,,pauli_layers,417b3dc33bf0becacf59aec3a661e73c3f206edb562c4b9dc63cf541fde53986,,symbolic,,,,,,,,synthetic,1.595993,"[1.603465, 1.611945, 1.558504, 1.595993, 1.544008]",8,,synthesis_failed,,,rigetti_rx_cz,,
Upstream main,pauli_layers_8_symbolic,,,,"Target synthesis failed: loc(""/tmp/core-synthesis-evaluation/corpus/pauli_layers_8_symbolic.mlir"":375:40): target-native synthesis cannot lower operation 'qco.rxx': its unitary matrix is not available at compile time
loc(""/tmp/core-synthesis-evaluation/corpus/pauli_layers_8_symbolic.mlir"":1:1): failed to synthesize the QCO program for the target",,,,pauli_layers,417b3dc33bf0becacf59aec3a661e73c3f206edb562c4b9dc63cf541fde53986,,symbolic,,,,,,,,synthetic,1.595993,"[1.603465, 1.611945, 1.558504, 1.595993, 1.544008]",8,,synthesis_failed,,,rigetti_rx_iswap,,
Upstream main,equatorial_frames_8_symbolic,static: each control-flow region counted once,120,flat circuit,,,1.180727,"[1.274327, 1.207718, 1.180727, 1.16639, 1.165174]",equatorial_frames,f6467d6ce62b6e8adedea21328c3c8b09832d9a58a6e5ff94399df005d55af4e,22960,symbolic,96,96,24,120,0,0,"{""r"": 96, ""cz"": 24}",synthetic,1.467528,"[1.453752, 1.512168, 1.467528, 1.490872, 1.463496]",8,105,exported,3.599571,"[3.642292, 3.611475, 3.599571, 3.580596, 3.579476]",iqm_r_cz,24,"{""kind"": ""sample_state_including_phase"", ""max_error"": 2.3561606619023687e-16, ""samples"": [2.1909770392190755e-16, 1.716587549445839e-16, 2.3561606619023687e-16], ""passed"": true}"
Upstream main,equatorial_frames_8_symbolic,static: each control-flow region counted once,193,flat circuit,,,1.903626,"[1.957658, 1.913595, 1.903626, 1.896058, 1.895227]",equatorial_frames,f6467d6ce62b6e8adedea21328c3c8b09832d9a58a6e5ff94399df005d55af4e,35691,symbolic,241,96,24,193,145,0,"{""rz"": 145, ""sx"": 96, ""cx"": 24}",synthetic,1.467528,"[1.453752, 1.512168, 1.467528, 1.490872, 1.463496]",8,244,exported,4.782266,"[4.813226, 4.782266, 4.753033, 4.771978, 4.799882]",ibm_sxz_cx,24,"{""kind"": ""sample_state_including_phase"", ""max_error"": 3.0436364816617974e-16, ""samples"": [2.4206697122486917e-16, 3.0436364816617974e-16, 2.651347637902923e-16], ""passed"": true}"
Upstream main,equatorial_frames_8_symbolic,static: each control-flow region counted once,144,flat circuit,,,1.143382,"[1.204471, 1.166742, 1.143382, 1.128535, 1.125526]",equatorial_frames,f6467d6ce62b6e8adedea21328c3c8b09832d9a58a6e5ff94399df005d55af4e,24557,symbolic,120,48,24,144,72,0,"{""rz"": 72, ""sx"": 48, ""cz"": 24}",synthetic,1.467528,"[1.453752, 1.512168, 1.467528, 1.490872, 1.463496]",8,125,exported,4.07623,"[4.112759, 4.07623, 4.04711, 4.068966, 4.077911]",ibm_sxz_cz,24,"{""kind"": ""sample_state_including_phase"", ""max_error"": 3.632164660233972e-16, ""samples"": [3.632164660233972e-16, 3.546311116759026e-16, 2.702607872794089e-16], ""passed"": true}"
Upstream main,equatorial_frames_8_symbolic,static: each control-flow region counted once,169,flat circuit,,,0.917813,"[0.965077, 0.928213, 0.917813, 0.896213, 0.893621]",equatorial_frames,f6467d6ce62b6e8adedea21328c3c8b09832d9a58a6e5ff94399df005d55af4e,21824,symbolic,192,96,24,169,96,0,"{""rz"": 96, ""rx"": 96, ""rzz"": 24}",synthetic,1.467528,"[1.453752, 1.512168, 1.467528, 1.490872, 1.463496]",8,9,exported,3.63874,"[3.695219, 3.669428, 3.63874, 3.627684, 3.622212]",rxrz_rzz_unbounded,24,"{""kind"": ""sample_state_including_phase"", ""max_error"": 3.566998124706822e-15, ""samples"": [3.102160938229845e-15, 3.566998124706822e-15, 3.2141987193827967e-15], ""passed"": true}"
Upstream main,equatorial_frames_8_symbolic,,,,"__init__(): incompatible function arguments. The following argument types are supported:
    1. __init__(self, name: str, arity: mqt.core.mlir.CompilerTarget.OperationArity, num_parameters: int, site_tuples: collections.abc.Sequence[mqt.core.mlir.CompilerTarget.SiteTuple] | None = None, duration: int | None = None, fidelity: float | None = None, *, fixed_parameters: collections.abc.Sequence[float | None] = [], canonical_name: str | None = None) -> None
    2. __init__(self, name: str, arity: int, num_parameters: int, site_tuples: collections.abc.Sequence[mqt.core.mlir.CompilerTarget.SiteTuple] | None = None, duration: int | None = None, fidelity: float | None = None, *, fixed_parameters: collections.abc.Sequence[float | None] = [], canonical_name: str | None = None) -> None

Invoked with types: mqt.core.mlir.OperationCapability, kwargs = { name: str, arity: int, num_parameters: int, parameter_bounds: list }",,,,equatorial_frames,f6467d6ce62b6e8adedea21328c3c8b09832d9a58a6e5ff94399df005d55af4e,,symbolic,,,,,,,,synthetic,1.467528,"[1.453752, 1.512168, 1.467528, 1.490872, 1.463496]",8,,target_unsupported,,,ibm_fractional_bounded,,
Upstream main,equatorial_frames_8_symbolic,,,,"Target synthesis failed: loc(""/tmp/core-synthesis-evaluation/corpus/equatorial_frames_8_symbolic.mlir"":1:1): target compilation requires a single-qubit synthesis basis
loc(""/tmp/core-synthesis-evaluation/corpus/equatorial_frames_8_symbolic.mlir"":1:1): failed to synthesize the QCO program for the target",,,,equatorial_frames,f6467d6ce62b6e8adedea21328c3c8b09832d9a58a6e5ff94399df005d55af4e,,symbolic,,,,,,,,synthetic,1.467528,"[1.453752, 1.512168, 1.467528, 1.490872, 1.463496]",8,,synthesis_failed,,,ionq_fixed_r_zz,,
Upstream main,equatorial_frames_8_symbolic,static: each control-flow region counted once,144,flat circuit,,,1.442632,"[1.484584, 1.442632, 1.44932, 1.426023, 1.429096]",equatorial_frames,f6467d6ce62b6e8adedea21328c3c8b09832d9a58a6e5ff94399df005d55af4e,25445,symbolic,120,48,24,144,72,0,"{""rz"": 72, ""rxpi2"": 48, ""cz"": 24}",synthetic,1.467528,"[1.453752, 1.512168, 1.467528, 1.490872, 1.463496]",8,126,exported,4.169191,"[4.197911, 4.169191, 4.147142, 4.184583, 4.124678]",rigetti_rx_cz,24,"{""kind"": ""sample_state_including_phase"", ""max_error"": 3.11864493316497e-16, ""samples"": [2.68024601344063e-16, 3.11864493316497e-16, 2.0209342365144349e-16], ""passed"": true}"
Upstream main,equatorial_frames_8_symbolic,static: each control-flow region counted once,337,flat circuit,,,3.27997,"[3.67946, 3.27997, 3.225841, 3.224674, 4.279351]",equatorial_frames,f6467d6ce62b6e8adedea21328c3c8b09832d9a58a6e5ff94399df005d55af4e,48909,symbolic,440,168,48,337,272,0,"{""rz"": 272, ""rxpi2"": 120, ""rxpi"": 48, ""iswap"": 48}",synthetic,1.467528,"[1.453752, 1.512168, 1.467528, 1.490872, 1.463496]",8,250,exported,5.781407,"[5.789151, 5.781407, 5.774607, 5.776656, 5.787712]",rigetti_rx_iswap,48,"{""kind"": ""sample_state_including_phase"", ""max_error"": 3.397892459182894e-15, ""samples"": [3.264867562974793e-15, 3.397892459182894e-15, 3.2702735330828707e-15], ""passed"": true}"
Upstream main,efficient_su2_16_numeric,static: each control-flow region counted once,159,flat circuit,,,1.964107,"[2.128188, 1.964107, 1.958042, 1.978187, 1.951339]",efficient_su2,eee47d448284055c939f61d3b205faaed6a4c6214bf6f990986e19577cb451a1,53637,numeric,432,432,48,159,0,0,"{""r"": 432, ""cz"": 48}",synthetic,2.277004,"[2.277004, 2.326317, 2.224748, 2.305356, 2.261164]",16,197,exported,8.262429,"[8.357181, 8.274973, 8.262429, 8.236797, 8.236028]",iqm_r_cz,48,"{""kind"": ""sample_state_including_phase"", ""max_error"": 3.39270403708485e-17, ""samples"": [3.39270403708485e-17], ""passed"": true}"
Upstream main,efficient_su2_16_numeric,static: each control-flow region counted once,67,flat circuit,,,1.351783,"[1.414519, 1.351783, 1.355112, 1.340231, 1.329415]",efficient_su2,eee47d448284055c939f61d3b205faaed6a4c6214bf6f990986e19577cb451a1,37678,numeric,285,128,48,67,157,0,"{""rz"": 157, ""sx"": 128, ""cx"": 48}",synthetic,2.277004,"[2.277004, 2.326317, 2.224748, 2.305356, 2.261164]",16,132,exported,7.619194,"[7.677754, 7.655977, 7.619194, 7.577288, 7.591754]",ibm_sxz_cx,48,"{""kind"": ""sample_state_including_phase"", ""max_error"": 2.5213237493917618e-17, ""samples"": [2.5213237493917618e-17], ""passed"": true}"
Upstream main,efficient_su2_16_numeric,static: each control-flow region counted once,211,flat circuit,,,1.989323,"[2.040795, 1.999339, 1.989323, 1.97953, 1.973323]",efficient_su2,eee47d448284055c939f61d3b205faaed6a4c6214bf6f990986e19577cb451a1,51353,numeric,526,224,48,211,302,0,"{""rz"": 302, ""sx"": 224, ""cz"": 48}",synthetic,2.277004,"[2.277004, 2.326317, 2.224748, 2.305356, 2.261164]",16,137,exported,8.561934,"[8.657327, 8.579582, 8.542399, 8.561934, 8.559806]",ibm_sxz_cz,48,"{""kind"": ""sample_state_including_phase"", ""max_error"": 3.3503075168007876e-17, ""samples"": [3.3503075168007876e-17], ""passed"": true}"
Upstream main,efficient_su2_16_numeric,static: each control-flow region counted once,207,flat circuit,,,2.13414,"[2.18838, 2.166716, 2.127499, 2.13414, 2.124715]",efficient_su2,eee47d448284055c939f61d3b205faaed6a4c6214bf6f990986e19577cb451a1,56218,numeric,624,416,48,207,208,0,"{""rx"": 416, ""rz"": 208, ""rzz"": 48}",synthetic,2.277004,"[2.277004, 2.326317, 2.224748, 2.305356, 2.261164]",16,200,exported,8.07806,"[8.121132, 8.034139, 8.07806, 8.085004, 8.054651]",rxrz_rzz_unbounded,48,"{""kind"": ""sample_state_including_phase"", ""max_error"": 5.327190055623901e-16, ""samples"": [5.327190055623901e-16], ""passed"": true}"
Upstream main,efficient_su2_16_numeric,,,,"__init__(): incompatible function arguments. The following argument types are supported:
    1. __init__(self, name: str, arity: mqt.core.mlir.CompilerTarget.OperationArity, num_parameters: int, site_tuples: collections.abc.Sequence[mqt.core.mlir.CompilerTarget.SiteTuple] | None = None, duration: int | None = None, fidelity: float | None = None, *, fixed_parameters: collections.abc.Sequence[float | None] = [], canonical_name: str | None = None) -> None
    2. __init__(self, name: str, arity: int, num_parameters: int, site_tuples: collections.abc.Sequence[mqt.core.mlir.CompilerTarget.SiteTuple] | None = None, duration: int | None = None, fidelity: float | None = None, *, fixed_parameters: collections.abc.Sequence[float | None] = [], canonical_name: str | None = None) -> None

Invoked with types: mqt.core.mlir.OperationCapability, kwargs = { name: str, arity: int, num_parameters: int, parameter_bounds: list }",,,,efficient_su2,eee47d448284055c939f61d3b205faaed6a4c6214bf6f990986e19577cb451a1,,numeric,,,,,,,,synthetic,2.277004,"[2.277004, 2.326317, 2.224748, 2.305356, 2.261164]",16,,target_unsupported,,,ibm_fractional_bounded,,
Upstream main,efficient_su2_16_numeric,,,,"Target synthesis failed: loc(""/tmp/core-synthesis-evaluation/corpus/efficient_su2_16_numeric.mlir"":1:1): target compilation requires a single-qubit synthesis basis
loc(""/tmp/core-synthesis-evaluation/corpus/efficient_su2_16_numeric.mlir"":1:1): failed to synthesize the QCO program for the target",,,,efficient_su2,eee47d448284055c939f61d3b205faaed6a4c6214bf6f990986e19577cb451a1,,numeric,,,,,,,,synthetic,2.277004,"[2.277004, 2.326317, 2.224748, 2.305356, 2.261164]",16,,synthesis_failed,,,ionq_fixed_r_zz,,
Upstream main,efficient_su2_16_numeric,static: each control-flow region counted once,211,flat circuit,,,3.348898,"[3.847189, 3.361795, 3.272321, 3.348898, 3.241138]",efficient_su2,eee47d448284055c939f61d3b205faaed6a4c6214bf6f990986e19577cb451a1,53874,numeric,526,224,48,211,302,0,"{""rz"": 302, ""rxpi2"": 224, ""cz"": 48}",synthetic,2.277004,"[2.277004, 2.326317, 2.224748, 2.305356, 2.261164]",16,138,exported,8.724207,"[8.769279, 8.715151, 8.724207, 8.740656, 8.715295]",rigetti_rx_cz,48,"{""kind"": ""sample_state_including_phase"", ""max_error"": 6.071687049967928e-17, ""samples"": [6.071687049967928e-17], ""passed"": true}"
Upstream main,efficient_su2_16_numeric,static: each control-flow region counted once,497,flat circuit,,,4.969899,"[5.179996, 4.969899, 5.004283, 4.962651, 4.879866]",efficient_su2,eee47d448284055c939f61d3b205faaed6a4c6214bf6f990986e19577cb451a1,78819,numeric,938,368,96,497,570,0,"{""rz"": 570, ""rxpi2"": 224, ""rxpi"": 144, ""iswap"": 96}",synthetic,2.277004,"[2.277004, 2.326317, 2.224748, 2.305356, 2.261164]",16,146,exported,9.971254,"[9.999478, 9.981558, 9.971254, 9.943605, 9.922453]",rigetti_rx_iswap,96,"{""kind"": ""sample_state_including_phase"", ""max_error"": 5.717591734869714e-16, ""samples"": [5.717591734869714e-16], ""passed"": true}"
Upstream main,pauli_layers_16_numeric,static: each control-flow region counted once,388,flat circuit,,,2.985008,"[3.015825, 3.007008, 2.935472, 2.985008, 2.958848]",pauli_layers,3913365859a964658d964dff580afb5e9949e3da3d414babce6b3fd75f5647b4,81773,numeric,604,604,96,388,0,0,"{""r"": 604, ""cz"": 96}",synthetic,2.166252,"[2.205964, 2.19982, 2.131612, 2.166252, 2.117531]",16,236,exported,7.790522,"[7.824666, 7.808395, 7.77401, 7.790522, 7.737066]",iqm_r_cz,96,"{""kind"": ""sample_state_including_phase"", ""max_error"": 6.77960023982551e-16, ""samples"": [6.77960023982551e-16], ""passed"": true}"
Upstream main,pauli_layers_16_numeric,static: each control-flow region counted once,522,flat circuit,,,3.235329,"[3.30317, 3.25621, 3.235329, 3.226258, 3.213553]",pauli_layers,3913365859a964658d964dff580afb5e9949e3da3d414babce6b3fd75f5647b4,85637,numeric,784,298,96,522,486,0,"{""rz"": 486, ""sx"": 291, ""x"": 7, ""cx"": 96}",synthetic,2.166252,"[2.205964, 2.19982, 2.131612, 2.166252, 2.117531]",16,259,exported,8.592511,"[8.686014, 8.581486, 8.592511, 8.60155, 8.579743]",ibm_sxz_cx,96,"{""kind"": ""sample_state_including_phase"", ""max_error"": 1.2023814411115259e-15, ""samples"": [1.2023814411115259e-15], ""passed"": true}"
Upstream main,pauli_layers_16_numeric,static: each control-flow region counted once,571,flat circuit,,,3.62218,"[3.62218, 3.65034, 3.637139, 3.605684, 3.596115]",pauli_layers,3913365859a964658d964dff580afb5e9949e3da3d414babce6b3fd75f5647b4,93416,numeric,923,366,96,571,557,0,"{""rz"": 557, ""sx"": 360, ""cz"": 96, ""x"": 6}",synthetic,2.166252,"[2.205964, 2.19982, 2.131612, 2.166252, 2.117531]",16,263,exported,8.94056,"[9.005776, 8.981952, 8.904977, 8.94056, 8.880032]",ibm_sxz_cz,96,"{""kind"": ""sample_state_including_phase"", ""max_error"": 1.1991004969679327e-15, ""samples"": [1.1991004969679327e-15], ""passed"": true}"
Upstream main,pauli_layers_16_numeric,static: each control-flow region counted once,387,flat circuit,,,2.367773,"[2.392445, 2.367773, 2.345581, 2.370029, 2.353212]",pauli_layers,3913365859a964658d964dff580afb5e9949e3da3d414babce6b3fd75f5647b4,67305,numeric,604,403,96,387,201,0,"{""rx"": 403, ""rz"": 201, ""rzz"": 96}",synthetic,2.166252,"[2.205964, 2.19982, 2.131612, 2.166252, 2.117531]",16,282,exported,6.930613,"[7.025926, 6.950005, 6.930054, 6.886405, 6.930613]",rxrz_rzz_unbounded,96,"{""kind"": ""sample_state_including_phase"", ""max_error"": 1.6899091678731428e-16, ""samples"": [1.6899091678731428e-16], ""passed"": true}"
Upstream main,pauli_layers_16_numeric,,,,"__init__(): incompatible function arguments. The following argument types are supported:
    1. __init__(self, name: str, arity: mqt.core.mlir.CompilerTarget.OperationArity, num_parameters: int, site_tuples: collections.abc.Sequence[mqt.core.mlir.CompilerTarget.SiteTuple] | None = None, duration: int | None = None, fidelity: float | None = None, *, fixed_parameters: collections.abc.Sequence[float | None] = [], canonical_name: str | None = None) -> None
    2. __init__(self, name: str, arity: int, num_parameters: int, site_tuples: collections.abc.Sequence[mqt.core.mlir.CompilerTarget.SiteTuple] | None = None, duration: int | None = None, fidelity: float | None = None, *, fixed_parameters: collections.abc.Sequence[float | None] = [], canonical_name: str | None = None) -> None

Invoked with types: mqt.core.mlir.OperationCapability, kwargs = { name: str, arity: int, num_parameters: int, parameter_bounds: list }",,,,pauli_layers,3913365859a964658d964dff580afb5e9949e3da3d414babce6b3fd75f5647b4,,numeric,,,,,,,,synthetic,2.166252,"[2.205964, 2.19982, 2.131612, 2.166252, 2.117531]",16,,target_unsupported,,,ibm_fractional_bounded,,
Upstream main,pauli_layers_16_numeric,,,,"Target synthesis failed: loc(""/tmp/core-synthesis-evaluation/corpus/pauli_layers_16_numeric.mlir"":1:1): target compilation requires a single-qubit synthesis basis
loc(""/tmp/core-synthesis-evaluation/corpus/pauli_layers_16_numeric.mlir"":1:1): failed to synthesize the QCO program for the target",,,,pauli_layers,3913365859a964658d964dff580afb5e9949e3da3d414babce6b3fd75f5647b4,,numeric,,,,,,,,synthetic,2.166252,"[2.205964, 2.19982, 2.131612, 2.166252, 2.117531]",16,,synthesis_failed,,,ionq_fixed_r_zz,,
Upstream main,pauli_layers_16_numeric,static: each control-flow region counted once,571,flat circuit,,,5.83592,"[6.329314, 5.83592, 5.850671, 5.812864, 5.759599]",pauli_layers,3913365859a964658d964dff580afb5e9949e3da3d414babce6b3fd75f5647b4,99047,numeric,938,373,96,571,565,0,"{""rz"": 565, ""rxpi2"": 368, ""cz"": 96, ""rxpi"": 5}",synthetic,2.166252,"[2.205964, 2.19982, 2.131612, 2.166252, 2.117531]",16,274,exported,9.474755,"[9.479491, 9.467812, 9.474755, 9.471107, 9.48098]",rigetti_rx_cz,96,"{""kind"": ""sample_state_including_phase"", ""max_error"": 1.0937651621476601e-15, ""samples"": [1.0937651621476601e-15], ""passed"": true}"
Upstream main,pauli_layers_16_numeric,static: each control-flow region counted once,565,flat circuit,,,5.115739,"[5.198364, 5.006747, 6.348163, 5.115739, 5.027244]",pauli_layers,3913365859a964658d964dff580afb5e9949e3da3d414babce6b3fd75f5647b4,84695,numeric,886,374,96,565,512,0,"{""rz"": 512, ""rxpi2"": 356, ""rxpi"": 18, ""iswap"": 96}",synthetic,2.166252,"[2.205964, 2.19982, 2.131612, 2.166252, 2.117531]",16,294,exported,8.84488,"[8.955313, 8.848352, 8.84488, 8.823695, 8.80008]",rigetti_rx_iswap,96,"{""kind"": ""sample_state_including_phase"", ""max_error"": 1.2598261294460672e-16, ""samples"": [1.2598261294460672e-16], ""passed"": true}"
Upstream main,equatorial_frames_16_numeric,static: each control-flow region counted once,192,flat circuit,,,1.09423,"[1.132182, 1.09423, 1.090182, 1.117494, 1.081574]",equatorial_frames,359e2a660c22316add5462c7acc53b298d977faa90d1c0f68946f8f036953877,32442,numeric,144,144,48,192,0,0,"{""r"": 144, ""cz"": 48}",synthetic,1.986203,"[2.067035, 2.038299, 1.940651, 1.986203, 1.954586]",16,147,exported,6.058129,"[6.095153, 6.061969, 6.051057, 6.024992, 6.058129]",iqm_r_cz,48,"{""kind"": ""sample_state_including_phase"", ""max_error"": 5.899494617265642e-17, ""samples"": [5.899494617265642e-17], ""passed"": true}"
Upstream main,equatorial_frames_16_numeric,static: each control-flow region counted once,385,flat circuit,,,1.766377,"[1.848634, 1.791994, 1.763946, 1.766377, 1.759258]",equatorial_frames,359e2a660c22316add5462c7acc53b298d977faa90d1c0f68946f8f036953877,44475,numeric,481,192,48,385,289,0,"{""rz"": 289, ""sx"": 192, ""cx"": 48}",synthetic,1.986203,"[2.067035, 2.038299, 1.940651, 1.986203, 1.954586]",16,57,exported,6.873381,"[7.372567, 7.02319, 6.843669, 6.873381, 6.866501]",ibm_sxz_cx,48,"{""kind"": ""sample_state_including_phase"", ""max_error"": 5.117766057764577e-17, ""samples"": [5.117766057764577e-17], ""passed"": true}"
Upstream main,equatorial_frames_16_numeric,static: each control-flow region counted once,288,flat circuit,,,1.168182,"[1.201895, 1.168182, 1.175078, 1.148455, 1.142374]",equatorial_frames,359e2a660c22316add5462c7acc53b298d977faa90d1c0f68946f8f036953877,30882,numeric,240,96,48,288,144,0,"{""rz"": 144, ""sx"": 96, ""cz"": 48}",synthetic,1.986203,"[2.067035, 2.038299, 1.940651, 1.986203, 1.954586]",16,53,exported,6.097441,"[6.169218, 6.120081, 6.090177, 6.097441, 6.080033]",ibm_sxz_cz,48,"{""kind"": ""sample_state_including_phase"", ""max_error"": 7.11239930637238e-17, ""samples"": [7.11239930637238e-17], ""passed"": true}"
Upstream main,equatorial_frames_16_numeric,static: each control-flow region counted once,289,flat circuit,,,1.292039,"[1.339015, 1.323143, 1.292039, 1.287671, 1.279847]",equatorial_frames,359e2a660c22316add5462c7acc53b298d977faa90d1c0f68946f8f036953877,36663,numeric,336,192,48,289,144,0,"{""rx"": 192, ""rz"": 144, ""rzz"": 48}",synthetic,1.986203,"[2.067035, 2.038299, 1.940651, 1.986203, 1.954586]",16,150,exported,6.146881,"[6.234146, 6.167121, 6.146881, 6.125825, 6.126705]",rxrz_rzz_unbounded,48,"{""kind"": ""sample_state_including_phase"", ""max_error"": 6.017002625823744e-16, ""samples"": [6.017002625823744e-16], ""passed"": true}"
Upstream main,equatorial_frames_16_numeric,,,,"__init__(): incompatible function arguments. The following argument types are supported:
    1. __init__(self, name: str, arity: mqt.core.mlir.CompilerTarget.OperationArity, num_parameters: int, site_tuples: collections.abc.Sequence[mqt.core.mlir.CompilerTarget.SiteTuple] | None = None, duration: int | None = None, fidelity: float | None = None, *, fixed_parameters: collections.abc.Sequence[float | None] = [], canonical_name: str | None = None) -> None
    2. __init__(self, name: str, arity: int, num_parameters: int, site_tuples: collections.abc.Sequence[mqt.core.mlir.CompilerTarget.SiteTuple] | None = None, duration: int | None = None, fidelity: float | None = None, *, fixed_parameters: collections.abc.Sequence[float | None] = [], canonical_name: str | None = None) -> None

Invoked with types: mqt.core.mlir.OperationCapability, kwargs = { name: str, arity: int, num_parameters: int, parameter_bounds: list }",,,,equatorial_frames,359e2a660c22316add5462c7acc53b298d977faa90d1c0f68946f8f036953877,,numeric,,,,,,,,synthetic,1.986203,"[2.067035, 2.038299, 1.940651, 1.986203, 1.954586]",16,,target_unsupported,,,ibm_fractional_bounded,,
Upstream main,equatorial_frames_16_numeric,,,,"Target synthesis failed: loc(""/tmp/core-synthesis-evaluation/corpus/equatorial_frames_16_numeric.mlir"":1:1): target compilation requires a single-qubit synthesis basis
loc(""/tmp/core-synthesis-evaluation/corpus/equatorial_frames_16_numeric.mlir"":1:1): failed to synthesize the QCO program for the target",,,,equatorial_frames,359e2a660c22316add5462c7acc53b298d977faa90d1c0f68946f8f036953877,,numeric,,,,,,,,synthetic,1.986203,"[2.067035, 2.038299, 1.940651, 1.986203, 1.954586]",16,,synthesis_failed,,,ionq_fixed_r_zz,,
Upstream main,equatorial_frames_16_numeric,static: each control-flow region counted once,288,flat circuit,,,1.820714,"[1.85121, 2.410557, 1.820714, 1.776713, 1.76681]",equatorial_frames,359e2a660c22316add5462c7acc53b298d977faa90d1c0f68946f8f036953877,32251,numeric,240,96,48,288,144,0,"{""rz"": 144, ""rxpi2"": 96, ""cz"": 48}",synthetic,1.986203,"[2.067035, 2.038299, 1.940651, 1.986203, 1.954586]",16,54,exported,6.323186,"[6.379394, 6.346322, 6.319826, 6.323186, 6.30013]",rigetti_rx_cz,48,"{""kind"": ""sample_state_including_phase"", ""max_error"": 5.204576987864477e-17, ""samples"": [5.204576987864477e-17], ""passed"": true}"
Upstream main,equatorial_frames_16_numeric,static: each control-flow region counted once,673,flat circuit,,,4.565337,"[4.731113, 4.543097, 4.582217, 4.482408, 4.565337]",equatorial_frames,359e2a660c22316add5462c7acc53b298d977faa90d1c0f68946f8f036953877,70669,numeric,880,336,96,673,544,0,"{""rz"": 544, ""rxpi2"": 240, ""rxpi"": 96, ""iswap"": 96}",synthetic,1.986203,"[2.067035, 2.038299, 1.940651, 1.986203, 1.954586]",16,62,exported,8.329277,"[8.41667, 8.327501, 8.329277, 8.330173, 8.314093]",rigetti_rx_iswap,96,"{""kind"": ""sample_state_including_phase"", ""max_error"": 5.579260134884599e-16, ""samples"": [5.579260134884599e-16], ""passed"": true}"
Upstream main,efficient_su2_16_symbolic,static: each control-flow region counted once,163,flat circuit,,,5.004955,"[5.088764, 5.004955, 5.013323, 4.991787, 4.988235]",efficient_su2,980075aee6ebe64779c78cc3fd11d3d92fd4bd7638caa913ccfb219ee0c29d14,86197,symbolic,496,496,48,163,0,0,"{""r"": 496, ""cz"": 48}",synthetic,4.710522,"[4.982539, 4.821626, 4.620297, 4.710522, 4.645241]",16,265,exported,24.320084,"[24.409348, 24.320084, 24.345588, 24.236435, 24.277107]",iqm_r_cz,48,"{""kind"": ""sample_state_including_phase"", ""max_error"": 4.465070479587788e-17, ""samples"": [4.2440145060153076e-17, 4.465070479587788e-17, 4.078675771967786e-17], ""passed"": true}"
Upstream main,efficient_su2_16_symbolic,static: each control-flow region counted once,64,flat circuit,,,4.944651,"[5.027483, 4.944651, 4.971211, 4.919355, 4.898266]",efficient_su2,980075aee6ebe64779c78cc3fd11d3d92fd4bd7638caa913ccfb219ee0c29d14,82360,symbolic,256,128,48,64,128,0,"{""sx"": 128, ""rz"": 128, ""cx"": 48}",synthetic,4.710522,"[4.982539, 4.821626, 4.620297, 4.710522, 4.645241]",16,643,exported,25.847468,"[25.912876, 26.416463, 25.847468, 25.792731, 25.769628]",ibm_sxz_cx,48,"{""kind"": ""sample_state_including_phase"", ""max_error"": 3.918517246125255e-17, ""samples"": [3.918517246125255e-17, 3.5825294862733597e-17, 3.3894455873278716e-17], ""passed"": true}"
Upstream main,efficient_su2_16_symbolic,static: each control-flow region counted once,210,flat circuit,,,6.778757,"[6.892757, 6.827557, 6.750133, 6.778757, 6.71674]",efficient_su2,980075aee6ebe64779c78cc3fd11d3d92fd4bd7638caa913ccfb219ee0c29d14,105550,symbolic,499,224,48,210,275,0,"{""sx"": 224, ""rz"": 275, ""cz"": 48}",synthetic,4.710522,"[4.982539, 4.821626, 4.620297, 4.710522, 4.645241]",16,872,exported,28.376409,"[28.49097, 28.365977, 28.236105, 28.904701, 28.376409]",ibm_sxz_cz,48,"{""kind"": ""sample_state_including_phase"", ""max_error"": 4.90059381963448e-17, ""samples"": [4.73189353160687e-17, 4.90059381963448e-17, 4.669627613039754e-17], ""passed"": true}"
Upstream main,efficient_su2_16_symbolic,static: each control-flow region counted once,211,flat circuit,,,5.218076,"[5.309565, 5.214668, 5.305021, 5.218076, 5.172876]",efficient_su2,980075aee6ebe64779c78cc3fd11d3d92fd4bd7638caa913ccfb219ee0c29d14,88342,symbolic,688,416,48,211,272,0,"{""rx"": 416, ""rz"": 272, ""rzz"": 48}",synthetic,4.710522,"[4.982539, 4.821626, 4.620297, 4.710522, 4.645241]",16,270,exported,24.719478,"[24.83135, 24.735414, 24.719478, 24.646341, 24.633029]",rxrz_rzz_unbounded,48,"{""kind"": ""sample_state_including_phase"", ""max_error"": 5.511126661227659e-16, ""samples"": [5.384940450156728e-16, 5.377369969352112e-16, 5.511126661227659e-16], ""passed"": true}"
Upstream main,efficient_su2_16_symbolic,,,,"__init__(): incompatible function arguments. The following argument types are supported:
    1. __init__(self, name: str, arity: mqt.core.mlir.CompilerTarget.OperationArity, num_parameters: int, site_tuples: collections.abc.Sequence[mqt.core.mlir.CompilerTarget.SiteTuple] | None = None, duration: int | None = None, fidelity: float | None = None, *, fixed_parameters: collections.abc.Sequence[float | None] = [], canonical_name: str | None = None) -> None
    2. __init__(self, name: str, arity: int, num_parameters: int, site_tuples: collections.abc.Sequence[mqt.core.mlir.CompilerTarget.SiteTuple] | None = None, duration: int | None = None, fidelity: float | None = None, *, fixed_parameters: collections.abc.Sequence[float | None] = [], canonical_name: str | None = None) -> None

Invoked with types: mqt.core.mlir.OperationCapability, kwargs = { name: str, arity: int, num_parameters: int, parameter_bounds: list }",,,,efficient_su2,980075aee6ebe64779c78cc3fd11d3d92fd4bd7638caa913ccfb219ee0c29d14,,symbolic,,,,,,,,synthetic,4.710522,"[4.982539, 4.821626, 4.620297, 4.710522, 4.645241]",16,,target_unsupported,,,ibm_fractional_bounded,,
Upstream main,efficient_su2_16_symbolic,,,,"Target synthesis failed: loc(""/tmp/core-synthesis-evaluation/corpus/efficient_su2_16_symbolic.mlir"":1:1): target compilation requires a single-qubit synthesis basis
loc(""/tmp/core-synthesis-evaluation/corpus/efficient_su2_16_symbolic.mlir"":1:1): failed to synthesize the QCO program for the target",,,,efficient_su2,980075aee6ebe64779c78cc3fd11d3d92fd4bd7638caa913ccfb219ee0c29d14,,symbolic,,,,,,,,synthetic,4.710522,"[4.982539, 4.821626, 4.620297, 4.710522, 4.645241]",16,,synthesis_failed,,,ionq_fixed_r_zz,,
Upstream main,efficient_su2_16_symbolic,static: each control-flow region counted once,210,flat circuit,,,8.197389,"[8.361566, 8.364301, 8.094588, 8.048747, 8.197389]",efficient_su2,980075aee6ebe64779c78cc3fd11d3d92fd4bd7638caa913ccfb219ee0c29d14,107846,symbolic,499,224,48,210,275,0,"{""rxpi2"": 224, ""rz"": 275, ""cz"": 48}",synthetic,4.710522,"[4.982539, 4.821626, 4.620297, 4.710522, 4.645241]",16,873,exported,26.664961,"[26.791377, 26.256046, 26.664961, 26.147485, 26.682016]",rigetti_rx_cz,48,"{""kind"": ""sample_state_including_phase"", ""max_error"": 6.623969530163393e-17, ""samples"": [6.623969530163393e-17, 6.26244785410259e-17, 6.13945695120726e-17], ""passed"": true}"
Upstream main,efficient_su2_16_symbolic,static: each control-flow region counted once,496,flat circuit,,,10.180199,"[10.504889, 10.193959, 10.155959, 10.081127, 10.180199]",efficient_su2,980075aee6ebe64779c78cc3fd11d3d92fd4bd7638caa913ccfb219ee0c29d14,135507,symbolic,928,368,96,496,560,0,"{""rxpi2"": 224, ""rz"": 560, ""rxpi"": 144, ""iswap"": 96}",synthetic,4.710522,"[4.982539, 4.821626, 4.620297, 4.710522, 4.645241]",16,896,exported,30.650486,"[30.816487, 30.678166, 30.650486, 30.64983, 30.632165]",rigetti_rx_iswap,96,"{""kind"": ""sample_state_including_phase"", ""max_error"": 5.829846926386561e-16, ""samples"": [5.36025519005017e-16, 5.697741443030839e-16, 5.829846926386561e-16], ""passed"": true}"
Upstream main,pauli_layers_16_symbolic,,,,"Target synthesis failed: loc(""/tmp/core-synthesis-evaluation/corpus/pauli_layers_16_symbolic.mlir"":743:40): target-native synthesis cannot lower operation 'qco.rxx': its unitary matrix is not available at compile time
loc(""/tmp/core-synthesis-evaluation/corpus/pauli_layers_16_symbolic.mlir"":1:1): failed to synthesize the QCO program for the target",,,,pauli_layers,709893fb814d41396469dd3ef4ea72cf69e9eea1c47f1e9fd9afb0bdd60b475d,,symbolic,,,,,,,,synthetic,2.760095,"[2.882719, 2.895824, 2.747743, 2.760095, 2.735631]",16,,synthesis_failed,,,iqm_r_cz,,
Upstream main,pauli_layers_16_symbolic,,,,"Target synthesis failed: loc(""/tmp/core-synthesis-evaluation/corpus/pauli_layers_16_symbolic.mlir"":743:40): target-native synthesis cannot lower operation 'qco.rxx': its unitary matrix is not available at compile time
loc(""/tmp/core-synthesis-evaluation/corpus/pauli_layers_16_symbolic.mlir"":1:1): failed to synthesize the QCO program for the target",,,,pauli_layers,709893fb814d41396469dd3ef4ea72cf69e9eea1c47f1e9fd9afb0bdd60b475d,,symbolic,,,,,,,,synthetic,2.760095,"[2.882719, 2.895824, 2.747743, 2.760095, 2.735631]",16,,synthesis_failed,,,ibm_sxz_cx,,
Upstream main,pauli_layers_16_symbolic,,,,"Target synthesis failed: loc(""/tmp/core-synthesis-evaluation/corpus/pauli_layers_16_symbolic.mlir"":743:40): target-native synthesis cannot lower operation 'qco.rxx': its unitary matrix is not available at compile time
loc(""/tmp/core-synthesis-evaluation/corpus/pauli_layers_16_symbolic.mlir"":1:1): failed to synthesize the QCO program for the target",,,,pauli_layers,709893fb814d41396469dd3ef4ea72cf69e9eea1c47f1e9fd9afb0bdd60b475d,,symbolic,,,,,,,,synthetic,2.760095,"[2.882719, 2.895824, 2.747743, 2.760095, 2.735631]",16,,synthesis_failed,,,ibm_sxz_cz,,
Upstream main,pauli_layers_16_symbolic,,,,"Target synthesis failed: loc(""/tmp/core-synthesis-evaluation/corpus/pauli_layers_16_symbolic.mlir"":743:40): target-native synthesis cannot lower operation 'qco.rxx': its unitary matrix is not available at compile time
loc(""/tmp/core-synthesis-evaluation/corpus/pauli_layers_16_symbolic.mlir"":1:1): failed to synthesize the QCO program for the target",,,,pauli_layers,709893fb814d41396469dd3ef4ea72cf69e9eea1c47f1e9fd9afb0bdd60b475d,,symbolic,,,,,,,,synthetic,2.760095,"[2.882719, 2.895824, 2.747743, 2.760095, 2.735631]",16,,synthesis_failed,,,rxrz_rzz_unbounded,,
Upstream main,pauli_layers_16_symbolic,,,,"__init__(): incompatible function arguments. The following argument types are supported:
    1. __init__(self, name: str, arity: mqt.core.mlir.CompilerTarget.OperationArity, num_parameters: int, site_tuples: collections.abc.Sequence[mqt.core.mlir.CompilerTarget.SiteTuple] | None = None, duration: int | None = None, fidelity: float | None = None, *, fixed_parameters: collections.abc.Sequence[float | None] = [], canonical_name: str | None = None) -> None
    2. __init__(self, name: str, arity: int, num_parameters: int, site_tuples: collections.abc.Sequence[mqt.core.mlir.CompilerTarget.SiteTuple] | None = None, duration: int | None = None, fidelity: float | None = None, *, fixed_parameters: collections.abc.Sequence[float | None] = [], canonical_name: str | None = None) -> None

Invoked with types: mqt.core.mlir.OperationCapability, kwargs = { name: str, arity: int, num_parameters: int, parameter_bounds: list }",,,,pauli_layers,709893fb814d41396469dd3ef4ea72cf69e9eea1c47f1e9fd9afb0bdd60b475d,,symbolic,,,,,,,,synthetic,2.760095,"[2.882719, 2.895824, 2.747743, 2.760095, 2.735631]",16,,target_unsupported,,,ibm_fractional_bounded,,
Upstream main,pauli_layers_16_symbolic,,,,"Target synthesis failed: loc(""/tmp/core-synthesis-evaluation/corpus/pauli_layers_16_symbolic.mlir"":1:1): target compilation requires a single-qubit synthesis basis
loc(""/tmp/core-synthesis-evaluation/corpus/pauli_layers_16_symbolic.mlir"":1:1): failed to synthesize the QCO program for the target",,,,pauli_layers,709893fb814d41396469dd3ef4ea72cf69e9eea1c47f1e9fd9afb0bdd60b475d,,symbolic,,,,,,,,synthetic,2.760095,"[2.882719, 2.895824, 2.747743, 2.760095, 2.735631]",16,,synthesis_failed,,,ionq_fixed_r_zz,,
Upstream main,pauli_layers_16_symbolic,,,,"Target synthesis failed: loc(""/tmp/core-synthesis-evaluation/corpus/pauli_layers_16_symbolic.mlir"":743:40): target-native synthesis cannot lower operation 'qco.rxx': its unitary matrix is not available at compile time
loc(""/tmp/core-synthesis-evaluation/corpus/pauli_layers_16_symbolic.mlir"":1:1): failed to synthesize the QCO program for the target",,,,pauli_layers,709893fb814d41396469dd3ef4ea72cf69e9eea1c47f1e9fd9afb0bdd60b475d,,symbolic,,,,,,,,synthetic,2.760095,"[2.882719, 2.895824, 2.747743, 2.760095, 2.735631]",16,,synthesis_failed,,,rigetti_rx_cz,,
Upstream main,pauli_layers_16_symbolic,,,,"Target synthesis failed: loc(""/tmp/core-synthesis-evaluation/corpus/pauli_layers_16_symbolic.mlir"":743:40): target-native synthesis cannot lower operation 'qco.rxx': its unitary matrix is not available at compile time
loc(""/tmp/core-synthesis-evaluation/corpus/pauli_layers_16_symbolic.mlir"":1:1): failed to synthesize the QCO program for the target",,,,pauli_layers,709893fb814d41396469dd3ef4ea72cf69e9eea1c47f1e9fd9afb0bdd60b475d,,symbolic,,,,,,,,synthetic,2.760095,"[2.882719, 2.895824, 2.747743, 2.760095, 2.735631]",16,,synthesis_failed,,,rigetti_rx_iswap,,
Upstream main,equatorial_frames_16_symbolic,static: each control-flow region counted once,240,flat circuit,,,2.353069,"[2.431117, 2.363405, 2.353069, 2.335277, 2.347948]",equatorial_frames,89478d3967dbd32086f14306278aad2c95493b029e8ea8ac8ad4d313bba1c3f3,44825,symbolic,192,192,48,240,0,0,"{""r"": 192, ""cz"": 48}",synthetic,2.533165,"[2.495725, 2.555198, 2.52355, 2.533165, 2.535645]",16,201,exported,8.47075,"[8.619263, 8.47075, 8.475214, 8.46563, 8.441566]",iqm_r_cz,48,"{""kind"": ""sample_state_including_phase"", ""max_error"": 3.817377158242781e-17, ""samples"": [3.146802251703616e-17, 3.817377158242781e-17, 3.080050260771111e-17], ""passed"": true}"
Upstream main,equatorial_frames_16_symbolic,static: each control-flow region counted once,385,flat circuit,,,3.94487,"[4.022934, 3.94487, 3.976757, 3.888869, 3.892933]",equatorial_frames,89478d3967dbd32086f14306278aad2c95493b029e8ea8ac8ad4d313bba1c3f3,70182,symbolic,481,192,48,385,289,0,"{""rz"": 289, ""sx"": 192, ""cx"": 48}",synthetic,2.533165,"[2.495725, 2.555198, 2.52355, 2.533165, 2.535645]",16,484,exported,10.880234,"[11.000348, 10.883578, 10.836539, 10.831531, 10.880234]",ibm_sxz_cx,48,"{""kind"": ""sample_state_including_phase"", ""max_error"": 5.316439275177677e-17, ""samples"": [3.733687534498793e-17, 5.316439275177677e-17, 4.004920138791778e-17], ""passed"": true}"
Upstream main,equatorial_frames_16_symbolic,static: each control-flow region counted once,288,flat circuit,,,2.301293,"[2.386844, 2.327245, 2.301293, 2.296892, 2.292908]",equatorial_frames,89478d3967dbd32086f14306278aad2c95493b029e8ea8ac8ad4d313bba1c3f3,48006,symbolic,240,96,48,288,144,0,"{""rz"": 144, ""sx"": 96, ""cz"": 48}",synthetic,2.533165,"[2.495725, 2.555198, 2.52355, 2.533165, 2.535645]",16,245,exported,9.459859,"[9.534484, 9.451395, 9.459859, 9.448371, 9.501779]",ibm_sxz_cz,48,"{""kind"": ""sample_state_including_phase"", ""max_error"": 5.640519470901213e-17, ""samples"": [5.3213897351696184e-17, 5.640519470901213e-17, 5.465067288304205e-17], ""passed"": true}"
Upstream main,equatorial_frames_16_symbolic,static: each control-flow region counted once,337,flat circuit,,,1.823594,"[1.892443, 1.832089, 1.823594, 1.813098, 1.804106]",equatorial_frames,89478d3967dbd32086f14306278aad2c95493b029e8ea8ac8ad4d313bba1c3f3,42371,symbolic,384,192,48,337,192,0,"{""rz"": 192, ""rx"": 192, ""rzz"": 48}",synthetic,2.533165,"[2.495725, 2.555198, 2.52355, 2.533165, 2.535645]",16,9,exported,8.523134,"[8.668719, 8.594351, 8.523134, 8.454398, 8.447646]",rxrz_rzz_unbounded,48,"{""kind"": ""sample_state_including_phase"", ""max_error"": 6.05106665853879e-16, ""samples"": [5.726775169811435e-16, 6.05106665853879e-16, 5.968748712850194e-16], ""passed"": true}"
Upstream main,equatorial_frames_16_symbolic,,,,"__init__(): incompatible function arguments. The following argument types are supported:
    1. __init__(self, name: str, arity: mqt.core.mlir.CompilerTarget.OperationArity, num_parameters: int, site_tuples: collections.abc.Sequence[mqt.core.mlir.CompilerTarget.SiteTuple] | None = None, duration: int | None = None, fidelity: float | None = None, *, fixed_parameters: collections.abc.Sequence[float | None] = [], canonical_name: str | None = None) -> None
    2. __init__(self, name: str, arity: int, num_parameters: int, site_tuples: collections.abc.Sequence[mqt.core.mlir.CompilerTarget.SiteTuple] | None = None, duration: int | None = None, fidelity: float | None = None, *, fixed_parameters: collections.abc.Sequence[float | None] = [], canonical_name: str | None = None) -> None

Invoked with types: mqt.core.mlir.OperationCapability, kwargs = { name: str, arity: int, num_parameters: int, parameter_bounds: list }",,,,equatorial_frames,89478d3967dbd32086f14306278aad2c95493b029e8ea8ac8ad4d313bba1c3f3,,symbolic,,,,,,,,synthetic,2.533165,"[2.495725, 2.555198, 2.52355, 2.533165, 2.535645]",16,,target_unsupported,,,ibm_fractional_bounded,,
Upstream main,equatorial_frames_16_symbolic,,,,"Target synthesis failed: loc(""/tmp/core-synthesis-evaluation/corpus/equatorial_frames_16_symbolic.mlir"":1:1): target compilation requires a single-qubit synthesis basis
loc(""/tmp/core-synthesis-evaluation/corpus/equatorial_frames_16_symbolic.mlir"":1:1): failed to synthesize the QCO program for the target",,,,equatorial_frames,89478d3967dbd32086f14306278aad2c95493b029e8ea8ac8ad4d313bba1c3f3,,symbolic,,,,,,,,synthetic,2.533165,"[2.495725, 2.555198, 2.52355, 2.533165, 2.535645]",16,,synthesis_failed,,,ionq_fixed_r_zz,,
Upstream main,equatorial_frames_16_symbolic,static: each control-flow region counted once,288,flat circuit,,,2.863087,"[3.136017, 2.89584, 2.863087, 2.847376, 2.848767]",equatorial_frames,89478d3967dbd32086f14306278aad2c95493b029e8ea8ac8ad4d313bba1c3f3,49278,symbolic,240,96,48,288,144,0,"{""rz"": 144, ""rxpi2"": 96, ""cz"": 48}",synthetic,2.533165,"[2.495725, 2.555198, 2.52355, 2.533165, 2.535645]",16,246,exported,9.659316,"[9.769205, 9.659316, 9.631012, 9.69154, 9.652309]",rigetti_rx_cz,48,"{""kind"": ""sample_state_including_phase"", ""max_error"": 4.716566069763216e-17, ""samples"": [3.927147295784615e-17, 4.527761199350148e-17, 4.716566069763216e-17], ""passed"": true}"
Upstream main,equatorial_frames_16_symbolic,static: each control-flow region counted once,673,flat circuit,,,6.711109,"[6.966517, 6.676069, 6.75162, 6.691796, 6.711109]",equatorial_frames,89478d3967dbd32086f14306278aad2c95493b029e8ea8ac8ad4d313bba1c3f3,96788,symbolic,880,336,96,673,544,0,"{""rz"": 544, ""rxpi2"": 240, ""rxpi"": 96, ""iswap"": 96}",synthetic,2.533165,"[2.495725, 2.555198, 2.52355, 2.533165, 2.535645]",16,490,exported,13.201816,"[13.240375, 13.201816, 13.231144, 13.200327, 13.168871]",rigetti_rx_iswap,96,"{""kind"": ""sample_state_including_phase"", ""max_error"": 5.670085055317744e-16, ""samples"": [5.637290819942203e-16, 5.643587977803971e-16, 5.670085055317744e-16], ""passed"": true}"
Upstream main,pauli_inverse_numeric,static: each control-flow region counted once,0,flat circuit,,,0.037216,"[0.055552, 0.047328, 0.037216, 0.035201, 0.034256]",pauli_inverse,ef6b8a14b59c572e165cb78751c040431a1a457a3ecb56a08dd09b7d2a848017,1025,numeric,0,0,0,0,0,0,{},micro,0.733332,"[0.880405, 0.796724, 0.733332, 0.721524, 0.699652]",2,1,exported,0.233729,"[0.310113, 0.248658, 0.233729, 0.228513, 0.22997]",iqm_r_cz,0,"{""kind"": ""full_matrix_including_phase"", ""max_error"": 0.0, ""samples"": [0.0], ""passed"": true}"
Upstream main,pauli_inverse_numeric,static: each control-flow region counted once,0,flat circuit,,,0.034768,"[0.04288, 0.036688, 0.034768, 0.033937, 0.033744]",pauli_inverse,ef6b8a14b59c572e165cb78751c040431a1a457a3ecb56a08dd09b7d2a848017,1201,numeric,0,0,0,0,0,0,{},micro,0.733332,"[0.880405, 0.796724, 0.733332, 0.721524, 0.699652]",2,1,exported,0.233649,"[0.261026, 0.239505, 0.233649, 0.221202, 0.220385]",ibm_sxz_cx,0,"{""kind"": ""full_matrix_including_phase"", ""max_error"": 0.0, ""samples"": [0.0], ""passed"": true}"
Upstream main,pauli_inverse_numeric,static: each control-flow region counted once,0,flat circuit,,,0.035376,"[0.040193, 0.035376, 0.033456, 0.03248, 0.037184]",pauli_inverse,ef6b8a14b59c572e165cb78751c040431a1a457a3ecb56a08dd09b7d2a848017,1201,numeric,0,0,0,0,0,0,{},micro,0.733332,"[0.880405, 0.796724, 0.733332, 0.721524, 0.699652]",2,1,exported,0.220465,"[0.251218, 0.226401, 0.220465, 0.219457, 0.216482]",ibm_sxz_cz,0,"{""kind"": ""full_matrix_including_phase"", ""max_error"": 0.0, ""samples"": [0.0], ""passed"": true}"
Upstream main,pauli_inverse_numeric,static: each control-flow region counted once,0,flat circuit,,,0.035872,"[0.040144, 0.035872, 0.039424, 0.034273, 0.03336]",pauli_inverse,ef6b8a14b59c572e165cb78751c040431a1a457a3ecb56a08dd09b7d2a848017,1115,numeric,0,0,0,0,0,0,{},micro,0.733332,"[0.880405, 0.796724, 0.733332, 0.721524, 0.699652]",2,1,exported,0.222225,"[0.238193, 0.224321, 0.218994, 0.216577, 0.222225]",rxrz_rzz_unbounded,0,"{""kind"": ""full_matrix_including_phase"", ""max_error"": 0.0, ""samples"": [0.0], ""passed"": true}"
Upstream main,pauli_inverse_numeric,,,,"__init__(): incompatible function arguments. The following argument types are supported:
    1. __init__(self, name: str, arity: mqt.core.mlir.CompilerTarget.OperationArity, num_parameters: int, site_tuples: collections.abc.Sequence[mqt.core.mlir.CompilerTarget.SiteTuple] | None = None, duration: int | None = None, fidelity: float | None = None, *, fixed_parameters: collections.abc.Sequence[float | None] = [], canonical_name: str | None = None) -> None
    2. __init__(self, name: str, arity: int, num_parameters: int, site_tuples: collections.abc.Sequence[mqt.core.mlir.CompilerTarget.SiteTuple] | None = None, duration: int | None = None, fidelity: float | None = None, *, fixed_parameters: collections.abc.Sequence[float | None] = [], canonical_name: str | None = None) -> None

Invoked with types: mqt.core.mlir.OperationCapability, kwargs = { name: str, arity: int, num_parameters: int, parameter_bounds: list }",,,,pauli_inverse,ef6b8a14b59c572e165cb78751c040431a1a457a3ecb56a08dd09b7d2a848017,,numeric,,,,,,,,micro,0.733332,"[0.880405, 0.796724, 0.733332, 0.721524, 0.699652]",2,,target_unsupported,,,ibm_fractional_bounded,,
Upstream main,pauli_inverse_numeric,,,,"Target synthesis failed: loc(""/tmp/core-synthesis-evaluation/corpus/pauli_inverse_numeric.mlir"":1:1): target compilation requires a single-qubit synthesis basis
loc(""/tmp/core-synthesis-evaluation/corpus/pauli_inverse_numeric.mlir"":1:1): failed to synthesize the QCO program for the target",,,,pauli_inverse,ef6b8a14b59c572e165cb78751c040431a1a457a3ecb56a08dd09b7d2a848017,,numeric,,,,,,,,micro,0.733332,"[0.880405, 0.796724, 0.733332, 0.721524, 0.699652]",2,,synthesis_failed,,,ionq_fixed_r_zz,,
Upstream main,pauli_inverse_numeric,static: each control-flow region counted once,0,flat circuit,,,0.035168,"[0.045536, 0.041424, 0.035168, 0.033216, 0.032625]",pauli_inverse,ef6b8a14b59c572e165cb78751c040431a1a457a3ecb56a08dd09b7d2a848017,1650,numeric,0,0,0,0,0,0,{},micro,0.733332,"[0.880405, 0.796724, 0.733332, 0.721524, 0.699652]",2,1,exported,0.224385,"[0.237842, 0.232081, 0.224385, 0.220129, 0.218594]",rigetti_rx_cz,0,"{""kind"": ""full_matrix_including_phase"", ""max_error"": 0.0, ""samples"": [0.0], ""passed"": true}"
Upstream main,pauli_inverse_numeric,static: each control-flow region counted once,0,flat circuit,,,0.033312,"[0.039952, 0.035185, 0.033312, 0.032848, 0.032752]",pauli_inverse,ef6b8a14b59c572e165cb78751c040431a1a457a3ecb56a08dd09b7d2a848017,1653,numeric,0,0,0,0,0,0,{},micro,0.733332,"[0.880405, 0.796724, 0.733332, 0.721524, 0.699652]",2,1,exported,0.226033,"[0.250993, 0.227602, 0.221345, 0.221761, 0.226033]",rigetti_rx_iswap,0,"{""kind"": ""full_matrix_including_phase"", ""max_error"": 0.0, ""samples"": [0.0], ""passed"": true}"
Upstream main,pauli_merge_numeric,static: each control-flow region counted once,11,flat circuit,,,0.138097,"[0.154209, 0.142672, 0.138097, 0.129073, 0.123344]",pauli_merge,430f564e12a735ee5b4d118cbd4fcbf6e990e66edc6509318471ab71925d329b,3548,numeric,18,18,2,11,0,0,"{""r"": 18, ""cz"": 2}",micro,0.690036,"[0.690036, 0.72594, 0.673236, 0.697412, 0.654611]",2,15,exported,0.411218,"[0.460707, 0.417362, 0.411218, 0.402034, 0.396546]",iqm_r_cz,2,"{""kind"": ""full_matrix_including_phase"", ""max_error"": 2.094764613337708e-15, ""samples"": [2.094764613337708e-15], ""passed"": true}"
Upstream main,pauli_merge_numeric,static: each control-flow region counted once,13,flat circuit,,,0.117841,"[0.138001, 0.129904, 0.117841, 0.113793, 0.11312]",pauli_merge,430f564e12a735ee5b4d118cbd4fcbf6e990e66edc6509318471ab71925d329b,3372,numeric,19,7,2,13,12,0,"{""rz"": 12, ""sx"": 7, ""cx"": 2}",micro,0.690036,"[0.690036, 0.72594, 0.673236, 0.697412, 0.654611]",2,11,exported,0.424498,"[0.472306, 0.446738, 0.424498, 0.416242, 0.413234]",ibm_sxz_cx,2,"{""kind"": ""full_matrix_including_phase"", ""max_error"": 1.793620188084545e-15, ""samples"": [1.793620188084545e-15], ""passed"": true}"
Upstream main,pauli_merge_numeric,static: each control-flow region counted once,13,flat circuit,,,0.117504,"[0.129888, 0.118177, 0.112113, 0.117504, 0.109409]",pauli_merge,430f564e12a735ee5b4d118cbd4fcbf6e990e66edc6509318471ab71925d329b,3208,numeric,17,6,2,13,11,0,"{""rz"": 11, ""sx"": 4, ""cz"": 2, ""x"": 2}",micro,0.690036,"[0.690036, 0.72594, 0.673236, 0.697412, 0.654611]",2,10,exported,0.420322,"[0.445106, 0.421043, 0.420322, 0.40941, 0.405538]",ibm_sxz_cz,2,"{""kind"": ""full_matrix_including_phase"", ""max_error"": 2.4349091853294375e-15, ""samples"": [2.4349091853294375e-15], ""passed"": true}"
Upstream main,pauli_merge_numeric,static: each control-flow region counted once,1,flat circuit,,,0.047008,"[0.055856, 0.054784, 0.046353, 0.047008, 0.044864]",pauli_merge,430f564e12a735ee5b4d118cbd4fcbf6e990e66edc6509318471ab71925d329b,1409,numeric,0,0,1,1,0,0,"{""rzz"": 1}",micro,0.690036,"[0.690036, 0.72594, 0.673236, 0.697412, 0.654611]",2,2,exported,0.325554,"[0.359842, 0.337809, 0.323186, 0.325554, 0.320082]",rxrz_rzz_unbounded,1,"{""kind"": ""full_matrix_including_phase"", ""max_error"": 1.2412670766236366e-16, ""samples"": [1.2412670766236366e-16], ""passed"": true}"
Upstream main,pauli_merge_numeric,,,,"__init__(): incompatible function arguments. The following argument types are supported:
    1. __init__(self, name: str, arity: mqt.core.mlir.CompilerTarget.OperationArity, num_parameters: int, site_tuples: collections.abc.Sequence[mqt.core.mlir.CompilerTarget.SiteTuple] | None = None, duration: int | None = None, fidelity: float | None = None, *, fixed_parameters: collections.abc.Sequence[float | None] = [], canonical_name: str | None = None) -> None
    2. __init__(self, name: str, arity: int, num_parameters: int, site_tuples: collections.abc.Sequence[mqt.core.mlir.CompilerTarget.SiteTuple] | None = None, duration: int | None = None, fidelity: float | None = None, *, fixed_parameters: collections.abc.Sequence[float | None] = [], canonical_name: str | None = None) -> None

Invoked with types: mqt.core.mlir.OperationCapability, kwargs = { name: str, arity: int, num_parameters: int, parameter_bounds: list }",,,,pauli_merge,430f564e12a735ee5b4d118cbd4fcbf6e990e66edc6509318471ab71925d329b,,numeric,,,,,,,,micro,0.690036,"[0.690036, 0.72594, 0.673236, 0.697412, 0.654611]",2,,target_unsupported,,,ibm_fractional_bounded,,
Upstream main,pauli_merge_numeric,,,,"Target synthesis failed: loc(""/tmp/core-synthesis-evaluation/corpus/pauli_merge_numeric.mlir"":1:1): target compilation requires a single-qubit synthesis basis
loc(""/tmp/core-synthesis-evaluation/corpus/pauli_merge_numeric.mlir"":1:1): failed to synthesize the QCO program for the target",,,,pauli_merge,430f564e12a735ee5b4d118cbd4fcbf6e990e66edc6509318471ab71925d329b,,numeric,,,,,,,,micro,0.690036,"[0.690036, 0.72594, 0.673236, 0.697412, 0.654611]",2,,synthesis_failed,,,ionq_fixed_r_zz,,
Upstream main,pauli_merge_numeric,static: each control-flow region counted once,13,flat circuit,,,0.217617,"[0.26541, 0.227905, 0.217617, 0.209937, 0.210129]",pauli_merge,430f564e12a735ee5b4d118cbd4fcbf6e990e66edc6509318471ab71925d329b,3762,numeric,17,6,2,13,11,0,"{""rz"": 11, ""rxpi2"": 4, ""cz"": 2, ""rxpi"": 2}",micro,0.690036,"[0.690036, 0.72594, 0.673236, 0.697412, 0.654611]",2,11,exported,0.416178,"[0.436531, 0.416178, 0.416978, 0.406819, 0.408658]",rigetti_rx_cz,2,"{""kind"": ""full_matrix_including_phase"", ""max_error"": 2.3914935841127266e-15, ""samples"": [2.3914935841127266e-15], ""passed"": true}"
Upstream main,pauli_merge_numeric,static: each control-flow region counted once,10,flat circuit,,,0.186689,"[0.224274, 0.196193, 0.184673, 0.179617, 0.186689]",pauli_merge,430f564e12a735ee5b4d118cbd4fcbf6e990e66edc6509318471ab71925d329b,3235,numeric,14,6,2,10,8,0,"{""rxpi2"": 4, ""rz"": 8, ""iswap"": 2, ""rxpi"": 2}",micro,0.690036,"[0.690036, 0.72594, 0.673236, 0.697412, 0.654611]",2,9,exported,0.397859,"[0.432643, 0.416546, 0.396962, 0.397859, 0.38525]",rigetti_rx_iswap,2,"{""kind"": ""full_matrix_including_phase"", ""max_error"": 6.473657049138937e-16, ""samples"": [6.473657049138937e-16], ""passed"": true}"
Upstream main,terminal_z_numeric,static: each control-flow region counted once,4,flat circuit,,,0.078849,"[0.102353, 0.084448, 0.078849, 0.075056, 0.073744]",terminal_z,9422abfebecd5888bb83a237f7cb1bbc85c92d5ebecd4a8a04b185a329f1412c,2109,numeric,3,3,0,3,0,0,"{""r"": 3, ""barrier"": 1, ""measure"": 2}",micro,0.68226,"[0.690436, 0.729972, 0.671395, 0.68226, 0.67298]",2,8,exported,0.436082,"[0.475138, 0.446915, 0.436082, 0.435603, 0.423202]",iqm_r_cz,0,"{""kind"": ""measurement_probabilities"", ""max_error"": 4.440892098500626e-16, ""samples"": [4.440892098500626e-16], ""passed"": true}"
Upstream main,terminal_z_numeric,static: each control-flow region counted once,4,flat circuit,,,0.072896,"[0.094481, 0.077584, 0.072896, 0.070449, 0.069712]",terminal_z,9422abfebecd5888bb83a237f7cb1bbc85c92d5ebecd4a8a04b185a329f1412c,2102,numeric,3,1,0,3,2,0,"{""rz"": 2, ""sx"": 1, ""barrier"": 1, ""measure"": 2}",micro,0.68226,"[0.690436, 0.729972, 0.671395, 0.68226, 0.67298]",2,5,exported,0.421266,"[0.448786, 0.439427, 0.417474, 0.421266, 0.413619]",ibm_sxz_cx,0,"{""kind"": ""measurement_probabilities"", ""max_error"": 4.440892098500626e-16, ""samples"": [4.440892098500626e-16], ""passed"": true}"
Upstream main,terminal_z_numeric,static: each control-flow region counted once,4,flat circuit,,,0.071568,"[0.083792, 0.074769, 0.071568, 0.06952, 0.069009]",terminal_z,9422abfebecd5888bb83a237f7cb1bbc85c92d5ebecd4a8a04b185a329f1412c,2102,numeric,3,1,0,3,2,0,"{""rz"": 2, ""sx"": 1, ""barrier"": 1, ""measure"": 2}",micro,0.68226,"[0.690436, 0.729972, 0.671395, 0.68226, 0.67298]",2,5,exported,0.415954,"[0.444386, 0.423715, 0.415954, 0.40437, 0.400306]",ibm_sxz_cz,0,"{""kind"": ""measurement_probabilities"", ""max_error"": 4.440892098500626e-16, ""samples"": [4.440892098500626e-16], ""passed"": true}"
Upstream main,terminal_z_numeric,static: each control-flow region counted once,4,flat circuit,,,0.072528,"[0.085873, 0.075984, 0.072528, 0.071889, 0.069952]",terminal_z,9422abfebecd5888bb83a237f7cb1bbc85c92d5ebecd4a8a04b185a329f1412c,2077,numeric,3,2,0,3,1,0,"{""rx"": 2, ""rz"": 1, ""barrier"": 1, ""measure"": 2}",micro,0.68226,"[0.690436, 0.729972, 0.671395, 0.68226, 0.67298]",2,6,exported,0.42437,"[0.453026, 0.428067, 0.42437, 0.413922, 0.412563]",rxrz_rzz_unbounded,0,"{""kind"": ""measurement_probabilities"", ""max_error"": 4.440892098500626e-16, ""samples"": [4.440892098500626e-16], ""passed"": true}"
Upstream main,terminal_z_numeric,,,,"__init__(): incompatible function arguments. The following argument types are supported:
    1. __init__(self, name: str, arity: mqt.core.mlir.CompilerTarget.OperationArity, num_parameters: int, site_tuples: collections.abc.Sequence[mqt.core.mlir.CompilerTarget.SiteTuple] | None = None, duration: int | None = None, fidelity: float | None = None, *, fixed_parameters: collections.abc.Sequence[float | None] = [], canonical_name: str | None = None) -> None
    2. __init__(self, name: str, arity: int, num_parameters: int, site_tuples: collections.abc.Sequence[mqt.core.mlir.CompilerTarget.SiteTuple] | None = None, duration: int | None = None, fidelity: float | None = None, *, fixed_parameters: collections.abc.Sequence[float | None] = [], canonical_name: str | None = None) -> None

Invoked with types: mqt.core.mlir.OperationCapability, kwargs = { name: str, arity: int, num_parameters: int, parameter_bounds: list }",,,,terminal_z,9422abfebecd5888bb83a237f7cb1bbc85c92d5ebecd4a8a04b185a329f1412c,,numeric,,,,,,,,micro,0.68226,"[0.690436, 0.729972, 0.671395, 0.68226, 0.67298]",2,,target_unsupported,,,ibm_fractional_bounded,,
Upstream main,terminal_z_numeric,,,,"Target synthesis failed: loc(""/tmp/core-synthesis-evaluation/corpus/terminal_z_numeric.mlir"":1:1): target compilation requires a single-qubit synthesis basis
loc(""/tmp/core-synthesis-evaluation/corpus/terminal_z_numeric.mlir"":1:1): failed to synthesize the QCO program for the target",,,,terminal_z,9422abfebecd5888bb83a237f7cb1bbc85c92d5ebecd4a8a04b185a329f1412c,,numeric,,,,,,,,micro,0.68226,"[0.690436, 0.729972, 0.671395, 0.68226, 0.67298]",2,,synthesis_failed,,,ionq_fixed_r_zz,,
Upstream main,terminal_z_numeric,static: each control-flow region counted once,4,flat circuit,,,0.143648,"[0.184545, 0.152721, 0.143648, 0.136737, 0.133185]",terminal_z,9422abfebecd5888bb83a237f7cb1bbc85c92d5ebecd4a8a04b185a329f1412c,2612,numeric,3,1,0,3,2,0,"{""rz"": 2, ""rxpi2"": 1, ""barrier"": 1, ""measure"": 2}",micro,0.68226,"[0.690436, 0.729972, 0.671395, 0.68226, 0.67298]",2,6,exported,0.419042,"[0.441426, 0.428882, 0.418419, 0.416018, 0.419042]",rigetti_rx_cz,0,"{""kind"": ""measurement_probabilities"", ""max_error"": 4.440892098500626e-16, ""samples"": [4.440892098500626e-16], ""passed"": true}"
Upstream main,terminal_z_numeric,static: each control-flow region counted once,4,flat circuit,,,0.147089,"[0.169265, 0.153793, 0.147089, 0.138176, 0.132209]",terminal_z,9422abfebecd5888bb83a237f7cb1bbc85c92d5ebecd4a8a04b185a329f1412c,2615,numeric,3,1,0,3,2,0,"{""rz"": 2, ""rxpi2"": 1, ""barrier"": 1, ""measure"": 2}",micro,0.68226,"[0.690436, 0.729972, 0.671395, 0.68226, 0.67298]",2,6,exported,0.428098,"[0.457123, 0.430498, 0.428098, 0.416515, 0.419346]",rigetti_rx_iswap,0,"{""kind"": ""measurement_probabilities"", ""max_error"": 4.440892098500626e-16, ""samples"": [4.440892098500626e-16], ""passed"": true}"
Upstream main,same_axis_r_numeric,static: each control-flow region counted once,1,flat circuit,,,0.049361,"[0.063056, 0.049361, 0.044864, 0.058256, 0.044512]",same_axis_r,b2a2d3111f09ec3366c40bd6be8ab8409ca159ba5e605f6181d468156be3115a,1246,numeric,1,1,0,1,0,0,"{""r"": 1}",micro,0.662964,"[0.689108, 0.69234, 0.637187, 0.662964, 0.632483]",2,3,exported,0.330354,"[0.368818, 0.335282, 0.330354, 0.324818, 0.319938]",iqm_r_cz,0,"{""kind"": ""full_matrix_including_phase"", ""max_error"": 1.6081226496766364e-16, ""samples"": [1.6081226496766364e-16], ""passed"": true}"
Upstream main,same_axis_r_numeric,static: each control-flow region counted once,3,flat circuit,,,0.051376,"[0.063936, 0.055409, 0.051376, 0.049472, 0.04912]",same_axis_r,b2a2d3111f09ec3366c40bd6be8ab8409ca159ba5e605f6181d468156be3115a,1597,numeric,3,1,0,3,2,0,"{""rz"": 2, ""x"": 1}",micro,0.662964,"[0.689108, 0.69234, 0.637187, 0.662964, 0.632483]",2,4,exported,0.346146,"[0.379154, 0.35965, 0.346146, 0.339234, 0.335106]",ibm_sxz_cx,0,"{""kind"": ""full_matrix_including_phase"", ""max_error"": 2.220446049250313e-16, ""samples"": [2.220446049250313e-16], ""passed"": true}"
Upstream main,same_axis_r_numeric,static: each control-flow region counted once,3,flat circuit,,,0.050608,"[0.0672, 0.053921, 0.050608, 0.049408, 0.04872]",same_axis_r,b2a2d3111f09ec3366c40bd6be8ab8409ca159ba5e605f6181d468156be3115a,1597,numeric,3,1,0,3,2,0,"{""rz"": 2, ""x"": 1}",micro,0.662964,"[0.689108, 0.69234, 0.637187, 0.662964, 0.632483]",2,4,exported,0.333794,"[0.361586, 0.340706, 0.331826, 0.333794, 0.328162]",ibm_sxz_cz,0,"{""kind"": ""full_matrix_including_phase"", ""max_error"": 2.220446049250313e-16, ""samples"": [2.220446049250313e-16], ""passed"": true}"
Upstream main,same_axis_r_numeric,static: each control-flow region counted once,3,flat circuit,,,0.053312,"[0.059152, 0.055505, 0.05024, 0.053312, 0.047473]",same_axis_r,b2a2d3111f09ec3366c40bd6be8ab8409ca159ba5e605f6181d468156be3115a,1498,numeric,3,2,0,3,1,0,"{""rx"": 2, ""rz"": 1}",micro,0.662964,"[0.689108, 0.69234, 0.637187, 0.662964, 0.632483]",2,4,exported,0.32805,"[0.354178, 0.330146, 0.327553, 0.32805, 0.31869]",rxrz_rzz_unbounded,0,"{""kind"": ""full_matrix_including_phase"", ""max_error"": 1.7782892007194155e-16, ""samples"": [1.7782892007194155e-16], ""passed"": true}"
Upstream main,same_axis_r_numeric,,,,"__init__(): incompatible function arguments. The following argument types are supported:
    1. __init__(self, name: str, arity: mqt.core.mlir.CompilerTarget.OperationArity, num_parameters: int, site_tuples: collections.abc.Sequence[mqt.core.mlir.CompilerTarget.SiteTuple] | None = None, duration: int | None = None, fidelity: float | None = None, *, fixed_parameters: collections.abc.Sequence[float | None] = [], canonical_name: str | None = None) -> None
    2. __init__(self, name: str, arity: int, num_parameters: int, site_tuples: collections.abc.Sequence[mqt.core.mlir.CompilerTarget.SiteTuple] | None = None, duration: int | None = None, fidelity: float | None = None, *, fixed_parameters: collections.abc.Sequence[float | None] = [], canonical_name: str | None = None) -> None

Invoked with types: mqt.core.mlir.OperationCapability, kwargs = { name: str, arity: int, num_parameters: int, parameter_bounds: list }",,,,same_axis_r,b2a2d3111f09ec3366c40bd6be8ab8409ca159ba5e605f6181d468156be3115a,,numeric,,,,,,,,micro,0.662964,"[0.689108, 0.69234, 0.637187, 0.662964, 0.632483]",2,,target_unsupported,,,ibm_fractional_bounded,,
Upstream main,same_axis_r_numeric,,,,"Target synthesis failed: loc(""/tmp/core-synthesis-evaluation/corpus/same_axis_r_numeric.mlir"":1:1): target compilation requires a single-qubit synthesis basis
loc(""/tmp/core-synthesis-evaluation/corpus/same_axis_r_numeric.mlir"":1:1): failed to synthesize the QCO program for the target",,,,same_axis_r,b2a2d3111f09ec3366c40bd6be8ab8409ca159ba5e605f6181d468156be3115a,,numeric,,,,,,,,micro,0.662964,"[0.689108, 0.69234, 0.637187, 0.662964, 0.632483]",2,,synthesis_failed,,,ionq_fixed_r_zz,,
Upstream main,same_axis_r_numeric,static: each control-flow region counted once,3,flat circuit,,,0.115185,"[0.148496, 0.129281, 0.115185, 0.111648, 0.113905]",same_axis_r,b2a2d3111f09ec3366c40bd6be8ab8409ca159ba5e605f6181d468156be3115a,2031,numeric,3,1,0,3,2,0,"{""rz"": 2, ""rxpi"": 1}",micro,0.662964,"[0.689108, 0.69234, 0.637187, 0.662964, 0.632483]",2,4,exported,0.328225,"[0.344562, 0.338754, 0.32773, 0.327234, 0.328225]",rigetti_rx_cz,0,"{""kind"": ""full_matrix_including_phase"", ""max_error"": 2.3033281579698516e-16, ""samples"": [2.3033281579698516e-16], ""passed"": true}"
Upstream main,same_axis_r_numeric,static: each control-flow region counted once,3,flat circuit,,,0.113088,"[0.140353, 0.125009, 0.113088, 0.109393, 0.106976]",same_axis_r,b2a2d3111f09ec3366c40bd6be8ab8409ca159ba5e605f6181d468156be3115a,2034,numeric,3,1,0,3,2,0,"{""rz"": 2, ""rxpi"": 1}",micro,0.662964,"[0.689108, 0.69234, 0.637187, 0.662964, 0.632483]",2,4,exported,0.333858,"[0.350498, 0.334018, 0.333858, 0.325586, 0.321329]",rigetti_rx_iswap,0,"{""kind"": ""full_matrix_including_phase"", ""max_error"": 2.3033281579698516e-16, ""samples"": [2.3033281579698516e-16], ""passed"": true}"
Upstream main,pauli_inverse_symbolic,,,,"Target synthesis failed: loc(""/tmp/core-synthesis-evaluation/corpus/pauli_inverse_symbolic.mlir"":19:36): target-native synthesis cannot lower operation 'qco.rzz': its unitary matrix is not available at compile time
loc(""/tmp/core-synthesis-evaluation/corpus/pauli_inverse_symbolic.mlir"":1:1): failed to synthesize the QCO program for the target",,,,pauli_inverse,897c1abcdd53269cc482d25933d0100dbca1f0af09226fb59d5e7d744909f38b,,symbolic,,,,,,,,micro,0.682148,"[0.698404, 0.684948, 0.645363, 0.682148, 0.642275]",2,,synthesis_failed,,,iqm_r_cz,,
Upstream main,pauli_inverse_symbolic,,,,"Target synthesis failed: loc(""/tmp/core-synthesis-evaluation/corpus/pauli_inverse_symbolic.mlir"":19:36): target-native synthesis cannot lower operation 'qco.rzz': its unitary matrix is not available at compile time
loc(""/tmp/core-synthesis-evaluation/corpus/pauli_inverse_symbolic.mlir"":1:1): failed to synthesize the QCO program for the target",,,,pauli_inverse,897c1abcdd53269cc482d25933d0100dbca1f0af09226fb59d5e7d744909f38b,,symbolic,,,,,,,,micro,0.682148,"[0.698404, 0.684948, 0.645363, 0.682148, 0.642275]",2,,synthesis_failed,,,ibm_sxz_cx,,
Upstream main,pauli_inverse_symbolic,,,,"Target synthesis failed: loc(""/tmp/core-synthesis-evaluation/corpus/pauli_inverse_symbolic.mlir"":19:36): target-native synthesis cannot lower operation 'qco.rzz': its unitary matrix is not available at compile time
loc(""/tmp/core-synthesis-evaluation/corpus/pauli_inverse_symbolic.mlir"":1:1): failed to synthesize the QCO program for the target",,,,pauli_inverse,897c1abcdd53269cc482d25933d0100dbca1f0af09226fb59d5e7d744909f38b,,symbolic,,,,,,,,micro,0.682148,"[0.698404, 0.684948, 0.645363, 0.682148, 0.642275]",2,,synthesis_failed,,,ibm_sxz_cz,,
Upstream main,pauli_inverse_symbolic,static: each control-flow region counted once,2,flat circuit,,,0.130736,"[0.176033, 0.151841, 0.130736, 0.125585, 0.121089]",pauli_inverse,897c1abcdd53269cc482d25933d0100dbca1f0af09226fb59d5e7d744909f38b,1802,symbolic,0,0,2,2,0,0,"{""rzz"": 2}",micro,0.682148,"[0.698404, 0.684948, 0.645363, 0.682148, 0.642275]",2,3,exported,0.368754,"[0.391218, 0.37477, 0.368754, 0.365154, 0.35805]",rxrz_rzz_unbounded,2,"{""kind"": ""full_matrix_including_phase"", ""max_error"": 0.0, ""samples"": [0.0, 0.0, 0.0], ""passed"": true}"
Upstream main,pauli_inverse_symbolic,,,,"__init__(): incompatible function arguments. The following argument types are supported:
    1. __init__(self, name: str, arity: mqt.core.mlir.CompilerTarget.OperationArity, num_parameters: int, site_tuples: collections.abc.Sequence[mqt.core.mlir.CompilerTarget.SiteTuple] | None = None, duration: int | None = None, fidelity: float | None = None, *, fixed_parameters: collections.abc.Sequence[float | None] = [], canonical_name: str | None = None) -> None
    2. __init__(self, name: str, arity: int, num_parameters: int, site_tuples: collections.abc.Sequence[mqt.core.mlir.CompilerTarget.SiteTuple] | None = None, duration: int | None = None, fidelity: float | None = None, *, fixed_parameters: collections.abc.Sequence[float | None] = [], canonical_name: str | None = None) -> None

Invoked with types: mqt.core.mlir.OperationCapability, kwargs = { name: str, arity: int, num_parameters: int, parameter_bounds: list }",,,,pauli_inverse,897c1abcdd53269cc482d25933d0100dbca1f0af09226fb59d5e7d744909f38b,,symbolic,,,,,,,,micro,0.682148,"[0.698404, 0.684948, 0.645363, 0.682148, 0.642275]",2,,target_unsupported,,,ibm_fractional_bounded,,
Upstream main,pauli_inverse_symbolic,,,,"Target synthesis failed: loc(""/tmp/core-synthesis-evaluation/corpus/pauli_inverse_symbolic.mlir"":1:1): target compilation requires a single-qubit synthesis basis
loc(""/tmp/core-synthesis-evaluation/corpus/pauli_inverse_symbolic.mlir"":1:1): failed to synthesize the QCO program for the target",,,,pauli_inverse,897c1abcdd53269cc482d25933d0100dbca1f0af09226fb59d5e7d744909f38b,,symbolic,,,,,,,,micro,0.682148,"[0.698404, 0.684948, 0.645363, 0.682148, 0.642275]",2,,synthesis_failed,,,ionq_fixed_r_zz,,
Upstream main,pauli_inverse_symbolic,,,,"Target synthesis failed: loc(""/tmp/core-synthesis-evaluation/corpus/pauli_inverse_symbolic.mlir"":19:36): target-native synthesis cannot lower operation 'qco.rzz': its unitary matrix is not available at compile time
loc(""/tmp/core-synthesis-evaluation/corpus/pauli_inverse_symbolic.mlir"":1:1): failed to synthesize the QCO program for the target",,,,pauli_inverse,897c1abcdd53269cc482d25933d0100dbca1f0af09226fb59d5e7d744909f38b,,symbolic,,,,,,,,micro,0.682148,"[0.698404, 0.684948, 0.645363, 0.682148, 0.642275]",2,,synthesis_failed,,,rigetti_rx_cz,,
Upstream main,pauli_inverse_symbolic,,,,"Target synthesis failed: loc(""/tmp/core-synthesis-evaluation/corpus/pauli_inverse_symbolic.mlir"":19:36): target-native synthesis cannot lower operation 'qco.rzz': its unitary matrix is not available at compile time
loc(""/tmp/core-synthesis-evaluation/corpus/pauli_inverse_symbolic.mlir"":1:1): failed to synthesize the QCO program for the target",,,,pauli_inverse,897c1abcdd53269cc482d25933d0100dbca1f0af09226fb59d5e7d744909f38b,,symbolic,,,,,,,,micro,0.682148,"[0.698404, 0.684948, 0.645363, 0.682148, 0.642275]",2,,synthesis_failed,,,rigetti_rx_iswap,,
Upstream main,pauli_merge_symbolic,,,,"Target synthesis failed: loc(""/tmp/core-synthesis-evaluation/corpus/pauli_merge_symbolic.mlir"":17:36): target-native synthesis cannot lower operation 'qco.rzz': its unitary matrix is not available at compile time
loc(""/tmp/core-synthesis-evaluation/corpus/pauli_merge_symbolic.mlir"":1:1): failed to synthesize the QCO program for the target",,,,pauli_merge,05be81251fcd3050ed18dc6be29f3b463fd80c03b5ff7c475f35f56ecf2f06ec,,symbolic,,,,,,,,micro,0.65554,"[0.640948, 0.704259, 0.65554, 0.685428, 0.639315]",2,,synthesis_failed,,,iqm_r_cz,,
Upstream main,pauli_merge_symbolic,,,,"Target synthesis failed: loc(""/tmp/core-synthesis-evaluation/corpus/pauli_merge_symbolic.mlir"":17:36): target-native synthesis cannot lower operation 'qco.rzz': its unitary matrix is not available at compile time
loc(""/tmp/core-synthesis-evaluation/corpus/pauli_merge_symbolic.mlir"":1:1): failed to synthesize the QCO program for the target",,,,pauli_merge,05be81251fcd3050ed18dc6be29f3b463fd80c03b5ff7c475f35f56ecf2f06ec,,symbolic,,,,,,,,micro,0.65554,"[0.640948, 0.704259, 0.65554, 0.685428, 0.639315]",2,,synthesis_failed,,,ibm_sxz_cx,,
Upstream main,pauli_merge_symbolic,,,,"Target synthesis failed: loc(""/tmp/core-synthesis-evaluation/corpus/pauli_merge_symbolic.mlir"":17:36): target-native synthesis cannot lower operation 'qco.rzz': its unitary matrix is not available at compile time
loc(""/tmp/core-synthesis-evaluation/corpus/pauli_merge_symbolic.mlir"":1:1): failed to synthesize the QCO program for the target",,,,pauli_merge,05be81251fcd3050ed18dc6be29f3b463fd80c03b5ff7c475f35f56ecf2f06ec,,symbolic,,,,,,,,micro,0.65554,"[0.640948, 0.704259, 0.65554, 0.685428, 0.639315]",2,,synthesis_failed,,,ibm_sxz_cz,,
Upstream main,pauli_merge_symbolic,static: each control-flow region counted once,2,flat circuit,,,0.126081,"[0.170609, 0.138417, 0.126081, 0.121136, 0.124193]",pauli_merge,05be81251fcd3050ed18dc6be29f3b463fd80c03b5ff7c475f35f56ecf2f06ec,1949,symbolic,0,0,2,2,0,0,"{""rzz"": 2}",micro,0.65554,"[0.640948, 0.704259, 0.65554, 0.685428, 0.639315]",2,1,exported,0.352898,"[0.373746, 0.352898, 0.35493, 0.349554, 0.345954]",rxrz_rzz_unbounded,2,"{""kind"": ""full_matrix_including_phase"", ""max_error"": 0.0, ""samples"": [0.0, 0.0, 0.0], ""passed"": true}"
Upstream main,pauli_merge_symbolic,,,,"__init__(): incompatible function arguments. The following argument types are supported:
    1. __init__(self, name: str, arity: mqt.core.mlir.CompilerTarget.OperationArity, num_parameters: int, site_tuples: collections.abc.Sequence[mqt.core.mlir.CompilerTarget.SiteTuple] | None = None, duration: int | None = None, fidelity: float | None = None, *, fixed_parameters: collections.abc.Sequence[float | None] = [], canonical_name: str | None = None) -> None
    2. __init__(self, name: str, arity: int, num_parameters: int, site_tuples: collections.abc.Sequence[mqt.core.mlir.CompilerTarget.SiteTuple] | None = None, duration: int | None = None, fidelity: float | None = None, *, fixed_parameters: collections.abc.Sequence[float | None] = [], canonical_name: str | None = None) -> None

Invoked with types: mqt.core.mlir.OperationCapability, kwargs = { name: str, arity: int, num_parameters: int, parameter_bounds: list }",,,,pauli_merge,05be81251fcd3050ed18dc6be29f3b463fd80c03b5ff7c475f35f56ecf2f06ec,,symbolic,,,,,,,,micro,0.65554,"[0.640948, 0.704259, 0.65554, 0.685428, 0.639315]",2,,target_unsupported,,,ibm_fractional_bounded,,
Upstream main,pauli_merge_symbolic,,,,"Target synthesis failed: loc(""/tmp/core-synthesis-evaluation/corpus/pauli_merge_symbolic.mlir"":1:1): target compilation requires a single-qubit synthesis basis
loc(""/tmp/core-synthesis-evaluation/corpus/pauli_merge_symbolic.mlir"":1:1): failed to synthesize the QCO program for the target",,,,pauli_merge,05be81251fcd3050ed18dc6be29f3b463fd80c03b5ff7c475f35f56ecf2f06ec,,symbolic,,,,,,,,micro,0.65554,"[0.640948, 0.704259, 0.65554, 0.685428, 0.639315]",2,,synthesis_failed,,,ionq_fixed_r_zz,,
Upstream main,pauli_merge_symbolic,,,,"Target synthesis failed: loc(""/tmp/core-synthesis-evaluation/corpus/pauli_merge_symbolic.mlir"":17:36): target-native synthesis cannot lower operation 'qco.rzz': its unitary matrix is not available at compile time
loc(""/tmp/core-synthesis-evaluation/corpus/pauli_merge_symbolic.mlir"":1:1): failed to synthesize the QCO program for the target",,,,pauli_merge,05be81251fcd3050ed18dc6be29f3b463fd80c03b5ff7c475f35f56ecf2f06ec,,symbolic,,,,,,,,micro,0.65554,"[0.640948, 0.704259, 0.65554, 0.685428, 0.639315]",2,,synthesis_failed,,,rigetti_rx_cz,,
Upstream main,pauli_merge_symbolic,,,,"Target synthesis failed: loc(""/tmp/core-synthesis-evaluation/corpus/pauli_merge_symbolic.mlir"":17:36): target-native synthesis cannot lower operation 'qco.rzz': its unitary matrix is not available at compile time
loc(""/tmp/core-synthesis-evaluation/corpus/pauli_merge_symbolic.mlir"":1:1): failed to synthesize the QCO program for the target",,,,pauli_merge,05be81251fcd3050ed18dc6be29f3b463fd80c03b5ff7c475f35f56ecf2f06ec,,symbolic,,,,,,,,micro,0.65554,"[0.640948, 0.704259, 0.65554, 0.685428, 0.639315]",2,,synthesis_failed,,,rigetti_rx_iswap,,
Upstream main,terminal_z_symbolic,static: each control-flow region counted once,4,flat circuit,,,0.190769,"[0.228962, 0.194817, 0.190769, 0.175745, 0.168417]",terminal_z,d42d4b89b32b8d1e991f62416607b68d7789608c8d9b64c66cd5c662b8545127,2495,symbolic,3,3,0,3,0,0,"{""r"": 3, ""barrier"": 1, ""measure"": 2}",micro,0.666324,"[0.638884, 0.710627, 0.666324, 0.687524, 0.662867]",2,13,exported,0.472418,"[0.514243, 0.489539, 0.472418, 0.465459, 0.457442]",iqm_r_cz,0,"{""kind"": ""measurement_probabilities"", ""max_error"": 1.1102230246251565e-16, ""samples"": [1.1102230246251565e-16, 0.0, 1.1102230246251565e-16], ""passed"": true}"
Upstream main,terminal_z_symbolic,static: each control-flow region counted once,4,flat circuit,,,0.170465,"[0.209921, 0.188465, 0.170465, 0.163281, 0.155473]",terminal_z,d42d4b89b32b8d1e991f62416607b68d7789608c8d9b64c66cd5c662b8545127,2489,symbolic,3,1,0,3,2,0,"{""rz"": 2, ""sx"": 1, ""barrier"": 1, ""measure"": 2}",micro,0.666324,"[0.638884, 0.710627, 0.666324, 0.687524, 0.662867]",2,10,exported,0.466371,"[0.514466, 0.475155, 0.466371, 0.450546, 0.447714]",ibm_sxz_cx,0,"{""kind"": ""measurement_probabilities"", ""max_error"": 2.220446049250313e-16, ""samples"": [1.1102230246251565e-16, 2.220446049250313e-16, 1.1102230246251565e-16], ""passed"": true}"
Upstream main,terminal_z_symbolic,static: each control-flow region counted once,4,flat circuit,,,0.176337,"[0.203889, 0.179665, 0.176337, 0.165969, 0.158945]",terminal_z,d42d4b89b32b8d1e991f62416607b68d7789608c8d9b64c66cd5c662b8545127,2489,symbolic,3,1,0,3,2,0,"{""rz"": 2, ""sx"": 1, ""barrier"": 1, ""measure"": 2}",micro,0.666324,"[0.638884, 0.710627, 0.666324, 0.687524, 0.662867]",2,10,exported,0.461411,"[0.498099, 0.471458, 0.461411, 0.447762, 0.446243]",ibm_sxz_cz,0,"{""kind"": ""measurement_probabilities"", ""max_error"": 2.220446049250313e-16, ""samples"": [1.1102230246251565e-16, 2.220446049250313e-16, 1.1102230246251565e-16], ""passed"": true}"
Upstream main,terminal_z_symbolic,static: each control-flow region counted once,4,flat circuit,,,0.165105,"[0.200737, 0.174289, 0.165105, 0.158321, 0.160593]",terminal_z,d42d4b89b32b8d1e991f62416607b68d7789608c8d9b64c66cd5c662b8545127,2357,symbolic,3,2,0,3,1,0,"{""rx"": 2, ""rz"": 1, ""barrier"": 1, ""measure"": 2}",micro,0.666324,"[0.638884, 0.710627, 0.666324, 0.687524, 0.662867]",2,9,exported,0.462818,"[0.494371, 0.475618, 0.455123, 0.462818, 0.448723]",rxrz_rzz_unbounded,0,"{""kind"": ""measurement_probabilities"", ""max_error"": 4.440892098500626e-16, ""samples"": [4.440892098500626e-16, 2.220446049250313e-16, 3.3306690738754696e-16], ""passed"": true}"
Upstream main,terminal_z_symbolic,,,,"__init__(): incompatible function arguments. The following argument types are supported:
    1. __init__(self, name: str, arity: mqt.core.mlir.CompilerTarget.OperationArity, num_parameters: int, site_tuples: collections.abc.Sequence[mqt.core.mlir.CompilerTarget.SiteTuple] | None = None, duration: int | None = None, fidelity: float | None = None, *, fixed_parameters: collections.abc.Sequence[float | None] = [], canonical_name: str | None = None) -> None
    2. __init__(self, name: str, arity: int, num_parameters: int, site_tuples: collections.abc.Sequence[mqt.core.mlir.CompilerTarget.SiteTuple] | None = None, duration: int | None = None, fidelity: float | None = None, *, fixed_parameters: collections.abc.Sequence[float | None] = [], canonical_name: str | None = None) -> None

Invoked with types: mqt.core.mlir.OperationCapability, kwargs = { name: str, arity: int, num_parameters: int, parameter_bounds: list }",,,,terminal_z,d42d4b89b32b8d1e991f62416607b68d7789608c8d9b64c66cd5c662b8545127,,symbolic,,,,,,,,micro,0.666324,"[0.638884, 0.710627, 0.666324, 0.687524, 0.662867]",2,,target_unsupported,,,ibm_fractional_bounded,,
Upstream main,terminal_z_symbolic,,,,"Target synthesis failed: loc(""/tmp/core-synthesis-evaluation/corpus/terminal_z_symbolic.mlir"":1:1): target compilation requires a single-qubit synthesis basis
loc(""/tmp/core-synthesis-evaluation/corpus/terminal_z_symbolic.mlir"":1:1): failed to synthesize the QCO program for the target",,,,terminal_z,d42d4b89b32b8d1e991f62416607b68d7789608c8d9b64c66cd5c662b8545127,,symbolic,,,,,,,,micro,0.666324,"[0.638884, 0.710627, 0.666324, 0.687524, 0.662867]",2,,synthesis_failed,,,ionq_fixed_r_zz,,
Upstream main,terminal_z_symbolic,static: each control-flow region counted once,4,flat circuit,,,0.231073,"[0.262786, 0.233393, 0.231073, 0.219905, 0.216129]",terminal_z,d42d4b89b32b8d1e991f62416607b68d7789608c8d9b64c66cd5c662b8545127,2892,symbolic,3,1,0,3,2,0,"{""rz"": 2, ""rxpi2"": 1, ""barrier"": 1, ""measure"": 2}",micro,0.666324,"[0.638884, 0.710627, 0.666324, 0.687524, 0.662867]",2,9,exported,0.46125,"[0.490099, 0.486323, 0.46125, 0.458467, 0.452754]",rigetti_rx_cz,0,"{""kind"": ""measurement_probabilities"", ""max_error"": 3.3306690738754696e-16, ""samples"": [3.3306690738754696e-16, 2.220446049250313e-16, 3.3306690738754696e-16], ""passed"": true}"
Upstream main,terminal_z_symbolic,static: each control-flow region counted once,4,flat circuit,,,0.231202,"[0.258657, 0.231202, 0.229025, 0.295906, 0.226209]",terminal_z,d42d4b89b32b8d1e991f62416607b68d7789608c8d9b64c66cd5c662b8545127,2895,symbolic,3,1,0,3,2,0,"{""rz"": 2, ""rxpi2"": 1, ""barrier"": 1, ""measure"": 2}",micro,0.666324,"[0.638884, 0.710627, 0.666324, 0.687524, 0.662867]",2,9,exported,0.460931,"[0.499827, 0.475107, 0.460354, 0.460931, 0.453058]",rigetti_rx_iswap,0,"{""kind"": ""measurement_probabilities"", ""max_error"": 3.3306690738754696e-16, ""samples"": [3.3306690738754696e-16, 2.220446049250313e-16, 3.3306690738754696e-16], ""passed"": true}"
Upstream main,same_axis_r_symbolic,static: each control-flow region counted once,1,flat circuit,,,0.115905,"[0.155361, 0.126064, 0.115905, 0.115889, 0.109408]",same_axis_r,59af948b651ce87df92fdb0d04b25a19c51f114106886434e8fdc4559d601167,1424,symbolic,1,1,0,1,0,0,"{""r"": 1}",micro,0.661444,"[0.690595, 0.713652, 0.655444, 0.661444, 0.638627]",2,2,exported,0.333362,"[0.374723, 0.340705, 0.333362, 0.31901, 0.313682]",iqm_r_cz,0,"{""kind"": ""full_matrix_including_phase"", ""max_error"": 1.6081226496766364e-16, ""samples"": [1.6081226496766364e-16, 1.6081226496766364e-16, 1.6081226496766364e-16], ""passed"": true}"
Upstream main,same_axis_r_symbolic,static: each control-flow region counted once,3,flat circuit,,,0.153745,"[0.191825, 0.165281, 0.153745, 0.148176, 0.144785]",same_axis_r,59af948b651ce87df92fdb0d04b25a19c51f114106886434e8fdc4559d601167,2105,symbolic,3,1,0,3,2,0,"{""rz"": 2, ""x"": 1}",micro,0.661444,"[0.690595, 0.713652, 0.655444, 0.661444, 0.638627]",2,12,exported,0.380323,"[0.421058, 0.39397, 0.379378, 0.380323, 0.361361]",ibm_sxz_cx,0,"{""kind"": ""full_matrix_including_phase"", ""max_error"": 5.4672143489065705e-16, ""samples"": [2.482534153247273e-16, 5.4672143489065705e-16, 2.220446049250313e-16], ""passed"": true}"
Upstream main,same_axis_r_symbolic,static: each control-flow region counted once,3,flat circuit,,,0.154337,"[0.196465, 0.163872, 0.154337, 0.148161, 0.144609]",same_axis_r,59af948b651ce87df92fdb0d04b25a19c51f114106886434e8fdc4559d601167,2105,symbolic,3,1,0,3,2,0,"{""rz"": 2, ""x"": 1}",micro,0.661444,"[0.690595, 0.713652, 0.655444, 0.661444, 0.638627]",2,12,exported,0.376818,"[0.410642, 0.39573, 0.376498, 0.376818, 0.360946]",ibm_sxz_cz,0,"{""kind"": ""full_matrix_including_phase"", ""max_error"": 5.4672143489065705e-16, ""samples"": [2.482534153247273e-16, 5.4672143489065705e-16, 2.220446049250313e-16], ""passed"": true}"
Upstream main,same_axis_r_symbolic,,,,,"Qiskit export of 'math.sqrt' at loc(""/tmp/core-synthesis-evaluation/corpus/same_axis_r_symbolic.mlir"":11:10): Qiskit circuit export does not support scalar parameter operation 'math.sqrt'",,,same_axis_r,59af948b651ce87df92fdb0d04b25a19c51f114106886434e8fdc4559d601167,4296,symbolic,3,,0,,,,,micro,0.661444,"[0.690595, 0.713652, 0.655444, 0.661444, 0.638627]",2,74,synthesized,0.493154,"[0.539091, 0.516515, 0.493154, 0.49277, 0.479379]",rxrz_rzz_unbounded,,"{""kind"": ""unavailable"", ""reason"": ""Qiskit export failed""}"
Upstream main,same_axis_r_symbolic,,,,"__init__(): incompatible function arguments. The following argument types are supported:
    1. __init__(self, name: str, arity: mqt.core.mlir.CompilerTarget.OperationArity, num_parameters: int, site_tuples: collections.abc.Sequence[mqt.core.mlir.CompilerTarget.SiteTuple] | None = None, duration: int | None = None, fidelity: float | None = None, *, fixed_parameters: collections.abc.Sequence[float | None] = [], canonical_name: str | None = None) -> None
    2. __init__(self, name: str, arity: int, num_parameters: int, site_tuples: collections.abc.Sequence[mqt.core.mlir.CompilerTarget.SiteTuple] | None = None, duration: int | None = None, fidelity: float | None = None, *, fixed_parameters: collections.abc.Sequence[float | None] = [], canonical_name: str | None = None) -> None

Invoked with types: mqt.core.mlir.OperationCapability, kwargs = { name: str, arity: int, num_parameters: int, parameter_bounds: list }",,,,same_axis_r,59af948b651ce87df92fdb0d04b25a19c51f114106886434e8fdc4559d601167,,symbolic,,,,,,,,micro,0.661444,"[0.690595, 0.713652, 0.655444, 0.661444, 0.638627]",2,,target_unsupported,,,ibm_fractional_bounded,,
Upstream main,same_axis_r_symbolic,,,,"Target synthesis failed: loc(""/tmp/core-synthesis-evaluation/corpus/same_axis_r_symbolic.mlir"":1:1): target compilation requires a single-qubit synthesis basis
loc(""/tmp/core-synthesis-evaluation/corpus/same_axis_r_symbolic.mlir"":1:1): failed to synthesize the QCO program for the target",,,,same_axis_r,59af948b651ce87df92fdb0d04b25a19c51f114106886434e8fdc4559d601167,,symbolic,,,,,,,,micro,0.661444,"[0.690595, 0.713652, 0.655444, 0.661444, 0.638627]",2,,synthesis_failed,,,ionq_fixed_r_zz,,
Upstream main,same_axis_r_symbolic,static: each control-flow region counted once,3,flat circuit,,,0.162625,"[0.208449, 0.176337, 0.162625, 0.156497, 0.153921]",same_axis_r,59af948b651ce87df92fdb0d04b25a19c51f114106886434e8fdc4559d601167,2486,symbolic,3,1,0,3,2,0,"{""rz"": 2, ""rxpi"": 1}",micro,0.661444,"[0.690595, 0.713652, 0.655444, 0.661444, 0.638627]",2,11,exported,0.362818,"[0.38237, 0.376786, 0.356466, 0.362818, 0.352882]",rigetti_rx_cz,0,"{""kind"": ""full_matrix_including_phase"", ""max_error"": 4.0029660424867215e-16, ""samples"": [2.3033281579698516e-16, 4.0029660424867215e-16, 2.3033281579698516e-16], ""passed"": true}"
Upstream main,same_axis_r_symbolic,static: each control-flow region counted once,3,flat circuit,,,0.166672,"[0.192049, 0.166672, 0.167489, 0.154209, 0.151601]",same_axis_r,59af948b651ce87df92fdb0d04b25a19c51f114106886434e8fdc4559d601167,2489,symbolic,3,1,0,3,2,0,"{""rz"": 2, ""rxpi"": 1}",micro,0.661444,"[0.690595, 0.713652, 0.655444, 0.661444, 0.638627]",2,11,exported,0.370738,"[0.402674, 0.379746, 0.370738, 0.358722, 0.361538]",rigetti_rx_iswap,0,"{""kind"": ""full_matrix_including_phase"", ""max_error"": 4.0029660424867215e-16, ""samples"": [2.3033281579698516e-16, 4.0029660424867215e-16, 2.3033281579698516e-16], ""passed"": true}"
PR 2578,core_ghz_4,static: each control-flow region counted once,8,flat circuit,,,0.156897,"[0.426339, 0.18597, 0.156897, 0.136913, 0.134369]",ghz,72acb0c3a2a21a9860a57fed9045957ae8f24324d1038fb2c548dc0bca7f1063,3336,numeric,7,7,3,7,0,0,"{""r"": 7, ""cz"": 3, ""measure"": 4}",core,0.656181,"[0.846519, 0.693861, 0.653702, 0.656181, 0.653574]",4,7,exported,0.675526,"[0.75127, 0.693718, 0.67023, 0.673429, 0.675526]",iqm_r_cz,3,"{""kind"": ""core_reference_samples"", ""shots"": 512, ""counts"": {""0000"": 259, ""1111"": 253}, ""total_variation_distance"": 0.005859375, ""squared_hellinger_fidelity"": 0.9999656665458233, ""cdf_max_deviation"": 0.005859375, ""dkw_limit"": 0.14461834543863566, ""false_rejection_bound"": 1e-09, ""reference_support"": 2, ""impossible_outcomes"": {}, ""passed"": true}"
PR 2578,core_ghz_4,static: each control-flow region counted once,7,flat circuit,,,0.120385,"[0.134609, 0.120385, 0.122977, 0.114945, 0.113521]",ghz,72acb0c3a2a21a9860a57fed9045957ae8f24324d1038fb2c548dc0bca7f1063,3171,numeric,3,1,3,6,2,0,"{""rz"": 2, ""sx"": 1, ""cx"": 3, ""measure"": 4}",core,0.656181,"[0.846519, 0.693861, 0.653702, 0.656181, 0.653574]",4,6,exported,0.634325,"[0.684229, 0.642821, 0.634325, 0.616037, 0.615269]",ibm_sxz_cx,3,"{""kind"": ""core_reference_samples"", ""shots"": 512, ""counts"": {""0000"": 259, ""1111"": 253}, ""total_variation_distance"": 0.005859375, ""squared_hellinger_fidelity"": 0.9999656665458233, ""cdf_max_deviation"": 0.005859375, ""dkw_limit"": 0.14461834543863566, ""false_rejection_bound"": 1e-09, ""reference_support"": 2, ""impossible_outcomes"": {}, ""passed"": true}"
PR 2578,core_ghz_4,static: each control-flow region counted once,16,flat circuit,,,0.166978,"[0.181153, 0.169106, 0.164321, 0.166978, 0.156833]",ghz,72acb0c3a2a21a9860a57fed9045957ae8f24324d1038fb2c548dc0bca7f1063,4180,numeric,21,7,3,15,14,0,"{""rz"": 14, ""sx"": 7, ""cz"": 3, ""measure"": 4}",core,0.656181,"[0.846519, 0.693861, 0.653702, 0.656181, 0.653574]",4,7,exported,0.670549,"[0.713862, 0.670549, 0.676181, 0.668358, 0.658677]",ibm_sxz_cz,3,"{""kind"": ""core_reference_samples"", ""shots"": 512, ""counts"": {""0000"": 259, ""1111"": 253}, ""total_variation_distance"": 0.005859375, ""squared_hellinger_fidelity"": 0.9999656665458233, ""cdf_max_deviation"": 0.005859375, ""dkw_limit"": 0.14461834543863566, ""false_rejection_bound"": 1e-09, ""reference_support"": 2, ""impossible_outcomes"": {}, ""passed"": true}"
PR 2578,core_ghz_4,static: each control-flow region counted once,13,flat circuit,,,0.143169,"[0.160177, 0.148449, 0.143169, 0.140914, 0.138161]",ghz,72acb0c3a2a21a9860a57fed9045957ae8f24324d1038fb2c548dc0bca7f1063,3851,numeric,21,7,3,12,14,0,"{""rz"": 14, ""rx"": 7, ""rzz"": 3, ""measure"": 4}",core,0.656181,"[0.846519, 0.693861, 0.653702, 0.656181, 0.653574]",4,8,exported,0.670069,"[0.694454, 0.678246, 0.670069, 0.661253, 0.649717]",rxrz_rzz_unbounded,3,"{""kind"": ""core_reference_samples"", ""shots"": 512, ""counts"": {""0000"": 259, ""1111"": 253}, ""total_variation_distance"": 0.005859375, ""squared_hellinger_fidelity"": 0.9999656665458233, ""cdf_max_deviation"": 0.005859375, ""dkw_limit"": 0.14461834543863566, ""false_rejection_bound"": 1e-09, ""reference_support"": 2, ""impossible_outcomes"": {}, ""passed"": true}"
PR 2578,core_ghz_4,static: each control-flow region counted once,13,flat circuit,,,0.153697,"[0.173634, 0.158081, 0.153697, 0.150786, 0.146913]",ghz,72acb0c3a2a21a9860a57fed9045957ae8f24324d1038fb2c548dc0bca7f1063,4407,numeric,24,10,3,12,14,0,"{""rz"": 14, ""rx"": 10, ""rzz"": 3, ""measure"": 4}",core,0.656181,"[0.846519, 0.693861, 0.653702, 0.656181, 0.653574]",4,9,exported,0.719094,"[0.754455, 0.741142, 0.718694, 0.719094, 0.71279]",ibm_fractional_bounded,3,"{""kind"": ""core_reference_samples"", ""shots"": 512, ""counts"": {""0000"": 259, ""1111"": 253}, ""total_variation_distance"": 0.005859375, ""squared_hellinger_fidelity"": 0.9999656665458233, ""cdf_max_deviation"": 0.005859375, ""dkw_limit"": 0.14461834543863566, ""false_rejection_bound"": 1e-09, ""reference_support"": 2, ""impossible_outcomes"": {}, ""passed"": true}"
PR 2578,core_ghz_4,static: each control-flow region counted once,16,flat circuit,,,0.255442,"[0.28405, 0.26773, 0.255442, 0.24589, 0.237986]",ghz,72acb0c3a2a21a9860a57fed9045957ae8f24324d1038fb2c548dc0bca7f1063,4344,numeric,24,7,3,15,17,0,"{""rz"": 17, ""gpi2"": 7, ""rzz"": 3, ""measure"": 4}",core,0.656181,"[0.846519, 0.693861, 0.653702, 0.656181, 0.653574]",4,9,exported,0.680006,"[0.70567, 0.687526, 0.680006, 0.667605, 0.670198]",ionq_fixed_r_zz,3,"{""kind"": ""core_reference_samples"", ""shots"": 512, ""counts"": {""0000"": 259, ""1111"": 253}, ""total_variation_distance"": 0.005859375, ""squared_hellinger_fidelity"": 0.9999656665458233, ""cdf_max_deviation"": 0.005859375, ""dkw_limit"": 0.14461834543863566, ""false_rejection_bound"": 1e-09, ""reference_support"": 2, ""impossible_outcomes"": {}, ""passed"": true}"
PR 2578,core_ghz_4,static: each control-flow region counted once,16,flat circuit,,,0.269426,"[0.325058, 0.281667, 0.269426, 0.26805, 0.259538]",ghz,72acb0c3a2a21a9860a57fed9045957ae8f24324d1038fb2c548dc0bca7f1063,4630,numeric,21,7,3,15,14,0,"{""rz"": 14, ""rxpi2"": 7, ""cz"": 3, ""measure"": 4}",core,0.656181,"[0.846519, 0.693861, 0.653702, 0.656181, 0.653574]",4,6,exported,0.675957,"[0.723878, 0.687398, 0.675957, 0.670678, 0.660806]",rigetti_rx_cz,3,"{""kind"": ""core_reference_samples"", ""shots"": 512, ""counts"": {""0000"": 259, ""1111"": 253}, ""total_variation_distance"": 0.005859375, ""squared_hellinger_fidelity"": 0.9999656665458233, ""cdf_max_deviation"": 0.005859375, ""dkw_limit"": 0.14461834543863566, ""false_rejection_bound"": 1e-09, ""reference_support"": 2, ""impossible_outcomes"": {}, ""passed"": true}"
PR 2578,core_ghz_4,static: each control-flow region counted once,23,flat circuit,,,0.313123,"[0.346963, 0.320707, 0.311154, 0.313123, 0.306851]",ghz,72acb0c3a2a21a9860a57fed9045957ae8f24324d1038fb2c548dc0bca7f1063,5588,numeric,33,11,6,22,22,0,"{""rz"": 22, ""rxpi2"": 7, ""iswap"": 6, ""rxpi"": 4, ""measure"": 4}",core,0.656181,"[0.846519, 0.693861, 0.653702, 0.656181, 0.653574]",4,11,exported,0.765334,"[0.813062, 0.775751, 0.765334, 0.758743, 0.759446]",rigetti_rx_iswap,6,"{""kind"": ""core_reference_samples"", ""shots"": 512, ""counts"": {""0000"": 259, ""1111"": 253}, ""total_variation_distance"": 0.005859375, ""squared_hellinger_fidelity"": 0.9999656665458233, ""cdf_max_deviation"": 0.005859375, ""dkw_limit"": 0.14461834543863566, ""false_rejection_bound"": 1e-09, ""reference_support"": 2, ""impossible_outcomes"": {}, ""passed"": true}"
PR 2578,core_qft_4,static: each control-flow region counted once,20,flat circuit,,,0.252546,"[0.277554, 0.252546, 0.255795, 0.238817, 0.23685]",qft,4afef75cef50fee8aeb97756ee0e1e539e2411cd84a387b01b934d431d84f53e,6829,numeric,17,17,12,19,0,0,"{""r"": 17, ""cz"": 12, ""measure"": 4}",core,0.783959,"[0.80367, 0.823159, 0.75599, 0.783959, 0.747478]",4,17,exported,1.208106,"[1.252602, 1.216443, 1.208106, 1.18529, 1.190314]",iqm_r_cz,10,"{""kind"": ""core_reference_samples"", ""shots"": 512, ""counts"": {""0000"": 124, ""0100"": 135, ""1000"": 125, ""1100"": 128}, ""total_variation_distance"": 0.013671875, ""squared_hellinger_fidelity"": 0.9997212936101603, ""cdf_max_deviation"": 0.0078125, ""dkw_limit"": 0.14461834543863566, ""false_rejection_bound"": 1e-09, ""reference_support"": 4, ""impossible_outcomes"": {}, ""passed"": true}"
PR 2578,core_qft_4,static: each control-flow region counted once,26,flat circuit,,,0.26349,"[0.275746, 0.26349, 0.265443, 0.249218, 0.254674]",qft,4afef75cef50fee8aeb97756ee0e1e539e2411cd84a387b01b934d431d84f53e,7081,numeric,25,4,12,25,21,0,"{""rz"": 21, ""sx"": 4, ""cx"": 12, ""measure"": 4}",core,0.783959,"[0.80367, 0.823159, 0.75599, 0.783959, 0.747478]",4,13,exported,1.054681,"[1.116057, 1.075561, 1.054681, 1.045352, 1.04652]",ibm_sxz_cx,10,"{""kind"": ""core_reference_samples"", ""shots"": 512, ""counts"": {""0000"": 124, ""0100"": 135, ""1000"": 125, ""1100"": 128}, ""total_variation_distance"": 0.013671875, ""squared_hellinger_fidelity"": 0.9997212936101603, ""cdf_max_deviation"": 0.0078125, ""dkw_limit"": 0.14461834543863566, ""false_rejection_bound"": 1e-09, ""reference_support"": 4, ""impossible_outcomes"": {}, ""passed"": true}"
PR 2578,core_qft_4,static: each control-flow region counted once,54,flat circuit,,,0.379987,"[0.410196, 0.387779, 0.379987, 0.376531, 0.372611]",qft,4afef75cef50fee8aeb97756ee0e1e539e2411cd84a387b01b934d431d84f53e,9912,numeric,76,28,12,53,48,0,"{""rz"": 48, ""sx"": 28, ""cz"": 12, ""measure"": 4}",core,0.783959,"[0.80367, 0.823159, 0.75599, 0.783959, 0.747478]",4,16,exported,1.241835,"[1.280043, 1.252922, 1.241835, 1.219226, 1.224698]",ibm_sxz_cz,10,"{""kind"": ""core_reference_samples"", ""shots"": 512, ""counts"": {""0000"": 124, ""0100"": 135, ""1000"": 125, ""1100"": 128}, ""total_variation_distance"": 0.013671875, ""squared_hellinger_fidelity"": 0.9997212936101603, ""cdf_max_deviation"": 0.0078125, ""dkw_limit"": 0.14461834543863566, ""false_rejection_bound"": 1e-09, ""reference_support"": 4, ""impossible_outcomes"": {}, ""passed"": true}"
PR 2578,core_qft_4,static: each control-flow region counted once,16,flat circuit,,,0.180113,"[0.200578, 0.186594, 0.180113, 0.177074, 0.170657]",qft,4afef75cef50fee8aeb97756ee0e1e539e2411cd84a387b01b934d431d84f53e,4411,numeric,19,4,6,15,15,0,"{""rz"": 15, ""rx"": 4, ""rzz"": 6, ""measure"": 4}",core,0.783959,"[0.80367, 0.823159, 0.75599, 0.783959, 0.747478]",4,14,exported,0.980328,"[1.018409, 0.993016, 0.980328, 0.978664, 0.96636]",rxrz_rzz_unbounded,5,"{""kind"": ""core_reference_samples"", ""shots"": 512, ""counts"": {""0000"": 124, ""0100"": 135, ""1000"": 125, ""1100"": 128}, ""total_variation_distance"": 0.013671875, ""squared_hellinger_fidelity"": 0.9997212936101603, ""cdf_max_deviation"": 0.0078125, ""dkw_limit"": 0.14461834543863566, ""false_rejection_bound"": 1e-09, ""reference_support"": 4, ""impossible_outcomes"": {}, ""passed"": true}"
PR 2578,core_qft_4,static: each control-flow region counted once,16,flat circuit,,,0.179649,"[0.19581, 0.179649, 0.179938, 0.179425, 0.176546]",qft,4afef75cef50fee8aeb97756ee0e1e539e2411cd84a387b01b934d431d84f53e,5318,numeric,25,6,6,15,19,0,"{""rz"": 19, ""rx"": 6, ""rzz"": 6, ""measure"": 4}",core,0.783959,"[0.80367, 0.823159, 0.75599, 0.783959, 0.747478]",4,17,exported,1.040841,"[1.072905, 1.048089, 1.040841, 1.036969, 1.0354]",ibm_fractional_bounded,5,"{""kind"": ""core_reference_samples"", ""shots"": 512, ""counts"": {""0000"": 124, ""0100"": 135, ""1000"": 125, ""1100"": 128}, ""total_variation_distance"": 0.013671875, ""squared_hellinger_fidelity"": 0.9997212936101603, ""cdf_max_deviation"": 0.0078125, ""dkw_limit"": 0.14461834543863566, ""false_rejection_bound"": 1e-09, ""reference_support"": 4, ""impossible_outcomes"": {}, ""passed"": true}"
PR 2578,core_qft_4,static: each control-flow region counted once,16,flat circuit,,,0.24645,"[0.26309, 0.254883, 0.24645, 0.236033, 0.236578]",qft,4afef75cef50fee8aeb97756ee0e1e539e2411cd84a387b01b934d431d84f53e,4717,numeric,19,4,6,15,15,0,"{""rz"": 15, ""gpi2"": 4, ""rzz"": 6, ""measure"": 4}",core,0.783959,"[0.80367, 0.823159, 0.75599, 0.783959, 0.747478]",4,15,exported,1.005416,"[1.033289, 1.005416, 1.007769, 0.990488, 0.990185]",ionq_fixed_r_zz,5,"{""kind"": ""core_reference_samples"", ""shots"": 512, ""counts"": {""0000"": 124, ""0100"": 135, ""1000"": 125, ""1100"": 128}, ""total_variation_distance"": 0.013671875, ""squared_hellinger_fidelity"": 0.9997212936101603, ""cdf_max_deviation"": 0.0078125, ""dkw_limit"": 0.14461834543863566, ""false_rejection_bound"": 1e-09, ""reference_support"": 4, ""impossible_outcomes"": {}, ""passed"": true}"
PR 2578,core_qft_4,static: each control-flow region counted once,54,flat circuit,,,0.649526,"[0.66727, 0.930151, 0.649526, 0.605781, 0.603189]",qft,4afef75cef50fee8aeb97756ee0e1e539e2411cd84a387b01b934d431d84f53e,10641,numeric,76,28,12,53,48,0,"{""rz"": 48, ""rxpi2"": 28, ""cz"": 12, ""measure"": 4}",core,0.783959,"[0.80367, 0.823159, 0.75599, 0.783959, 0.747478]",4,17,exported,1.287691,"[1.336219, 1.296507, 1.287483, 1.287691, 1.284267]",rigetti_rx_cz,10,"{""kind"": ""core_reference_samples"", ""shots"": 512, ""counts"": {""0000"": 124, ""0100"": 135, ""1000"": 125, ""1100"": 128}, ""total_variation_distance"": 0.013671875, ""squared_hellinger_fidelity"": 0.9997212936101603, ""cdf_max_deviation"": 0.0078125, ""dkw_limit"": 0.14461834543863566, ""false_rejection_bound"": 1e-09, ""reference_support"": 4, ""impossible_outcomes"": {}, ""passed"": true}"
PR 2578,core_qft_4,static: each control-flow region counted once,49,flat circuit,,,0.508068,"[0.548821, 0.508068, 0.517412, 0.499957, 0.50714]",qft,4afef75cef50fee8aeb97756ee0e1e539e2411cd84a387b01b934d431d84f53e,8728,numeric,68,27,12,48,41,0,"{""rxpi"": 1, ""rz"": 41, ""iswap"": 12, ""rxpi2"": 26, ""measure"": 4}",core,0.783959,"[0.80367, 0.823159, 0.75599, 0.783959, 0.747478]",4,18,exported,1.246331,"[1.294027, 1.252762, 1.246331, 1.238538, 1.235099]",rigetti_rx_iswap,10,"{""kind"": ""core_reference_samples"", ""shots"": 512, ""counts"": {""0000"": 124, ""0100"": 135, ""1000"": 125, ""1100"": 128}, ""total_variation_distance"": 0.013671875, ""squared_hellinger_fidelity"": 0.9997212936101603, ""cdf_max_deviation"": 0.0078125, ""dkw_limit"": 0.14461834543863566, ""false_rejection_bound"": 1e-09, ""reference_support"": 4, ""impossible_outcomes"": {}, ""passed"": true}"
PR 2578,core_w_state_4,static: each control-flow region counted once,13,flat circuit,,,0.189298,"[0.223186, 0.202753, 0.189298, 0.183953, 0.18069]",w_state,ede062e29de54882e3c894c625abd30d934007cb741bc8e03a7c128d2e6bdc47,5422,numeric,13,13,6,12,0,0,"{""r"": 13, ""cz"": 6, ""measure"": 4}",core,0.781991,"[0.834055, 0.863223, 0.77415, 0.781991, 0.738294]",4,24,exported,1.107145,"[1.163401, 1.127161, 1.107145, 1.099257, 1.102489]",iqm_r_cz,6,"{""kind"": ""core_reference_samples"", ""shots"": 512, ""counts"": {""0001"": 122, ""0010"": 125, ""0100"": 137, ""1000"": 128}, ""total_variation_distance"": 0.017578125, ""squared_hellinger_fidelity"": 0.9995260877209599, ""cdf_max_deviation"": 0.017578125, ""dkw_limit"": 0.14461834543863566, ""false_rejection_bound"": 1e-09, ""reference_support"": 4, ""impossible_outcomes"": {}, ""passed"": true}"
PR 2578,core_w_state_4,static: each control-flow region counted once,27,flat circuit,,,0.250018,"[0.274802, 0.26045, 0.250018, 0.246178, 0.242274]",w_state,ede062e29de54882e3c894c625abd30d934007cb741bc8e03a7c128d2e6bdc47,6748,numeric,42,16,6,26,26,0,"{""rz"": 26, ""sx"": 16, ""cx"": 6, ""measure"": 4}",core,0.781991,"[0.834055, 0.863223, 0.77415, 0.781991, 0.738294]",4,19,exported,0.966936,"[1.02404, 0.973832, 0.966936, 0.961432, 0.945848]",ibm_sxz_cx,6,"{""kind"": ""core_reference_samples"", ""shots"": 512, ""counts"": {""0001"": 122, ""0010"": 125, ""0100"": 137, ""1000"": 128}, ""total_variation_distance"": 0.017578125, ""squared_hellinger_fidelity"": 0.9995260877209599, ""cdf_max_deviation"": 0.017578125, ""dkw_limit"": 0.14461834543863566, ""false_rejection_bound"": 1e-09, ""reference_support"": 4, ""impossible_outcomes"": {}, ""passed"": true}"
PR 2578,core_w_state_4,static: each control-flow region counted once,35,flat circuit,,,0.271538,"[0.293122, 0.275554, 0.271523, 0.271538, 0.268338]",w_state,ede062e29de54882e3c894c625abd30d934007cb741bc8e03a7c128d2e6bdc47,7339,numeric,50,20,6,34,30,0,"{""rz"": 30, ""sx"": 20, ""cz"": 6, ""measure"": 4}",core,0.781991,"[0.834055, 0.863223, 0.77415, 0.781991, 0.738294]",4,22,exported,0.991784,"[1.037096, 0.996105, 0.991784, 0.98028, 0.97172]",ibm_sxz_cz,6,"{""kind"": ""core_reference_samples"", ""shots"": 512, ""counts"": {""0001"": 122, ""0010"": 125, ""0100"": 137, ""1000"": 128}, ""total_variation_distance"": 0.017578125, ""squared_hellinger_fidelity"": 0.9995260877209599, ""cdf_max_deviation"": 0.017578125, ""dkw_limit"": 0.14461834543863566, ""false_rejection_bound"": 1e-09, ""reference_support"": 4, ""impossible_outcomes"": {}, ""passed"": true}"
PR 2578,core_w_state_4,static: each control-flow region counted once,23,flat circuit,,,0.21389,"[0.235154, 0.217794, 0.21205, 0.21389, 0.209746]",w_state,ede062e29de54882e3c894c625abd30d934007cb741bc8e03a7c128d2e6bdc47,5317,numeric,30,13,6,22,17,0,"{""rz"": 17, ""rx"": 13, ""rzz"": 6, ""measure"": 4}",core,0.781991,"[0.834055, 0.863223, 0.77415, 0.781991, 0.738294]",4,19,exported,0.961784,"[0.999032, 0.977224, 0.961784, 0.955336, 0.945016]",rxrz_rzz_unbounded,6,"{""kind"": ""core_reference_samples"", ""shots"": 512, ""counts"": {""0001"": 122, ""0010"": 125, ""0100"": 137, ""1000"": 128}, ""total_variation_distance"": 0.017578125, ""squared_hellinger_fidelity"": 0.9995260877209599, ""cdf_max_deviation"": 0.017578125, ""dkw_limit"": 0.14461834543863566, ""false_rejection_bound"": 1e-09, ""reference_support"": 4, ""impossible_outcomes"": {}, ""passed"": true}"
PR 2578,core_w_state_4,static: each control-flow region counted once,22,flat circuit,,,0.184658,"[0.203953, 0.186609, 0.182498, 0.180113, 0.184658]",w_state,ede062e29de54882e3c894c625abd30d934007cb741bc8e03a7c128d2e6bdc47,5428,numeric,28,13,6,21,15,0,"{""rx"": 13, ""rz"": 15, ""rzz"": 6, ""measure"": 4}",core,0.781991,"[0.834055, 0.863223, 0.77415, 0.781991, 0.738294]",4,16,exported,1.0034,"[1.042297, 1.015224, 1.002696, 1.0034, 0.995241]",ibm_fractional_bounded,6,"{""kind"": ""core_reference_samples"", ""shots"": 512, ""counts"": {""0001"": 122, ""0010"": 125, ""0100"": 137, ""1000"": 128}, ""total_variation_distance"": 0.017578125, ""squared_hellinger_fidelity"": 0.9995260877209599, ""cdf_max_deviation"": 0.017578125, ""dkw_limit"": 0.14461834543863566, ""false_rejection_bound"": 1e-09, ""reference_support"": 4, ""impossible_outcomes"": {}, ""passed"": true}"
PR 2578,core_w_state_4,static: each control-flow region counted once,23,flat circuit,,,0.408292,"[0.451124, 0.422835, 0.399187, 0.408292, 0.397219]",w_state,ede062e29de54882e3c894c625abd30d934007cb741bc8e03a7c128d2e6bdc47,6079,numeric,37,13,6,22,24,0,"{""gpi"": 1, ""gpi2"": 12, ""rz"": 24, ""rzz"": 6, ""measure"": 4}",core,0.781991,"[0.834055, 0.863223, 0.77415, 0.781991, 0.738294]",4,20,exported,1.015432,"[1.059561, 1.025416, 1.015432, 0.999816, 0.99884]",ionq_fixed_r_zz,6,"{""kind"": ""core_reference_samples"", ""shots"": 512, ""counts"": {""0001"": 122, ""0010"": 125, ""0100"": 137, ""1000"": 128}, ""total_variation_distance"": 0.017578125, ""squared_hellinger_fidelity"": 0.9995260877209599, ""cdf_max_deviation"": 0.017578125, ""dkw_limit"": 0.14461834543863566, ""false_rejection_bound"": 1e-09, ""reference_support"": 4, ""impossible_outcomes"": {}, ""passed"": true}"
PR 2578,core_w_state_4,static: each control-flow region counted once,35,flat circuit,,,0.465955,"[0.807686, 0.509589, 0.465955, 0.443988, 0.441604]",w_state,ede062e29de54882e3c894c625abd30d934007cb741bc8e03a7c128d2e6bdc47,7967,numeric,50,20,6,34,30,0,"{""rz"": 30, ""rxpi2"": 20, ""cz"": 6, ""measure"": 4}",core,0.781991,"[0.834055, 0.863223, 0.77415, 0.781991, 0.738294]",4,22,exported,1.03076,"[1.076185, 1.03076, 1.034009, 1.017097, 1.016328]",rigetti_rx_cz,6,"{""kind"": ""core_reference_samples"", ""shots"": 512, ""counts"": {""0001"": 122, ""0010"": 125, ""0100"": 137, ""1000"": 128}, ""total_variation_distance"": 0.017578125, ""squared_hellinger_fidelity"": 0.9995260877209599, ""cdf_max_deviation"": 0.017578125, ""dkw_limit"": 0.14461834543863566, ""false_rejection_bound"": 1e-09, ""reference_support"": 4, ""impossible_outcomes"": {}, ""passed"": true}"
PR 2578,core_w_state_4,static: each control-flow region counted once,33,flat circuit,,,0.408564,"[0.446692, 0.427459, 0.403683, 0.408564, 0.392243]",w_state,ede062e29de54882e3c894c625abd30d934007cb741bc8e03a7c128d2e6bdc47,7145,numeric,51,20,6,32,31,0,"{""rz"": 31, ""rxpi2"": 20, ""iswap"": 6, ""measure"": 4}",core,0.781991,"[0.834055, 0.863223, 0.77415, 0.781991, 0.738294]",4,20,exported,1.010968,"[1.067385, 1.026441, 1.010968, 1.0078, 0.998056]",rigetti_rx_iswap,6,"{""kind"": ""core_reference_samples"", ""shots"": 512, ""counts"": {""0001"": 122, ""0010"": 125, ""0100"": 137, ""1000"": 128}, ""total_variation_distance"": 0.017578125, ""squared_hellinger_fidelity"": 0.9995260877209599, ""cdf_max_deviation"": 0.017578125, ""dkw_limit"": 0.14461834543863566, ""false_rejection_bound"": 1e-09, ""reference_support"": 4, ""impossible_outcomes"": {}, ""passed"": true}"
PR 2578,core_qpe_4,static: each control-flow region counted once,25,flat circuit,,,0.241234,"[0.274114, 0.260611, 0.241234, 0.236626, 0.228433]",qpe,9557c40f36e68d523231f01d4330fb0e243fcaaa4bfb0e40c7a89db1122db1b2,6881,numeric,18,18,11,24,0,0,"{""r"": 18, ""cz"": 11, ""measure"": 3}",core,0.79487,"[0.849479, 0.865223, 0.784567, 0.79487, 0.759991]",4,23,exported,1.223866,"[1.274347, 1.226714, 1.223866, 1.208714, 1.205738]",iqm_r_cz,11,"{""kind"": ""core_reference_samples"", ""shots"": 512, ""counts"": {""011"": 512}, ""total_variation_distance"": 0.0, ""squared_hellinger_fidelity"": 1.0, ""cdf_max_deviation"": 0.0, ""dkw_limit"": 0.14461834543863566, ""false_rejection_bound"": 1e-09, ""reference_support"": 1, ""impossible_outcomes"": {}, ""passed"": true}"
PR 2578,core_qpe_4,static: each control-flow region counted once,34,flat circuit,,,0.278386,"[0.312899, 0.285762, 0.278386, 0.274099, 0.27653]",qpe,9557c40f36e68d523231f01d4330fb0e243fcaaa4bfb0e40c7a89db1122db1b2,7520,numeric,38,9,11,33,29,0,"{""rz"": 29, ""sx"": 8, ""x"": 1, ""cx"": 11, ""measure"": 3}",core,0.79487,"[0.849479, 0.865223, 0.784567, 0.79487, 0.759991]",4,15,exported,1.083465,"[1.137433, 1.099145, 1.083465, 1.076857, 1.070937]",ibm_sxz_cx,11,"{""kind"": ""core_reference_samples"", ""shots"": 512, ""counts"": {""011"": 512}, ""total_variation_distance"": 0.0, ""squared_hellinger_fidelity"": 1.0, ""cdf_max_deviation"": 0.0, ""dkw_limit"": 0.14461834543863566, ""false_rejection_bound"": 1e-09, ""reference_support"": 1, ""impossible_outcomes"": {}, ""passed"": true}"
PR 2578,core_qpe_4,static: each control-flow region counted once,58,flat circuit,,,0.340323,"[0.379108, 0.346082, 0.336291, 0.340323, 0.330179]",qpe,9557c40f36e68d523231f01d4330fb0e243fcaaa4bfb0e40c7a89db1122db1b2,8860,numeric,63,24,11,57,39,0,"{""rz"": 39, ""sx"": 22, ""cz"": 11, ""x"": 2, ""measure"": 3}",core,0.79487,"[0.849479, 0.865223, 0.784567, 0.79487, 0.759991]",4,16,exported,1.19305,"[1.255547, 1.21897, 1.19305, 1.192682, 1.184602]",ibm_sxz_cz,11,"{""kind"": ""core_reference_samples"", ""shots"": 512, ""counts"": {""011"": 512}, ""total_variation_distance"": 0.0, ""squared_hellinger_fidelity"": 1.0, ""cdf_max_deviation"": 0.0, ""dkw_limit"": 0.14461834543863566, ""false_rejection_bound"": 1e-09, ""reference_support"": 1, ""impossible_outcomes"": {}, ""passed"": true}"
PR 2578,core_qpe_4,static: each control-flow region counted once,23,flat circuit,,,0.21405,"[0.239282, 0.22213, 0.212545, 0.211202, 0.21405]",qpe,9557c40f36e68d523231f01d4330fb0e243fcaaa4bfb0e40c7a89db1122db1b2,5253,numeric,32,9,6,22,23,0,"{""rz"": 23, ""rx"": 9, ""rzz"": 6, ""measure"": 3}",core,0.79487,"[0.849479, 0.865223, 0.784567, 0.79487, 0.759991]",4,18,exported,1.035401,"[1.077305, 1.047033, 1.035401, 1.029241, 1.02252]",rxrz_rzz_unbounded,6,"{""kind"": ""core_reference_samples"", ""shots"": 512, ""counts"": {""011"": 512}, ""total_variation_distance"": 0.0, ""squared_hellinger_fidelity"": 1.0, ""cdf_max_deviation"": 0.0, ""dkw_limit"": 0.14461834543863566, ""false_rejection_bound"": 1e-09, ""reference_support"": 1, ""impossible_outcomes"": {}, ""passed"": true}"
PR 2578,core_qpe_4,static: each control-flow region counted once,23,flat circuit,,,0.196849,"[0.210386, 0.196849, 0.19109, 0.201345, 0.192194]",qpe,9557c40f36e68d523231f01d4330fb0e243fcaaa4bfb0e40c7a89db1122db1b2,5651,numeric,33,10,6,22,23,0,"{""rz"": 23, ""rx"": 9, ""x"": 1, ""rzz"": 6, ""measure"": 3}",core,0.79487,"[0.849479, 0.865223, 0.784567, 0.79487, 0.759991]",4,17,exported,1.047209,"[1.085193, 1.057545, 1.047209, 1.040153, 1.037385]",ibm_fractional_bounded,6,"{""kind"": ""core_reference_samples"", ""shots"": 512, ""counts"": {""011"": 512}, ""total_variation_distance"": 0.0, ""squared_hellinger_fidelity"": 1.0, ""cdf_max_deviation"": 0.0, ""dkw_limit"": 0.14461834543863566, ""false_rejection_bound"": 1e-09, ""reference_support"": 1, ""impossible_outcomes"": {}, ""passed"": true}"
PR 2578,core_qpe_4,static: each control-flow region counted once,23,flat circuit,,,0.331475,"[0.393891, 0.347187, 0.331475, 0.33109, 0.326675]",qpe,9557c40f36e68d523231f01d4330fb0e243fcaaa4bfb0e40c7a89db1122db1b2,5538,numeric,30,9,6,22,21,0,"{""rz"": 21, ""gpi2"": 6, ""gpi"": 3, ""rzz"": 6, ""measure"": 3}",core,0.79487,"[0.849479, 0.865223, 0.784567, 0.79487, 0.759991]",4,20,exported,1.026104,"[1.061849, 1.041113, 1.025816, 1.026104, 1.017977]",ionq_fixed_r_zz,6,"{""kind"": ""core_reference_samples"", ""shots"": 512, ""counts"": {""011"": 512}, ""total_variation_distance"": 0.0, ""squared_hellinger_fidelity"": 1.0, ""cdf_max_deviation"": 0.0, ""dkw_limit"": 0.14461834543863566, ""false_rejection_bound"": 1e-09, ""reference_support"": 1, ""impossible_outcomes"": {}, ""passed"": true}"
PR 2578,core_qpe_4,static: each control-flow region counted once,58,flat circuit,,,0.620085,"[0.619189, 0.620085, 0.582053, 2.834184, 0.676501]",qpe,9557c40f36e68d523231f01d4330fb0e243fcaaa4bfb0e40c7a89db1122db1b2,9669,numeric,63,24,11,57,39,0,"{""rz"": 39, ""rxpi2"": 22, ""cz"": 11, ""rxpi"": 2, ""measure"": 3}",core,0.79487,"[0.849479, 0.865223, 0.784567, 0.79487, 0.759991]",4,19,exported,1.243386,"[1.29297, 1.251946, 1.242923, 1.229818, 1.243386]",rigetti_rx_cz,11,"{""kind"": ""core_reference_samples"", ""shots"": 512, ""counts"": {""011"": 512}, ""total_variation_distance"": 0.0, ""squared_hellinger_fidelity"": 1.0, ""cdf_max_deviation"": 0.0, ""dkw_limit"": 0.14461834543863566, ""false_rejection_bound"": 1e-09, ""reference_support"": 1, ""impossible_outcomes"": {}, ""passed"": true}"
PR 2578,core_qpe_4,static: each control-flow region counted once,49,flat circuit,,,0.48986,"[0.53978, 0.508788, 0.48986, 0.484724, 0.474484]",qpe,9557c40f36e68d523231f01d4330fb0e243fcaaa4bfb0e40c7a89db1122db1b2,8400,numeric,61,27,12,48,34,0,"{""rz"": 34, ""rxpi2"": 21, ""rxpi"": 6, ""iswap"": 12, ""measure"": 3}",core,0.79487,"[0.849479, 0.865223, 0.784567, 0.79487, 0.759991]",4,21,exported,1.235706,"[1.326331, 1.258891, 1.235706, 1.22769, 1.229978]",rigetti_rx_iswap,12,"{""kind"": ""core_reference_samples"", ""shots"": 512, ""counts"": {""011"": 512}, ""total_variation_distance"": 0.0, ""squared_hellinger_fidelity"": 1.0, ""cdf_max_deviation"": 0.0, ""dkw_limit"": 0.14461834543863566, ""false_rejection_bound"": 1e-09, ""reference_support"": 1, ""impossible_outcomes"": {}, ""passed"": true}"
PR 2578,core_grover_3,static: each control-flow region counted once,46,flat circuit,,,0.386179,"[0.430243, 0.392996, 0.386179, 0.378371, 0.371683]",grover,47afa17f2637e4a30e14241e6fcb9817f4e4842f97f550df52140afcfb27b23f,11258,numeric,33,33,24,45,0,0,"{""r"": 33, ""cz"": 24, ""measure"": 3}",core,0.919479,"[0.974216, 0.9794, 0.883448, 0.919479, 0.857559]",3,26,exported,2.174466,"[2.228499, 2.174466, 2.207043, 2.145906, 2.142738]",iqm_r_cz,24,"{""kind"": ""core_reference_samples"", ""shots"": 512, ""counts"": {""000"": 2, ""001"": 1, ""010"": 4, ""011"": 3, ""100"": 4, ""101"": 493, ""110"": 3, ""111"": 2}, ""total_variation_distance"": 0.017578125, ""squared_hellinger_fidelity"": 0.9963483800169427, ""cdf_max_deviation"": 0.01171875, ""dkw_limit"": 0.14461834543863566, ""false_rejection_bound"": 1e-09, ""reference_support"": 8, ""impossible_outcomes"": {}, ""passed"": true}"
PR 2578,core_grover_3,static: each control-flow region counted once,56,flat circuit,,,0.452899,"[0.487764, 0.464756, 0.452899, 0.451284, 0.44194]",grover,47afa17f2637e4a30e14241e6fcb9817f4e4842f97f550df52140afcfb27b23f,12099,numeric,69,15,24,55,54,0,"{""rz"": 54, ""sx"": 15, ""cx"": 24, ""measure"": 3}",core,0.919479,"[0.974216, 0.9794, 0.883448, 0.919479, 0.857559]",3,9,exported,1.91416,"[1.980609, 1.940368, 1.91416, 1.913312, 1.902847]",ibm_sxz_cx,24,"{""kind"": ""core_reference_samples"", ""shots"": 512, ""counts"": {""000"": 2, ""001"": 1, ""010"": 4, ""011"": 3, ""100"": 4, ""101"": 493, ""110"": 3, ""111"": 2}, ""total_variation_distance"": 0.017578125, ""squared_hellinger_fidelity"": 0.9963483800169427, ""cdf_max_deviation"": 0.01171875, ""dkw_limit"": 0.14461834543863566, ""false_rejection_bound"": 1e-09, ""reference_support"": 8, ""impossible_outcomes"": {}, ""passed"": true}"
PR 2578,core_grover_3,static: each control-flow region counted once,114,flat circuit,,,0.616997,"[0.648581, 0.625014, 0.616997, 0.605093, 0.603925]",grover,47afa17f2637e4a30e14241e6fcb9817f4e4842f97f550df52140afcfb27b23f,15820,numeric,132,50,24,113,82,0,"{""rz"": 82, ""sx"": 47, ""cz"": 24, ""x"": 3, ""measure"": 3}",core,0.919479,"[0.974216, 0.9794, 0.883448, 0.919479, 0.857559]",3,15,exported,2.388884,"[2.4377, 2.404323, 2.38234, 2.388884, 2.368724]",ibm_sxz_cz,24,"{""kind"": ""core_reference_samples"", ""shots"": 512, ""counts"": {""000"": 2, ""001"": 1, ""010"": 4, ""011"": 3, ""100"": 4, ""101"": 493, ""110"": 3, ""111"": 2}, ""total_variation_distance"": 0.017578125, ""squared_hellinger_fidelity"": 0.9963483800169427, ""cdf_max_deviation"": 0.01171875, ""dkw_limit"": 0.14461834543863566, ""false_rejection_bound"": 1e-09, ""reference_support"": 8, ""impossible_outcomes"": {}, ""passed"": true}"
PR 2578,core_grover_3,static: each control-flow region counted once,67,flat circuit,,,0.378531,"[0.405523, 0.388676, 0.374163, 0.368131, 0.378531]",grover,47afa17f2637e4a30e14241e6fcb9817f4e4842f97f550df52140afcfb27b23f,10204,numeric,89,33,20,66,56,0,"{""rz"": 56, ""rx"": 33, ""rzz"": 20, ""measure"": 3}",core,0.919479,"[0.974216, 0.9794, 0.883448, 0.919479, 0.857559]",3,17,exported,2.149057,"[2.216978, 2.177378, 2.149057, 2.145426, 2.130961]",rxrz_rzz_unbounded,20,"{""kind"": ""core_reference_samples"", ""shots"": 512, ""counts"": {""000"": 2, ""001"": 1, ""010"": 4, ""011"": 3, ""100"": 4, ""101"": 493, ""110"": 3, ""111"": 2}, ""total_variation_distance"": 0.017578125, ""squared_hellinger_fidelity"": 0.9963483800169427, ""cdf_max_deviation"": 0.01171875, ""dkw_limit"": 0.14461834543863566, ""false_rejection_bound"": 1e-09, ""reference_support"": 8, ""impossible_outcomes"": {}, ""passed"": true}"
PR 2578,core_grover_3,static: each control-flow region counted once,67,flat circuit,,,0.372723,"[0.390099, 0.372723, 0.376355, 0.360403, 0.358131]",grover,47afa17f2637e4a30e14241e6fcb9817f4e4842f97f550df52140afcfb27b23f,10323,numeric,85,31,20,66,54,0,"{""rz"": 54, ""rx"": 31, ""rzz"": 20, ""measure"": 3}",core,0.919479,"[0.974216, 0.9794, 0.883448, 0.919479, 0.857559]",3,16,exported,2.272339,"[2.283475, 2.272339, 2.283507, 2.240867, 2.258995]",ibm_fractional_bounded,20,"{""kind"": ""core_reference_samples"", ""shots"": 512, ""counts"": {""000"": 2, ""001"": 1, ""010"": 4, ""011"": 3, ""100"": 4, ""101"": 493, ""110"": 3, ""111"": 2}, ""total_variation_distance"": 0.017578125, ""squared_hellinger_fidelity"": 0.9963483800169427, ""cdf_max_deviation"": 0.01171875, ""dkw_limit"": 0.14461834543863566, ""false_rejection_bound"": 1e-09, ""reference_support"": 8, ""impossible_outcomes"": {}, ""passed"": true}"
PR 2578,core_grover_3,static: each control-flow region counted once,91,flat circuit,,,0.99108,"[1.035384, 1.244027, 0.99108, 0.979064, 0.961592]",grover,47afa17f2637e4a30e14241e6fcb9817f4e4842f97f550df52140afcfb27b23f,12195,numeric,112,46,20,90,66,0,"{""rz"": 66, ""gpi2"": 39, ""gpi"": 7, ""rzz"": 20, ""measure"": 3}",core,0.919479,"[0.974216, 0.9794, 0.883448, 0.919479, 0.857559]",3,18,exported,2.464085,"[2.498677, 2.486709, 2.464085, 2.452468, 2.44098]",ionq_fixed_r_zz,20,"{""kind"": ""core_reference_samples"", ""shots"": 512, ""counts"": {""000"": 2, ""001"": 1, ""010"": 4, ""011"": 3, ""100"": 4, ""101"": 493, ""110"": 3, ""111"": 2}, ""total_variation_distance"": 0.017578125, ""squared_hellinger_fidelity"": 0.9963483800169427, ""cdf_max_deviation"": 0.01171875, ""dkw_limit"": 0.14461834543863566, ""false_rejection_bound"": 1e-09, ""reference_support"": 8, ""impossible_outcomes"": {}, ""passed"": true}"
PR 2578,core_grover_3,static: each control-flow region counted once,114,flat circuit,,,0.977624,"[1.022216, 0.977624, 0.965576, 0.960984, 1.096841]",grover,47afa17f2637e4a30e14241e6fcb9817f4e4842f97f550df52140afcfb27b23f,16560,numeric,132,50,24,113,82,0,"{""rz"": 82, ""rxpi2"": 47, ""cz"": 24, ""rxpi"": 3, ""measure"": 3}",core,0.919479,"[0.974216, 0.9794, 0.883448, 0.919479, 0.857559]",3,13,exported,2.490741,"[2.525685, 2.517253, 2.490741, 2.480373, 2.468341]",rigetti_rx_cz,24,"{""kind"": ""core_reference_samples"", ""shots"": 512, ""counts"": {""000"": 2, ""001"": 1, ""010"": 4, ""011"": 3, ""100"": 4, ""101"": 493, ""110"": 3, ""111"": 2}, ""total_variation_distance"": 0.017578125, ""squared_hellinger_fidelity"": 0.9963483800169427, ""cdf_max_deviation"": 0.01171875, ""dkw_limit"": 0.14461834543863566, ""false_rejection_bound"": 1e-09, ""reference_support"": 8, ""impossible_outcomes"": {}, ""passed"": true}"
PR 2578,core_grover_3,static: each control-flow region counted once,161,flat circuit,,,1.25161,"[1.315034, 1.276987, 1.25161, 1.248315, 1.240442]",grover,47afa17f2637e4a30e14241e6fcb9817f4e4842f97f550df52140afcfb27b23f,20641,numeric,211,88,40,160,123,0,"{""rz"": 123, ""rxpi2"": 57, ""iswap"": 40, ""rxpi"": 31, ""measure"": 3}",core,0.919479,"[0.974216, 0.9794, 0.883448, 0.919479, 0.857559]",3,22,exported,2.734727,"[2.766775, 2.734727, 2.745479, 2.722199, 2.720583]",rigetti_rx_iswap,40,"{""kind"": ""core_reference_samples"", ""shots"": 512, ""counts"": {""000"": 2, ""001"": 1, ""010"": 4, ""011"": 3, ""100"": 4, ""101"": 493, ""110"": 3, ""111"": 2}, ""total_variation_distance"": 0.017578125, ""squared_hellinger_fidelity"": 0.9963483800169427, ""cdf_max_deviation"": 0.01171875, ""dkw_limit"": 0.14461834543863566, ""false_rejection_bound"": 1e-09, ""reference_support"": 8, ""impossible_outcomes"": {}, ""passed"": true}"
PR 2578,core_multiplexer_3,static: each control-flow region counted once,9,flat circuit,,,0.130497,"[0.160049, 0.138866, 0.130497, 0.126273, 0.124993]",multiplexer,9012eef549b35b2b5250a04977edd68e45507df476d960e49162ebff04fb2f6b,3512,numeric,6,6,4,8,0,0,"{""r"": 6, ""cz"": 4, ""measure"": 3}",core,0.711606,"[0.777271, 0.774438, 0.697558, 0.711606, 0.657029]",3,10,exported,0.66991,"[0.723782, 0.688518, 0.66991, 0.655989, 0.653542]",iqm_r_cz,4,"{""kind"": ""core_reference_samples"", ""shots"": 512, ""counts"": {""000"": 136, ""010"": 109, ""011"": 12, ""100"": 65, ""101"": 61, ""110"": 13, ""111"": 116}, ""total_variation_distance"": 0.03075227735168154, ""squared_hellinger_fidelity"": 0.9970031898530823, ""cdf_max_deviation"": 0.015625, ""dkw_limit"": 0.14461834543863566, ""false_rejection_bound"": 1e-09, ""reference_support"": 7, ""impossible_outcomes"": {}, ""passed"": true}"
PR 2578,core_multiplexer_3,static: each control-flow region counted once,14,flat circuit,,,0.150081,"[0.172097, 0.155186, 0.147089, 0.150081, 0.140865]",multiplexer,9012eef549b35b2b5250a04977edd68e45507df476d960e49162ebff04fb2f6b,4066,numeric,14,4,4,13,10,0,"{""rz"": 10, ""sx"": 4, ""cx"": 4, ""measure"": 3}",core,0.711606,"[0.777271, 0.774438, 0.697558, 0.711606, 0.657029]",3,10,exported,0.640725,"[0.690966, 0.66039, 0.640725, 0.633781, 0.626517]",ibm_sxz_cx,4,"{""kind"": ""core_reference_samples"", ""shots"": 512, ""counts"": {""000"": 136, ""010"": 109, ""011"": 12, ""100"": 65, ""101"": 61, ""110"": 13, ""111"": 116}, ""total_variation_distance"": 0.03075227735168154, ""squared_hellinger_fidelity"": 0.9970031898530823, ""cdf_max_deviation"": 0.015625, ""dkw_limit"": 0.14461834543863566, ""false_rejection_bound"": 1e-09, ""reference_support"": 7, ""impossible_outcomes"": {}, ""passed"": true}"
PR 2578,core_multiplexer_3,static: each control-flow region counted once,25,flat circuit,,,0.179218,"[0.19749, 0.179218, 0.174641, 0.171089, 0.17981]",multiplexer,9012eef549b35b2b5250a04977edd68e45507df476d960e49162ebff04fb2f6b,4519,numeric,26,10,4,24,16,0,"{""rz"": 16, ""sx"": 10, ""cz"": 4, ""measure"": 3}",core,0.711606,"[0.777271, 0.774438, 0.697558, 0.711606, 0.657029]",3,7,exported,0.679221,"[0.700613, 0.683638, 0.66095, 0.679221, 0.662694]",ibm_sxz_cz,4,"{""kind"": ""core_reference_samples"", ""shots"": 512, ""counts"": {""000"": 136, ""010"": 109, ""011"": 12, ""100"": 65, ""101"": 61, ""110"": 13, ""111"": 116}, ""total_variation_distance"": 0.03075227735168154, ""squared_hellinger_fidelity"": 0.9970031898530823, ""cdf_max_deviation"": 0.015625, ""dkw_limit"": 0.14461834543863566, ""false_rejection_bound"": 1e-09, ""reference_support"": 7, ""impossible_outcomes"": {}, ""passed"": true}"
PR 2578,core_multiplexer_3,static: each control-flow region counted once,8,flat circuit,,,0.143697,"[0.147137, 0.143697, 0.124433, 0.346787, 0.138113]",multiplexer,9012eef549b35b2b5250a04977edd68e45507df476d960e49162ebff04fb2f6b,3046,numeric,10,4,2,7,6,0,"{""rz"": 6, ""rx"": 4, ""rzz"": 2, ""measure"": 3}",core,0.711606,"[0.777271, 0.774438, 0.697558, 0.711606, 0.657029]",3,11,exported,0.597845,"[0.619941, 0.606629, 0.597845, 0.587685, 0.587717]",rxrz_rzz_unbounded,2,"{""kind"": ""core_reference_samples"", ""shots"": 512, ""counts"": {""000"": 136, ""010"": 109, ""011"": 12, ""100"": 65, ""101"": 61, ""110"": 13, ""111"": 116}, ""total_variation_distance"": 0.03075227735168154, ""squared_hellinger_fidelity"": 0.9970031898530823, ""cdf_max_deviation"": 0.015625, ""dkw_limit"": 0.14461834543863566, ""false_rejection_bound"": 1e-09, ""reference_support"": 7, ""impossible_outcomes"": {}, ""passed"": true}"
PR 2578,core_multiplexer_3,static: each control-flow region counted once,10,flat circuit,,,0.120817,"[0.135009, 0.134305, 0.120817, 0.117921, 0.117649]",multiplexer,9012eef549b35b2b5250a04977edd68e45507df476d960e49162ebff04fb2f6b,3640,numeric,16,6,2,9,10,0,"{""rz"": 10, ""rx"": 6, ""rzz"": 2, ""measure"": 3}",core,0.711606,"[0.777271, 0.774438, 0.697558, 0.711606, 0.657029]",3,9,exported,0.62975,"[0.667318, 0.637573, 0.62975, 0.619205, 0.622053]",ibm_fractional_bounded,2,"{""kind"": ""core_reference_samples"", ""shots"": 512, ""counts"": {""000"": 136, ""010"": 109, ""011"": 12, ""100"": 65, ""101"": 61, ""110"": 13, ""111"": 116}, ""total_variation_distance"": 0.03075227735168154, ""squared_hellinger_fidelity"": 0.9970031898530823, ""cdf_max_deviation"": 0.015625, ""dkw_limit"": 0.14461834543863566, ""false_rejection_bound"": 1e-09, ""reference_support"": 7, ""impossible_outcomes"": {}, ""passed"": true}"
PR 2578,core_multiplexer_3,static: each control-flow region counted once,10,flat circuit,,,0.181217,"[0.205889, 0.195458, 0.181217, 0.175858, 0.173521]",multiplexer,9012eef549b35b2b5250a04977edd68e45507df476d960e49162ebff04fb2f6b,3386,numeric,12,4,2,9,8,0,"{""rz"": 8, ""gpi2"": 4, ""rzz"": 2, ""measure"": 3}",core,0.711606,"[0.777271, 0.774438, 0.697558, 0.711606, 0.657029]",3,11,exported,0.615365,"[0.650533, 0.628261, 0.614165, 0.615365, 0.607989]",ionq_fixed_r_zz,2,"{""kind"": ""core_reference_samples"", ""shots"": 512, ""counts"": {""000"": 136, ""010"": 109, ""011"": 12, ""100"": 65, ""101"": 61, ""110"": 13, ""111"": 116}, ""total_variation_distance"": 0.03075227735168154, ""squared_hellinger_fidelity"": 0.9970031898530823, ""cdf_max_deviation"": 0.015625, ""dkw_limit"": 0.14461834543863566, ""false_rejection_bound"": 1e-09, ""reference_support"": 7, ""impossible_outcomes"": {}, ""passed"": true}"
PR 2578,core_multiplexer_3,static: each control-flow region counted once,25,flat circuit,,,0.300834,"[0.348146, 0.316211, 0.300834, 0.290403, 0.294306]",multiplexer,9012eef549b35b2b5250a04977edd68e45507df476d960e49162ebff04fb2f6b,5213,numeric,26,10,4,24,16,0,"{""rz"": 16, ""rxpi2"": 10, ""cz"": 4, ""measure"": 3}",core,0.711606,"[0.777271, 0.774438, 0.697558, 0.711606, 0.657029]",3,10,exported,0.695014,"[0.721062, 0.705558, 0.695014, 0.680581, 0.682645]",rigetti_rx_cz,4,"{""kind"": ""core_reference_samples"", ""shots"": 512, ""counts"": {""000"": 136, ""010"": 109, ""011"": 12, ""100"": 65, ""101"": 61, ""110"": 13, ""111"": 116}, ""total_variation_distance"": 0.03075227735168154, ""squared_hellinger_fidelity"": 0.9970031898530823, ""cdf_max_deviation"": 0.015625, ""dkw_limit"": 0.14461834543863566, ""false_rejection_bound"": 1e-09, ""reference_support"": 7, ""impossible_outcomes"": {}, ""passed"": true}"
PR 2578,core_multiplexer_3,static: each control-flow region counted once,19,flat circuit,,,0.256338,"[0.303474, 0.265682, 0.256338, 0.253475, 0.250962]",multiplexer,9012eef549b35b2b5250a04977edd68e45507df476d960e49162ebff04fb2f6b,4432,numeric,21,10,4,18,11,0,"{""rxpi"": 2, ""rxpi2"": 8, ""rz"": 11, ""iswap"": 4, ""measure"": 3}",core,0.711606,"[0.777271, 0.774438, 0.697558, 0.711606, 0.657029]",3,10,exported,0.677622,"[0.714534, 0.689158, 0.677622, 0.669685, 0.665878]",rigetti_rx_iswap,4,"{""kind"": ""core_reference_samples"", ""shots"": 512, ""counts"": {""000"": 136, ""010"": 109, ""011"": 12, ""100"": 65, ""101"": 61, ""110"": 13, ""111"": 116}, ""total_variation_distance"": 0.03075227735168154, ""squared_hellinger_fidelity"": 0.9970031898530823, ""cdf_max_deviation"": 0.015625, ""dkw_limit"": 0.14461834543863566, ""false_rejection_bound"": 1e-09, ""reference_support"": 7, ""impossible_outcomes"": {}, ""passed"": true}"
PR 2578,core_qft_adder_4,static: each control-flow region counted once,17,flat circuit,,,0.199602,"[0.23077, 0.214418, 0.199602, 0.195313, 0.192002]",qft_adder,d349b6619a69d9201a4675f03a580e492ad36e75c89d397b6ae6d9552f83e538,5538,numeric,12,12,8,16,0,0,"{""r"": 12, ""cz"": 8, ""measure"": 4}",core,0.801174,"[0.829831, 0.871735, 0.772647, 0.801174, 0.740134]",4,18,exported,1.067561,"[1.113977, 1.078121, 1.067561, 1.054985, 1.053401]",iqm_r_cz,8,"{""kind"": ""core_reference_samples"", ""shots"": 512, ""counts"": {""1011"": 512}, ""total_variation_distance"": 0.0, ""squared_hellinger_fidelity"": 1.0, ""cdf_max_deviation"": 0.0, ""dkw_limit"": 0.14461834543863566, ""false_rejection_bound"": 1e-09, ""reference_support"": 1, ""impossible_outcomes"": {}, ""passed"": true}"
PR 2578,core_qft_adder_4,static: each control-flow region counted once,26,flat circuit,,,0.211026,"[0.236818, 0.234882, 0.211026, 0.209506, 0.203313]",qft_adder,d349b6619a69d9201a4675f03a580e492ad36e75c89d397b6ae6d9552f83e538,5796,numeric,23,8,8,25,15,0,"{""x"": 4, ""rz"": 15, ""sx"": 4, ""cx"": 8, ""measure"": 4}",core,0.801174,"[0.829831, 0.871735, 0.772647, 0.801174, 0.740134]",4,11,exported,0.971992,"[1.025208, 0.995961, 0.971992, 0.96332, 0.960824]",ibm_sxz_cx,8,"{""kind"": ""core_reference_samples"", ""shots"": 512, ""counts"": {""1011"": 512}, ""total_variation_distance"": 0.0, ""squared_hellinger_fidelity"": 1.0, ""cdf_max_deviation"": 0.0, ""dkw_limit"": 0.14461834543863566, ""false_rejection_bound"": 1e-09, ""reference_support"": 1, ""impossible_outcomes"": {}, ""passed"": true}"
PR 2578,core_qft_adder_4,static: each control-flow region counted once,40,flat circuit,,,0.266402,"[0.282418, 0.269331, 0.266402, 0.257458, 0.25701]",qft_adder,d349b6619a69d9201a4675f03a580e492ad36e75c89d397b6ae6d9552f83e538,6953,numeric,42,17,8,39,25,0,"{""x"": 3, ""rz"": 25, ""sx"": 14, ""cz"": 8, ""measure"": 4}",core,0.801174,"[0.829831, 0.871735, 0.772647, 0.801174, 0.740134]",4,14,exported,1.049977,"[1.092649, 1.064921, 1.049977, 1.047208, 1.043736]",ibm_sxz_cz,8,"{""kind"": ""core_reference_samples"", ""shots"": 512, ""counts"": {""1011"": 512}, ""total_variation_distance"": 0.0, ""squared_hellinger_fidelity"": 1.0, ""cdf_max_deviation"": 0.0, ""dkw_limit"": 0.14461834543863566, ""false_rejection_bound"": 1e-09, ""reference_support"": 1, ""impossible_outcomes"": {}, ""passed"": true}"
PR 2578,core_qft_adder_4,static: each control-flow region counted once,21,flat circuit,,,0.192418,"[0.211554, 0.197554, 0.189489, 0.192418, 0.182449]",qft_adder,d349b6619a69d9201a4675f03a580e492ad36e75c89d397b6ae6d9552f83e538,4630,numeric,24,8,5,20,16,0,"{""rz"": 16, ""rx"": 8, ""rzz"": 5, ""measure"": 4}",core,0.801174,"[0.829831, 0.871735, 0.772647, 0.801174, 0.740134]",4,15,exported,0.975032,"[1.018712, 0.98204, 0.975032, 0.969096, 0.962632]",rxrz_rzz_unbounded,5,"{""kind"": ""core_reference_samples"", ""shots"": 512, ""counts"": {""1011"": 512}, ""total_variation_distance"": 0.0, ""squared_hellinger_fidelity"": 1.0, ""cdf_max_deviation"": 0.0, ""dkw_limit"": 0.14461834543863566, ""false_rejection_bound"": 1e-09, ""reference_support"": 1, ""impossible_outcomes"": {}, ""passed"": true}"
PR 2578,core_qft_adder_4,static: each control-flow region counted once,21,flat circuit,,,0.181233,"[0.198993, 0.187426, 0.181233, 0.175938, 0.173169]",qft_adder,d349b6619a69d9201a4675f03a580e492ad36e75c89d397b6ae6d9552f83e538,5234,numeric,29,9,5,20,20,0,"{""rz"": 20, ""rx"": 9, ""rzz"": 5, ""measure"": 4}",core,0.801174,"[0.829831, 0.871735, 0.772647, 0.801174, 0.740134]",4,14,exported,0.991832,"[1.029657, 1.003688, 0.991832, 0.988968, 0.987417]",ibm_fractional_bounded,5,"{""kind"": ""core_reference_samples"", ""shots"": 512, ""counts"": {""1011"": 512}, ""total_variation_distance"": 0.0, ""squared_hellinger_fidelity"": 1.0, ""cdf_max_deviation"": 0.0, ""dkw_limit"": 0.14461834543863566, ""false_rejection_bound"": 1e-09, ""reference_support"": 1, ""impossible_outcomes"": {}, ""passed"": true}"
PR 2578,core_qft_adder_4,static: each control-flow region counted once,20,flat circuit,,,0.300451,"[0.330003, 0.305378, 0.300451, 0.28829, 0.279059]",qft_adder,d349b6619a69d9201a4675f03a580e492ad36e75c89d397b6ae6d9552f83e538,4853,numeric,21,8,5,19,13,0,"{""gpi"": 4, ""rz"": 13, ""gpi2"": 4, ""rzz"": 5, ""measure"": 4}",core,0.801174,"[0.829831, 0.871735, 0.772647, 0.801174, 0.740134]",4,17,exported,0.978872,"[1.016825, 0.986248, 0.978872, 0.97212, 0.961736]",ionq_fixed_r_zz,5,"{""kind"": ""core_reference_samples"", ""shots"": 512, ""counts"": {""1011"": 512}, ""total_variation_distance"": 0.0, ""squared_hellinger_fidelity"": 1.0, ""cdf_max_deviation"": 0.0, ""dkw_limit"": 0.14461834543863566, ""false_rejection_bound"": 1e-09, ""reference_support"": 1, ""impossible_outcomes"": {}, ""passed"": true}"
PR 2578,core_qft_adder_4,static: each control-flow region counted once,40,flat circuit,,,0.475428,"[0.488036, 0.453475, 0.429428, 0.732598, 0.475428]",qft_adder,d349b6619a69d9201a4675f03a580e492ad36e75c89d397b6ae6d9552f83e538,7539,numeric,42,17,8,39,25,0,"{""rxpi"": 3, ""rz"": 25, ""rxpi2"": 14, ""cz"": 8, ""measure"": 4}",core,0.801174,"[0.829831, 0.871735, 0.772647, 0.801174, 0.740134]",4,14,exported,1.085417,"[1.127273, 1.094041, 1.085417, 1.068185, 1.080953]",rigetti_rx_cz,8,"{""kind"": ""core_reference_samples"", ""shots"": 512, ""counts"": {""1011"": 512}, ""total_variation_distance"": 0.0, ""squared_hellinger_fidelity"": 1.0, ""cdf_max_deviation"": 0.0, ""dkw_limit"": 0.14461834543863566, ""false_rejection_bound"": 1e-09, ""reference_support"": 1, ""impossible_outcomes"": {}, ""passed"": true}"
PR 2578,core_qft_adder_4,static: each control-flow region counted once,46,flat circuit,,,0.43514,"[0.481636, 0.452932, 0.43514, 0.430931, 0.432868]",qft_adder,d349b6619a69d9201a4675f03a580e492ad36e75c89d397b6ae6d9552f83e538,7625,numeric,57,21,10,45,36,0,"{""rz"": 36, ""rxpi2"": 19, ""iswap"": 10, ""rxpi"": 2, ""measure"": 4}",core,0.801174,"[0.829831, 0.871735, 0.772647, 0.801174, 0.740134]",4,14,exported,1.153466,"[1.202266, 1.173194, 1.153466, 1.137097, 1.14673]",rigetti_rx_iswap,10,"{""kind"": ""core_reference_samples"", ""shots"": 512, ""counts"": {""1011"": 512}, ""total_variation_distance"": 0.0, ""squared_hellinger_fidelity"": 1.0, ""cdf_max_deviation"": 0.0, ""dkw_limit"": 0.14461834543863566, ""false_rejection_bound"": 1e-09, ""reference_support"": 1, ""impossible_outcomes"": {}, ""passed"": true}"
PR 2578,core_bv_4,static: each control-flow region counted once,6,flat circuit,,,0.116897,"[0.140801, 0.122929, 0.112545, 0.116897, 0.107409]",bv,ad7ef36327520b8e3628ca50597e43c7e83e1617d06106bdf90aab771e33d2f7,2963,numeric,6,6,2,5,0,0,"{""r"": 6, ""cz"": 2, ""measure"": 3}",core,0.770247,"[0.827847, 0.837575, 0.757574, 0.770247, 0.727078]",4,8,exported,0.687846,"[0.732038, 0.693334, 0.687846, 0.673253, 0.66423]",iqm_r_cz,2,"{""kind"": ""core_reference_samples"", ""shots"": 512, ""counts"": {""101"": 512}, ""total_variation_distance"": 0.0, ""squared_hellinger_fidelity"": 1.0, ""cdf_max_deviation"": 0.0, ""dkw_limit"": 0.14461834543863566, ""false_rejection_bound"": 1e-09, ""reference_support"": 1, ""impossible_outcomes"": {}, ""passed"": true}"
PR 2578,core_bv_4,static: each control-flow region counted once,9,flat circuit,,,0.138977,"[0.162497, 0.142658, 0.138977, 0.133537, 0.131521]",bv,ad7ef36327520b8e3628ca50597e43c7e83e1617d06106bdf90aab771e33d2f7,3618,numeric,18,6,2,8,12,0,"{""rz"": 12, ""sx"": 6, ""cx"": 2, ""measure"": 3}",core,0.770247,"[0.827847, 0.837575, 0.757574, 0.770247, 0.727078]",4,6,exported,0.72023,"[0.769942, 0.730614, 0.72023, 0.707526, 0.707686]",ibm_sxz_cx,2,"{""kind"": ""core_reference_samples"", ""shots"": 512, ""counts"": {""101"": 512}, ""total_variation_distance"": 0.0, ""squared_hellinger_fidelity"": 1.0, ""cdf_max_deviation"": 0.0, ""dkw_limit"": 0.14461834543863566, ""false_rejection_bound"": 1e-09, ""reference_support"": 1, ""impossible_outcomes"": {}, ""passed"": true}"
PR 2578,core_bv_4,static: each control-flow region counted once,9,flat circuit,,,0.123265,"[0.142849, 0.127537, 0.123265, 0.120209, 0.118273]",bv,ad7ef36327520b8e3628ca50597e43c7e83e1617d06106bdf90aab771e33d2f7,3281,numeric,13,5,2,8,8,0,"{""x"": 1, ""rz"": 8, ""sx"": 4, ""cz"": 2, ""measure"": 3}",core,0.770247,"[0.827847, 0.837575, 0.757574, 0.770247, 0.727078]",4,5,exported,0.662933,"[0.701814, 0.670069, 0.662933, 0.656902, 0.646805]",ibm_sxz_cz,2,"{""kind"": ""core_reference_samples"", ""shots"": 512, ""counts"": {""101"": 512}, ""total_variation_distance"": 0.0, ""squared_hellinger_fidelity"": 1.0, ""cdf_max_deviation"": 0.0, ""dkw_limit"": 0.14461834543863566, ""false_rejection_bound"": 1e-09, ""reference_support"": 1, ""impossible_outcomes"": {}, ""passed"": true}"
PR 2578,core_bv_4,static: each control-flow region counted once,9,flat circuit,,,0.122129,"[0.136545, 0.122929, 0.119825, 0.122129, 0.116321]",bv,ad7ef36327520b8e3628ca50597e43c7e83e1617d06106bdf90aab771e33d2f7,3227,numeric,15,5,2,8,10,0,"{""rz"": 10, ""rx"": 5, ""rzz"": 2, ""measure"": 3}",core,0.770247,"[0.827847, 0.837575, 0.757574, 0.770247, 0.727078]",4,7,exported,0.706565,"[0.739142, 0.712038, 0.706565, 0.705654, 0.705701]",rxrz_rzz_unbounded,2,"{""kind"": ""core_reference_samples"", ""shots"": 512, ""counts"": {""101"": 512}, ""total_variation_distance"": 0.0, ""squared_hellinger_fidelity"": 1.0, ""cdf_max_deviation"": 0.0, ""dkw_limit"": 0.14461834543863566, ""false_rejection_bound"": 1e-09, ""reference_support"": 1, ""impossible_outcomes"": {}, ""passed"": true}"
PR 2578,core_bv_4,static: each control-flow region counted once,9,flat circuit,,,0.122609,"[0.138577, 0.124129, 0.119665, 0.117697, 0.122609]",bv,ad7ef36327520b8e3628ca50597e43c7e83e1617d06106bdf90aab771e33d2f7,3473,numeric,13,5,2,8,8,0,"{""x"": 1, ""rz"": 8, ""rx"": 4, ""cz"": 2, ""measure"": 3}",core,0.770247,"[0.827847, 0.837575, 0.757574, 0.770247, 0.727078]",4,4,exported,0.643749,"[0.681541, 0.659942, 0.643749, 0.640246, 0.636341]",ibm_fractional_bounded,2,"{""kind"": ""core_reference_samples"", ""shots"": 512, ""counts"": {""101"": 512}, ""total_variation_distance"": 0.0, ""squared_hellinger_fidelity"": 1.0, ""cdf_max_deviation"": 0.0, ""dkw_limit"": 0.14461834543863566, ""false_rejection_bound"": 1e-09, ""reference_support"": 1, ""impossible_outcomes"": {}, ""passed"": true}"
PR 2578,core_bv_4,static: each control-flow region counted once,9,flat circuit,,,0.184418,"[0.21797, 0.197105, 0.184146, 0.181121, 0.184418]",bv,ad7ef36327520b8e3628ca50597e43c7e83e1617d06106bdf90aab771e33d2f7,3543,numeric,14,5,2,8,9,0,"{""rz"": 9, ""gpi2"": 4, ""rzz"": 2, ""gpi"": 1, ""measure"": 3}",core,0.770247,"[0.827847, 0.837575, 0.757574, 0.770247, 0.727078]",4,9,exported,0.72591,"[0.774902, 0.74527, 0.724182, 0.72591, 0.712358]",ionq_fixed_r_zz,2,"{""kind"": ""core_reference_samples"", ""shots"": 512, ""counts"": {""101"": 512}, ""total_variation_distance"": 0.0, ""squared_hellinger_fidelity"": 1.0, ""cdf_max_deviation"": 0.0, ""dkw_limit"": 0.14461834543863566, ""false_rejection_bound"": 1e-09, ""reference_support"": 1, ""impossible_outcomes"": {}, ""passed"": true}"
PR 2578,core_bv_4,static: each control-flow region counted once,9,flat circuit,,,0.225442,"[0.269762, 0.240338, 0.225442, 0.217282, 0.213073]",bv,ad7ef36327520b8e3628ca50597e43c7e83e1617d06106bdf90aab771e33d2f7,3785,numeric,13,5,2,8,8,0,"{""rxpi"": 1, ""rz"": 8, ""rxpi2"": 4, ""cz"": 2, ""measure"": 3}",core,0.770247,"[0.827847, 0.837575, 0.757574, 0.770247, 0.727078]",4,5,exported,0.671494,"[0.70015, 0.671494, 0.673702, 0.663829, 0.652229]",rigetti_rx_cz,2,"{""kind"": ""core_reference_samples"", ""shots"": 512, ""counts"": {""101"": 512}, ""total_variation_distance"": 0.0, ""squared_hellinger_fidelity"": 1.0, ""cdf_max_deviation"": 0.0, ""dkw_limit"": 0.14461834543863566, ""false_rejection_bound"": 1e-09, ""reference_support"": 1, ""impossible_outcomes"": {}, ""passed"": true}"
PR 2578,core_bv_4,static: each control-flow region counted once,19,flat circuit,,,0.292018,"[0.327234, 0.292675, 0.292018, 0.283667, 0.28629]",bv,ad7ef36327520b8e3628ca50597e43c7e83e1617d06106bdf90aab771e33d2f7,4789,numeric,27,11,4,18,16,0,"{""rxpi2"": 9, ""rz"": 16, ""iswap"": 4, ""rxpi"": 2, ""measure"": 3}",core,0.770247,"[0.827847, 0.837575, 0.757574, 0.770247, 0.727078]",4,9,exported,0.785447,"[0.819767, 0.795031, 0.77583, 0.785447, 0.773702]",rigetti_rx_iswap,4,"{""kind"": ""core_reference_samples"", ""shots"": 512, ""counts"": {""101"": 512}, ""total_variation_distance"": 0.0, ""squared_hellinger_fidelity"": 1.0, ""cdf_max_deviation"": 0.0, ""dkw_limit"": 0.14461834543863566, ""false_rejection_bound"": 1e-09, ""reference_support"": 1, ""impossible_outcomes"": {}, ""passed"": true}"
PR 2578,core_ghz_16,static: each control-flow region counted once,32,flat circuit,,,0.397588,"[0.441412, 0.412115, 0.397588, 0.389299, 0.380499]",ghz,f7cd8082ac387b9c435919fe2a71e225b1abc22a9dbb81eccf913059d797ac7b,10854,numeric,31,31,15,31,0,0,"{""r"": 31, ""cz"": 15, ""measure"": 16}",core,0.981944,"[1.027417, 1.051576, 0.960776, 0.981944, 0.945736]",16,19,exported,1.997008,"[2.051473, 2.020736, 1.994976, 1.996048, 1.997008]",iqm_r_cz,15,"{""kind"": ""core_reference_samples"", ""shots"": 512, ""counts"": {""0000000000000000"": 272, ""1111111111111111"": 240}, ""total_variation_distance"": 0.03125, ""squared_hellinger_fidelity"": 0.9990224819584785, ""cdf_max_deviation"": 0.03125, ""dkw_limit"": 0.14461834543863566, ""false_rejection_bound"": 1e-09, ""reference_support"": 2, ""impossible_outcomes"": {}, ""passed"": true}"
PR 2578,core_ghz_16,static: each control-flow region counted once,19,flat circuit,,,0.307859,"[0.341795, 0.318755, 0.307122, 0.307859, 0.304659]",ghz,f7cd8082ac387b9c435919fe2a71e225b1abc22a9dbb81eccf913059d797ac7b,9179,numeric,3,1,15,18,2,0,"{""rz"": 2, ""sx"": 1, ""cx"": 15, ""measure"": 16}",core,0.981944,"[1.027417, 1.051576, 0.960776, 0.981944, 0.945736]",16,18,exported,1.769887,"[1.807551, 1.778031, 1.769887, 1.758095, 1.737391]",ibm_sxz_cx,15,"{""kind"": ""core_reference_samples"", ""shots"": 512, ""counts"": {""0000000000000000"": 272, ""1111111111111111"": 240}, ""total_variation_distance"": 0.03125, ""squared_hellinger_fidelity"": 0.9990224819584785, ""cdf_max_deviation"": 0.03125, ""dkw_limit"": 0.14461834543863566, ""false_rejection_bound"": 1e-09, ""reference_support"": 2, ""impossible_outcomes"": {}, ""passed"": true}"
PR 2578,core_ghz_16,static: each control-flow region counted once,64,flat circuit,,,0.544949,"[0.574229, 0.551877, 0.536628, 0.544949, 0.527092]",ghz,f7cd8082ac387b9c435919fe2a71e225b1abc22a9dbb81eccf913059d797ac7b,14028,numeric,93,31,15,63,62,0,"{""rz"": 62, ""sx"": 31, ""cz"": 15, ""measure"": 16}",core,0.981944,"[1.027417, 1.051576, 0.960776, 0.981944, 0.945736]",16,19,exported,1.999888,"[2.042881, 2.016385, 1.999888, 1.990945, 1.985041]",ibm_sxz_cz,15,"{""kind"": ""core_reference_samples"", ""shots"": 512, ""counts"": {""0000000000000000"": 272, ""1111111111111111"": 240}, ""total_variation_distance"": 0.03125, ""squared_hellinger_fidelity"": 0.9990224819584785, ""cdf_max_deviation"": 0.03125, ""dkw_limit"": 0.14461834543863566, ""false_rejection_bound"": 1e-09, ""reference_support"": 2, ""impossible_outcomes"": {}, ""passed"": true}"
PR 2578,core_ghz_16,static: each control-flow region counted once,49,flat circuit,,,0.47306,"[0.504612, 0.488948, 0.47306, 0.470804, 0.468052]",ghz,f7cd8082ac387b9c435919fe2a71e225b1abc22a9dbb81eccf913059d797ac7b,12431,numeric,93,31,15,48,62,0,"{""rz"": 62, ""rx"": 31, ""rzz"": 15, ""measure"": 16}",core,0.981944,"[1.027417, 1.051576, 0.960776, 0.981944, 0.945736]",16,20,exported,1.975104,"[2.011297, 1.992672, 1.975104, 1.9672, 1.96712]",rxrz_rzz_unbounded,15,"{""kind"": ""core_reference_samples"", ""shots"": 512, ""counts"": {""0000000000000000"": 272, ""1111111111111111"": 240}, ""total_variation_distance"": 0.03125, ""squared_hellinger_fidelity"": 0.9990224819584785, ""cdf_max_deviation"": 0.03125, ""dkw_limit"": 0.14461834543863566, ""false_rejection_bound"": 1e-09, ""reference_support"": 2, ""impossible_outcomes"": {}, ""passed"": true}"
PR 2578,core_ghz_16,static: each control-flow region counted once,49,flat circuit,,,0.516292,"[0.543269, 0.517876, 0.516292, 0.502196, 0.504948]",ghz,f7cd8082ac387b9c435919fe2a71e225b1abc22a9dbb81eccf913059d797ac7b,13717,numeric,108,46,15,48,62,0,"{""rz"": 62, ""rx"": 46, ""rzz"": 15, ""measure"": 16}",core,0.981944,"[1.027417, 1.051576, 0.960776, 0.981944, 0.945736]",16,21,exported,2.210514,"[2.256227, 2.214866, 2.210514, 2.205859, 2.195474]",ibm_fractional_bounded,15,"{""kind"": ""core_reference_samples"", ""shots"": 512, ""counts"": {""0000000000000000"": 272, ""1111111111111111"": 240}, ""total_variation_distance"": 0.03125, ""squared_hellinger_fidelity"": 0.9990224819584785, ""cdf_max_deviation"": 0.03125, ""dkw_limit"": 0.14461834543863566, ""false_rejection_bound"": 1e-09, ""reference_support"": 2, ""impossible_outcomes"": {}, ""passed"": true}"
PR 2578,core_ghz_16,static: each control-flow region counted once,64,flat circuit,,,0.887831,"[0.916856, 0.898615, 0.886664, 0.887831, 0.864135]",ghz,f7cd8082ac387b9c435919fe2a71e225b1abc22a9dbb81eccf913059d797ac7b,13797,numeric,108,31,15,63,77,0,"{""rz"": 77, ""gpi2"": 31, ""rzz"": 15, ""measure"": 16}",core,0.981944,"[1.027417, 1.051576, 0.960776, 0.981944, 0.945736]",16,21,exported,2.039584,"[2.083041, 2.046785, 2.039584, 2.021041, 2.021377]",ionq_fixed_r_zz,15,"{""kind"": ""core_reference_samples"", ""shots"": 512, ""counts"": {""0000000000000000"": 272, ""1111111111111111"": 240}, ""total_variation_distance"": 0.03125, ""squared_hellinger_fidelity"": 0.9990224819584785, ""cdf_max_deviation"": 0.03125, ""dkw_limit"": 0.14461834543863566, ""false_rejection_bound"": 1e-09, ""reference_support"": 2, ""impossible_outcomes"": {}, ""passed"": true}"
PR 2578,core_ghz_16,static: each control-flow region counted once,64,flat circuit,,,0.822871,"[0.853831, 0.817159, 0.787335, 1.019608, 0.822871]",ghz,f7cd8082ac387b9c435919fe2a71e225b1abc22a9dbb81eccf913059d797ac7b,14670,numeric,93,31,15,63,62,0,"{""rz"": 62, ""rxpi2"": 31, ""cz"": 15, ""measure"": 16}",core,0.981944,"[1.027417, 1.051576, 0.960776, 0.981944, 0.945736]",16,18,exported,2.019137,"[2.071201, 2.031745, 2.019137, 2.015552, 2.002848]",rigetti_rx_cz,15,"{""kind"": ""core_reference_samples"", ""shots"": 512, ""counts"": {""0000000000000000"": 272, ""1111111111111111"": 240}, ""total_variation_distance"": 0.03125, ""squared_hellinger_fidelity"": 0.9990224819584785, ""cdf_max_deviation"": 0.03125, ""dkw_limit"": 0.14461834543863566, ""false_rejection_bound"": 1e-09, ""reference_support"": 2, ""impossible_outcomes"": {}, ""passed"": true}"
PR 2578,core_ghz_16,static: each control-flow region counted once,95,flat circuit,,,0.98804,"[1.04684, 1.009609, 0.97844, 0.98804, 0.980568]",ghz,f7cd8082ac387b9c435919fe2a71e225b1abc22a9dbb81eccf913059d797ac7b,18431,numeric,153,47,30,94,106,0,"{""rz"": 106, ""rxpi2"": 31, ""iswap"": 30, ""rxpi"": 16, ""measure"": 16}",core,0.981944,"[1.027417, 1.051576, 0.960776, 0.981944, 0.945736]",16,23,exported,2.37034,"[2.427189, 2.38274, 2.364164, 2.37034, 2.352868]",rigetti_rx_iswap,30,"{""kind"": ""core_reference_samples"", ""shots"": 512, ""counts"": {""0000000000000000"": 272, ""1111111111111111"": 240}, ""total_variation_distance"": 0.03125, ""squared_hellinger_fidelity"": 0.9990224819584785, ""cdf_max_deviation"": 0.03125, ""dkw_limit"": 0.14461834543863566, ""false_rejection_bound"": 1e-09, ""reference_support"": 2, ""impossible_outcomes"": {}, ""passed"": true}"
PR 2578,core_qft_8,static: each control-flow region counted once,48,flat circuit,,,0.811335,"[0.858727, 0.825655, 0.811335, 0.79703, 0.798439]",qft,05b4de52eef308cb63996b8f2f0f916927f46d81c57ab85fad6310a3ec0cd8d3,23408,numeric,67,67,56,47,0,0,"{""r"": 67, ""cz"": 56, ""measure"": 8}",core,1.193289,"[1.223451, 1.25713, 1.162538, 1.193289, 1.129402]",8,39,exported,3.58491,"[3.650078, 3.60059, 3.578062, 3.58491, 3.566269]",iqm_r_cz,26,"{""kind"": ""core_reference_samples"", ""shots"": 512, ""counts"": {""00000000"": 28, ""00010000"": 31, ""00100000"": 43, ""00110000"": 30, ""01000000"": 37, ""01010000"": 34, ""01100000"": 33, ""01110000"": 33, ""10000000"": 26, ""10010000"": 27, ""10100000"": 31, ""10110000"": 32, ""11000000"": 31, ""11010000"": 34, ""11100000"": 34, ""11110000"": 28}, ""total_variation_distance"": 0.046875, ""squared_hellinger_fidelity"": 0.996204326859562, ""cdf_max_deviation"": 0.025390625, ""dkw_limit"": 0.14461834543863566, ""false_rejection_bound"": 1e-09, ""reference_support"": 16, ""impossible_outcomes"": {}, ""passed"": true}"
PR 2578,core_qft_8,static: each control-flow region counted once,58,flat circuit,,,0.877255,"[0.91268, 0.890407, 0.877255, 0.866855, 0.859048]",qft,05b4de52eef308cb63996b8f2f0f916927f46d81c57ab85fad6310a3ec0cd8d3,24214,numeric,101,10,56,57,91,0,"{""rz"": 91, ""sx"": 10, ""cx"": 56, ""measure"": 8}",core,1.193289,"[1.223451, 1.25713, 1.162538, 1.193289, 1.129402]",8,25,exported,2.968088,"[3.045225, 2.968088, 2.976857, 2.958505, 2.958953]",ibm_sxz_cx,26,"{""kind"": ""core_reference_samples"", ""shots"": 512, ""counts"": {""00000000"": 28, ""00010000"": 31, ""00100000"": 43, ""00110000"": 30, ""01000000"": 37, ""01010000"": 34, ""01100000"": 33, ""01110000"": 33, ""10000000"": 26, ""10010000"": 27, ""10100000"": 31, ""10110000"": 32, ""11000000"": 31, ""11010000"": 34, ""11100000"": 34, ""11110000"": 28}, ""total_variation_distance"": 0.046875, ""squared_hellinger_fidelity"": 0.996204326859562, ""cdf_max_deviation"": 0.025390625, ""dkw_limit"": 0.14461834543863566, ""false_rejection_bound"": 1e-09, ""reference_support"": 16, ""impossible_outcomes"": {}, ""passed"": true}"
PR 2578,core_qft_8,static: each control-flow region counted once,134,flat circuit,,,1.451516,"[1.525197, 1.473324, 1.451516, 1.433868, 1.428364]",qft,05b4de52eef308cb63996b8f2f0f916927f46d81c57ab85fad6310a3ec0cd8d3,37393,numeric,332,122,56,133,210,0,"{""rz"": 210, ""sx"": 122, ""cz"": 56, ""measure"": 8}",core,1.193289,"[1.223451, 1.25713, 1.162538, 1.193289, 1.129402]",8,35,exported,3.844048,"[3.892368, 3.85944, 3.844048, 3.827343, 3.804159]",ibm_sxz_cz,26,"{""kind"": ""core_reference_samples"", ""shots"": 512, ""counts"": {""00000000"": 28, ""00010000"": 31, ""00100000"": 43, ""00110000"": 30, ""01000000"": 37, ""01010000"": 34, ""01100000"": 33, ""01110000"": 33, ""10000000"": 26, ""10010000"": 27, ""10100000"": 31, ""10110000"": 32, ""11000000"": 31, ""11010000"": 34, ""11100000"": 34, ""11110000"": 28}, ""total_variation_distance"": 0.046875, ""squared_hellinger_fidelity"": 0.996204326859562, ""cdf_max_deviation"": 0.025390625, ""dkw_limit"": 0.14461834543863566, ""false_rejection_bound"": 1e-09, ""reference_support"": 16, ""impossible_outcomes"": {}, ""passed"": true}"
PR 2578,core_qft_8,static: each control-flow region counted once,32,flat circuit,,,0.482308,"[0.525845, 0.496036, 0.482308, 0.476532, 0.477268]",qft,05b4de52eef308cb63996b8f2f0f916927f46d81c57ab85fad6310a3ec0cd8d3,11928,numeric,73,10,28,31,63,0,"{""rz"": 63, ""rx"": 10, ""rzz"": 28, ""measure"": 8}",core,1.193289,"[1.223451, 1.25713, 1.162538, 1.193289, 1.129402]",8,30,exported,2.667094,"[2.749319, 2.692407, 2.654534, 2.667094, 2.644934]",rxrz_rzz_unbounded,13,"{""kind"": ""core_reference_samples"", ""shots"": 512, ""counts"": {""00000000"": 28, ""00010000"": 31, ""00100000"": 43, ""00110000"": 30, ""01000000"": 37, ""01010000"": 34, ""01100000"": 33, ""01110000"": 33, ""10000000"": 26, ""10010000"": 27, ""10100000"": 31, ""10110000"": 32, ""11000000"": 31, ""11010000"": 34, ""11100000"": 34, ""11110000"": 28}, ""total_variation_distance"": 0.046875, ""squared_hellinger_fidelity"": 0.996204326859562, ""cdf_max_deviation"": 0.025390625, ""dkw_limit"": 0.14461834543863566, ""false_rejection_bound"": 1e-09, ""reference_support"": 16, ""impossible_outcomes"": {}, ""passed"": true}"
PR 2578,core_qft_8,static: each control-flow region counted once,32,flat circuit,,,0.453972,"[0.481684, 0.465828, 0.449316, 0.453972, 0.448276]",qft,05b4de52eef308cb63996b8f2f0f916927f46d81c57ab85fad6310a3ec0cd8d3,13346,numeric,85,14,28,31,71,0,"{""rz"": 71, ""rx"": 14, ""rzz"": 28, ""measure"": 8}",core,1.193289,"[1.223451, 1.25713, 1.162538, 1.193289, 1.129402]",8,33,exported,2.898008,"[2.952072, 2.907417, 2.898008, 2.879528, 2.87852]",ibm_fractional_bounded,13,"{""kind"": ""core_reference_samples"", ""shots"": 512, ""counts"": {""00000000"": 28, ""00010000"": 31, ""00100000"": 43, ""00110000"": 30, ""01000000"": 37, ""01010000"": 34, ""01100000"": 33, ""01110000"": 33, ""10000000"": 26, ""10010000"": 27, ""10100000"": 31, ""10110000"": 32, ""11000000"": 31, ""11010000"": 34, ""11100000"": 34, ""11110000"": 28}, ""total_variation_distance"": 0.046875, ""squared_hellinger_fidelity"": 0.996204326859562, ""cdf_max_deviation"": 0.025390625, ""dkw_limit"": 0.14461834543863566, ""false_rejection_bound"": 1e-09, ""reference_support"": 16, ""impossible_outcomes"": {}, ""passed"": true}"
PR 2578,core_qft_8,static: each control-flow region counted once,32,flat circuit,,,0.636901,"[0.688566, 0.630741, 0.620453, 0.636901, 0.984296]",qft,05b4de52eef308cb63996b8f2f0f916927f46d81c57ab85fad6310a3ec0cd8d3,12276,numeric,73,10,28,31,63,0,"{""rz"": 63, ""gpi2"": 10, ""rzz"": 28, ""measure"": 8}",core,1.193289,"[1.223451, 1.25713, 1.162538, 1.193289, 1.129402]",8,31,exported,2.648166,"[2.69623, 2.649925, 2.640726, 2.648166, 2.637557]",ionq_fixed_r_zz,13,"{""kind"": ""core_reference_samples"", ""shots"": 512, ""counts"": {""00000000"": 28, ""00010000"": 31, ""00100000"": 43, ""00110000"": 30, ""01000000"": 37, ""01010000"": 34, ""01100000"": 33, ""01110000"": 33, ""10000000"": 26, ""10010000"": 27, ""10100000"": 31, ""10110000"": 32, ""11000000"": 31, ""11010000"": 34, ""11100000"": 34, ""11110000"": 28}, ""total_variation_distance"": 0.046875, ""squared_hellinger_fidelity"": 0.996204326859562, ""cdf_max_deviation"": 0.025390625, ""dkw_limit"": 0.14461834543863566, ""false_rejection_bound"": 1e-09, ""reference_support"": 16, ""impossible_outcomes"": {}, ""passed"": true}"
PR 2578,core_qft_8,static: each control-flow region counted once,134,flat circuit,,,2.219874,"[2.276963, 2.219874, 2.197218, 2.204771, 2.310739]",qft,05b4de52eef308cb63996b8f2f0f916927f46d81c57ab85fad6310a3ec0cd8d3,38943,numeric,332,122,56,133,210,0,"{""rz"": 210, ""rxpi2"": 122, ""cz"": 56, ""measure"": 8}",core,1.193289,"[1.223451, 1.25713, 1.162538, 1.193289, 1.129402]",8,35,exported,4.021889,"[4.084978, 4.06701, 4.021889, 4.011553, 4.01429]",rigetti_rx_cz,26,"{""kind"": ""core_reference_samples"", ""shots"": 512, ""counts"": {""00000000"": 28, ""00010000"": 31, ""00100000"": 43, ""00110000"": 30, ""01000000"": 37, ""01010000"": 34, ""01100000"": 33, ""01110000"": 33, ""10000000"": 26, ""10010000"": 27, ""10100000"": 31, ""10110000"": 32, ""11000000"": 31, ""11010000"": 34, ""11100000"": 34, ""11110000"": 28}, ""total_variation_distance"": 0.046875, ""squared_hellinger_fidelity"": 0.996204326859562, ""cdf_max_deviation"": 0.025390625, ""dkw_limit"": 0.14461834543863566, ""false_rejection_bound"": 1e-09, ""reference_support"": 16, ""impossible_outcomes"": {}, ""passed"": true}"
PR 2578,core_qft_8,static: each control-flow region counted once,121,flat circuit,,,1.785359,"[1.834527, 1.785359, 1.772543, 1.758654, 1.882176]",qft,05b4de52eef308cb63996b8f2f0f916927f46d81c57ab85fad6310a3ec0cd8d3,29392,numeric,296,119,56,120,177,0,"{""rxpi"": 3, ""rz"": 177, ""iswap"": 56, ""rxpi2"": 116, ""measure"": 8}",core,1.193289,"[1.223451, 1.25713, 1.162538, 1.193289, 1.129402]",8,35,exported,3.819999,"[3.884864, 3.842608, 3.804799, 3.819999, 3.798719]",rigetti_rx_iswap,26,"{""kind"": ""core_reference_samples"", ""shots"": 512, ""counts"": {""00000000"": 28, ""00010000"": 31, ""00100000"": 43, ""00110000"": 30, ""01000000"": 37, ""01010000"": 34, ""01100000"": 33, ""01110000"": 33, ""10000000"": 26, ""10010000"": 27, ""10100000"": 31, ""10110000"": 32, ""11000000"": 31, ""11010000"": 34, ""11100000"": 34, ""11110000"": 28}, ""total_variation_distance"": 0.046875, ""squared_hellinger_fidelity"": 0.996204326859562, ""cdf_max_deviation"": 0.025390625, ""dkw_limit"": 0.14461834543863566, ""false_rejection_bound"": 1e-09, ""reference_support"": 16, ""impossible_outcomes"": {}, ""passed"": true}"
PR 2578,core_w_state_8,static: each control-flow region counted once,29,flat circuit,,,0.368179,"[0.412387, 0.38642, 0.368179, 0.363507, 0.362243]",w_state,243ee1522238b0fa227c74fc6c5b2ef066f672e289d8ecc5d434f213d341ab77,10641,numeric,33,33,14,28,0,0,"{""r"": 33, ""cz"": 14, ""measure"": 8}",core,0.927272,"[0.971496, 0.995848, 0.906887, 0.927272, 0.885271]",8,45,exported,2.112497,"[2.17293, 2.115569, 2.112497, 2.095554, 2.080769]",iqm_r_cz,14,"{""kind"": ""core_reference_samples"", ""shots"": 512, ""counts"": {""00000001"": 67, ""00000010"": 64, ""00000100"": 52, ""00001000"": 68, ""00010000"": 61, ""00100000"": 70, ""01000000"": 60, ""10000000"": 70}, ""total_variation_distance"": 0.037109375, ""squared_hellinger_fidelity"": 0.9978787346688462, ""cdf_max_deviation"": 0.017578125, ""dkw_limit"": 0.14461834543863566, ""false_rejection_bound"": 1e-09, ""reference_support"": 8, ""impossible_outcomes"": {}, ""passed"": true}"
PR 2578,core_w_state_8,static: each control-flow region counted once,56,flat circuit,,,0.512133,"[0.539461, 0.521236, 0.509284, 0.512133, 0.49946]",w_state,243ee1522238b0fa227c74fc6c5b2ef066f672e289d8ecc5d434f213d341ab77,13551,numeric,96,37,14,55,59,0,"{""rz"": 59, ""sx"": 37, ""cx"": 14, ""measure"": 8}",core,0.927272,"[0.971496, 0.995848, 0.906887, 0.927272, 0.885271]",8,39,exported,1.78507,"[1.828959, 1.790639, 1.781775, 1.78507, 1.766958]",ibm_sxz_cx,14,"{""kind"": ""core_reference_samples"", ""shots"": 512, ""counts"": {""00000001"": 67, ""00000010"": 64, ""00000100"": 52, ""00001000"": 68, ""00010000"": 61, ""00100000"": 70, ""01000000"": 60, ""10000000"": 70}, ""total_variation_distance"": 0.037109375, ""squared_hellinger_fidelity"": 0.9978787346688462, ""cdf_max_deviation"": 0.017578125, ""dkw_limit"": 0.14461834543863566, ""false_rejection_bound"": 1e-09, ""reference_support"": 8, ""impossible_outcomes"": {}, ""passed"": true}"
PR 2578,core_w_state_8,static: each control-flow region counted once,83,flat circuit,,,0.598372,"[0.630629, 0.616229, 0.591829, 0.584021, 0.598372]",w_state,243ee1522238b0fa227c74fc6c5b2ef066f672e289d8ecc5d434f213d341ab77,15635,numeric,127,52,14,82,75,0,"{""sx"": 52, ""rz"": 75, ""cz"": 14, ""measure"": 8}",core,0.927272,"[0.971496, 0.995848, 0.906887, 0.927272, 0.885271]",8,46,exported,1.873855,"[1.924768, 1.890719, 1.873855, 1.869199, 1.865344]",ibm_sxz_cz,14,"{""kind"": ""core_reference_samples"", ""shots"": 512, ""counts"": {""00000001"": 67, ""00000010"": 64, ""00000100"": 52, ""00001000"": 68, ""00010000"": 61, ""00100000"": 70, ""01000000"": 60, ""10000000"": 70}, ""total_variation_distance"": 0.037109375, ""squared_hellinger_fidelity"": 0.9978787346688462, ""cdf_max_deviation"": 0.017578125, ""dkw_limit"": 0.14461834543863566, ""false_rejection_bound"": 1e-09, ""reference_support"": 8, ""impossible_outcomes"": {}, ""passed"": true}"
PR 2578,core_w_state_8,static: each control-flow region counted once,47,flat circuit,,,0.410196,"[0.446579, 0.410196, 0.413635, 0.401668, 0.401475]",w_state,243ee1522238b0fa227c74fc6c5b2ef066f672e289d8ecc5d434f213d341ab77,9961,numeric,66,29,14,46,37,0,"{""rz"": 37, ""rx"": 29, ""rzz"": 14, ""measure"": 8}",core,0.927272,"[0.971496, 0.995848, 0.906887, 0.927272, 0.885271]",8,35,exported,1.75539,"[1.778607, 1.762686, 1.75539, 1.737166, 1.720255]",rxrz_rzz_unbounded,14,"{""kind"": ""core_reference_samples"", ""shots"": 512, ""counts"": {""00000001"": 67, ""00000010"": 64, ""00000100"": 52, ""00001000"": 68, ""00010000"": 61, ""00100000"": 70, ""01000000"": 60, ""10000000"": 70}, ""total_variation_distance"": 0.037109375, ""squared_hellinger_fidelity"": 0.9978787346688462, ""cdf_max_deviation"": 0.017578125, ""dkw_limit"": 0.14461834543863566, ""false_rejection_bound"": 1e-09, ""reference_support"": 8, ""impossible_outcomes"": {}, ""passed"": true}"
PR 2578,core_w_state_8,static: each control-flow region counted once,46,flat circuit,,,0.348579,"[0.380643, 0.368611, 0.344355, 0.346051, 0.348579]",w_state,243ee1522238b0fa227c74fc6c5b2ef066f672e289d8ecc5d434f213d341ab77,9869,numeric,64,29,14,45,35,0,"{""rx"": 29, ""rz"": 35, ""rzz"": 14, ""measure"": 8}",core,0.927272,"[0.971496, 0.995848, 0.906887, 0.927272, 0.885271]",8,27,exported,1.891103,"[1.932576, 1.907743, 1.891103, 1.870847, 1.880528]",ibm_fractional_bounded,14,"{""kind"": ""core_reference_samples"", ""shots"": 512, ""counts"": {""00000001"": 67, ""00000010"": 64, ""00000100"": 52, ""00001000"": 68, ""00010000"": 61, ""00100000"": 70, ""01000000"": 60, ""10000000"": 70}, ""total_variation_distance"": 0.037109375, ""squared_hellinger_fidelity"": 0.9978787346688462, ""cdf_max_deviation"": 0.017578125, ""dkw_limit"": 0.14461834543863566, ""false_rejection_bound"": 1e-09, ""reference_support"": 8, ""impossible_outcomes"": {}, ""passed"": true}"
PR 2578,core_w_state_8,static: each control-flow region counted once,47,flat circuit,,,0.811927,"[0.891559, 0.811927, 0.814567, 0.799511, 0.791446]",w_state,243ee1522238b0fa227c74fc6c5b2ef066f672e289d8ecc5d434f213d341ab77,11505,numeric,85,29,14,46,56,0,"{""gpi"": 1, ""gpi2"": 28, ""rz"": 56, ""rzz"": 14, ""measure"": 8}",core,0.927272,"[0.971496, 0.995848, 0.906887, 0.927272, 0.885271]",8,36,exported,1.879152,"[1.911952, 1.890096, 1.879152, 1.86744, 1.853311]",ionq_fixed_r_zz,14,"{""kind"": ""core_reference_samples"", ""shots"": 512, ""counts"": {""00000001"": 67, ""00000010"": 64, ""00000100"": 52, ""00001000"": 68, ""00010000"": 61, ""00100000"": 70, ""01000000"": 60, ""10000000"": 70}, ""total_variation_distance"": 0.037109375, ""squared_hellinger_fidelity"": 0.9978787346688462, ""cdf_max_deviation"": 0.017578125, ""dkw_limit"": 0.14461834543863566, ""false_rejection_bound"": 1e-09, ""reference_support"": 8, ""impossible_outcomes"": {}, ""passed"": true}"
PR 2578,core_w_state_8,static: each control-flow region counted once,80,flat circuit,,,0.983768,"[1.03836, 0.983768, 0.983928, 0.965592, 0.948312]",w_state,243ee1522238b0fa227c74fc6c5b2ef066f672e289d8ecc5d434f213d341ab77,16499,numeric,127,53,14,79,74,0,"{""rxpi2"": 52, ""rz"": 74, ""cz"": 14, ""rxpi"": 1, ""measure"": 8}",core,0.927272,"[0.971496, 0.995848, 0.906887, 0.927272, 0.885271]",8,45,exported,1.957184,"[2.016801, 1.966177, 1.957184, 1.947856, 1.94424]",rigetti_rx_cz,14,"{""kind"": ""core_reference_samples"", ""shots"": 512, ""counts"": {""00000001"": 67, ""00000010"": 64, ""00000100"": 52, ""00001000"": 68, ""00010000"": 61, ""00100000"": 70, ""01000000"": 60, ""10000000"": 70}, ""total_variation_distance"": 0.037109375, ""squared_hellinger_fidelity"": 0.9978787346688462, ""cdf_max_deviation"": 0.017578125, ""dkw_limit"": 0.14461834543863566, ""false_rejection_bound"": 1e-09, ""reference_support"": 8, ""impossible_outcomes"": {}, ""passed"": true}"
PR 2578,core_w_state_8,static: each control-flow region counted once,70,flat circuit,,,0.821095,"[0.875047, 0.829751, 0.810262, 0.815703, 0.821095]",w_state,243ee1522238b0fa227c74fc6c5b2ef066f672e289d8ecc5d434f213d341ab77,13986,numeric,118,47,14,69,71,0,"{""rxpi2"": 46, ""rz"": 71, ""iswap"": 14, ""rxpi"": 1, ""measure"": 8}",core,0.927272,"[0.971496, 0.995848, 0.906887, 0.927272, 0.885271]",8,42,exported,1.96312,"[2.010993, 1.973168, 1.96312, 1.934608, 1.91856]",rigetti_rx_iswap,14,"{""kind"": ""core_reference_samples"", ""shots"": 512, ""counts"": {""00000001"": 67, ""00000010"": 64, ""00000100"": 52, ""00001000"": 68, ""00010000"": 61, ""00100000"": 70, ""01000000"": 60, ""10000000"": 70}, ""total_variation_distance"": 0.037109375, ""squared_hellinger_fidelity"": 0.9978787346688462, ""cdf_max_deviation"": 0.017578125, ""dkw_limit"": 0.14461834543863566, ""false_rejection_bound"": 1e-09, ""reference_support"": 8, ""impossible_outcomes"": {}, ""passed"": true}"
PR 2578,core_qpe_8,static: each control-flow region counted once,86,flat circuit,,,0.702566,"[0.749574, 0.716342, 0.69311, 0.702566, 0.700213]",qpe,507e0a60475c808a1484f6fe27cec9ced16df6c704b91ea350483c1bf482a514,20249,numeric,57,57,47,85,0,0,"{""r"": 57, ""cz"": 47, ""measure"": 7}",core,1.178441,"[1.242058, 1.24601, 1.142362, 1.178441, 1.12185]",8,38,exported,3.284907,"[3.373036, 3.306571, 3.278027, 3.284907, 3.245051]",iqm_r_cz,42,"{""kind"": ""core_reference_samples"", ""shots"": 512, ""counts"": {""0110000"": 512}, ""total_variation_distance"": 0.0, ""squared_hellinger_fidelity"": 1.0, ""cdf_max_deviation"": 0.0, ""dkw_limit"": 0.14461834543863566, ""false_rejection_bound"": 1e-09, ""reference_support"": 1, ""impossible_outcomes"": {}, ""passed"": true}"
PR 2578,core_qpe_8,static: each control-flow region counted once,100,flat circuit,,,0.810758,"[0.859159, 0.817255, 0.810758, 0.801095, 0.801095]",qpe,507e0a60475c808a1484f6fe27cec9ced16df6c704b91ea350483c1bf482a514,22236,numeric,107,15,47,99,92,0,"{""rz"": 92, ""sx"": 14, ""x"": 1, ""cx"": 47, ""measure"": 7}",core,1.178441,"[1.242058, 1.24601, 1.142362, 1.178441, 1.12185]",8,28,exported,2.778727,"[2.848536, 2.785191, 2.778727, 2.767126, 2.750359]",ibm_sxz_cx,42,"{""kind"": ""core_reference_samples"", ""shots"": 512, ""counts"": {""0110000"": 512}, ""total_variation_distance"": 0.0, ""squared_hellinger_fidelity"": 1.0, ""cdf_max_deviation"": 0.0, ""dkw_limit"": 0.14461834543863566, ""false_rejection_bound"": 1e-09, ""reference_support"": 1, ""impossible_outcomes"": {}, ""passed"": true}"
PR 2578,core_qpe_8,static: each control-flow region counted once,234,flat circuit,,,1.190073,"[1.216235, 1.190073, 1.203002, 1.177258, 1.16961]",qpe,507e0a60475c808a1484f6fe27cec9ced16df6c704b91ea350483c1bf482a514,30552,numeric,260,98,47,233,162,0,"{""rz"": 162, ""sx"": 92, ""cz"": 47, ""x"": 6, ""measure"": 7}",core,1.178441,"[1.242058, 1.24601, 1.142362, 1.178441, 1.12185]",8,29,exported,3.483548,"[3.487629, 3.461037, 3.483548, 3.4343, 3.486829]",ibm_sxz_cz,42,"{""kind"": ""core_reference_samples"", ""shots"": 512, ""counts"": {""0110000"": 512}, ""total_variation_distance"": 0.0, ""squared_hellinger_fidelity"": 1.0, ""cdf_max_deviation"": 0.0, ""dkw_limit"": 0.14461834543863566, ""false_rejection_bound"": 1e-09, ""reference_support"": 1, ""impossible_outcomes"": {}, ""passed"": true}"
PR 2578,core_qpe_8,static: each control-flow region counted once,58,flat circuit,,,0.49914,"[0.528085, 0.510804, 0.49602, 0.49026, 0.49914]",qpe,507e0a60475c808a1484f6fe27cec9ced16df6c704b91ea350483c1bf482a514,12067,numeric,83,15,24,57,68,0,"{""rz"": 68, ""rx"": 15, ""rzz"": 24, ""measure"": 7}",core,1.178441,"[1.242058, 1.24601, 1.142362, 1.178441, 1.12185]",8,34,exported,2.487764,"[2.546917, 2.4977, 2.487764, 2.484356, 2.48738]",rxrz_rzz_unbounded,21,"{""kind"": ""core_reference_samples"", ""shots"": 512, ""counts"": {""0110000"": 512}, ""total_variation_distance"": 0.0, ""squared_hellinger_fidelity"": 1.0, ""cdf_max_deviation"": 0.0, ""dkw_limit"": 0.14461834543863566, ""false_rejection_bound"": 1e-09, ""reference_support"": 1, ""impossible_outcomes"": {}, ""passed"": true}"
PR 2578,core_qpe_8,static: each control-flow region counted once,58,flat circuit,,,0.440004,"[0.46978, 0.445251, 0.440004, 0.429331, 0.438004]",qpe,507e0a60475c808a1484f6fe27cec9ced16df6c704b91ea350483c1bf482a514,12560,numeric,86,17,24,57,69,0,"{""rz"": 69, ""rx"": 16, ""x"": 1, ""rzz"": 24, ""measure"": 7}",core,1.178441,"[1.242058, 1.24601, 1.142362, 1.178441, 1.12185]",8,30,exported,2.515541,"[2.585029, 2.526597, 2.515541, 2.507925, 2.50802]",ibm_fractional_bounded,21,"{""kind"": ""core_reference_samples"", ""shots"": 512, ""counts"": {""0110000"": 512}, ""total_variation_distance"": 0.0, ""squared_hellinger_fidelity"": 1.0, ""cdf_max_deviation"": 0.0, ""dkw_limit"": 0.14461834543863566, ""false_rejection_bound"": 1e-09, ""reference_support"": 1, ""impossible_outcomes"": {}, ""passed"": true}"
PR 2578,core_qpe_8,static: each control-flow region counted once,58,flat circuit,,,0.681126,"[0.738454, 0.693413, 0.681126, 0.667062, 0.662949]",qpe,507e0a60475c808a1484f6fe27cec9ced16df6c704b91ea350483c1bf482a514,12441,numeric,81,15,24,57,66,0,"{""rz"": 66, ""gpi2"": 12, ""gpi"": 3, ""rzz"": 24, ""measure"": 7}",core,1.178441,"[1.242058, 1.24601, 1.142362, 1.178441, 1.12185]",8,36,exported,2.505877,"[2.547525, 2.499301, 2.561925, 2.496932, 2.505877]",ionq_fixed_r_zz,21,"{""kind"": ""core_reference_samples"", ""shots"": 512, ""counts"": {""0110000"": 512}, ""total_variation_distance"": 0.0, ""squared_hellinger_fidelity"": 1.0, ""cdf_max_deviation"": 0.0, ""dkw_limit"": 0.14461834543863566, ""false_rejection_bound"": 1e-09, ""reference_support"": 1, ""impossible_outcomes"": {}, ""passed"": true}"
PR 2578,core_qpe_8,static: each control-flow region counted once,234,flat circuit,,,1.891455,"[1.89856, 1.830175, 3.252347, 1.891455, 1.818623]",qpe,507e0a60475c808a1484f6fe27cec9ced16df6c704b91ea350483c1bf482a514,32462,numeric,260,98,47,233,162,0,"{""rz"": 162, ""rxpi2"": 92, ""cz"": 47, ""rxpi"": 6, ""measure"": 7}",core,1.178441,"[1.242058, 1.24601, 1.142362, 1.178441, 1.12185]",8,39,exported,3.566349,"[3.649742, 3.595934, 3.566349, 3.543837, 3.556733]",rigetti_rx_cz,42,"{""kind"": ""core_reference_samples"", ""shots"": 512, ""counts"": {""0110000"": 512}, ""total_variation_distance"": 0.0, ""squared_hellinger_fidelity"": 1.0, ""cdf_max_deviation"": 0.0, ""dkw_limit"": 0.14461834543863566, ""false_rejection_bound"": 1e-09, ""reference_support"": 1, ""impossible_outcomes"": {}, ""passed"": true}"
PR 2578,core_qpe_8,static: each control-flow region counted once,158,flat circuit,,,1.562413,"[1.596973, 1.562413, 1.651005, 1.540221, 1.517773]",qpe,507e0a60475c808a1484f6fe27cec9ced16df6c704b91ea350483c1bf482a514,25853,numeric,248,102,48,157,146,0,"{""rz"": 146, ""rxpi2"": 93, ""rxpi"": 9, ""iswap"": 48, ""measure"": 7}",core,1.178441,"[1.242058, 1.24601, 1.142362, 1.178441, 1.12185]",8,40,exported,3.525054,"[3.58731, 3.525054, 3.526589, 3.47878, 3.505453]",rigetti_rx_iswap,42,"{""kind"": ""core_reference_samples"", ""shots"": 512, ""counts"": {""0110000"": 512}, ""total_variation_distance"": 0.0, ""squared_hellinger_fidelity"": 1.0, ""cdf_max_deviation"": 0.0, ""dkw_limit"": 0.14461834543863566, ""false_rejection_bound"": 1e-09, ""reference_support"": 1, ""impossible_outcomes"": {}, ""passed"": true}"
PR 2578,core_grover_5,static: each control-flow region counted once,262,flat circuit,,,1.838783,"[1.879536, 1.851503, 1.838783, 1.812911, 1.821215]",grover,2ece9a2ccc268dc860a69a195005b4959388a72a8a73ec9e456517a866b5d55e,54335,numeric,168,168,136,261,0,0,"{""r"": 168, ""cz"": 136, ""measure"": 5}",core,1.101129,"[1.181418, 1.178106, 1.076057, 1.101129, 1.045657]",5,105,exported,7.748592,"[7.862081, 7.757072, 7.748592, 7.714032, 7.741312]",iqm_r_cz,136,"{""kind"": ""core_reference_samples"", ""shots"": 512, ""counts"": {""00000"": 5, ""00001"": 7, ""00010"": 5, ""00011"": 3, ""00100"": 7, ""00101"": 6, ""00110"": 3, ""00111"": 4, ""01000"": 4, ""01001"": 4, ""01010"": 6, ""01011"": 10, ""01100"": 6, ""01101"": 4, ""01110"": 10, ""01111"": 12, ""10000"": 5, ""10001"": 4, ""10010"": 3, ""10011"": 8, ""10100"": 6, ""10101"": 327, ""10110"": 7, ""10111"": 3, ""11000"": 8, ""11001"": 11, ""11010"": 6, ""11011"": 4, ""11100"": 8, ""11101"": 9, ""11110"": 4, ""11111"": 3}, ""total_variation_distance"": 0.084625244140625, ""squared_hellinger_fidelity"": 0.982802942417824, ""cdf_max_deviation"": 0.03560638427734375, ""dkw_limit"": 0.14461834543863566, ""false_rejection_bound"": 1e-09, ""reference_support"": 32, ""impossible_outcomes"": {}, ""passed"": true}"
PR 2578,core_grover_5,static: each control-flow region counted once,348,flat circuit,,,1.968752,"[2.037073, 1.983985, 1.968752, 1.957552, 1.954816]",grover,2ece9a2ccc268dc860a69a195005b4959388a72a8a73ec9e456517a866b5d55e,54447,numeric,284,62,136,347,222,0,"{""rz"": 222, ""sx"": 57, ""cx"": 136, ""x"": 5, ""measure"": 5}",core,1.101129,"[1.181418, 1.178106, 1.076057, 1.101129, 1.045657]",5,20,exported,6.370164,"[6.449302, 6.392661, 6.3485, 6.365509, 6.370164]",ibm_sxz_cx,136,"{""kind"": ""core_reference_samples"", ""shots"": 512, ""counts"": {""00000"": 5, ""00001"": 7, ""00010"": 5, ""00011"": 3, ""00100"": 7, ""00101"": 6, ""00110"": 3, ""00111"": 4, ""01000"": 4, ""01001"": 4, ""01010"": 6, ""01011"": 10, ""01100"": 6, ""01101"": 4, ""01110"": 10, ""01111"": 12, ""10000"": 5, ""10001"": 4, ""10010"": 3, ""10011"": 8, ""10100"": 6, ""10101"": 327, ""10110"": 7, ""10111"": 3, ""11000"": 8, ""11001"": 11, ""11010"": 6, ""11011"": 4, ""11100"": 8, ""11101"": 9, ""11110"": 4, ""11111"": 3}, ""total_variation_distance"": 0.084625244140625, ""squared_hellinger_fidelity"": 0.982802942417824, ""cdf_max_deviation"": 0.03560638427734375, ""dkw_limit"": 0.14461834543863566, ""false_rejection_bound"": 1e-09, ""reference_support"": 32, ""impossible_outcomes"": {}, ""passed"": true}"
PR 2578,core_grover_5,static: each control-flow region counted once,718,flat circuit,,,3.121898,"[3.141306, 3.144714, 3.072921, 3.121898, 3.068937]",grover,2ece9a2ccc268dc860a69a195005b4959388a72a8a73ec9e456517a866b5d55e,80225,numeric,747,293,136,717,454,0,"{""rz"": 454, ""sx"": 289, ""cz"": 136, ""x"": 4, ""measure"": 5}",core,1.101129,"[1.181418, 1.178106, 1.076057, 1.101129, 1.045657]",5,32,exported,8.862602,"[8.896282, 8.862602, 8.865577, 8.816521, 8.843097]",ibm_sxz_cz,136,"{""kind"": ""core_reference_samples"", ""shots"": 512, ""counts"": {""00000"": 5, ""00001"": 7, ""00010"": 5, ""00011"": 3, ""00100"": 7, ""00101"": 6, ""00110"": 3, ""00111"": 4, ""01000"": 4, ""01001"": 4, ""01010"": 6, ""01011"": 10, ""01100"": 6, ""01101"": 4, ""01110"": 10, ""01111"": 12, ""10000"": 5, ""10001"": 4, ""10010"": 3, ""10011"": 8, ""10100"": 6, ""10101"": 327, ""10110"": 7, ""10111"": 3, ""11000"": 8, ""11001"": 11, ""11010"": 6, ""11011"": 4, ""11100"": 8, ""11101"": 9, ""11110"": 4, ""11111"": 3}, ""total_variation_distance"": 0.084625244140625, ""squared_hellinger_fidelity"": 0.982802942417824, ""cdf_max_deviation"": 0.03560638427734375, ""dkw_limit"": 0.14461834543863566, ""false_rejection_bound"": 1e-09, ""reference_support"": 32, ""impossible_outcomes"": {}, ""passed"": true}"
PR 2578,core_grover_5,static: each control-flow region counted once,340,flat circuit,,,1.628974,"[1.672494, 1.647549, 1.628974, 1.616093, 1.605229]",grover,2ece9a2ccc268dc860a69a195005b4959388a72a8a73ec9e456517a866b5d55e,40330,numeric,369,114,108,339,255,0,"{""rz"": 255, ""rx"": 114, ""rzz"": 108, ""measure"": 5}",core,1.101129,"[1.181418, 1.178106, 1.076057, 1.101129, 1.045657]",5,41,exported,7.007802,"[7.118955, 7.036442, 7.007802, 7.005162, 6.987498]",rxrz_rzz_unbounded,108,"{""kind"": ""core_reference_samples"", ""shots"": 512, ""counts"": {""00000"": 5, ""00001"": 7, ""00010"": 5, ""00011"": 3, ""00100"": 7, ""00101"": 6, ""00110"": 3, ""00111"": 4, ""01000"": 4, ""01001"": 4, ""01010"": 6, ""01011"": 10, ""01100"": 6, ""01101"": 4, ""01110"": 10, ""01111"": 12, ""10000"": 5, ""10001"": 4, ""10010"": 3, ""10011"": 8, ""10100"": 6, ""10101"": 327, ""10110"": 7, ""10111"": 3, ""11000"": 8, ""11001"": 11, ""11010"": 6, ""11011"": 4, ""11100"": 8, ""11101"": 9, ""11110"": 4, ""11111"": 3}, ""total_variation_distance"": 0.084625244140625, ""squared_hellinger_fidelity"": 0.982802942417824, ""cdf_max_deviation"": 0.03560638427734375, ""dkw_limit"": 0.14461834543863566, ""false_rejection_bound"": 1e-09, ""reference_support"": 32, ""impossible_outcomes"": {}, ""passed"": true}"
PR 2578,core_grover_5,static: each control-flow region counted once,340,flat circuit,,,1.479773,"[1.497101, 1.498428, 1.478684, 1.465388, 1.479773]",grover,2ece9a2ccc268dc860a69a195005b4959388a72a8a73ec9e456517a866b5d55e,41064,numeric,375,117,108,339,258,0,"{""rz"": 258, ""rx"": 117, ""rzz"": 108, ""measure"": 5}",core,1.101129,"[1.181418, 1.178106, 1.076057, 1.101129, 1.045657]",5,39,exported,7.632063,"[7.699295, 7.632063, 7.610111, 7.621119, 7.636319]",ibm_fractional_bounded,108,"{""kind"": ""core_reference_samples"", ""shots"": 512, ""counts"": {""00000"": 5, ""00001"": 7, ""00010"": 5, ""00011"": 3, ""00100"": 7, ""00101"": 6, ""00110"": 3, ""00111"": 4, ""01000"": 4, ""01001"": 4, ""01010"": 6, ""01011"": 10, ""01100"": 6, ""01101"": 4, ""01110"": 10, ""01111"": 12, ""10000"": 5, ""10001"": 4, ""10010"": 3, ""10011"": 8, ""10100"": 6, ""10101"": 327, ""10110"": 7, ""10111"": 3, ""11000"": 8, ""11001"": 11, ""11010"": 6, ""11011"": 4, ""11100"": 8, ""11101"": 9, ""11110"": 4, ""11111"": 3}, ""total_variation_distance"": 0.084625244140625, ""squared_hellinger_fidelity"": 0.982802942417824, ""cdf_max_deviation"": 0.03560638427734375, ""dkw_limit"": 0.14461834543863566, ""false_rejection_bound"": 1e-09, ""reference_support"": 32, ""impossible_outcomes"": {}, ""passed"": true}"
PR 2578,core_grover_5,static: each control-flow region counted once,504,flat circuit,,,4.307604,"[4.411749, 4.310227, 4.206067, 4.307604, 4.210226]",grover,2ece9a2ccc268dc860a69a195005b4959388a72a8a73ec9e456517a866b5d55e,51352,numeric,535,186,108,503,349,0,"{""rz"": 349, ""gpi2"": 185, ""rzz"": 108, ""gpi"": 1, ""measure"": 5}",core,1.101129,"[1.181418, 1.178106, 1.076057, 1.101129, 1.045657]",5,38,exported,8.16226,"[8.364709, 8.16226, 8.206308, 8.124579, 8.132739]",ionq_fixed_r_zz,108,"{""kind"": ""core_reference_samples"", ""shots"": 512, ""counts"": {""00000"": 5, ""00001"": 7, ""00010"": 5, ""00011"": 3, ""00100"": 7, ""00101"": 6, ""00110"": 3, ""00111"": 4, ""01000"": 4, ""01001"": 4, ""01010"": 6, ""01011"": 10, ""01100"": 6, ""01101"": 4, ""01110"": 10, ""01111"": 12, ""10000"": 5, ""10001"": 4, ""10010"": 3, ""10011"": 8, ""10100"": 6, ""10101"": 327, ""10110"": 7, ""10111"": 3, ""11000"": 8, ""11001"": 11, ""11010"": 6, ""11011"": 4, ""11100"": 8, ""11101"": 9, ""11110"": 4, ""11111"": 3}, ""total_variation_distance"": 0.084625244140625, ""squared_hellinger_fidelity"": 0.982802942417824, ""cdf_max_deviation"": 0.03560638427734375, ""dkw_limit"": 0.14461834543863566, ""false_rejection_bound"": 1e-09, ""reference_support"": 32, ""impossible_outcomes"": {}, ""passed"": true}"
PR 2578,core_grover_5,static: each control-flow region counted once,718,flat circuit,,,4.830488,"[4.91652, 4.822312, 4.926889, 4.792423, 4.830488]",grover,2ece9a2ccc268dc860a69a195005b4959388a72a8a73ec9e456517a866b5d55e,83100,numeric,747,293,136,717,454,0,"{""rz"": 454, ""rxpi2"": 289, ""cz"": 136, ""rxpi"": 4, ""measure"": 5}",core,1.101129,"[1.181418, 1.178106, 1.076057, 1.101129, 1.045657]",5,33,exported,9.363565,"[9.393038, 9.409662, 9.363565, 9.353181, 9.331277]",rigetti_rx_cz,136,"{""kind"": ""core_reference_samples"", ""shots"": 512, ""counts"": {""00000"": 5, ""00001"": 7, ""00010"": 5, ""00011"": 3, ""00100"": 7, ""00101"": 6, ""00110"": 3, ""00111"": 4, ""01000"": 4, ""01001"": 4, ""01010"": 6, ""01011"": 10, ""01100"": 6, ""01101"": 4, ""01110"": 10, ""01111"": 12, ""10000"": 5, ""10001"": 4, ""10010"": 3, ""10011"": 8, ""10100"": 6, ""10101"": 327, ""10110"": 7, ""10111"": 3, ""11000"": 8, ""11001"": 11, ""11010"": 6, ""11011"": 4, ""11100"": 8, ""11101"": 9, ""11110"": 4, ""11111"": 3}, ""total_variation_distance"": 0.084625244140625, ""squared_hellinger_fidelity"": 0.982802942417824, ""cdf_max_deviation"": 0.03560638427734375, ""dkw_limit"": 0.14461834543863566, ""false_rejection_bound"": 1e-09, ""reference_support"": 32, ""impossible_outcomes"": {}, ""passed"": true}"
PR 2578,core_grover_5,static: each control-flow region counted once,938,flat circuit,,,5.990833,"[6.007154, 5.938657, 5.945985, 7.112667, 5.990833]",grover,2ece9a2ccc268dc860a69a195005b4959388a72a8a73ec9e456517a866b5d55e,97057,numeric,1094,444,216,937,650,0,"{""rz"": 650, ""rxpi2"": 291, ""rxpi"": 153, ""iswap"": 216, ""measure"": 5}",core,1.101129,"[1.181418, 1.178106, 1.076057, 1.101129, 1.045657]",5,41,exported,10.458902,"[10.558488, 10.456951, 10.420486, 10.458902, 10.463735]",rigetti_rx_iswap,216,"{""kind"": ""core_reference_samples"", ""shots"": 512, ""counts"": {""00000"": 5, ""00001"": 7, ""00010"": 5, ""00011"": 3, ""00100"": 7, ""00101"": 6, ""00110"": 3, ""00111"": 4, ""01000"": 4, ""01001"": 4, ""01010"": 6, ""01011"": 10, ""01100"": 6, ""01101"": 4, ""01110"": 10, ""01111"": 12, ""10000"": 5, ""10001"": 4, ""10010"": 3, ""10011"": 8, ""10100"": 6, ""10101"": 327, ""10110"": 7, ""10111"": 3, ""11000"": 8, ""11001"": 11, ""11010"": 6, ""11011"": 4, ""11100"": 8, ""11101"": 9, ""11110"": 4, ""11111"": 3}, ""total_variation_distance"": 0.084625244140625, ""squared_hellinger_fidelity"": 0.982802942417824, ""cdf_max_deviation"": 0.03560638427734375, ""dkw_limit"": 0.14461834543863566, ""false_rejection_bound"": 1e-09, ""reference_support"": 32, ""impossible_outcomes"": {}, ""passed"": true}"
PR 2578,core_multiplexer_5,static: each control-flow region counted once,17,flat circuit,,,0.198642,"[0.241778, 0.208962, 0.198642, 0.193297, 0.192818]",multiplexer,c9a78e82363cd1df1b51fe808e8f82b53bb6a866239019463f9f7af2a14c2f14,5423,numeric,12,12,8,16,0,0,"{""r"": 12, ""cz"": 8, ""measure"": 5}",core,0.784439,"[0.865256, 0.840166, 0.784439, 0.773174, 0.750807]",5,13,exported,0.975928,"[1.045944, 0.998376, 0.975928, 0.972472, 0.954231]",iqm_r_cz,8,"{""kind"": ""core_reference_samples"", ""shots"": 512, ""counts"": {""00000"": 37, ""00010"": 21, ""00100"": 28, ""00110"": 33, ""00111"": 2, ""01000"": 20, ""01001"": 5, ""01010"": 21, ""01011"": 12, ""01100"": 21, ""01101"": 11, ""01110"": 20, ""01111"": 17, ""10000"": 19, ""10001"": 18, ""10010"": 12, ""10011"": 23, ""10100"": 9, ""10101"": 26, ""10110"": 7, ""10111"": 30, ""11000"": 5, ""11001"": 27, ""11010"": 3, ""11011"": 32, ""11100"": 2, ""11101"": 31, ""11111"": 20}, ""total_variation_distance"": 0.08242667587670066, ""squared_hellinger_fidelity"": 0.9856744798006757, ""cdf_max_deviation"": 0.034939694781862596, ""dkw_limit"": 0.14461834543863566, ""false_rejection_bound"": 1e-09, ""reference_support"": 31, ""impossible_outcomes"": {}, ""passed"": true}"
PR 2578,core_multiplexer_5,static: each control-flow region counted once,22,flat circuit,,,0.229506,"[0.254786, 0.241362, 0.229506, 0.22085, 0.220562]",multiplexer,c9a78e82363cd1df1b51fe808e8f82b53bb6a866239019463f9f7af2a14c2f14,6339,numeric,24,6,8,21,18,0,"{""rz"": 18, ""sx"": 6, ""cx"": 8, ""measure"": 5}",core,0.784439,"[0.865256, 0.840166, 0.784439, 0.773174, 0.750807]",5,16,exported,0.938279,"[0.992872, 0.948952, 0.938279, 0.9262, 0.918568]",ibm_sxz_cx,8,"{""kind"": ""core_reference_samples"", ""shots"": 512, ""counts"": {""00000"": 37, ""00010"": 21, ""00100"": 28, ""00110"": 33, ""00111"": 2, ""01000"": 20, ""01001"": 5, ""01010"": 21, ""01011"": 12, ""01100"": 21, ""01101"": 11, ""01110"": 20, ""01111"": 17, ""10000"": 19, ""10001"": 18, ""10010"": 12, ""10011"": 23, ""10100"": 9, ""10101"": 26, ""10110"": 7, ""10111"": 30, ""11000"": 5, ""11001"": 27, ""11010"": 3, ""11011"": 32, ""11100"": 2, ""11101"": 31, ""11111"": 20}, ""total_variation_distance"": 0.08242667587670066, ""squared_hellinger_fidelity"": 0.9856744798006757, ""cdf_max_deviation"": 0.034939694781862596, ""dkw_limit"": 0.14461834543863566, ""false_rejection_bound"": 1e-09, ""reference_support"": 31, ""impossible_outcomes"": {}, ""passed"": true}"
PR 2578,core_multiplexer_5,static: each control-flow region counted once,49,flat circuit,,,0.302802,"[0.31973, 0.305027, 0.302802, 0.295475, 0.286386]",multiplexer,c9a78e82363cd1df1b51fe808e8f82b53bb6a866239019463f9f7af2a14c2f14,7562,numeric,52,20,8,48,32,0,"{""rz"": 32, ""sx"": 20, ""cz"": 8, ""measure"": 5}",core,0.784439,"[0.865256, 0.840166, 0.784439, 0.773174, 0.750807]",5,12,exported,1.005481,"[1.043832, 1.022008, 1.005481, 0.999368, 0.993752]",ibm_sxz_cz,8,"{""kind"": ""core_reference_samples"", ""shots"": 512, ""counts"": {""00000"": 37, ""00010"": 21, ""00100"": 28, ""00110"": 33, ""00111"": 2, ""01000"": 20, ""01001"": 5, ""01010"": 21, ""01011"": 12, ""01100"": 21, ""01101"": 11, ""01110"": 20, ""01111"": 17, ""10000"": 19, ""10001"": 18, ""10010"": 12, ""10011"": 23, ""10100"": 9, ""10101"": 26, ""10110"": 7, ""10111"": 30, ""11000"": 5, ""11001"": 27, ""11010"": 3, ""11011"": 32, ""11100"": 2, ""11101"": 31, ""11111"": 20}, ""total_variation_distance"": 0.08242667587670066, ""squared_hellinger_fidelity"": 0.9856744798006757, ""cdf_max_deviation"": 0.034939694781862596, ""dkw_limit"": 0.14461834543863566, ""false_rejection_bound"": 1e-09, ""reference_support"": 31, ""impossible_outcomes"": {}, ""passed"": true}"
PR 2578,core_multiplexer_5,static: each control-flow region counted once,12,flat circuit,,,0.177602,"[0.199426, 0.182225, 0.177602, 0.173393, 0.168178]",multiplexer,c9a78e82363cd1df1b51fe808e8f82b53bb6a866239019463f9f7af2a14c2f14,4405,numeric,18,6,4,11,12,0,"{""rz"": 12, ""rx"": 6, ""rzz"": 4, ""measure"": 5}",core,0.784439,"[0.865256, 0.840166, 0.784439, 0.773174, 0.750807]",5,17,exported,0.858231,"[0.890872, 0.865015, 0.851207, 0.858231, 0.851079]",rxrz_rzz_unbounded,4,"{""kind"": ""core_reference_samples"", ""shots"": 512, ""counts"": {""00000"": 37, ""00010"": 21, ""00100"": 28, ""00110"": 33, ""00111"": 2, ""01000"": 20, ""01001"": 5, ""01010"": 21, ""01011"": 12, ""01100"": 21, ""01101"": 11, ""01110"": 20, ""01111"": 17, ""10000"": 19, ""10001"": 18, ""10010"": 12, ""10011"": 23, ""10100"": 9, ""10101"": 26, ""10110"": 7, ""10111"": 30, ""11000"": 5, ""11001"": 27, ""11010"": 3, ""11011"": 32, ""11100"": 2, ""11101"": 31, ""11111"": 20}, ""total_variation_distance"": 0.08242667587670066, ""squared_hellinger_fidelity"": 0.9856744798006757, ""cdf_max_deviation"": 0.034939694781862596, ""dkw_limit"": 0.14461834543863566, ""false_rejection_bound"": 1e-09, ""reference_support"": 31, ""impossible_outcomes"": {}, ""passed"": true}"
PR 2578,core_multiplexer_5,static: each control-flow region counted once,14,flat circuit,,,0.182994,"[0.205569, 0.191522, 0.182994, 0.182577, 0.178274]",multiplexer,c9a78e82363cd1df1b51fe808e8f82b53bb6a866239019463f9f7af2a14c2f14,5318,numeric,30,10,4,13,20,0,"{""rz"": 20, ""rx"": 10, ""rzz"": 4, ""measure"": 5}",core,0.784439,"[0.865256, 0.840166, 0.784439, 0.773174, 0.750807]",5,14,exported,0.927607,"[0.962312, 0.939703, 0.927607, 0.918872, 0.907768]",ibm_fractional_bounded,4,"{""kind"": ""core_reference_samples"", ""shots"": 512, ""counts"": {""00000"": 37, ""00010"": 21, ""00100"": 28, ""00110"": 33, ""00111"": 2, ""01000"": 20, ""01001"": 5, ""01010"": 21, ""01011"": 12, ""01100"": 21, ""01101"": 11, ""01110"": 20, ""01111"": 17, ""10000"": 19, ""10001"": 18, ""10010"": 12, ""10011"": 23, ""10100"": 9, ""10101"": 26, ""10110"": 7, ""10111"": 30, ""11000"": 5, ""11001"": 27, ""11010"": 3, ""11011"": 32, ""11100"": 2, ""11101"": 31, ""11111"": 20}, ""total_variation_distance"": 0.08242667587670066, ""squared_hellinger_fidelity"": 0.9856744798006757, ""cdf_max_deviation"": 0.034939694781862596, ""dkw_limit"": 0.14461834543863566, ""false_rejection_bound"": 1e-09, ""reference_support"": 31, ""impossible_outcomes"": {}, ""passed"": true}"
PR 2578,core_multiplexer_5,static: each control-flow region counted once,14,flat circuit,,,0.269763,"[0.303106, 0.28229, 0.269763, 0.268674, 0.266818]",multiplexer,c9a78e82363cd1df1b51fe808e8f82b53bb6a866239019463f9f7af2a14c2f14,4971,numeric,20,6,4,13,14,0,"{""rz"": 14, ""gpi2"": 6, ""rzz"": 4, ""measure"": 5}",core,0.784439,"[0.865256, 0.840166, 0.784439, 0.773174, 0.750807]",5,20,exported,0.908935,"[0.946136, 0.917464, 0.908935, 0.90132, 0.899943]",ionq_fixed_r_zz,4,"{""kind"": ""core_reference_samples"", ""shots"": 512, ""counts"": {""00000"": 37, ""00010"": 21, ""00100"": 28, ""00110"": 33, ""00111"": 2, ""01000"": 20, ""01001"": 5, ""01010"": 21, ""01011"": 12, ""01100"": 21, ""01101"": 11, ""01110"": 20, ""01111"": 17, ""10000"": 19, ""10001"": 18, ""10010"": 12, ""10011"": 23, ""10100"": 9, ""10101"": 26, ""10110"": 7, ""10111"": 30, ""11000"": 5, ""11001"": 27, ""11010"": 3, ""11011"": 32, ""11100"": 2, ""11101"": 31, ""11111"": 20}, ""total_variation_distance"": 0.08242667587670066, ""squared_hellinger_fidelity"": 0.9856744798006757, ""cdf_max_deviation"": 0.034939694781862596, ""dkw_limit"": 0.14461834543863566, ""false_rejection_bound"": 1e-09, ""reference_support"": 31, ""impossible_outcomes"": {}, ""passed"": true}"
PR 2578,core_multiplexer_5,static: each control-flow region counted once,49,flat circuit,,,0.492164,"[0.53586, 0.506052, 0.492164, 0.48074, 0.481428]",multiplexer,c9a78e82363cd1df1b51fe808e8f82b53bb6a866239019463f9f7af2a14c2f14,8258,numeric,52,20,8,48,32,0,"{""rz"": 32, ""rxpi2"": 20, ""cz"": 8, ""measure"": 5}",core,0.784439,"[0.865256, 0.840166, 0.784439, 0.773174, 0.750807]",5,14,exported,1.050649,"[1.088793, 1.060889, 1.050649, 1.047449, 1.030505]",rigetti_rx_cz,8,"{""kind"": ""core_reference_samples"", ""shots"": 512, ""counts"": {""00000"": 37, ""00010"": 21, ""00100"": 28, ""00110"": 33, ""00111"": 2, ""01000"": 20, ""01001"": 5, ""01010"": 21, ""01011"": 12, ""01100"": 21, ""01101"": 11, ""01110"": 20, ""01111"": 17, ""10000"": 19, ""10001"": 18, ""10010"": 12, ""10011"": 23, ""10100"": 9, ""10101"": 26, ""10110"": 7, ""10111"": 30, ""11000"": 5, ""11001"": 27, ""11010"": 3, ""11011"": 32, ""11100"": 2, ""11101"": 31, ""11111"": 20}, ""total_variation_distance"": 0.08242667587670066, ""squared_hellinger_fidelity"": 0.9856744798006757, ""cdf_max_deviation"": 0.034939694781862596, ""dkw_limit"": 0.14461834543863566, ""false_rejection_bound"": 1e-09, ""reference_support"": 31, ""impossible_outcomes"": {}, ""passed"": true}"
PR 2578,core_multiplexer_5,static: each control-flow region counted once,33,flat circuit,,,0.384612,"[0.675206, 0.414323, 0.384612, 0.375267, 0.370307]",multiplexer,c9a78e82363cd1df1b51fe808e8f82b53bb6a866239019463f9f7af2a14c2f14,6577,numeric,39,18,8,32,21,0,"{""rxpi"": 4, ""rxpi2"": 14, ""rz"": 21, ""iswap"": 8, ""measure"": 5}",core,0.784439,"[0.865256, 0.840166, 0.784439, 0.773174, 0.750807]",5,15,exported,0.990008,"[1.027992, 1.010521, 0.990008, 0.982968, 0.988873]",rigetti_rx_iswap,8,"{""kind"": ""core_reference_samples"", ""shots"": 512, ""counts"": {""00000"": 37, ""00010"": 21, ""00100"": 28, ""00110"": 33, ""00111"": 2, ""01000"": 20, ""01001"": 5, ""01010"": 21, ""01011"": 12, ""01100"": 21, ""01101"": 11, ""01110"": 20, ""01111"": 17, ""10000"": 19, ""10001"": 18, ""10010"": 12, ""10011"": 23, ""10100"": 9, ""10101"": 26, ""10110"": 7, ""10111"": 30, ""11000"": 5, ""11001"": 27, ""11010"": 3, ""11011"": 32, ""11100"": 2, ""11101"": 31, ""11111"": 20}, ""total_variation_distance"": 0.08242667587670066, ""squared_hellinger_fidelity"": 0.9856744798006757, ""cdf_max_deviation"": 0.034939694781862596, ""dkw_limit"": 0.14461834543863566, ""false_rejection_bound"": 1e-09, ""reference_support"": 31, ""impossible_outcomes"": {}, ""passed"": true}"
PR 2578,core_qft_adder_8,static: each control-flow region counted once,59,flat circuit,,,0.624117,"[0.674181, 0.642086, 0.624117, 0.618597, 0.613125]",qft_adder,1557e6094ee2e21407cabbf59b9d69d641942391642e679324e3b557b97819d9,18003,numeric,48,48,40,58,0,0,"{""r"": 48, ""cz"": 40, ""measure"": 8}",core,1.115593,"[1.177114, 1.207738, 1.090761, 1.115593, 1.064697]",8,39,exported,2.935593,"[2.971433, 2.935593, 2.941928, 2.909704, 2.908056]",iqm_r_cz,30,"{""kind"": ""core_reference_samples"", ""shots"": 512, ""counts"": {""10101111"": 512}, ""total_variation_distance"": 0.0, ""squared_hellinger_fidelity"": 1.0, ""cdf_max_deviation"": 0.0, ""dkw_limit"": 0.14461834543863566, ""false_rejection_bound"": 1e-09, ""reference_support"": 1, ""impossible_outcomes"": {}, ""passed"": true}"
PR 2578,core_qft_adder_8,static: each control-flow region counted once,74,flat circuit,,,0.698918,"[0.73351, 0.704502, 0.697014, 0.681829, 0.698918]",qft_adder,1557e6094ee2e21407cabbf59b9d69d641942391642e679324e3b557b97819d9,18731,numeric,88,18,40,73,70,0,"{""x"": 6, ""rz"": 70, ""sx"": 12, ""cx"": 40, ""measure"": 8}",core,1.115593,"[1.177114, 1.207738, 1.090761, 1.115593, 1.064697]",8,19,exported,2.527941,"[2.594213, 2.541509, 2.527941, 2.520757, 2.50594]",ibm_sxz_cx,30,"{""kind"": ""core_reference_samples"", ""shots"": 512, ""counts"": {""10101111"": 512}, ""total_variation_distance"": 0.0, ""squared_hellinger_fidelity"": 1.0, ""cdf_max_deviation"": 0.0, ""dkw_limit"": 0.14461834543863566, ""false_rejection_bound"": 1e-09, ""reference_support"": 1, ""impossible_outcomes"": {}, ""passed"": true}"
PR 2578,core_qft_adder_8,static: each control-flow region counted once,156,flat circuit,,,1.037353,"[1.053688, 1.037353, 1.029657, 1.001192, 1.048472]",qft_adder,1557e6094ee2e21407cabbf59b9d69d641942391642e679324e3b557b97819d9,25851,numeric,211,81,40,155,130,0,"{""x"": 7, ""rz"": 130, ""sx"": 74, ""cz"": 40, ""measure"": 8}",core,1.115593,"[1.177114, 1.207738, 1.090761, 1.115593, 1.064697]",8,26,exported,3.000233,"[3.045001, 3.026649, 2.999753, 2.99644, 3.000233]",ibm_sxz_cz,30,"{""kind"": ""core_reference_samples"", ""shots"": 512, ""counts"": {""10101111"": 512}, ""total_variation_distance"": 0.0, ""squared_hellinger_fidelity"": 1.0, ""cdf_max_deviation"": 0.0, ""dkw_limit"": 0.14461834543863566, ""false_rejection_bound"": 1e-09, ""reference_support"": 1, ""impossible_outcomes"": {}, ""passed"": true}"
PR 2578,core_qft_adder_8,static: each control-flow region counted once,51,flat circuit,,,0.473636,"[0.50386, 0.473636, 0.47754, 0.451075, 0.450292]",qft_adder,1557e6094ee2e21407cabbf59b9d69d641942391642e679324e3b557b97819d9,11209,numeric,76,18,22,50,58,0,"{""rz"": 58, ""rx"": 18, ""rzz"": 22, ""measure"": 8}",core,1.115593,"[1.177114, 1.207738, 1.090761, 1.115593, 1.064697]",8,28,exported,2.383699,"[2.42514, 2.37986, 2.383699, 2.385347, 2.354115]",rxrz_rzz_unbounded,16,"{""kind"": ""core_reference_samples"", ""shots"": 512, ""counts"": {""10101111"": 512}, ""total_variation_distance"": 0.0, ""squared_hellinger_fidelity"": 1.0, ""cdf_max_deviation"": 0.0, ""dkw_limit"": 0.14461834543863566, ""false_rejection_bound"": 1e-09, ""reference_support"": 1, ""impossible_outcomes"": {}, ""passed"": true}"
PR 2578,core_qft_adder_8,static: each control-flow region counted once,51,flat circuit,,,0.43282,"[0.459188, 0.439715, 0.43002, 0.43282, 0.421747]",qft_adder,1557e6094ee2e21407cabbf59b9d69d641942391642e679324e3b557b97819d9,12135,numeric,87,21,22,50,66,0,"{""rz"": 66, ""rx"": 21, ""rzz"": 22, ""measure"": 8}",core,1.115593,"[1.177114, 1.207738, 1.090761, 1.115593, 1.064697]",8,25,exported,2.476805,"[2.524804, 2.480724, 2.46898, 2.461396, 2.476805]",ibm_fractional_bounded,16,"{""kind"": ""core_reference_samples"", ""shots"": 512, ""counts"": {""10101111"": 512}, ""total_variation_distance"": 0.0, ""squared_hellinger_fidelity"": 1.0, ""cdf_max_deviation"": 0.0, ""dkw_limit"": 0.14461834543863566, ""false_rejection_bound"": 1e-09, ""reference_support"": 1, ""impossible_outcomes"": {}, ""passed"": true}"
PR 2578,core_qft_adder_8,static: each control-flow region counted once,48,flat circuit,,,0.680806,"[0.73431, 0.685637, 0.680806, 0.66223, 0.658261]",qft_adder,1557e6094ee2e21407cabbf59b9d69d641942391642e679324e3b557b97819d9,11168,numeric,67,18,22,47,49,0,"{""gpi"": 10, ""rz"": 49, ""gpi2"": 8, ""rzz"": 22, ""measure"": 8}",core,1.115593,"[1.177114, 1.207738, 1.090761, 1.115593, 1.064697]",8,30,exported,2.343619,"[2.374083, 2.352675, 2.343619, 2.324004, 2.342755]",ionq_fixed_r_zz,16,"{""kind"": ""core_reference_samples"", ""shots"": 512, ""counts"": {""10101111"": 512}, ""total_variation_distance"": 0.0, ""squared_hellinger_fidelity"": 1.0, ""cdf_max_deviation"": 0.0, ""dkw_limit"": 0.14461834543863566, ""false_rejection_bound"": 1e-09, ""reference_support"": 1, ""impossible_outcomes"": {}, ""passed"": true}"
PR 2578,core_qft_adder_8,static: each control-flow region counted once,156,flat circuit,,,1.568717,"[2.035745, 1.601181, 1.568717, 1.567661, 1.557565]",qft_adder,1557e6094ee2e21407cabbf59b9d69d641942391642e679324e3b557b97819d9,27280,numeric,211,81,40,155,130,0,"{""rxpi"": 7, ""rz"": 130, ""rxpi2"": 74, ""cz"": 40, ""measure"": 8}",core,1.115593,"[1.177114, 1.207738, 1.090761, 1.115593, 1.064697]",8,30,exported,3.15673,"[3.194698, 3.163866, 3.15673, 3.13049, 3.125914]",rigetti_rx_cz,30,"{""kind"": ""core_reference_samples"", ""shots"": 512, ""counts"": {""10101111"": 512}, ""total_variation_distance"": 0.0, ""squared_hellinger_fidelity"": 1.0, ""cdf_max_deviation"": 0.0, ""dkw_limit"": 0.14461834543863566, ""false_rejection_bound"": 1e-09, ""reference_support"": 1, ""impossible_outcomes"": {}, ""passed"": true}"
PR 2578,core_qft_adder_8,static: each control-flow region counted once,133,flat circuit,,,1.452668,"[1.484812, 1.452668, 1.612861, 1.431132, 1.403212]",qft_adder,1557e6094ee2e21407cabbf59b9d69d641942391642e679324e3b557b97819d9,23827,numeric,233,91,44,132,142,0,"{""rz"": 142, ""rxpi2"": 85, ""iswap"": 44, ""rxpi"": 6, ""measure"": 8}",core,1.115593,"[1.177114, 1.207738, 1.090761, 1.115593, 1.064697]",8,30,exported,3.225882,"[3.276027, 3.248315, 3.199498, 3.225882, 3.186426]",rigetti_rx_iswap,32,"{""kind"": ""core_reference_samples"", ""shots"": 512, ""counts"": {""10101111"": 512}, ""total_variation_distance"": 0.0, ""squared_hellinger_fidelity"": 1.0, ""cdf_max_deviation"": 0.0, ""dkw_limit"": 0.14461834543863566, ""false_rejection_bound"": 1e-09, ""reference_support"": 1, ""impossible_outcomes"": {}, ""passed"": true}"
PR 2578,core_bv_8,static: each control-flow region counted once,8,flat circuit,,,0.186593,"[0.21413, 0.186593, 0.181986, 0.187057, 0.175058]",bv,235d45383d6f480c733742b4582e38babec8cea40590292f7d932e6cb4526d1a,4675,numeric,10,10,4,7,0,0,"{""r"": 10, ""cz"": 4, ""measure"": 7}",core,0.917207,"[0.973128, 0.997912, 0.897256, 0.917207, 0.870599]",8,12,exported,1.106825,"[1.162937, 1.122265, 1.106825, 1.090185, 1.091625]",iqm_r_cz,4,"{""kind"": ""core_reference_samples"", ""shots"": 512, ""counts"": {""1010101"": 512}, ""total_variation_distance"": 0.0, ""squared_hellinger_fidelity"": 1.0, ""cdf_max_deviation"": 0.0, ""dkw_limit"": 0.14461834543863566, ""false_rejection_bound"": 1e-09, ""reference_support"": 1, ""impossible_outcomes"": {}, ""passed"": true}"
PR 2578,core_bv_8,static: each control-flow region counted once,11,flat circuit,,,0.223762,"[0.244322, 0.22565, 0.223762, 0.212786, 0.210594]",bv,235d45383d6f480c733742b4582e38babec8cea40590292f7d932e6cb4526d1a,5640,numeric,30,10,4,10,20,0,"{""rz"": 20, ""sx"": 10, ""cx"": 4, ""measure"": 7}",core,0.917207,"[0.973128, 0.997912, 0.897256, 0.917207, 0.870599]",8,9,exported,1.17377,"[1.220266, 1.213514, 1.17289, 1.17377, 1.154698]",ibm_sxz_cx,4,"{""kind"": ""core_reference_samples"", ""shots"": 512, ""counts"": {""1010101"": 512}, ""total_variation_distance"": 0.0, ""squared_hellinger_fidelity"": 1.0, ""cdf_max_deviation"": 0.0, ""dkw_limit"": 0.14461834543863566, ""false_rejection_bound"": 1e-09, ""reference_support"": 1, ""impossible_outcomes"": {}, ""passed"": true}"
PR 2578,core_bv_8,static: each control-flow region counted once,11,flat circuit,,,0.20565,"[0.22549, 0.211553, 0.20565, 0.20133, 0.201649]",bv,235d45383d6f480c733742b4582e38babec8cea40590292f7d932e6cb4526d1a,5285,numeric,25,9,4,10,16,0,"{""x"": 1, ""rz"": 16, ""sx"": 8, ""cz"": 4, ""measure"": 7}",core,0.917207,"[0.973128, 0.997912, 0.897256, 0.917207, 0.870599]",8,8,exported,1.089337,"[1.120617, 1.101961, 1.089337, 1.077449, 1.073769]",ibm_sxz_cz,4,"{""kind"": ""core_reference_samples"", ""shots"": 512, ""counts"": {""1010101"": 512}, ""total_variation_distance"": 0.0, ""squared_hellinger_fidelity"": 1.0, ""cdf_max_deviation"": 0.0, ""dkw_limit"": 0.14461834543863566, ""false_rejection_bound"": 1e-09, ""reference_support"": 1, ""impossible_outcomes"": {}, ""passed"": true}"
PR 2578,core_bv_8,static: each control-flow region counted once,13,flat circuit,,,0.195441,"[0.220626, 0.200465, 0.190498, 0.195441, 0.188674]",bv,235d45383d6f480c733742b4582e38babec8cea40590292f7d932e6cb4526d1a,5111,numeric,27,9,4,12,18,0,"{""rz"": 18, ""rx"": 9, ""rzz"": 4, ""measure"": 7}",core,0.917207,"[0.973128, 0.997912, 0.897256, 0.917207, 0.870599]",8,11,exported,1.176506,"[1.212618, 1.183834, 1.176506, 1.167562, 1.156634]",rxrz_rzz_unbounded,4,"{""kind"": ""core_reference_samples"", ""shots"": 512, ""counts"": {""1010101"": 512}, ""total_variation_distance"": 0.0, ""squared_hellinger_fidelity"": 1.0, ""cdf_max_deviation"": 0.0, ""dkw_limit"": 0.14461834543863566, ""false_rejection_bound"": 1e-09, ""reference_support"": 1, ""impossible_outcomes"": {}, ""passed"": true}"
PR 2578,core_bv_8,static: each control-flow region counted once,11,flat circuit,,,0.211729,"[0.225554, 0.211729, 0.20389, 0.212354, 0.201569]",bv,235d45383d6f480c733742b4582e38babec8cea40590292f7d932e6cb4526d1a,5577,numeric,25,9,4,10,16,0,"{""x"": 1, ""rz"": 16, ""rx"": 8, ""cz"": 4, ""measure"": 7}",core,0.917207,"[0.973128, 0.997912, 0.897256, 0.917207, 0.870599]",8,8,exported,1.068744,"[1.100377, 1.075593, 1.068744, 1.0574, 1.051656]",ibm_fractional_bounded,4,"{""kind"": ""core_reference_samples"", ""shots"": 512, ""counts"": {""1010101"": 512}, ""total_variation_distance"": 0.0, ""squared_hellinger_fidelity"": 1.0, ""cdf_max_deviation"": 0.0, ""dkw_limit"": 0.14461834543863566, ""false_rejection_bound"": 1e-09, ""reference_support"": 1, ""impossible_outcomes"": {}, ""passed"": true}"
PR 2578,core_bv_8,static: each control-flow region counted once,13,flat circuit,,,0.315219,"[0.340883, 0.321554, 0.315219, 0.30557, 0.306499]",bv,235d45383d6f480c733742b4582e38babec8cea40590292f7d932e6cb4526d1a,5461,numeric,26,9,4,12,17,0,"{""rz"": 17, ""gpi2"": 8, ""rzz"": 4, ""gpi"": 1, ""measure"": 7}",core,0.917207,"[0.973128, 0.997912, 0.897256, 0.917207, 0.870599]",8,13,exported,1.202906,"[1.224202, 1.219706, 1.202906, 1.197034, 1.18745]",ionq_fixed_r_zz,4,"{""kind"": ""core_reference_samples"", ""shots"": 512, ""counts"": {""1010101"": 512}, ""total_variation_distance"": 0.0, ""squared_hellinger_fidelity"": 1.0, ""cdf_max_deviation"": 0.0, ""dkw_limit"": 0.14461834543863566, ""false_rejection_bound"": 1e-09, ""reference_support"": 1, ""impossible_outcomes"": {}, ""passed"": true}"
PR 2578,core_bv_8,static: each control-flow region counted once,11,flat circuit,,,0.333971,"[0.389667, 0.342323, 0.333971, 0.31997, 0.313667]",bv,235d45383d6f480c733742b4582e38babec8cea40590292f7d932e6cb4526d1a,5915,numeric,25,9,4,10,16,0,"{""rxpi"": 1, ""rz"": 16, ""rxpi2"": 8, ""cz"": 4, ""measure"": 7}",core,0.917207,"[0.973128, 0.997912, 0.897256, 0.917207, 0.870599]",8,9,exported,1.102777,"[1.146138, 1.108089, 1.102777, 1.101705, 1.101033]",rigetti_rx_cz,4,"{""kind"": ""core_reference_samples"", ""shots"": 512, ""counts"": {""1010101"": 512}, ""total_variation_distance"": 0.0, ""squared_hellinger_fidelity"": 1.0, ""cdf_max_deviation"": 0.0, ""dkw_limit"": 0.14461834543863566, ""false_rejection_bound"": 1e-09, ""reference_support"": 1, ""impossible_outcomes"": {}, ""passed"": true}"
PR 2578,core_bv_8,static: each control-flow region counted once,35,flat circuit,,,0.485556,"[0.50058, 0.4681, 0.4569, 0.808647, 0.485556]",bv,235d45383d6f480c733742b4582e38babec8cea40590292f7d932e6cb4526d1a,7701,numeric,53,21,8,34,32,0,"{""rxpi2"": 17, ""rz"": 32, ""iswap"": 8, ""rxpi"": 4, ""measure"": 7}",core,0.917207,"[0.973128, 0.997912, 0.897256, 0.917207, 0.870599]",8,13,exported,1.332187,"[1.366523, 1.343419, 1.332187, 1.319483, 1.315179]",rigetti_rx_iswap,8,"{""kind"": ""core_reference_samples"", ""shots"": 512, ""counts"": {""1010101"": 512}, ""total_variation_distance"": 0.0, ""squared_hellinger_fidelity"": 1.0, ""cdf_max_deviation"": 0.0, ""dkw_limit"": 0.14461834543863566, ""false_rejection_bound"": 1e-09, ""reference_support"": 1, ""impossible_outcomes"": {}, ""passed"": true}"
PR 2578,core_ghz_64,static: each control-flow region counted once,128,flat circuit,,,1.493421,"[1.544557, 1.510012, 1.493421, 1.470972, 1.487324]",ghz,6f386eca3151e97db294e93f7b2b08b6ee89a7eceb4a83a0a98b7d55c9ebbb46,41660,numeric,127,127,63,127,0,0,"{""r"": 127, ""cz"": 63, ""measure"": 64}",core,2.058529,"[2.093089, 2.14693, 2.039153, 2.058529, 2.026481]",64,67,exported,8.056466,"[8.108531, 8.084275, 8.053539, 8.039218, 8.056466]",iqm_r_cz,63,"{""kind"": ""core_reference_samples"", ""shots"": 512, ""counts"": {""0000000000000000000000000000000000000000000000000000000000000000"": 232, ""1111111111111111111111111111111111111111111111111111111111111111"": 280}, ""total_variation_distance"": 0.046875, ""squared_hellinger_fidelity"": 0.9977978850648123, ""cdf_max_deviation"": 0.046875, ""dkw_limit"": 0.14461834543863566, ""false_rejection_bound"": 1e-09, ""reference_support"": 2, ""impossible_outcomes"": {}, ""passed"": true}"
PR 2578,core_ghz_64,static: each control-flow region counted once,67,flat circuit,,,1.121977,"[1.160425, 1.121977, 1.12289, 1.108441, 1.100633]",ghz,6f386eca3151e97db294e93f7b2b08b6ee89a7eceb4a83a0a98b7d55c9ebbb46,33625,numeric,3,1,63,66,2,0,"{""rz"": 2, ""sx"": 1, ""cx"": 63, ""measure"": 64}",core,2.058529,"[2.093089, 2.14693, 2.039153, 2.058529, 2.026481]",64,66,exported,7.142091,"[7.205628, 7.142091, 7.128219, 7.149659, 7.063643]",ibm_sxz_cx,63,"{""kind"": ""core_reference_samples"", ""shots"": 512, ""counts"": {""0000000000000000000000000000000000000000000000000000000000000000"": 232, ""1111111111111111111111111111111111111111111111111111111111111111"": 280}, ""total_variation_distance"": 0.046875, ""squared_hellinger_fidelity"": 0.9977978850648123, ""cdf_max_deviation"": 0.046875, ""dkw_limit"": 0.14461834543863566, ""false_rejection_bound"": 1e-09, ""reference_support"": 2, ""impossible_outcomes"": {}, ""passed"": true}"
PR 2578,core_ghz_64,static: each control-flow region counted once,256,flat circuit,,,2.107682,"[2.148018, 2.121425, 2.107682, 2.102737, 2.093794]",ghz,6f386eca3151e97db294e93f7b2b08b6ee89a7eceb4a83a0a98b7d55c9ebbb46,54412,numeric,381,127,63,255,254,0,"{""rz"": 254, ""sx"": 127, ""cz"": 63, ""measure"": 64}",core,2.058529,"[2.093089, 2.14693, 2.039153, 2.058529, 2.026481]",64,67,exported,8.133524,"[8.154451, 8.169428, 8.133524, 8.127235, 8.108707]",ibm_sxz_cz,63,"{""kind"": ""core_reference_samples"", ""shots"": 512, ""counts"": {""0000000000000000000000000000000000000000000000000000000000000000"": 232, ""1111111111111111111111111111111111111111111111111111111111111111"": 280}, ""total_variation_distance"": 0.046875, ""squared_hellinger_fidelity"": 0.9977978850648123, ""cdf_max_deviation"": 0.046875, ""dkw_limit"": 0.14461834543863566, ""false_rejection_bound"": 1e-09, ""reference_support"": 2, ""impossible_outcomes"": {}, ""passed"": true}"
PR 2578,core_ghz_64,static: each control-flow region counted once,193,flat circuit,,,1.792559,"[1.852687, 1.824735, 1.792559, 1.790431, 1.771758]",ghz,6f386eca3151e97db294e93f7b2b08b6ee89a7eceb4a83a0a98b7d55c9ebbb46,47777,numeric,381,127,63,192,254,0,"{""rz"": 254, ""rx"": 127, ""rzz"": 63, ""measure"": 64}",core,2.058529,"[2.093089, 2.14693, 2.039153, 2.058529, 2.026481]",64,68,exported,8.000914,"[8.057442, 8.010098, 8.000914, 7.959474, 7.990098]",rxrz_rzz_unbounded,63,"{""kind"": ""core_reference_samples"", ""shots"": 512, ""counts"": {""0000000000000000000000000000000000000000000000000000000000000000"": 232, ""1111111111111111111111111111111111111111111111111111111111111111"": 280}, ""total_variation_distance"": 0.046875, ""squared_hellinger_fidelity"": 0.9977978850648123, ""cdf_max_deviation"": 0.046875, ""dkw_limit"": 0.14461834543863566, ""false_rejection_bound"": 1e-09, ""reference_support"": 2, ""impossible_outcomes"": {}, ""passed"": true}"
PR 2578,core_ghz_64,static: each control-flow region counted once,193,flat circuit,,,1.975889,"[2.026065, 1.985712, 1.975889, 1.958992, 1.963136]",ghz,6f386eca3151e97db294e93f7b2b08b6ee89a7eceb4a83a0a98b7d55c9ebbb46,51945,numeric,444,190,63,192,254,0,"{""rz"": 254, ""rx"": 190, ""rzz"": 63, ""measure"": 64}",core,2.058529,"[2.093089, 2.14693, 2.039153, 2.058529, 2.026481]",64,69,exported,8.945017,"[8.998698, 9.058571, 8.945017, 8.906793, 8.920201]",ibm_fractional_bounded,63,"{""kind"": ""core_reference_samples"", ""shots"": 512, ""counts"": {""0000000000000000000000000000000000000000000000000000000000000000"": 232, ""1111111111111111111111111111111111111111111111111111111111111111"": 280}, ""total_variation_distance"": 0.046875, ""squared_hellinger_fidelity"": 0.9977978850648123, ""cdf_max_deviation"": 0.046875, ""dkw_limit"": 0.14461834543863566, ""false_rejection_bound"": 1e-09, ""reference_support"": 2, ""impossible_outcomes"": {}, ""passed"": true}"
PR 2578,core_ghz_64,static: each control-flow region counted once,256,flat circuit,,,3.426189,"[4.005425, 3.426189, 3.481148, 3.39278, 3.409933]",ghz,6f386eca3151e97db294e93f7b2b08b6ee89a7eceb4a83a0a98b7d55c9ebbb46,52602,numeric,444,127,63,255,317,0,"{""rz"": 317, ""gpi2"": 127, ""rzz"": 63, ""measure"": 64}",core,2.058529,"[2.093089, 2.14693, 2.039153, 2.058529, 2.026481]",64,69,exported,8.24994,"[8.294581, 8.24994, 8.254276, 8.229732, 8.216211]",ionq_fixed_r_zz,63,"{""kind"": ""core_reference_samples"", ""shots"": 512, ""counts"": {""0000000000000000000000000000000000000000000000000000000000000000"": 232, ""1111111111111111111111111111111111111111111111111111111111111111"": 280}, ""total_variation_distance"": 0.046875, ""squared_hellinger_fidelity"": 0.9977978850648123, ""cdf_max_deviation"": 0.046875, ""dkw_limit"": 0.14461834543863566, ""false_rejection_bound"": 1e-09, ""reference_support"": 2, ""impossible_outcomes"": {}, ""passed"": true}"
PR 2578,core_ghz_64,static: each control-flow region counted once,256,flat circuit,,,2.91924,"[2.975384, 2.91924, 3.011769, 2.884152, 2.860792]",ghz,6f386eca3151e97db294e93f7b2b08b6ee89a7eceb4a83a0a98b7d55c9ebbb46,55820,numeric,381,127,63,255,254,0,"{""rz"": 254, ""rxpi2"": 127, ""cz"": 63, ""measure"": 64}",core,2.058529,"[2.093089, 2.14693, 2.039153, 2.058529, 2.026481]",64,66,exported,8.195667,"[8.28842, 8.223812, 8.195667, 8.194036, 8.135139]",rigetti_rx_cz,63,"{""kind"": ""core_reference_samples"", ""shots"": 512, ""counts"": {""0000000000000000000000000000000000000000000000000000000000000000"": 232, ""1111111111111111111111111111111111111111111111111111111111111111"": 280}, ""total_variation_distance"": 0.046875, ""squared_hellinger_fidelity"": 0.9977978850648123, ""cdf_max_deviation"": 0.046875, ""dkw_limit"": 0.14461834543863566, ""false_rejection_bound"": 1e-09, ""reference_support"": 2, ""impossible_outcomes"": {}, ""passed"": true}"
PR 2578,core_ghz_64,static: each control-flow region counted once,383,flat circuit,,,3.753343,"[3.753343, 3.855808, 3.66611, 3.661775, 3.811215]",ghz,6f386eca3151e97db294e93f7b2b08b6ee89a7eceb4a83a0a98b7d55c9ebbb46,70980,numeric,633,191,126,382,442,0,"{""rz"": 442, ""rxpi2"": 127, ""iswap"": 126, ""rxpi"": 64, ""measure"": 64}",core,2.058529,"[2.093089, 2.14693, 2.039153, 2.058529, 2.026481]",64,71,exported,9.617536,"[9.692144, 9.617536, 9.611248, 9.625135, 9.556895]",rigetti_rx_iswap,126,"{""kind"": ""core_reference_samples"", ""shots"": 512, ""counts"": {""0000000000000000000000000000000000000000000000000000000000000000"": 232, ""1111111111111111111111111111111111111111111111111111111111111111"": 280}, ""total_variation_distance"": 0.046875, ""squared_hellinger_fidelity"": 0.9977978850648123, ""cdf_max_deviation"": 0.046875, ""dkw_limit"": 0.14461834543863566, ""false_rejection_bound"": 1e-09, ""reference_support"": 2, ""impossible_outcomes"": {}, ""passed"": true}"
PR 2578,core_qft_16,static: each control-flow region counted once,104,flat circuit,,,3.099098,"[3.145402, 3.099098, 3.087449, 3.119546, 3.083322]",qft,e4f8b2012eb43abf5872d8035888ca466032e5f93e5f55c737727ad6a6108988,88965,numeric,263,263,240,103,0,0,"{""r"": 263, ""cz"": 240, ""measure"": 16}",core,2.577877,"[2.577877, 2.661446, 2.545333, 2.60903, 2.572325]",16,84,exported,13.247581,"[13.32643, 13.247581, 13.217037, 13.266238, 13.190413]",iqm_r_cz,58,"{""kind"": ""core_reference_samples"", ""shots"": 512, ""counts"": {""0000000000000000"": 2, ""0000000100000000"": 2, ""0000001000000000"": 2, ""0000001100000000"": 5, ""0000010000000000"": 3, ""0000010100000000"": 1, ""0000011100000000"": 3, ""0000100000000000"": 1, ""0000100100000000"": 3, ""0000101000000000"": 2, ""0000110000000000"": 2, ""0000110100000000"": 3, ""0000111100000000"": 3, ""0001000000000000"": 1, ""0001000100000000"": 1, ""0001001000000000"": 4, ""0001001100000000"": 1, ""0001010000000000"": 1, ""0001010100000000"": 5, ""0001011000000000"": 2, ""0001011100000000"": 1, ""0001100000000000"": 2, ""0001100100000000"": 1, ""0001101000000000"": 2, ""0001101100000000"": 2, ""0001110000000000"": 2, ""0001110100000000"": 1, ""0001111000000000"": 2, ""0001111100000000"": 5, ""0010000000000000"": 3, ""0010000100000000"": 2, ""0010001000000000"": 3, ""0010001100000000"": 5, ""0010010000000000"": 4, ""0010010100000000"": 4, ""0010011000000000"": 2, ""0010011100000000"": 3, ""0010100100000000"": 1, ""0010101000000000"": 3, ""0010101100000000"": 1, ""0010110000000000"": 2, ""0010110100000000"": 3, ""0010111000000000"": 2, ""0010111100000000"": 2, ""0011000000000000"": 2, ""0011000100000000"": 3, ""0011001000000000"": 3, ""0011001100000000"": 2, ""0011010000000000"": 2, ""0011010100000000"": 1, ""0011011000000000"": 1, ""0011011100000000"": 2, ""0011100100000000"": 5, ""0011101000000000"": 3, ""0011101100000000"": 1, ""0011111000000000"": 2, ""0100000000000000"": 1, ""0100000100000000"": 3, ""0100001000000000"": 3, ""0100001100000000"": 1, ""0100010000000000"": 2, ""0100011000000000"": 2, ""0100011100000000"": 2, ""0100100000000000"": 1, ""0100100100000000"": 1, ""0100101000000000"": 2, ""0100101100000000"": 4, ""0100110000000000"": 2, ""0100110100000000"": 4, ""0100111000000000"": 4, ""0100111100000000"": 3, ""0101000000000000"": 2, ""0101000100000000"": 5, ""0101001000000000"": 2, ""0101001100000000"": 1, ""0101010000000000"": 1, ""0101010100000000"": 2, ""0101011000000000"": 1, ""0101011100000000"": 3, ""0101100000000000"": 3, ""0101100100000000"": 1, ""0101101000000000"": 3, ""0101110100000000"": 1, ""0101111000000000"": 2, ""0101111100000000"": 6, ""0110000000000000"": 2, ""0110000100000000"": 1, ""0110001000000000"": 3, ""0110001100000000"": 3, ""0110010000000000"": 3, ""0110010100000000"": 2, ""0110011100000000"": 4, ""0110100000000000"": 2, ""0110100100000000"": 1, ""0110101000000000"": 4, ""0110101100000000"": 1, ""0110110000000000"": 7, ""0110110100000000"": 5, ""0110111000000000"": 3, ""0110111100000000"": 2, ""0111000000000000"": 4, ""0111000100000000"": 2, ""0111001000000000"": 1, ""0111010000000000"": 2, ""0111010100000000"": 1, ""0111011100000000"": 2, ""0111100000000000"": 2, ""0111100100000000"": 2, ""0111101000000000"": 3, ""0111101100000000"": 2, ""0111110000000000"": 3, ""0111110100000000"": 2, ""0111111000000000"": 2, ""0111111100000000"": 1, ""1000000000000000"": 1, ""1000000100000000"": 2, ""1000001000000000"": 2, ""1000001100000000"": 1, ""1000010000000000"": 2, ""1000010100000000"": 3, ""1000011000000000"": 3, ""1000011100000000"": 1, ""1000100000000000"": 2, ""1000100100000000"": 3, ""1000101000000000"": 1, ""1000110000000000"": 4, ""1000110100000000"": 3, ""1000111100000000"": 5, ""1001000000000000"": 2, ""1001001000000000"": 1, ""1001001100000000"": 1, ""1001010000000000"": 4, ""1001010100000000"": 2, ""1001011000000000"": 1, ""1001011100000000"": 4, ""1001100100000000"": 2, ""1001101000000000"": 3, ""1001101100000000"": 2, ""1001110000000000"": 2, ""1001110100000000"": 1, ""1001111100000000"": 2, ""1010000000000000"": 1, ""1010001100000000"": 3, ""1010010000000000"": 1, ""1010010100000000"": 1, ""1010011000000000"": 1, ""1010011100000000"": 3, ""1010100000000000"": 2, ""1010100100000000"": 1, ""1010101000000000"": 2, ""1010101100000000"": 3, ""1010110000000000"": 2, ""1010110100000000"": 2, ""1010111000000000"": 1, ""1010111100000000"": 3, ""1011000000000000"": 5, ""1011000100000000"": 1, ""1011001000000000"": 3, ""1011001100000000"": 1, ""1011010000000000"": 2, ""1011010100000000"": 1, ""1011011000000000"": 3, ""1011011100000000"": 4, ""1011100000000000"": 1, ""1011100100000000"": 1, ""1011101000000000"": 2, ""1011101100000000"": 1, ""1011110000000000"": 2, ""1011111000000000"": 2, ""1011111100000000"": 3, ""1100000000000000"": 4, ""1100000100000000"": 3, ""1100001100000000"": 4, ""1100010000000000"": 2, ""1100010100000000"": 2, ""1100011100000000"": 2, ""1100100000000000"": 3, ""1100100100000000"": 1, ""1100101000000000"": 6, ""1100101100000000"": 2, ""1100110100000000"": 1, ""1100111000000000"": 1, ""1100111100000000"": 1, ""1101000100000000"": 3, ""1101001000000000"": 1, ""1101001100000000"": 3, ""1101010000000000"": 1, ""1101010100000000"": 2, ""1101011000000000"": 2, ""1101011100000000"": 3, ""1101100000000000"": 4, ""1101100100000000"": 1, ""1101101000000000"": 4, ""1101101100000000"": 5, ""1101110000000000"": 1, ""1101110100000000"": 1, ""1101111000000000"": 2, ""1110000000000000"": 1, ""1110000100000000"": 2, ""1110001000000000"": 1, ""1110010000000000"": 3, ""1110010100000000"": 2, ""1110011000000000"": 4, ""1110100000000000"": 1, ""1110100100000000"": 1, ""1110101000000000"": 3, ""1110101100000000"": 1, ""1110110000000000"": 1, ""1110110100000000"": 3, ""1110111000000000"": 3, ""1110111100000000"": 2, ""1111000000000000"": 1, ""1111000100000000"": 1, ""1111001100000000"": 1, ""1111010000000000"": 2, ""1111010100000000"": 1, ""1111011000000000"": 4, ""1111011100000000"": 1, ""1111100000000000"": 2, ""1111100100000000"": 3, ""1111101000000000"": 3, ""1111110000000000"": 2, ""1111110100000000"": 1, ""1111111000000000"": 5, ""1111111100000000"": 2}, ""total_variation_distance"": 0.2578125, ""squared_hellinger_fidelity"": 0.8204590880647917, ""cdf_max_deviation"": 0.041015625, ""dkw_limit"": 0.14461834543863566, ""false_rejection_bound"": 1e-09, ""reference_support"": 256, ""impossible_outcomes"": {}, ""passed"": true}"
PR 2578,core_qft_16,static: each control-flow region counted once,122,flat circuit,,,3.348716,"[3.4379, 3.3771, 3.348716, 3.344331, 3.344012]",qft,e4f8b2012eb43abf5872d8035888ca466032e5f93e5f55c737727ad6a6108988,92758,numeric,397,22,240,121,375,0,"{""rz"": 375, ""sx"": 22, ""cx"": 240, ""measure"": 16}",core,2.577877,"[2.577877, 2.661446, 2.545333, 2.60903, 2.572325]",16,49,exported,10.579512,"[10.685449, 10.573607, 10.566007, 10.579512, 10.609831]",ibm_sxz_cx,58,"{""kind"": ""core_reference_samples"", ""shots"": 512, ""counts"": {""0000000000000000"": 2, ""0000000100000000"": 2, ""0000001000000000"": 2, ""0000001100000000"": 5, ""0000010000000000"": 3, ""0000010100000000"": 1, ""0000011100000000"": 3, ""0000100000000000"": 1, ""0000100100000000"": 3, ""0000101000000000"": 2, ""0000110000000000"": 2, ""0000110100000000"": 3, ""0000111100000000"": 3, ""0001000000000000"": 1, ""0001000100000000"": 1, ""0001001000000000"": 4, ""0001001100000000"": 1, ""0001010000000000"": 1, ""0001010100000000"": 5, ""0001011000000000"": 2, ""0001011100000000"": 1, ""0001100000000000"": 2, ""0001100100000000"": 1, ""0001101000000000"": 2, ""0001101100000000"": 2, ""0001110000000000"": 2, ""0001110100000000"": 1, ""0001111000000000"": 2, ""0001111100000000"": 5, ""0010000000000000"": 3, ""0010000100000000"": 2, ""0010001000000000"": 3, ""0010001100000000"": 5, ""0010010000000000"": 4, ""0010010100000000"": 4, ""0010011000000000"": 2, ""0010011100000000"": 3, ""0010100100000000"": 1, ""0010101000000000"": 3, ""0010101100000000"": 1, ""0010110000000000"": 2, ""0010110100000000"": 3, ""0010111000000000"": 2, ""0010111100000000"": 2, ""0011000000000000"": 2, ""0011000100000000"": 3, ""0011001000000000"": 3, ""0011001100000000"": 2, ""0011010000000000"": 2, ""0011010100000000"": 1, ""0011011000000000"": 1, ""0011011100000000"": 2, ""0011100100000000"": 5, ""0011101000000000"": 3, ""0011101100000000"": 1, ""0011111000000000"": 2, ""0100000000000000"": 1, ""0100000100000000"": 3, ""0100001000000000"": 3, ""0100001100000000"": 1, ""0100010000000000"": 2, ""0100011000000000"": 2, ""0100011100000000"": 2, ""0100100000000000"": 1, ""0100100100000000"": 1, ""0100101000000000"": 2, ""0100101100000000"": 4, ""0100110000000000"": 2, ""0100110100000000"": 4, ""0100111000000000"": 4, ""0100111100000000"": 3, ""0101000000000000"": 2, ""0101000100000000"": 5, ""0101001000000000"": 2, ""0101001100000000"": 1, ""0101010000000000"": 1, ""0101010100000000"": 2, ""0101011000000000"": 1, ""0101011100000000"": 3, ""0101100000000000"": 3, ""0101100100000000"": 1, ""0101101000000000"": 3, ""0101110100000000"": 1, ""0101111000000000"": 2, ""0101111100000000"": 6, ""0110000000000000"": 2, ""0110000100000000"": 1, ""0110001000000000"": 3, ""0110001100000000"": 3, ""0110010000000000"": 3, ""0110010100000000"": 2, ""0110011100000000"": 4, ""0110100000000000"": 2, ""0110100100000000"": 1, ""0110101000000000"": 4, ""0110101100000000"": 1, ""0110110000000000"": 7, ""0110110100000000"": 5, ""0110111000000000"": 3, ""0110111100000000"": 2, ""0111000000000000"": 4, ""0111000100000000"": 2, ""0111001000000000"": 1, ""0111010000000000"": 2, ""0111010100000000"": 1, ""0111011100000000"": 2, ""0111100000000000"": 2, ""0111100100000000"": 2, ""0111101000000000"": 3, ""0111101100000000"": 2, ""0111110000000000"": 3, ""0111110100000000"": 2, ""0111111000000000"": 2, ""0111111100000000"": 1, ""1000000000000000"": 1, ""1000000100000000"": 2, ""1000001000000000"": 2, ""1000001100000000"": 1, ""1000010000000000"": 2, ""1000010100000000"": 3, ""1000011000000000"": 3, ""1000011100000000"": 1, ""1000100000000000"": 2, ""1000100100000000"": 3, ""1000101000000000"": 1, ""1000110000000000"": 4, ""1000110100000000"": 3, ""1000111100000000"": 5, ""1001000000000000"": 2, ""1001001000000000"": 1, ""1001001100000000"": 1, ""1001010000000000"": 4, ""1001010100000000"": 2, ""1001011000000000"": 1, ""1001011100000000"": 4, ""1001100100000000"": 2, ""1001101000000000"": 3, ""1001101100000000"": 2, ""1001110000000000"": 2, ""1001110100000000"": 1, ""1001111100000000"": 2, ""1010000000000000"": 1, ""1010001100000000"": 3, ""1010010000000000"": 1, ""1010010100000000"": 1, ""1010011000000000"": 1, ""1010011100000000"": 3, ""1010100000000000"": 2, ""1010100100000000"": 1, ""1010101000000000"": 2, ""1010101100000000"": 3, ""1010110000000000"": 2, ""1010110100000000"": 2, ""1010111000000000"": 1, ""1010111100000000"": 3, ""1011000000000000"": 5, ""1011000100000000"": 1, ""1011001000000000"": 3, ""1011001100000000"": 1, ""1011010000000000"": 2, ""1011010100000000"": 1, ""1011011000000000"": 3, ""1011011100000000"": 4, ""1011100000000000"": 1, ""1011100100000000"": 1, ""1011101000000000"": 2, ""1011101100000000"": 1, ""1011110000000000"": 2, ""1011111000000000"": 2, ""1011111100000000"": 3, ""1100000000000000"": 4, ""1100000100000000"": 3, ""1100001100000000"": 4, ""1100010000000000"": 2, ""1100010100000000"": 2, ""1100011100000000"": 2, ""1100100000000000"": 3, ""1100100100000000"": 1, ""1100101000000000"": 6, ""1100101100000000"": 2, ""1100110100000000"": 1, ""1100111000000000"": 1, ""1100111100000000"": 1, ""1101000100000000"": 3, ""1101001000000000"": 1, ""1101001100000000"": 3, ""1101010000000000"": 1, ""1101010100000000"": 2, ""1101011000000000"": 2, ""1101011100000000"": 3, ""1101100000000000"": 4, ""1101100100000000"": 1, ""1101101000000000"": 4, ""1101101100000000"": 5, ""1101110000000000"": 1, ""1101110100000000"": 1, ""1101111000000000"": 2, ""1110000000000000"": 1, ""1110000100000000"": 2, ""1110001000000000"": 1, ""1110010000000000"": 3, ""1110010100000000"": 2, ""1110011000000000"": 4, ""1110100000000000"": 1, ""1110100100000000"": 1, ""1110101000000000"": 3, ""1110101100000000"": 1, ""1110110000000000"": 1, ""1110110100000000"": 3, ""1110111000000000"": 3, ""1110111100000000"": 2, ""1111000000000000"": 1, ""1111000100000000"": 1, ""1111001100000000"": 1, ""1111010000000000"": 2, ""1111010100000000"": 1, ""1111011000000000"": 4, ""1111011100000000"": 1, ""1111100000000000"": 2, ""1111100100000000"": 3, ""1111101000000000"": 3, ""1111110000000000"": 2, ""1111110100000000"": 1, ""1111111000000000"": 5, ""1111111100000000"": 2}, ""total_variation_distance"": 0.2578125, ""squared_hellinger_fidelity"": 0.8204590880647917, ""cdf_max_deviation"": 0.041015625, ""dkw_limit"": 0.14461834543863566, ""false_rejection_bound"": 1e-09, ""reference_support"": 256, ""impossible_outcomes"": {}, ""passed"": true}"
PR 2578,core_qft_16,static: each control-flow region counted once,294,flat circuit,,,5.850112,"[5.940097, 5.906944, 5.829905, 5.850112, 5.821952]",qft,e4f8b2012eb43abf5872d8035888ca466032e5f93e5f55c737727ad6a6108988,148378,numeric,1372,502,240,293,870,0,"{""rz"": 870, ""sx"": 502, ""cz"": 240, ""measure"": 16}",core,2.577877,"[2.577877, 2.661446, 2.545333, 2.60903, 2.572325]",16,70,exported,14.335526,"[14.498039, 14.351575, 14.335526, 14.330406, 14.309686]",ibm_sxz_cz,58,"{""kind"": ""core_reference_samples"", ""shots"": 512, ""counts"": {""0000000000000000"": 2, ""0000000100000000"": 2, ""0000001000000000"": 2, ""0000001100000000"": 5, ""0000010000000000"": 3, ""0000010100000000"": 1, ""0000011100000000"": 3, ""0000100000000000"": 1, ""0000100100000000"": 3, ""0000101000000000"": 2, ""0000110000000000"": 2, ""0000110100000000"": 3, ""0000111100000000"": 3, ""0001000000000000"": 1, ""0001000100000000"": 1, ""0001001000000000"": 4, ""0001001100000000"": 1, ""0001010000000000"": 1, ""0001010100000000"": 5, ""0001011000000000"": 2, ""0001011100000000"": 1, ""0001100000000000"": 2, ""0001100100000000"": 1, ""0001101000000000"": 2, ""0001101100000000"": 2, ""0001110000000000"": 2, ""0001110100000000"": 1, ""0001111000000000"": 2, ""0001111100000000"": 5, ""0010000000000000"": 3, ""0010000100000000"": 2, ""0010001000000000"": 3, ""0010001100000000"": 5, ""0010010000000000"": 4, ""0010010100000000"": 4, ""0010011000000000"": 2, ""0010011100000000"": 3, ""0010100100000000"": 1, ""0010101000000000"": 3, ""0010101100000000"": 1, ""0010110000000000"": 2, ""0010110100000000"": 3, ""0010111000000000"": 2, ""0010111100000000"": 2, ""0011000000000000"": 2, ""0011000100000000"": 3, ""0011001000000000"": 3, ""0011001100000000"": 2, ""0011010000000000"": 2, ""0011010100000000"": 1, ""0011011000000000"": 1, ""0011011100000000"": 2, ""0011100100000000"": 5, ""0011101000000000"": 3, ""0011101100000000"": 1, ""0011111000000000"": 2, ""0100000000000000"": 1, ""0100000100000000"": 3, ""0100001000000000"": 3, ""0100001100000000"": 1, ""0100010000000000"": 2, ""0100011000000000"": 2, ""0100011100000000"": 2, ""0100100000000000"": 1, ""0100100100000000"": 1, ""0100101000000000"": 2, ""0100101100000000"": 4, ""0100110000000000"": 2, ""0100110100000000"": 4, ""0100111000000000"": 4, ""0100111100000000"": 3, ""0101000000000000"": 2, ""0101000100000000"": 5, ""0101001000000000"": 2, ""0101001100000000"": 1, ""0101010000000000"": 1, ""0101010100000000"": 2, ""0101011000000000"": 1, ""0101011100000000"": 3, ""0101100000000000"": 3, ""0101100100000000"": 1, ""0101101000000000"": 3, ""0101110100000000"": 1, ""0101111000000000"": 2, ""0101111100000000"": 6, ""0110000000000000"": 2, ""0110000100000000"": 1, ""0110001000000000"": 3, ""0110001100000000"": 3, ""0110010000000000"": 3, ""0110010100000000"": 2, ""0110011100000000"": 4, ""0110100000000000"": 2, ""0110100100000000"": 1, ""0110101000000000"": 4, ""0110101100000000"": 1, ""0110110000000000"": 7, ""0110110100000000"": 5, ""0110111000000000"": 3, ""0110111100000000"": 2, ""0111000000000000"": 4, ""0111000100000000"": 2, ""0111001000000000"": 1, ""0111010000000000"": 2, ""0111010100000000"": 1, ""0111011100000000"": 2, ""0111100000000000"": 2, ""0111100100000000"": 2, ""0111101000000000"": 3, ""0111101100000000"": 2, ""0111110000000000"": 3, ""0111110100000000"": 2, ""0111111000000000"": 2, ""0111111100000000"": 1, ""1000000000000000"": 1, ""1000000100000000"": 2, ""1000001000000000"": 2, ""1000001100000000"": 1, ""1000010000000000"": 2, ""1000010100000000"": 3, ""1000011000000000"": 3, ""1000011100000000"": 1, ""1000100000000000"": 2, ""1000100100000000"": 3, ""1000101000000000"": 1, ""1000110000000000"": 4, ""1000110100000000"": 3, ""1000111100000000"": 5, ""1001000000000000"": 2, ""1001001000000000"": 1, ""1001001100000000"": 1, ""1001010000000000"": 4, ""1001010100000000"": 2, ""1001011000000000"": 1, ""1001011100000000"": 4, ""1001100100000000"": 2, ""1001101000000000"": 3, ""1001101100000000"": 2, ""1001110000000000"": 2, ""1001110100000000"": 1, ""1001111100000000"": 2, ""1010000000000000"": 1, ""1010001100000000"": 3, ""1010010000000000"": 1, ""1010010100000000"": 1, ""1010011000000000"": 1, ""1010011100000000"": 3, ""1010100000000000"": 2, ""1010100100000000"": 1, ""1010101000000000"": 2, ""1010101100000000"": 3, ""1010110000000000"": 2, ""1010110100000000"": 2, ""1010111000000000"": 1, ""1010111100000000"": 3, ""1011000000000000"": 5, ""1011000100000000"": 1, ""1011001000000000"": 3, ""1011001100000000"": 1, ""1011010000000000"": 2, ""1011010100000000"": 1, ""1011011000000000"": 3, ""1011011100000000"": 4, ""1011100000000000"": 1, ""1011100100000000"": 1, ""1011101000000000"": 2, ""1011101100000000"": 1, ""1011110000000000"": 2, ""1011111000000000"": 2, ""1011111100000000"": 3, ""1100000000000000"": 4, ""1100000100000000"": 3, ""1100001100000000"": 4, ""1100010000000000"": 2, ""1100010100000000"": 2, ""1100011100000000"": 2, ""1100100000000000"": 3, ""1100100100000000"": 1, ""1100101000000000"": 6, ""1100101100000000"": 2, ""1100110100000000"": 1, ""1100111000000000"": 1, ""1100111100000000"": 1, ""1101000100000000"": 3, ""1101001000000000"": 1, ""1101001100000000"": 3, ""1101010000000000"": 1, ""1101010100000000"": 2, ""1101011000000000"": 2, ""1101011100000000"": 3, ""1101100000000000"": 4, ""1101100100000000"": 1, ""1101101000000000"": 4, ""1101101100000000"": 5, ""1101110000000000"": 1, ""1101110100000000"": 1, ""1101111000000000"": 2, ""1110000000000000"": 1, ""1110000100000000"": 2, ""1110001000000000"": 1, ""1110010000000000"": 3, ""1110010100000000"": 2, ""1110011000000000"": 4, ""1110100000000000"": 1, ""1110100100000000"": 1, ""1110101000000000"": 3, ""1110101100000000"": 1, ""1110110000000000"": 1, ""1110110100000000"": 3, ""1110111000000000"": 3, ""1110111100000000"": 2, ""1111000000000000"": 1, ""1111000100000000"": 1, ""1111001100000000"": 1, ""1111010000000000"": 2, ""1111010100000000"": 1, ""1111011000000000"": 4, ""1111011100000000"": 1, ""1111100000000000"": 2, ""1111100100000000"": 3, ""1111101000000000"": 3, ""1111110000000000"": 2, ""1111110100000000"": 1, ""1111111000000000"": 5, ""1111111100000000"": 2}, ""total_variation_distance"": 0.2578125, ""squared_hellinger_fidelity"": 0.8204590880647917, ""cdf_max_deviation"": 0.041015625, ""dkw_limit"": 0.14461834543863566, ""false_rejection_bound"": 1e-09, ""reference_support"": 256, ""impossible_outcomes"": {}, ""passed"": true}"
PR 2578,core_qft_16,static: each control-flow region counted once,64,flat circuit,,,1.557644,"[1.594765, 1.560477, 1.551117, 1.543485, 1.557644]",qft,e4f8b2012eb43abf5872d8035888ca466032e5f93e5f55c737727ad6a6108988,39699,numeric,277,22,120,63,255,0,"{""rz"": 255, ""rx"": 22, ""rzz"": 120, ""measure"": 16}",core,2.577877,"[2.577877, 2.661446, 2.545333, 2.60903, 2.572325]",16,62,exported,8.979962,"[9.057275, 9.014074, 8.979962, 8.930666, 8.96881]",rxrz_rzz_unbounded,29,"{""kind"": ""core_reference_samples"", ""shots"": 512, ""counts"": {""0000000000000000"": 2, ""0000000100000000"": 2, ""0000001000000000"": 2, ""0000001100000000"": 5, ""0000010000000000"": 3, ""0000010100000000"": 1, ""0000011100000000"": 3, ""0000100000000000"": 1, ""0000100100000000"": 3, ""0000101000000000"": 2, ""0000110000000000"": 2, ""0000110100000000"": 3, ""0000111100000000"": 3, ""0001000000000000"": 1, ""0001000100000000"": 1, ""0001001000000000"": 4, ""0001001100000000"": 1, ""0001010000000000"": 1, ""0001010100000000"": 5, ""0001011000000000"": 2, ""0001011100000000"": 1, ""0001100000000000"": 2, ""0001100100000000"": 1, ""0001101000000000"": 2, ""0001101100000000"": 2, ""0001110000000000"": 2, ""0001110100000000"": 1, ""0001111000000000"": 2, ""0001111100000000"": 5, ""0010000000000000"": 3, ""0010000100000000"": 2, ""0010001000000000"": 3, ""0010001100000000"": 5, ""0010010000000000"": 4, ""0010010100000000"": 4, ""0010011000000000"": 2, ""0010011100000000"": 3, ""0010100100000000"": 1, ""0010101000000000"": 3, ""0010101100000000"": 1, ""0010110000000000"": 2, ""0010110100000000"": 3, ""0010111000000000"": 2, ""0010111100000000"": 2, ""0011000000000000"": 2, ""0011000100000000"": 3, ""0011001000000000"": 3, ""0011001100000000"": 2, ""0011010000000000"": 2, ""0011010100000000"": 1, ""0011011000000000"": 1, ""0011011100000000"": 2, ""0011100100000000"": 5, ""0011101000000000"": 3, ""0011101100000000"": 1, ""0011111000000000"": 2, ""0100000000000000"": 1, ""0100000100000000"": 3, ""0100001000000000"": 3, ""0100001100000000"": 1, ""0100010000000000"": 2, ""0100011000000000"": 2, ""0100011100000000"": 2, ""0100100000000000"": 1, ""0100100100000000"": 1, ""0100101000000000"": 2, ""0100101100000000"": 4, ""0100110000000000"": 2, ""0100110100000000"": 4, ""0100111000000000"": 4, ""0100111100000000"": 3, ""0101000000000000"": 2, ""0101000100000000"": 5, ""0101001000000000"": 2, ""0101001100000000"": 1, ""0101010000000000"": 1, ""0101010100000000"": 2, ""0101011000000000"": 1, ""0101011100000000"": 3, ""0101100000000000"": 3, ""0101100100000000"": 1, ""0101101000000000"": 3, ""0101110100000000"": 1, ""0101111000000000"": 2, ""0101111100000000"": 6, ""0110000000000000"": 2, ""0110000100000000"": 1, ""0110001000000000"": 3, ""0110001100000000"": 3, ""0110010000000000"": 3, ""0110010100000000"": 2, ""0110011100000000"": 4, ""0110100000000000"": 2, ""0110100100000000"": 1, ""0110101000000000"": 4, ""0110101100000000"": 1, ""0110110000000000"": 7, ""0110110100000000"": 5, ""0110111000000000"": 3, ""0110111100000000"": 2, ""0111000000000000"": 4, ""0111000100000000"": 2, ""0111001000000000"": 1, ""0111010000000000"": 2, ""0111010100000000"": 1, ""0111011100000000"": 2, ""0111100000000000"": 2, ""0111100100000000"": 2, ""0111101000000000"": 3, ""0111101100000000"": 2, ""0111110000000000"": 3, ""0111110100000000"": 2, ""0111111000000000"": 2, ""0111111100000000"": 1, ""1000000000000000"": 1, ""1000000100000000"": 2, ""1000001000000000"": 2, ""1000001100000000"": 1, ""1000010000000000"": 2, ""1000010100000000"": 3, ""1000011000000000"": 3, ""1000011100000000"": 1, ""1000100000000000"": 2, ""1000100100000000"": 3, ""1000101000000000"": 1, ""1000110000000000"": 4, ""1000110100000000"": 3, ""1000111100000000"": 5, ""1001000000000000"": 2, ""1001001000000000"": 1, ""1001001100000000"": 1, ""1001010000000000"": 4, ""1001010100000000"": 2, ""1001011000000000"": 1, ""1001011100000000"": 4, ""1001100100000000"": 2, ""1001101000000000"": 3, ""1001101100000000"": 2, ""1001110000000000"": 2, ""1001110100000000"": 1, ""1001111100000000"": 2, ""1010000000000000"": 1, ""1010001100000000"": 3, ""1010010000000000"": 1, ""1010010100000000"": 1, ""1010011000000000"": 1, ""1010011100000000"": 3, ""1010100000000000"": 2, ""1010100100000000"": 1, ""1010101000000000"": 2, ""1010101100000000"": 3, ""1010110000000000"": 2, ""1010110100000000"": 2, ""1010111000000000"": 1, ""1010111100000000"": 3, ""1011000000000000"": 5, ""1011000100000000"": 1, ""1011001000000000"": 3, ""1011001100000000"": 1, ""1011010000000000"": 2, ""1011010100000000"": 1, ""1011011000000000"": 3, ""1011011100000000"": 4, ""1011100000000000"": 1, ""1011100100000000"": 1, ""1011101000000000"": 2, ""1011101100000000"": 1, ""1011110000000000"": 2, ""1011111000000000"": 2, ""1011111100000000"": 3, ""1100000000000000"": 4, ""1100000100000000"": 3, ""1100001100000000"": 4, ""1100010000000000"": 2, ""1100010100000000"": 2, ""1100011100000000"": 2, ""1100100000000000"": 3, ""1100100100000000"": 1, ""1100101000000000"": 6, ""1100101100000000"": 2, ""1100110100000000"": 1, ""1100111000000000"": 1, ""1100111100000000"": 1, ""1101000100000000"": 3, ""1101001000000000"": 1, ""1101001100000000"": 3, ""1101010000000000"": 1, ""1101010100000000"": 2, ""1101011000000000"": 2, ""1101011100000000"": 3, ""1101100000000000"": 4, ""1101100100000000"": 1, ""1101101000000000"": 4, ""1101101100000000"": 5, ""1101110000000000"": 1, ""1101110100000000"": 1, ""1101111000000000"": 2, ""1110000000000000"": 1, ""1110000100000000"": 2, ""1110001000000000"": 1, ""1110010000000000"": 3, ""1110010100000000"": 2, ""1110011000000000"": 4, ""1110100000000000"": 1, ""1110100100000000"": 1, ""1110101000000000"": 3, ""1110101100000000"": 1, ""1110110000000000"": 1, ""1110110100000000"": 3, ""1110111000000000"": 3, ""1110111100000000"": 2, ""1111000000000000"": 1, ""1111000100000000"": 1, ""1111001100000000"": 1, ""1111010000000000"": 2, ""1111010100000000"": 1, ""1111011000000000"": 4, ""1111011100000000"": 1, ""1111100000000000"": 2, ""1111100100000000"": 3, ""1111101000000000"": 3, ""1111110000000000"": 2, ""1111110100000000"": 1, ""1111111000000000"": 5, ""1111111100000000"": 2}, ""total_variation_distance"": 0.2578125, ""squared_hellinger_fidelity"": 0.8204590880647917, ""cdf_max_deviation"": 0.041015625, ""dkw_limit"": 0.14461834543863566, ""false_rejection_bound"": 1e-09, ""reference_support"": 256, ""impossible_outcomes"": {}, ""passed"": true}"
PR 2578,core_qft_16,static: each control-flow region counted once,64,flat circuit,,,1.470284,"[1.489756, 1.474621, 1.470284, 1.46326, 1.4411]",qft,e4f8b2012eb43abf5872d8035888ca466032e5f93e5f55c737727ad6a6108988,42400,numeric,301,30,120,63,271,0,"{""rz"": 271, ""rx"": 30, ""rzz"": 120, ""measure"": 16}",core,2.577877,"[2.577877, 2.661446, 2.545333, 2.60903, 2.572325]",16,65,exported,10.105668,"[10.236917, 10.170004, 10.105668, 10.090916, 10.104948]",ibm_fractional_bounded,29,"{""kind"": ""core_reference_samples"", ""shots"": 512, ""counts"": {""0000000000000000"": 2, ""0000000100000000"": 2, ""0000001000000000"": 2, ""0000001100000000"": 5, ""0000010000000000"": 3, ""0000010100000000"": 1, ""0000011100000000"": 3, ""0000100000000000"": 1, ""0000100100000000"": 3, ""0000101000000000"": 2, ""0000110000000000"": 2, ""0000110100000000"": 3, ""0000111100000000"": 3, ""0001000000000000"": 1, ""0001000100000000"": 1, ""0001001000000000"": 4, ""0001001100000000"": 1, ""0001010000000000"": 1, ""0001010100000000"": 5, ""0001011000000000"": 2, ""0001011100000000"": 1, ""0001100000000000"": 2, ""0001100100000000"": 1, ""0001101000000000"": 2, ""0001101100000000"": 2, ""0001110000000000"": 2, ""0001110100000000"": 1, ""0001111000000000"": 2, ""0001111100000000"": 5, ""0010000000000000"": 3, ""0010000100000000"": 2, ""0010001000000000"": 3, ""0010001100000000"": 5, ""0010010000000000"": 4, ""0010010100000000"": 4, ""0010011000000000"": 2, ""0010011100000000"": 3, ""0010100100000000"": 1, ""0010101000000000"": 3, ""0010101100000000"": 1, ""0010110000000000"": 2, ""0010110100000000"": 3, ""0010111000000000"": 2, ""0010111100000000"": 2, ""0011000000000000"": 2, ""0011000100000000"": 3, ""0011001000000000"": 3, ""0011001100000000"": 2, ""0011010000000000"": 2, ""0011010100000000"": 1, ""0011011000000000"": 1, ""0011011100000000"": 2, ""0011100100000000"": 5, ""0011101000000000"": 3, ""0011101100000000"": 1, ""0011111000000000"": 2, ""0100000000000000"": 1, ""0100000100000000"": 3, ""0100001000000000"": 3, ""0100001100000000"": 1, ""0100010000000000"": 2, ""0100011000000000"": 2, ""0100011100000000"": 2, ""0100100000000000"": 1, ""0100100100000000"": 1, ""0100101000000000"": 2, ""0100101100000000"": 4, ""0100110000000000"": 2, ""0100110100000000"": 4, ""0100111000000000"": 4, ""0100111100000000"": 3, ""0101000000000000"": 2, ""0101000100000000"": 5, ""0101001000000000"": 2, ""0101001100000000"": 1, ""0101010000000000"": 1, ""0101010100000000"": 2, ""0101011000000000"": 1, ""0101011100000000"": 3, ""0101100000000000"": 3, ""0101100100000000"": 1, ""0101101000000000"": 3, ""0101110100000000"": 1, ""0101111000000000"": 2, ""0101111100000000"": 6, ""0110000000000000"": 2, ""0110000100000000"": 1, ""0110001000000000"": 3, ""0110001100000000"": 3, ""0110010000000000"": 3, ""0110010100000000"": 2, ""0110011100000000"": 4, ""0110100000000000"": 2, ""0110100100000000"": 1, ""0110101000000000"": 4, ""0110101100000000"": 1, ""0110110000000000"": 7, ""0110110100000000"": 5, ""0110111000000000"": 3, ""0110111100000000"": 2, ""0111000000000000"": 4, ""0111000100000000"": 2, ""0111001000000000"": 1, ""0111010000000000"": 2, ""0111010100000000"": 1, ""0111011100000000"": 2, ""0111100000000000"": 2, ""0111100100000000"": 2, ""0111101000000000"": 3, ""0111101100000000"": 2, ""0111110000000000"": 3, ""0111110100000000"": 2, ""0111111000000000"": 2, ""0111111100000000"": 1, ""1000000000000000"": 1, ""1000000100000000"": 2, ""1000001000000000"": 2, ""1000001100000000"": 1, ""1000010000000000"": 2, ""1000010100000000"": 3, ""1000011000000000"": 3, ""1000011100000000"": 1, ""1000100000000000"": 2, ""1000100100000000"": 3, ""1000101000000000"": 1, ""1000110000000000"": 4, ""1000110100000000"": 3, ""1000111100000000"": 5, ""1001000000000000"": 2, ""1001001000000000"": 1, ""1001001100000000"": 1, ""1001010000000000"": 4, ""1001010100000000"": 2, ""1001011000000000"": 1, ""1001011100000000"": 4, ""1001100100000000"": 2, ""1001101000000000"": 3, ""1001101100000000"": 2, ""1001110000000000"": 2, ""1001110100000000"": 1, ""1001111100000000"": 2, ""1010000000000000"": 1, ""1010001100000000"": 3, ""1010010000000000"": 1, ""1010010100000000"": 1, ""1010011000000000"": 1, ""1010011100000000"": 3, ""1010100000000000"": 2, ""1010100100000000"": 1, ""1010101000000000"": 2, ""1010101100000000"": 3, ""1010110000000000"": 2, ""1010110100000000"": 2, ""1010111000000000"": 1, ""1010111100000000"": 3, ""1011000000000000"": 5, ""1011000100000000"": 1, ""1011001000000000"": 3, ""1011001100000000"": 1, ""1011010000000000"": 2, ""1011010100000000"": 1, ""1011011000000000"": 3, ""1011011100000000"": 4, ""1011100000000000"": 1, ""1011100100000000"": 1, ""1011101000000000"": 2, ""1011101100000000"": 1, ""1011110000000000"": 2, ""1011111000000000"": 2, ""1011111100000000"": 3, ""1100000000000000"": 4, ""1100000100000000"": 3, ""1100001100000000"": 4, ""1100010000000000"": 2, ""1100010100000000"": 2, ""1100011100000000"": 2, ""1100100000000000"": 3, ""1100100100000000"": 1, ""1100101000000000"": 6, ""1100101100000000"": 2, ""1100110100000000"": 1, ""1100111000000000"": 1, ""1100111100000000"": 1, ""1101000100000000"": 3, ""1101001000000000"": 1, ""1101001100000000"": 3, ""1101010000000000"": 1, ""1101010100000000"": 2, ""1101011000000000"": 2, ""1101011100000000"": 3, ""1101100000000000"": 4, ""1101100100000000"": 1, ""1101101000000000"": 4, ""1101101100000000"": 5, ""1101110000000000"": 1, ""1101110100000000"": 1, ""1101111000000000"": 2, ""1110000000000000"": 1, ""1110000100000000"": 2, ""1110001000000000"": 1, ""1110010000000000"": 3, ""1110010100000000"": 2, ""1110011000000000"": 4, ""1110100000000000"": 1, ""1110100100000000"": 1, ""1110101000000000"": 3, ""1110101100000000"": 1, ""1110110000000000"": 1, ""1110110100000000"": 3, ""1110111000000000"": 3, ""1110111100000000"": 2, ""1111000000000000"": 1, ""1111000100000000"": 1, ""1111001100000000"": 1, ""1111010000000000"": 2, ""1111010100000000"": 1, ""1111011000000000"": 4, ""1111011100000000"": 1, ""1111100000000000"": 2, ""1111100100000000"": 3, ""1111101000000000"": 3, ""1111110000000000"": 2, ""1111110100000000"": 1, ""1111111000000000"": 5, ""1111111100000000"": 2}, ""total_variation_distance"": 0.2578125, ""squared_hellinger_fidelity"": 0.8204590880647917, ""cdf_max_deviation"": 0.041015625, ""dkw_limit"": 0.14461834543863566, ""false_rejection_bound"": 1e-09, ""reference_support"": 256, ""impossible_outcomes"": {}, ""passed"": true}"
PR 2578,core_qft_16,static: each control-flow region counted once,64,flat circuit,,,1.907552,"[1.934512, 1.919408, 1.907552, 1.884383, 1.868144]",qft,e4f8b2012eb43abf5872d8035888ca466032e5f93e5f55c737727ad6a6108988,40154,numeric,277,22,120,63,255,0,"{""rz"": 255, ""gpi2"": 22, ""rzz"": 120, ""measure"": 16}",core,2.577877,"[2.577877, 2.661446, 2.545333, 2.60903, 2.572325]",16,63,exported,9.075787,"[9.197756, 9.062507, 9.062187, 9.075787, 9.095835]",ionq_fixed_r_zz,29,"{""kind"": ""core_reference_samples"", ""shots"": 512, ""counts"": {""0000000000000000"": 2, ""0000000100000000"": 2, ""0000001000000000"": 2, ""0000001100000000"": 5, ""0000010000000000"": 3, ""0000010100000000"": 1, ""0000011100000000"": 3, ""0000100000000000"": 1, ""0000100100000000"": 3, ""0000101000000000"": 2, ""0000110000000000"": 2, ""0000110100000000"": 3, ""0000111100000000"": 3, ""0001000000000000"": 1, ""0001000100000000"": 1, ""0001001000000000"": 4, ""0001001100000000"": 1, ""0001010000000000"": 1, ""0001010100000000"": 5, ""0001011000000000"": 2, ""0001011100000000"": 1, ""0001100000000000"": 2, ""0001100100000000"": 1, ""0001101000000000"": 2, ""0001101100000000"": 2, ""0001110000000000"": 2, ""0001110100000000"": 1, ""0001111000000000"": 2, ""0001111100000000"": 5, ""0010000000000000"": 3, ""0010000100000000"": 2, ""0010001000000000"": 3, ""0010001100000000"": 5, ""0010010000000000"": 4, ""0010010100000000"": 4, ""0010011000000000"": 2, ""0010011100000000"": 3, ""0010100100000000"": 1, ""0010101000000000"": 3, ""0010101100000000"": 1, ""0010110000000000"": 2, ""0010110100000000"": 3, ""0010111000000000"": 2, ""0010111100000000"": 2, ""0011000000000000"": 2, ""0011000100000000"": 3, ""0011001000000000"": 3, ""0011001100000000"": 2, ""0011010000000000"": 2, ""0011010100000000"": 1, ""0011011000000000"": 1, ""0011011100000000"": 2, ""0011100100000000"": 5, ""0011101000000000"": 3, ""0011101100000000"": 1, ""0011111000000000"": 2, ""0100000000000000"": 1, ""0100000100000000"": 3, ""0100001000000000"": 3, ""0100001100000000"": 1, ""0100010000000000"": 2, ""0100011000000000"": 2, ""0100011100000000"": 2, ""0100100000000000"": 1, ""0100100100000000"": 1, ""0100101000000000"": 2, ""0100101100000000"": 4, ""0100110000000000"": 2, ""0100110100000000"": 4, ""0100111000000000"": 4, ""0100111100000000"": 3, ""0101000000000000"": 2, ""0101000100000000"": 5, ""0101001000000000"": 2, ""0101001100000000"": 1, ""0101010000000000"": 1, ""0101010100000000"": 2, ""0101011000000000"": 1, ""0101011100000000"": 3, ""0101100000000000"": 3, ""0101100100000000"": 1, ""0101101000000000"": 3, ""0101110100000000"": 1, ""0101111000000000"": 2, ""0101111100000000"": 6, ""0110000000000000"": 2, ""0110000100000000"": 1, ""0110001000000000"": 3, ""0110001100000000"": 3, ""0110010000000000"": 3, ""0110010100000000"": 2, ""0110011100000000"": 4, ""0110100000000000"": 2, ""0110100100000000"": 1, ""0110101000000000"": 4, ""0110101100000000"": 1, ""0110110000000000"": 7, ""0110110100000000"": 5, ""0110111000000000"": 3, ""0110111100000000"": 2, ""0111000000000000"": 4, ""0111000100000000"": 2, ""0111001000000000"": 1, ""0111010000000000"": 2, ""0111010100000000"": 1, ""0111011100000000"": 2, ""0111100000000000"": 2, ""0111100100000000"": 2, ""0111101000000000"": 3, ""0111101100000000"": 2, ""0111110000000000"": 3, ""0111110100000000"": 2, ""0111111000000000"": 2, ""0111111100000000"": 1, ""1000000000000000"": 1, ""1000000100000000"": 2, ""1000001000000000"": 2, ""1000001100000000"": 1, ""1000010000000000"": 2, ""1000010100000000"": 3, ""1000011000000000"": 3, ""1000011100000000"": 1, ""1000100000000000"": 2, ""1000100100000000"": 3, ""1000101000000000"": 1, ""1000110000000000"": 4, ""1000110100000000"": 3, ""1000111100000000"": 5, ""1001000000000000"": 2, ""1001001000000000"": 1, ""1001001100000000"": 1, ""1001010000000000"": 4, ""1001010100000000"": 2, ""1001011000000000"": 1, ""1001011100000000"": 4, ""1001100100000000"": 2, ""1001101000000000"": 3, ""1001101100000000"": 2, ""1001110000000000"": 2, ""1001110100000000"": 1, ""1001111100000000"": 2, ""1010000000000000"": 1, ""1010001100000000"": 3, ""1010010000000000"": 1, ""1010010100000000"": 1, ""1010011000000000"": 1, ""1010011100000000"": 3, ""1010100000000000"": 2, ""1010100100000000"": 1, ""1010101000000000"": 2, ""1010101100000000"": 3, ""1010110000000000"": 2, ""1010110100000000"": 2, ""1010111000000000"": 1, ""1010111100000000"": 3, ""1011000000000000"": 5, ""1011000100000000"": 1, ""1011001000000000"": 3, ""1011001100000000"": 1, ""1011010000000000"": 2, ""1011010100000000"": 1, ""1011011000000000"": 3, ""1011011100000000"": 4, ""1011100000000000"": 1, ""1011100100000000"": 1, ""1011101000000000"": 2, ""1011101100000000"": 1, ""1011110000000000"": 2, ""1011111000000000"": 2, ""1011111100000000"": 3, ""1100000000000000"": 4, ""1100000100000000"": 3, ""1100001100000000"": 4, ""1100010000000000"": 2, ""1100010100000000"": 2, ""1100011100000000"": 2, ""1100100000000000"": 3, ""1100100100000000"": 1, ""1100101000000000"": 6, ""1100101100000000"": 2, ""1100110100000000"": 1, ""1100111000000000"": 1, ""1100111100000000"": 1, ""1101000100000000"": 3, ""1101001000000000"": 1, ""1101001100000000"": 3, ""1101010000000000"": 1, ""1101010100000000"": 2, ""1101011000000000"": 2, ""1101011100000000"": 3, ""1101100000000000"": 4, ""1101100100000000"": 1, ""1101101000000000"": 4, ""1101101100000000"": 5, ""1101110000000000"": 1, ""1101110100000000"": 1, ""1101111000000000"": 2, ""1110000000000000"": 1, ""1110000100000000"": 2, ""1110001000000000"": 1, ""1110010000000000"": 3, ""1110010100000000"": 2, ""1110011000000000"": 4, ""1110100000000000"": 1, ""1110100100000000"": 1, ""1110101000000000"": 3, ""1110101100000000"": 1, ""1110110000000000"": 1, ""1110110100000000"": 3, ""1110111000000000"": 3, ""1110111100000000"": 2, ""1111000000000000"": 1, ""1111000100000000"": 1, ""1111001100000000"": 1, ""1111010000000000"": 2, ""1111010100000000"": 1, ""1111011000000000"": 4, ""1111011100000000"": 1, ""1111100000000000"": 2, ""1111100100000000"": 3, ""1111101000000000"": 3, ""1111110000000000"": 2, ""1111110100000000"": 1, ""1111111000000000"": 5, ""1111111100000000"": 2}, ""total_variation_distance"": 0.2578125, ""squared_hellinger_fidelity"": 0.8204590880647917, ""cdf_max_deviation"": 0.041015625, ""dkw_limit"": 0.14461834543863566, ""false_rejection_bound"": 1e-09, ""reference_support"": 256, ""impossible_outcomes"": {}, ""passed"": true}"
PR 2578,core_qft_16,static: each control-flow region counted once,294,flat circuit,,,8.760505,"[8.951498, 8.77036, 8.760505, 8.744504, 8.752376]",qft,e4f8b2012eb43abf5872d8035888ca466032e5f93e5f55c737727ad6a6108988,153058,numeric,1372,502,240,293,870,0,"{""rz"": 870, ""rxpi2"": 502, ""cz"": 240, ""measure"": 16}",core,2.577877,"[2.577877, 2.661446, 2.545333, 2.60903, 2.572325]",16,65,exported,15.171261,"[15.186013, 15.239037, 15.171261, 15.162797, 15.110925]",rigetti_rx_cz,58,"{""kind"": ""core_reference_samples"", ""shots"": 512, ""counts"": {""0000000000000000"": 2, ""0000000100000000"": 2, ""0000001000000000"": 2, ""0000001100000000"": 5, ""0000010000000000"": 3, ""0000010100000000"": 1, ""0000011100000000"": 3, ""0000100000000000"": 1, ""0000100100000000"": 3, ""0000101000000000"": 2, ""0000110000000000"": 2, ""0000110100000000"": 3, ""0000111100000000"": 3, ""0001000000000000"": 1, ""0001000100000000"": 1, ""0001001000000000"": 4, ""0001001100000000"": 1, ""0001010000000000"": 1, ""0001010100000000"": 5, ""0001011000000000"": 2, ""0001011100000000"": 1, ""0001100000000000"": 2, ""0001100100000000"": 1, ""0001101000000000"": 2, ""0001101100000000"": 2, ""0001110000000000"": 2, ""0001110100000000"": 1, ""0001111000000000"": 2, ""0001111100000000"": 5, ""0010000000000000"": 3, ""0010000100000000"": 2, ""0010001000000000"": 3, ""0010001100000000"": 5, ""0010010000000000"": 4, ""0010010100000000"": 4, ""0010011000000000"": 2, ""0010011100000000"": 3, ""0010100100000000"": 1, ""0010101000000000"": 3, ""0010101100000000"": 1, ""0010110000000000"": 2, ""0010110100000000"": 3, ""0010111000000000"": 2, ""0010111100000000"": 2, ""0011000000000000"": 2, ""0011000100000000"": 3, ""0011001000000000"": 3, ""0011001100000000"": 2, ""0011010000000000"": 2, ""0011010100000000"": 1, ""0011011000000000"": 1, ""0011011100000000"": 2, ""0011100100000000"": 5, ""0011101000000000"": 3, ""0011101100000000"": 1, ""0011111000000000"": 2, ""0100000000000000"": 1, ""0100000100000000"": 3, ""0100001000000000"": 3, ""0100001100000000"": 1, ""0100010000000000"": 2, ""0100011000000000"": 2, ""0100011100000000"": 2, ""0100100000000000"": 1, ""0100100100000000"": 1, ""0100101000000000"": 2, ""0100101100000000"": 4, ""0100110000000000"": 2, ""0100110100000000"": 4, ""0100111000000000"": 4, ""0100111100000000"": 3, ""0101000000000000"": 2, ""0101000100000000"": 5, ""0101001000000000"": 2, ""0101001100000000"": 1, ""0101010000000000"": 1, ""0101010100000000"": 2, ""0101011000000000"": 1, ""0101011100000000"": 3, ""0101100000000000"": 3, ""0101100100000000"": 1, ""0101101000000000"": 3, ""0101110100000000"": 1, ""0101111000000000"": 2, ""0101111100000000"": 6, ""0110000000000000"": 2, ""0110000100000000"": 1, ""0110001000000000"": 3, ""0110001100000000"": 3, ""0110010000000000"": 3, ""0110010100000000"": 2, ""0110011100000000"": 4, ""0110100000000000"": 2, ""0110100100000000"": 1, ""0110101000000000"": 4, ""0110101100000000"": 1, ""0110110000000000"": 7, ""0110110100000000"": 5, ""0110111000000000"": 3, ""0110111100000000"": 2, ""0111000000000000"": 4, ""0111000100000000"": 2, ""0111001000000000"": 1, ""0111010000000000"": 2, ""0111010100000000"": 1, ""0111011100000000"": 2, ""0111100000000000"": 2, ""0111100100000000"": 2, ""0111101000000000"": 3, ""0111101100000000"": 2, ""0111110000000000"": 3, ""0111110100000000"": 2, ""0111111000000000"": 2, ""0111111100000000"": 1, ""1000000000000000"": 1, ""1000000100000000"": 2, ""1000001000000000"": 2, ""1000001100000000"": 1, ""1000010000000000"": 2, ""1000010100000000"": 3, ""1000011000000000"": 3, ""1000011100000000"": 1, ""1000100000000000"": 2, ""1000100100000000"": 3, ""1000101000000000"": 1, ""1000110000000000"": 4, ""1000110100000000"": 3, ""1000111100000000"": 5, ""1001000000000000"": 2, ""1001001000000000"": 1, ""1001001100000000"": 1, ""1001010000000000"": 4, ""1001010100000000"": 2, ""1001011000000000"": 1, ""1001011100000000"": 4, ""1001100100000000"": 2, ""1001101000000000"": 3, ""1001101100000000"": 2, ""1001110000000000"": 2, ""1001110100000000"": 1, ""1001111100000000"": 2, ""1010000000000000"": 1, ""1010001100000000"": 3, ""1010010000000000"": 1, ""1010010100000000"": 1, ""1010011000000000"": 1, ""1010011100000000"": 3, ""1010100000000000"": 2, ""1010100100000000"": 1, ""1010101000000000"": 2, ""1010101100000000"": 3, ""1010110000000000"": 2, ""1010110100000000"": 2, ""1010111000000000"": 1, ""1010111100000000"": 3, ""1011000000000000"": 5, ""1011000100000000"": 1, ""1011001000000000"": 3, ""1011001100000000"": 1, ""1011010000000000"": 2, ""1011010100000000"": 1, ""1011011000000000"": 3, ""1011011100000000"": 4, ""1011100000000000"": 1, ""1011100100000000"": 1, ""1011101000000000"": 2, ""1011101100000000"": 1, ""1011110000000000"": 2, ""1011111000000000"": 2, ""1011111100000000"": 3, ""1100000000000000"": 4, ""1100000100000000"": 3, ""1100001100000000"": 4, ""1100010000000000"": 2, ""1100010100000000"": 2, ""1100011100000000"": 2, ""1100100000000000"": 3, ""1100100100000000"": 1, ""1100101000000000"": 6, ""1100101100000000"": 2, ""1100110100000000"": 1, ""1100111000000000"": 1, ""1100111100000000"": 1, ""1101000100000000"": 3, ""1101001000000000"": 1, ""1101001100000000"": 3, ""1101010000000000"": 1, ""1101010100000000"": 2, ""1101011000000000"": 2, ""1101011100000000"": 3, ""1101100000000000"": 4, ""1101100100000000"": 1, ""1101101000000000"": 4, ""1101101100000000"": 5, ""1101110000000000"": 1, ""1101110100000000"": 1, ""1101111000000000"": 2, ""1110000000000000"": 1, ""1110000100000000"": 2, ""1110001000000000"": 1, ""1110010000000000"": 3, ""1110010100000000"": 2, ""1110011000000000"": 4, ""1110100000000000"": 1, ""1110100100000000"": 1, ""1110101000000000"": 3, ""1110101100000000"": 1, ""1110110000000000"": 1, ""1110110100000000"": 3, ""1110111000000000"": 3, ""1110111100000000"": 2, ""1111000000000000"": 1, ""1111000100000000"": 1, ""1111001100000000"": 1, ""1111010000000000"": 2, ""1111010100000000"": 1, ""1111011000000000"": 4, ""1111011100000000"": 1, ""1111100000000000"": 2, ""1111100100000000"": 3, ""1111101000000000"": 3, ""1111110000000000"": 2, ""1111110100000000"": 1, ""1111111000000000"": 5, ""1111111100000000"": 2}, ""total_variation_distance"": 0.2578125, ""squared_hellinger_fidelity"": 0.8204590880647917, ""cdf_max_deviation"": 0.041015625, ""dkw_limit"": 0.14461834543863566, ""false_rejection_bound"": 1e-09, ""reference_support"": 256, ""impossible_outcomes"": {}, ""passed"": true}"
PR 2578,core_qft_16,static: each control-flow region counted once,265,flat circuit,,,6.878056,"[6.989354, 6.837209, 6.878056, 6.811817, 6.915369]",qft,e4f8b2012eb43abf5872d8035888ca466032e5f93e5f55c737727ad6a6108988,113092,numeric,1232,495,240,264,737,0,"{""rxpi"": 7, ""rz"": 737, ""iswap"": 240, ""rxpi2"": 488, ""measure"": 16}",core,2.577877,"[2.577877, 2.661446, 2.545333, 2.60903, 2.572325]",16,67,exported,14.176005,"[14.305926, 14.220742, 14.176005, 14.160821, 14.145365]",rigetti_rx_iswap,58,"{""kind"": ""core_reference_samples"", ""shots"": 512, ""counts"": {""0000000000000000"": 2, ""0000000100000000"": 2, ""0000001000000000"": 2, ""0000001100000000"": 5, ""0000010000000000"": 3, ""0000010100000000"": 1, ""0000011100000000"": 3, ""0000100000000000"": 1, ""0000100100000000"": 3, ""0000101000000000"": 2, ""0000110000000000"": 2, ""0000110100000000"": 3, ""0000111100000000"": 3, ""0001000000000000"": 1, ""0001000100000000"": 1, ""0001001000000000"": 4, ""0001001100000000"": 1, ""0001010000000000"": 1, ""0001010100000000"": 5, ""0001011000000000"": 2, ""0001011100000000"": 1, ""0001100000000000"": 2, ""0001100100000000"": 1, ""0001101000000000"": 2, ""0001101100000000"": 2, ""0001110000000000"": 2, ""0001110100000000"": 1, ""0001111000000000"": 2, ""0001111100000000"": 5, ""0010000000000000"": 3, ""0010000100000000"": 2, ""0010001000000000"": 3, ""0010001100000000"": 5, ""0010010000000000"": 4, ""0010010100000000"": 4, ""0010011000000000"": 2, ""0010011100000000"": 3, ""0010100100000000"": 1, ""0010101000000000"": 3, ""0010101100000000"": 1, ""0010110000000000"": 2, ""0010110100000000"": 3, ""0010111000000000"": 2, ""0010111100000000"": 2, ""0011000000000000"": 2, ""0011000100000000"": 3, ""0011001000000000"": 3, ""0011001100000000"": 2, ""0011010000000000"": 2, ""0011010100000000"": 1, ""0011011000000000"": 1, ""0011011100000000"": 2, ""0011100100000000"": 5, ""0011101000000000"": 3, ""0011101100000000"": 1, ""0011111000000000"": 2, ""0100000000000000"": 1, ""0100000100000000"": 3, ""0100001000000000"": 3, ""0100001100000000"": 1, ""0100010000000000"": 2, ""0100011000000000"": 2, ""0100011100000000"": 2, ""0100100000000000"": 1, ""0100100100000000"": 1, ""0100101000000000"": 2, ""0100101100000000"": 4, ""0100110000000000"": 2, ""0100110100000000"": 4, ""0100111000000000"": 4, ""0100111100000000"": 3, ""0101000000000000"": 2, ""0101000100000000"": 5, ""0101001000000000"": 2, ""0101001100000000"": 1, ""0101010000000000"": 1, ""0101010100000000"": 2, ""0101011000000000"": 1, ""0101011100000000"": 3, ""0101100000000000"": 3, ""0101100100000000"": 1, ""0101101000000000"": 3, ""0101110100000000"": 1, ""0101111000000000"": 2, ""0101111100000000"": 6, ""0110000000000000"": 2, ""0110000100000000"": 1, ""0110001000000000"": 3, ""0110001100000000"": 3, ""0110010000000000"": 3, ""0110010100000000"": 2, ""0110011100000000"": 4, ""0110100000000000"": 2, ""0110100100000000"": 1, ""0110101000000000"": 4, ""0110101100000000"": 1, ""0110110000000000"": 7, ""0110110100000000"": 5, ""0110111000000000"": 3, ""0110111100000000"": 2, ""0111000000000000"": 4, ""0111000100000000"": 2, ""0111001000000000"": 1, ""0111010000000000"": 2, ""0111010100000000"": 1, ""0111011100000000"": 2, ""0111100000000000"": 2, ""0111100100000000"": 2, ""0111101000000000"": 3, ""0111101100000000"": 2, ""0111110000000000"": 3, ""0111110100000000"": 2, ""0111111000000000"": 2, ""0111111100000000"": 1, ""1000000000000000"": 1, ""1000000100000000"": 2, ""1000001000000000"": 2, ""1000001100000000"": 1, ""1000010000000000"": 2, ""1000010100000000"": 3, ""1000011000000000"": 3, ""1000011100000000"": 1, ""1000100000000000"": 2, ""1000100100000000"": 3, ""1000101000000000"": 1, ""1000110000000000"": 4, ""1000110100000000"": 3, ""1000111100000000"": 5, ""1001000000000000"": 2, ""1001001000000000"": 1, ""1001001100000000"": 1, ""1001010000000000"": 4, ""1001010100000000"": 2, ""1001011000000000"": 1, ""1001011100000000"": 4, ""1001100100000000"": 2, ""1001101000000000"": 3, ""1001101100000000"": 2, ""1001110000000000"": 2, ""1001110100000000"": 1, ""1001111100000000"": 2, ""1010000000000000"": 1, ""1010001100000000"": 3, ""1010010000000000"": 1, ""1010010100000000"": 1, ""1010011000000000"": 1, ""1010011100000000"": 3, ""1010100000000000"": 2, ""1010100100000000"": 1, ""1010101000000000"": 2, ""1010101100000000"": 3, ""1010110000000000"": 2, ""1010110100000000"": 2, ""1010111000000000"": 1, ""1010111100000000"": 3, ""1011000000000000"": 5, ""1011000100000000"": 1, ""1011001000000000"": 3, ""1011001100000000"": 1, ""1011010000000000"": 2, ""1011010100000000"": 1, ""1011011000000000"": 3, ""1011011100000000"": 4, ""1011100000000000"": 1, ""1011100100000000"": 1, ""1011101000000000"": 2, ""1011101100000000"": 1, ""1011110000000000"": 2, ""1011111000000000"": 2, ""1011111100000000"": 3, ""1100000000000000"": 4, ""1100000100000000"": 3, ""1100001100000000"": 4, ""1100010000000000"": 2, ""1100010100000000"": 2, ""1100011100000000"": 2, ""1100100000000000"": 3, ""1100100100000000"": 1, ""1100101000000000"": 6, ""1100101100000000"": 2, ""1100110100000000"": 1, ""1100111000000000"": 1, ""1100111100000000"": 1, ""1101000100000000"": 3, ""1101001000000000"": 1, ""1101001100000000"": 3, ""1101010000000000"": 1, ""1101010100000000"": 2, ""1101011000000000"": 2, ""1101011100000000"": 3, ""1101100000000000"": 4, ""1101100100000000"": 1, ""1101101000000000"": 4, ""1101101100000000"": 5, ""1101110000000000"": 1, ""1101110100000000"": 1, ""1101111000000000"": 2, ""1110000000000000"": 1, ""1110000100000000"": 2, ""1110001000000000"": 1, ""1110010000000000"": 3, ""1110010100000000"": 2, ""1110011000000000"": 4, ""1110100000000000"": 1, ""1110100100000000"": 1, ""1110101000000000"": 3, ""1110101100000000"": 1, ""1110110000000000"": 1, ""1110110100000000"": 3, ""1110111000000000"": 3, ""1110111100000000"": 2, ""1111000000000000"": 1, ""1111000100000000"": 1, ""1111001100000000"": 1, ""1111010000000000"": 2, ""1111010100000000"": 1, ""1111011000000000"": 4, ""1111011100000000"": 1, ""1111100000000000"": 2, ""1111100100000000"": 3, ""1111101000000000"": 3, ""1111110000000000"": 2, ""1111110100000000"": 1, ""1111111000000000"": 5, ""1111111100000000"": 2}, ""total_variation_distance"": 0.2578125, ""squared_hellinger_fidelity"": 0.8204590880647917, ""cdf_max_deviation"": 0.041015625, ""dkw_limit"": 0.14461834543863566, ""false_rejection_bound"": 1e-09, ""reference_support"": 256, ""impossible_outcomes"": {}, ""passed"": true}"
PR 2578,core_w_state_16,static: each control-flow region counted once,61,flat circuit,,,0.74239,"[0.794742, 0.758759, 0.74239, 0.730822, 0.730294]",w_state,a087eebbde0db551496c2837e0b83cdf05b542dade9b4aa80365b456c53a2563,21679,numeric,74,74,30,60,0,0,"{""r"": 74, ""cz"": 30, ""measure"": 16}",core,1.285035,"[1.408027, 1.345291, 1.285035, 1.279259, 1.245274]",16,93,exported,4.196051,"[4.248755, 4.217875, 4.191155, 4.196051, 4.194002]",iqm_r_cz,30,"{""kind"": ""core_reference_samples"", ""shots"": 512, ""counts"": {""0000000000000001"": 37, ""0000000000000010"": 29, ""0000000000000100"": 25, ""0000000000001000"": 43, ""0000000000010000"": 32, ""0000000000100000"": 37, ""0000000001000000"": 26, ""0000000010000000"": 29, ""0000000100000000"": 31, ""0000001000000000"": 29, ""0000010000000000"": 33, ""0000100000000000"": 35, ""0001000000000000"": 26, ""0010000000000000"": 35, ""0100000000000000"": 28, ""1000000000000000"": 37}, ""total_variation_distance"": 0.064453125, ""squared_hellinger_fidelity"": 0.9943166623417441, ""cdf_max_deviation"": 0.021484375, ""dkw_limit"": 0.14461834543863566, ""false_rejection_bound"": 1e-09, ""reference_support"": 16, ""impossible_outcomes"": {}, ""passed"": true}"
PR 2578,core_w_state_16,static: each control-flow region counted once,114,flat circuit,,,1.001992,"[1.048056, 1.007705, 1.001992, 1.00132, 0.99228]",w_state,a087eebbde0db551496c2837e0b83cdf05b542dade9b4aa80365b456c53a2563,26862,numeric,202,77,30,113,125,0,"{""rz"": 125, ""sx"": 77, ""cx"": 30, ""measure"": 16}",core,1.285035,"[1.408027, 1.345291, 1.285035, 1.279259, 1.245274]",16,69,exported,3.440348,"[3.497773, 3.468445, 3.440348, 3.43286, 3.436316]",ibm_sxz_cx,30,"{""kind"": ""core_reference_samples"", ""shots"": 512, ""counts"": {""0000000000000001"": 37, ""0000000000000010"": 29, ""0000000000000100"": 25, ""0000000000001000"": 43, ""0000000000010000"": 32, ""0000000000100000"": 37, ""0000000001000000"": 26, ""0000000010000000"": 29, ""0000000100000000"": 31, ""0000001000000000"": 29, ""0000010000000000"": 33, ""0000100000000000"": 35, ""0001000000000000"": 26, ""0010000000000000"": 35, ""0100000000000000"": 28, ""1000000000000000"": 37}, ""total_variation_distance"": 0.064453125, ""squared_hellinger_fidelity"": 0.9943166623417441, ""cdf_max_deviation"": 0.021484375, ""dkw_limit"": 0.14461834543863566, ""false_rejection_bound"": 1e-09, ""reference_support"": 16, ""impossible_outcomes"": {}, ""passed"": true}"
PR 2578,core_w_state_16,static: each control-flow region counted once,170,flat circuit,,,1.204202,"[1.237402, 1.21345, 1.204202, 1.194026, 1.181018]",w_state,a087eebbde0db551496c2837e0b83cdf05b542dade9b4aa80365b456c53a2563,31465,numeric,273,113,30,169,160,0,"{""sx"": 110, ""rz"": 160, ""cz"": 30, ""x"": 3, ""measure"": 16}",core,1.285035,"[1.408027, 1.345291, 1.285035, 1.279259, 1.245274]",16,82,exported,3.686207,"[3.731871, 3.685775, 3.686207, 3.670718, 3.711102]",ibm_sxz_cz,30,"{""kind"": ""core_reference_samples"", ""shots"": 512, ""counts"": {""0000000000000001"": 37, ""0000000000000010"": 29, ""0000000000000100"": 25, ""0000000000001000"": 43, ""0000000000010000"": 32, ""0000000000100000"": 37, ""0000000001000000"": 26, ""0000000010000000"": 29, ""0000000100000000"": 31, ""0000001000000000"": 29, ""0000010000000000"": 33, ""0000100000000000"": 35, ""0001000000000000"": 26, ""0010000000000000"": 35, ""0100000000000000"": 28, ""1000000000000000"": 37}, ""total_variation_distance"": 0.064453125, ""squared_hellinger_fidelity"": 0.9943166623417441, ""cdf_max_deviation"": 0.021484375, ""dkw_limit"": 0.14461834543863566, ""false_rejection_bound"": 1e-09, ""reference_support"": 16, ""impossible_outcomes"": {}, ""passed"": true}"
PR 2578,core_w_state_16,static: each control-flow region counted once,95,flat circuit,,,0.799606,"[0.842183, 0.818438, 0.796887, 0.799606, 0.789318]",w_state,a087eebbde0db551496c2837e0b83cdf05b542dade9b4aa80365b456c53a2563,19511,numeric,138,61,30,94,77,0,"{""rz"": 77, ""rx"": 61, ""rzz"": 30, ""measure"": 16}",core,1.285035,"[1.408027, 1.345291, 1.285035, 1.279259, 1.245274]",16,67,exported,3.366732,"[3.4163, 3.37182, 3.366732, 3.346715, 3.363468]",rxrz_rzz_unbounded,30,"{""kind"": ""core_reference_samples"", ""shots"": 512, ""counts"": {""0000000000000001"": 37, ""0000000000000010"": 29, ""0000000000000100"": 25, ""0000000000001000"": 43, ""0000000000010000"": 32, ""0000000000100000"": 37, ""0000000001000000"": 26, ""0000000010000000"": 29, ""0000000100000000"": 31, ""0000001000000000"": 29, ""0000010000000000"": 33, ""0000100000000000"": 35, ""0001000000000000"": 26, ""0010000000000000"": 35, ""0100000000000000"": 28, ""1000000000000000"": 37}, ""total_variation_distance"": 0.064453125, ""squared_hellinger_fidelity"": 0.9943166623417441, ""cdf_max_deviation"": 0.021484375, ""dkw_limit"": 0.14461834543863566, ""false_rejection_bound"": 1e-09, ""reference_support"": 16, ""impossible_outcomes"": {}, ""passed"": true}"
PR 2578,core_w_state_16,static: each control-flow region counted once,94,flat circuit,,,0.679653,"[0.715526, 0.681894, 0.679653, 0.666374, 0.662213]",w_state,a087eebbde0db551496c2837e0b83cdf05b542dade9b4aa80365b456c53a2563,19019,numeric,136,61,30,93,75,0,"{""rx"": 61, ""rz"": 75, ""rzz"": 30, ""measure"": 16}",core,1.285035,"[1.408027, 1.345291, 1.285035, 1.279259, 1.245274]",16,48,exported,3.673903,"[3.728671, 3.695198, 3.659246, 3.655486, 3.673903]",ibm_fractional_bounded,30,"{""kind"": ""core_reference_samples"", ""shots"": 512, ""counts"": {""0000000000000001"": 37, ""0000000000000010"": 29, ""0000000000000100"": 25, ""0000000000001000"": 43, ""0000000000010000"": 32, ""0000000000100000"": 37, ""0000000001000000"": 26, ""0000000010000000"": 29, ""0000000100000000"": 31, ""0000001000000000"": 29, ""0000010000000000"": 33, ""0000100000000000"": 35, ""0001000000000000"": 26, ""0010000000000000"": 35, ""0100000000000000"": 28, ""1000000000000000"": 37}, ""total_variation_distance"": 0.064453125, ""squared_hellinger_fidelity"": 0.9943166623417441, ""cdf_max_deviation"": 0.021484375, ""dkw_limit"": 0.14461834543863566, ""false_rejection_bound"": 1e-09, ""reference_support"": 16, ""impossible_outcomes"": {}, ""passed"": true}"
PR 2578,core_w_state_16,static: each control-flow region counted once,95,flat circuit,,,1.634222,"[1.66627, 1.623694, 1.882479, 1.634222, 1.605853]",w_state,a087eebbde0db551496c2837e0b83cdf05b542dade9b4aa80365b456c53a2563,22709,numeric,181,61,30,94,120,0,"{""gpi"": 1, ""gpi2"": 60, ""rz"": 120, ""rzz"": 30, ""measure"": 16}",core,1.285035,"[1.408027, 1.345291, 1.285035, 1.279259, 1.245274]",16,68,exported,3.665006,"[3.721551, 3.677134, 3.654239, 3.665006, 3.642846]",ionq_fixed_r_zz,30,"{""kind"": ""core_reference_samples"", ""shots"": 512, ""counts"": {""0000000000000001"": 37, ""0000000000000010"": 29, ""0000000000000100"": 25, ""0000000000001000"": 43, ""0000000000010000"": 32, ""0000000000100000"": 37, ""0000000001000000"": 26, ""0000000010000000"": 29, ""0000000100000000"": 31, ""0000001000000000"": 29, ""0000010000000000"": 33, ""0000100000000000"": 35, ""0001000000000000"": 26, ""0010000000000000"": 35, ""0100000000000000"": 28, ""1000000000000000"": 37}, ""total_variation_distance"": 0.064453125, ""squared_hellinger_fidelity"": 0.9943166623417441, ""cdf_max_deviation"": 0.021484375, ""dkw_limit"": 0.14461834543863566, ""false_rejection_bound"": 1e-09, ""reference_support"": 16, ""impossible_outcomes"": {}, ""passed"": true}"
PR 2578,core_w_state_16,static: each control-flow region counted once,162,flat circuit,,,1.945472,"[1.945472, 3.778063, 2.020177, 1.881967, 1.853872]",w_state,a087eebbde0db551496c2837e0b83cdf05b542dade9b4aa80365b456c53a2563,32122,numeric,266,110,30,161,156,0,"{""rz"": 156, ""rxpi2"": 104, ""cz"": 30, ""rxpi"": 6, ""measure"": 16}",core,1.285035,"[1.408027, 1.345291, 1.285035, 1.279259, 1.245274]",16,75,exported,3.797743,"[3.863328, 3.808527, 3.797743, 3.795983, 3.786351]",rigetti_rx_cz,30,"{""kind"": ""core_reference_samples"", ""shots"": 512, ""counts"": {""0000000000000001"": 37, ""0000000000000010"": 29, ""0000000000000100"": 25, ""0000000000001000"": 43, ""0000000000010000"": 32, ""0000000000100000"": 37, ""0000000001000000"": 26, ""0000000010000000"": 29, ""0000000100000000"": 31, ""0000001000000000"": 29, ""0000010000000000"": 33, ""0000100000000000"": 35, ""0001000000000000"": 26, ""0010000000000000"": 35, ""0100000000000000"": 28, ""1000000000000000"": 37}, ""total_variation_distance"": 0.064453125, ""squared_hellinger_fidelity"": 0.9943166623417441, ""cdf_max_deviation"": 0.021484375, ""dkw_limit"": 0.14461834543863566, ""false_rejection_bound"": 1e-09, ""reference_support"": 16, ""impossible_outcomes"": {}, ""passed"": true}"
PR 2578,core_w_state_16,static: each control-flow region counted once,146,flat circuit,,,1.584557,"[1.630654, 1.746062, 1.584557, 1.564077, 1.563725]",w_state,a087eebbde0db551496c2837e0b83cdf05b542dade9b4aa80365b456c53a2563,27404,numeric,252,99,30,145,153,0,"{""rz"": 153, ""rxpi2"": 97, ""iswap"": 30, ""rxpi"": 2, ""measure"": 16}",core,1.285035,"[1.408027, 1.345291, 1.285035, 1.279259, 1.245274]",16,75,exported,3.775855,"[3.865264, 3.785328, 3.775855, 3.767391, 3.739679]",rigetti_rx_iswap,30,"{""kind"": ""core_reference_samples"", ""shots"": 512, ""counts"": {""0000000000000001"": 37, ""0000000000000010"": 29, ""0000000000000100"": 25, ""0000000000001000"": 43, ""0000000000010000"": 32, ""0000000000100000"": 37, ""0000000001000000"": 26, ""0000000010000000"": 29, ""0000000100000000"": 31, ""0000001000000000"": 29, ""0000010000000000"": 33, ""0000100000000000"": 35, ""0001000000000000"": 26, ""0010000000000000"": 35, ""0100000000000000"": 28, ""1000000000000000"": 37}, ""total_variation_distance"": 0.064453125, ""squared_hellinger_fidelity"": 0.9943166623417441, ""cdf_max_deviation"": 0.021484375, ""dkw_limit"": 0.14461834543863566, ""false_rejection_bound"": 1e-09, ""reference_support"": 16, ""impossible_outcomes"": {}, ""passed"": true}"
PR 2578,core_qpe_16,static: each control-flow region counted once,422,flat circuit,,,2.745175,"[2.797527, 2.75287, 2.725431, 2.745175, 2.727894]",qpe,85386ca7325ee3e8911afbe9b8b3bd27acf3d82921df6977983290039cdbacdd,78737,numeric,233,233,215,421,0,0,"{""r"": 233, ""cz"": 215, ""measure"": 15}",core,2.592213,"[2.654726, 2.658278, 2.560149, 2.592213, 2.571621]",16,58,exported,12.205445,"[12.347142, 12.223877, 12.183076, 12.205445, 12.19722]",iqm_r_cz,210,"{""kind"": ""core_reference_samples"", ""shots"": 512, ""counts"": {""011000000000000"": 512}, ""total_variation_distance"": 0.0, ""squared_hellinger_fidelity"": 1.0, ""cdf_max_deviation"": 0.0, ""dkw_limit"": 0.14461834543863566, ""false_rejection_bound"": 1e-09, ""reference_support"": 1, ""impossible_outcomes"": {}, ""passed"": true}"
PR 2578,core_qpe_16,static: each control-flow region counted once,452,flat circuit,,,3.162922,"[3.230891, 3.187738, 3.162906, 3.161402, 3.162922]",qpe,85386ca7325ee3e8911afbe9b8b3bd27acf3d82921df6977983290039cdbacdd,86255,numeric,399,31,215,451,368,0,"{""rz"": 368, ""sx"": 30, ""x"": 1, ""cx"": 215, ""measure"": 15}",core,2.592213,"[2.654726, 2.658278, 2.560149, 2.592213, 2.571621]",16,52,exported,9.892098,"[10.006754, 9.92333, 9.882242, 9.892098, 9.870609]",ibm_sxz_cx,210,"{""kind"": ""core_reference_samples"", ""shots"": 512, ""counts"": {""011000000000000"": 512}, ""total_variation_distance"": 0.0, ""squared_hellinger_fidelity"": 1.0, ""cdf_max_deviation"": 0.0, ""dkw_limit"": 0.14461834543863566, ""false_rejection_bound"": 1e-09, ""reference_support"": 1, ""impossible_outcomes"": {}, ""passed"": true}"
PR 2578,core_qpe_16,static: each control-flow region counted once,1210,flat circuit,,,5.248715,"[5.282412, 5.216075, 5.259563, 5.239932, 5.248715]",qpe,85386ca7325ee3e8911afbe9b8b3bd27acf3d82921df6977983290039cdbacdd,130892,numeric,1192,442,215,1209,750,0,"{""rz"": 750, ""sx"": 428, ""cz"": 215, ""x"": 14, ""measure"": 15}",core,2.592213,"[2.654726, 2.658278, 2.560149, 2.592213, 2.571621]",16,65,exported,13.33979,"[13.402911, 13.379102, 13.331678, 13.326206, 13.33979]",ibm_sxz_cz,210,"{""kind"": ""core_reference_samples"", ""shots"": 512, ""counts"": {""011000000000000"": 512}, ""total_variation_distance"": 0.0, ""squared_hellinger_fidelity"": 1.0, ""cdf_max_deviation"": 0.0, ""dkw_limit"": 0.14461834543863566, ""false_rejection_bound"": 1e-09, ""reference_support"": 1, ""impossible_outcomes"": {}, ""passed"": true}"
PR 2578,core_qpe_16,static: each control-flow region counted once,242,flat circuit,,,1.590861,"[1.609469, 1.592941, 1.590861, 1.556125, 1.543021]",qpe,85386ca7325ee3e8911afbe9b8b3bd27acf3d82921df6977983290039cdbacdd,39035,numeric,291,31,108,241,260,0,"{""rz"": 260, ""rx"": 31, ""rzz"": 108, ""measure"": 15}",core,2.592213,"[2.654726, 2.658278, 2.560149, 2.592213, 2.571621]",16,66,exported,8.527175,"[8.673512, 8.527175, 8.527879, 8.493927, 8.49839]",rxrz_rzz_unbounded,105,"{""kind"": ""core_reference_samples"", ""shots"": 512, ""counts"": {""011000000000000"": 512}, ""total_variation_distance"": 0.0, ""squared_hellinger_fidelity"": 1.0, ""cdf_max_deviation"": 0.0, ""dkw_limit"": 0.14461834543863566, ""false_rejection_bound"": 1e-09, ""reference_support"": 1, ""impossible_outcomes"": {}, ""passed"": true}"
PR 2578,core_qpe_16,static: each control-flow region counted once,242,flat circuit,,,1.394507,"[1.427564, 1.394507, 1.38918, 1.397163, 1.359676]",qpe,85386ca7325ee3e8911afbe9b8b3bd27acf3d82921df6977983290039cdbacdd,39445,numeric,294,33,108,241,261,0,"{""rz"": 261, ""rx"": 32, ""x"": 1, ""rzz"": 108, ""measure"": 15}",core,2.592213,"[2.654726, 2.658278, 2.560149, 2.592213, 2.571621]",16,54,exported,8.496598,"[8.559943, 8.496598, 8.500023, 8.478918, 8.482614]",ibm_fractional_bounded,105,"{""kind"": ""core_reference_samples"", ""shots"": 512, ""counts"": {""011000000000000"": 512}, ""total_variation_distance"": 0.0, ""squared_hellinger_fidelity"": 1.0, ""cdf_max_deviation"": 0.0, ""dkw_limit"": 0.14461834543863566, ""false_rejection_bound"": 1e-09, ""reference_support"": 1, ""impossible_outcomes"": {}, ""passed"": true}"
PR 2578,core_qpe_16,static: each control-flow region counted once,242,flat circuit,,,2.005441,"[2.052256, 2.013969, 2.005441, 2.000336, 1.993825]",qpe,85386ca7325ee3e8911afbe9b8b3bd27acf3d82921df6977983290039cdbacdd,39530,numeric,289,31,108,241,258,0,"{""rz"": 258, ""gpi2"": 28, ""gpi"": 3, ""rzz"": 108, ""measure"": 15}",core,2.592213,"[2.654726, 2.658278, 2.560149, 2.592213, 2.571621]",16,68,exported,8.570167,"[8.608727, 8.617191, 8.570167, 8.561223, 8.54439]",ionq_fixed_r_zz,105,"{""kind"": ""core_reference_samples"", ""shots"": 512, ""counts"": {""011000000000000"": 512}, ""total_variation_distance"": 0.0, ""squared_hellinger_fidelity"": 1.0, ""cdf_max_deviation"": 0.0, ""dkw_limit"": 0.14461834543863566, ""false_rejection_bound"": 1e-09, ""reference_support"": 1, ""impossible_outcomes"": {}, ""passed"": true}"
PR 2578,core_qpe_16,static: each control-flow region counted once,1210,flat circuit,,,7.850705,"[7.919106, 7.818352, 7.973442, 7.850705, 7.75952]",qpe,85386ca7325ee3e8911afbe9b8b3bd27acf3d82921df6977983290039cdbacdd,136313,numeric,1192,442,215,1209,750,0,"{""rz"": 750, ""rxpi2"": 428, ""cz"": 215, ""rxpi"": 14, ""measure"": 15}",core,2.592213,"[2.654726, 2.658278, 2.560149, 2.592213, 2.571621]",16,81,exported,13.949123,"[14.002404, 13.949123, 13.941075, 13.961651, 13.904643]",rigetti_rx_cz,210,"{""kind"": ""core_reference_samples"", ""shots"": 512, ""counts"": {""011000000000000"": 512}, ""total_variation_distance"": 0.0, ""squared_hellinger_fidelity"": 1.0, ""cdf_max_deviation"": 0.0, ""dkw_limit"": 0.14461834543863566, ""false_rejection_bound"": 1e-09, ""reference_support"": 1, ""impossible_outcomes"": {}, ""passed"": true}"
PR 2578,core_qpe_16,static: each control-flow region counted once,754,flat circuit,,,6.216404,"[6.369284, 6.205891, 6.177891, 6.216404, 6.232259]",qpe,85386ca7325ee3e8911afbe9b8b3bd27acf3d82921df6977983290039cdbacdd,102736,numeric,1104,446,216,753,658,0,"{""rz"": 658, ""rxpi2"": 429, ""rxpi"": 17, ""iswap"": 216, ""measure"": 15}",core,2.592213,"[2.654726, 2.658278, 2.560149, 2.592213, 2.571621]",16,79,exported,13.283357,"[13.332175, 13.283357, 13.265982, 13.305726, 13.215149]",rigetti_rx_iswap,210,"{""kind"": ""core_reference_samples"", ""shots"": 512, ""counts"": {""011000000000000"": 512}, ""total_variation_distance"": 0.0, ""squared_hellinger_fidelity"": 1.0, ""cdf_max_deviation"": 0.0, ""dkw_limit"": 0.14461834543863566, ""false_rejection_bound"": 1e-09, ""reference_support"": 1, ""impossible_outcomes"": {}, ""passed"": true}"
PR 2578,core_grover_7,static: each control-flow region counted once,662,flat circuit,,,6.155858,"[6.238019, 6.190052, 6.155858, 6.125027, 6.099842]",grover,dcd8a3d425373ffd674f87a7dadf01a99d2f494fde8dbb152ea75dc8781e9350,174405,numeric,527,527,480,661,0,0,"{""r"": 527, ""cz"": 480, ""measure"": 7}",core,1.280122,"[1.3919, 1.344523, 1.280122, 1.274635, 1.256906]",7,184,exported,25.371298,"[25.423378, 25.371298, 25.390097, 25.308593, 25.255713]",iqm_r_cz,352,"{""kind"": ""core_reference_samples"", ""shots"": 512, ""counts"": {""0000000"": 5, ""0000001"": 1, ""0000010"": 4, ""0000011"": 6, ""0000100"": 2, ""0000101"": 2, ""0000110"": 3, ""0000111"": 2, ""0001000"": 2, ""0001001"": 5, ""0001010"": 2, ""0001011"": 4, ""0001100"": 1, ""0001101"": 8, ""0001110"": 6, ""0001111"": 4, ""0010000"": 3, ""0010001"": 4, ""0010010"": 4, ""0010011"": 1, ""0010100"": 1, ""0010101"": 6, ""0010110"": 4, ""0010111"": 2, ""0011000"": 2, ""0011001"": 3, ""0011010"": 7, ""0011011"": 4, ""0011100"": 1, ""0011110"": 1, ""0011111"": 1, ""0100000"": 2, ""0100001"": 1, ""0100010"": 3, ""0100011"": 4, ""0100100"": 1, ""0100101"": 4, ""0100110"": 2, ""0100111"": 2, ""0101000"": 2, ""0101001"": 2, ""0101010"": 4, ""0101011"": 4, ""0101100"": 3, ""0101101"": 3, ""0101110"": 6, ""0101111"": 3, ""0110000"": 4, ""0110001"": 3, ""0110010"": 5, ""0110011"": 4, ""0110100"": 2, ""0110101"": 7, ""0110110"": 5, ""0110111"": 4, ""0111000"": 3, ""0111001"": 2, ""0111010"": 2, ""0111011"": 5, ""0111100"": 5, ""0111101"": 5, ""0111110"": 3, ""0111111"": 7, ""1000000"": 3, ""1000001"": 5, ""1000010"": 1, ""1000011"": 1, ""1000100"": 4, ""1000101"": 3, ""1000110"": 4, ""1000111"": 2, ""1001000"": 2, ""1001010"": 1, ""1001011"": 1, ""1001100"": 3, ""1001101"": 3, ""1001110"": 4, ""1001111"": 2, ""1010000"": 1, ""1010001"": 5, ""1010010"": 3, ""1010011"": 5, ""1010100"": 6, ""1010101"": 99, ""1010110"": 6, ""1010111"": 4, ""1011000"": 3, ""1011001"": 3, ""1011010"": 5, ""1011011"": 1, ""1011100"": 4, ""1011101"": 2, ""1011110"": 4, ""1011111"": 1, ""1100000"": 4, ""1100001"": 6, ""1100010"": 1, ""1100011"": 3, ""1100100"": 4, ""1100110"": 3, ""1100111"": 1, ""1101000"": 2, ""1101001"": 7, ""1101010"": 5, ""1101011"": 5, ""1101100"": 6, ""1101101"": 6, ""1101110"": 1, ""1101111"": 2, ""1110000"": 1, ""1110001"": 4, ""1110010"": 2, ""1110011"": 3, ""1110100"": 5, ""1110101"": 6, ""1110110"": 4, ""1110111"": 3, ""1111000"": 2, ""1111001"": 5, ""1111010"": 1, ""1111011"": 3, ""1111100"": 5, ""1111101"": 3, ""1111110"": 3, ""1111111"": 2}, ""total_variation_distance"": 0.1875806450843811, ""squared_hellinger_fidelity"": 0.9245693699874495, ""cdf_max_deviation"": 0.027879074215888977, ""dkw_limit"": 0.14461834543863566, ""false_rejection_bound"": 1e-09, ""reference_support"": 128, ""impossible_outcomes"": {}, ""passed"": true}"
PR 2578,core_grover_7,static: each control-flow region counted once,760,flat circuit,,,6.647143,"[6.699719, 6.630727, 6.647143, 6.598614, 6.655063]",grover,dcd8a3d425373ffd674f87a7dadf01a99d2f494fde8dbb152ea75dc8781e9350,175661,numeric,808,118,480,759,690,0,"{""rz"": 690, ""sx"": 107, ""cx"": 480, ""x"": 11, ""measure"": 7}",core,1.280122,"[1.3919, 1.344523, 1.280122, 1.274635, 1.256906]",7,28,exported,19.624386,"[19.743059, 19.62293, 19.644035, 19.624386, 19.584913]",ibm_sxz_cx,352,"{""kind"": ""core_reference_samples"", ""shots"": 512, ""counts"": {""0000000"": 5, ""0000001"": 1, ""0000010"": 4, ""0000011"": 6, ""0000100"": 2, ""0000101"": 2, ""0000110"": 3, ""0000111"": 2, ""0001000"": 2, ""0001001"": 5, ""0001010"": 2, ""0001011"": 4, ""0001100"": 1, ""0001101"": 8, ""0001110"": 6, ""0001111"": 4, ""0010000"": 3, ""0010001"": 4, ""0010010"": 4, ""0010011"": 1, ""0010100"": 1, ""0010101"": 6, ""0010110"": 4, ""0010111"": 2, ""0011000"": 2, ""0011001"": 3, ""0011010"": 7, ""0011011"": 4, ""0011100"": 1, ""0011110"": 1, ""0011111"": 1, ""0100000"": 2, ""0100001"": 1, ""0100010"": 3, ""0100011"": 4, ""0100100"": 1, ""0100101"": 4, ""0100110"": 2, ""0100111"": 2, ""0101000"": 2, ""0101001"": 2, ""0101010"": 4, ""0101011"": 4, ""0101100"": 3, ""0101101"": 3, ""0101110"": 6, ""0101111"": 3, ""0110000"": 4, ""0110001"": 3, ""0110010"": 5, ""0110011"": 4, ""0110100"": 2, ""0110101"": 7, ""0110110"": 5, ""0110111"": 4, ""0111000"": 3, ""0111001"": 2, ""0111010"": 2, ""0111011"": 5, ""0111100"": 5, ""0111101"": 5, ""0111110"": 3, ""0111111"": 7, ""1000000"": 3, ""1000001"": 5, ""1000010"": 1, ""1000011"": 1, ""1000100"": 4, ""1000101"": 3, ""1000110"": 4, ""1000111"": 2, ""1001000"": 2, ""1001010"": 1, ""1001011"": 1, ""1001100"": 3, ""1001101"": 3, ""1001110"": 4, ""1001111"": 2, ""1010000"": 1, ""1010001"": 5, ""1010010"": 3, ""1010011"": 5, ""1010100"": 6, ""1010101"": 99, ""1010110"": 6, ""1010111"": 4, ""1011000"": 3, ""1011001"": 3, ""1011010"": 5, ""1011011"": 1, ""1011100"": 4, ""1011101"": 2, ""1011110"": 4, ""1011111"": 1, ""1100000"": 4, ""1100001"": 6, ""1100010"": 1, ""1100011"": 3, ""1100100"": 4, ""1100110"": 3, ""1100111"": 1, ""1101000"": 2, ""1101001"": 7, ""1101010"": 5, ""1101011"": 5, ""1101100"": 6, ""1101101"": 6, ""1101110"": 1, ""1101111"": 2, ""1110000"": 1, ""1110001"": 4, ""1110010"": 2, ""1110011"": 3, ""1110100"": 5, ""1110101"": 6, ""1110110"": 4, ""1110111"": 3, ""1111000"": 2, ""1111001"": 5, ""1111010"": 1, ""1111011"": 3, ""1111100"": 5, ""1111101"": 3, ""1111110"": 3, ""1111111"": 2}, ""total_variation_distance"": 0.1875806450843811, ""squared_hellinger_fidelity"": 0.9245693699874495, ""cdf_max_deviation"": 0.027879074215888977, ""dkw_limit"": 0.14461834543863566, ""false_rejection_bound"": 1e-09, ""reference_support"": 128, ""impossible_outcomes"": {}, ""passed"": true}"
PR 2578,core_grover_7,static: each control-flow region counted once,1874,flat circuit,,,11.439919,"[11.448782, 11.40515, 11.439919, 11.513775, 11.333405]",grover,dcd8a3d425373ffd674f87a7dadf01a99d2f494fde8dbb152ea75dc8781e9350,276480,numeric,2570,996,480,1873,1574,0,"{""rz"": 1574, ""sx"": 987, ""cz"": 480, ""x"": 9, ""measure"": 7}",core,1.280122,"[1.3919, 1.344523, 1.280122, 1.274635, 1.256906]",7,37,exported,29.586292,"[29.604469, 29.52834, 29.61466, 29.586292, 29.546259]",ibm_sxz_cz,352,"{""kind"": ""core_reference_samples"", ""shots"": 512, ""counts"": {""0000000"": 5, ""0000001"": 1, ""0000010"": 4, ""0000011"": 6, ""0000100"": 2, ""0000101"": 2, ""0000110"": 3, ""0000111"": 2, ""0001000"": 2, ""0001001"": 5, ""0001010"": 2, ""0001011"": 4, ""0001100"": 1, ""0001101"": 8, ""0001110"": 6, ""0001111"": 4, ""0010000"": 3, ""0010001"": 4, ""0010010"": 4, ""0010011"": 1, ""0010100"": 1, ""0010101"": 6, ""0010110"": 4, ""0010111"": 2, ""0011000"": 2, ""0011001"": 3, ""0011010"": 7, ""0011011"": 4, ""0011100"": 1, ""0011110"": 1, ""0011111"": 1, ""0100000"": 2, ""0100001"": 1, ""0100010"": 3, ""0100011"": 4, ""0100100"": 1, ""0100101"": 4, ""0100110"": 2, ""0100111"": 2, ""0101000"": 2, ""0101001"": 2, ""0101010"": 4, ""0101011"": 4, ""0101100"": 3, ""0101101"": 3, ""0101110"": 6, ""0101111"": 3, ""0110000"": 4, ""0110001"": 3, ""0110010"": 5, ""0110011"": 4, ""0110100"": 2, ""0110101"": 7, ""0110110"": 5, ""0110111"": 4, ""0111000"": 3, ""0111001"": 2, ""0111010"": 2, ""0111011"": 5, ""0111100"": 5, ""0111101"": 5, ""0111110"": 3, ""0111111"": 7, ""1000000"": 3, ""1000001"": 5, ""1000010"": 1, ""1000011"": 1, ""1000100"": 4, ""1000101"": 3, ""1000110"": 4, ""1000111"": 2, ""1001000"": 2, ""1001010"": 1, ""1001011"": 1, ""1001100"": 3, ""1001101"": 3, ""1001110"": 4, ""1001111"": 2, ""1010000"": 1, ""1010001"": 5, ""1010010"": 3, ""1010011"": 5, ""1010100"": 6, ""1010101"": 99, ""1010110"": 6, ""1010111"": 4, ""1011000"": 3, ""1011001"": 3, ""1011010"": 5, ""1011011"": 1, ""1011100"": 4, ""1011101"": 2, ""1011110"": 4, ""1011111"": 1, ""1100000"": 4, ""1100001"": 6, ""1100010"": 1, ""1100011"": 3, ""1100100"": 4, ""1100110"": 3, ""1100111"": 1, ""1101000"": 2, ""1101001"": 7, ""1101010"": 5, ""1101011"": 5, ""1101100"": 6, ""1101101"": 6, ""1101110"": 1, ""1101111"": 2, ""1110000"": 1, ""1110001"": 4, ""1110010"": 2, ""1110011"": 3, ""1110100"": 5, ""1110101"": 6, ""1110110"": 4, ""1110111"": 3, ""1111000"": 2, ""1111001"": 5, ""1111010"": 1, ""1111011"": 3, ""1111100"": 5, ""1111101"": 3, ""1111110"": 3, ""1111111"": 2}, ""total_variation_distance"": 0.1875806450843811, ""squared_hellinger_fidelity"": 0.9245693699874495, ""cdf_max_deviation"": 0.027879074215888977, ""dkw_limit"": 0.14461834543863566, ""false_rejection_bound"": 1e-09, ""reference_support"": 128, ""impossible_outcomes"": {}, ""passed"": true}"
PR 2578,core_grover_7,static: each control-flow region counted once,637,flat circuit,,,5.822336,"[5.852449, 5.822336, 5.836672, 5.796496, 5.813056]",grover,dcd8a3d425373ffd674f87a7dadf01a99d2f494fde8dbb152ea75dc8781e9350,146182,numeric,1273,400,244,636,873,0,"{""rz"": 873, ""rx"": 400, ""rzz"": 244, ""measure"": 7}",core,1.280122,"[1.3919, 1.344523, 1.280122, 1.274635, 1.256906]",7,594,exported,22.49049,"[22.62289, 22.535354, 22.469258, 22.46417, 22.49049]",rxrz_rzz_unbounded,180,"{""kind"": ""core_reference_samples"", ""shots"": 512, ""counts"": {""0000000"": 5, ""0000001"": 1, ""0000010"": 4, ""0000011"": 6, ""0000100"": 2, ""0000101"": 2, ""0000110"": 3, ""0000111"": 2, ""0001000"": 2, ""0001001"": 5, ""0001010"": 2, ""0001011"": 4, ""0001100"": 1, ""0001101"": 8, ""0001110"": 6, ""0001111"": 4, ""0010000"": 3, ""0010001"": 4, ""0010010"": 4, ""0010011"": 1, ""0010100"": 1, ""0010101"": 6, ""0010110"": 4, ""0010111"": 2, ""0011000"": 2, ""0011001"": 3, ""0011010"": 7, ""0011011"": 4, ""0011100"": 1, ""0011110"": 1, ""0011111"": 1, ""0100000"": 2, ""0100001"": 1, ""0100010"": 3, ""0100011"": 4, ""0100100"": 1, ""0100101"": 4, ""0100110"": 2, ""0100111"": 2, ""0101000"": 2, ""0101001"": 2, ""0101010"": 4, ""0101011"": 4, ""0101100"": 3, ""0101101"": 3, ""0101110"": 6, ""0101111"": 3, ""0110000"": 4, ""0110001"": 3, ""0110010"": 5, ""0110011"": 4, ""0110100"": 2, ""0110101"": 7, ""0110110"": 5, ""0110111"": 4, ""0111000"": 3, ""0111001"": 2, ""0111010"": 2, ""0111011"": 5, ""0111100"": 5, ""0111101"": 5, ""0111110"": 3, ""0111111"": 7, ""1000000"": 3, ""1000001"": 5, ""1000010"": 1, ""1000011"": 1, ""1000100"": 4, ""1000101"": 3, ""1000110"": 4, ""1000111"": 2, ""1001000"": 2, ""1001010"": 1, ""1001011"": 1, ""1001100"": 3, ""1001101"": 3, ""1001110"": 4, ""1001111"": 2, ""1010000"": 1, ""1010001"": 5, ""1010010"": 3, ""1010011"": 5, ""1010100"": 6, ""1010101"": 99, ""1010110"": 6, ""1010111"": 4, ""1011000"": 3, ""1011001"": 3, ""1011010"": 5, ""1011011"": 1, ""1011100"": 4, ""1011101"": 2, ""1011110"": 4, ""1011111"": 1, ""1100000"": 4, ""1100001"": 6, ""1100010"": 1, ""1100011"": 3, ""1100100"": 4, ""1100110"": 3, ""1100111"": 1, ""1101000"": 2, ""1101001"": 7, ""1101010"": 5, ""1101011"": 5, ""1101100"": 6, ""1101101"": 6, ""1101110"": 1, ""1101111"": 2, ""1110000"": 1, ""1110001"": 4, ""1110010"": 2, ""1110011"": 3, ""1110100"": 5, ""1110101"": 6, ""1110110"": 4, ""1110111"": 3, ""1111000"": 2, ""1111001"": 5, ""1111010"": 1, ""1111011"": 3, ""1111100"": 5, ""1111101"": 3, ""1111110"": 3, ""1111111"": 2}, ""total_variation_distance"": 0.1875806450843811, ""squared_hellinger_fidelity"": 0.9245693699874495, ""cdf_max_deviation"": 0.027879074215888977, ""dkw_limit"": 0.14461834543863566, ""false_rejection_bound"": 1e-09, ""reference_support"": 128, ""impossible_outcomes"": {}, ""passed"": true}"
PR 2578,core_grover_7,static: each control-flow region counted once,655,flat circuit,,,4.952793,"[5.050314, 4.966137, 4.937673, 4.935896, 4.952793]",grover,dcd8a3d425373ffd674f87a7dadf01a99d2f494fde8dbb152ea75dc8781e9350,142708,numeric,1234,380,244,654,854,0,"{""rz"": 854, ""rx"": 380, ""rzz"": 244, ""measure"": 7}",core,1.280122,"[1.3919, 1.344523, 1.280122, 1.274635, 1.256906]",7,566,exported,22.375529,"[22.472793, 22.445577, 22.375529, 22.37148, 22.348217]",ibm_fractional_bounded,180,"{""kind"": ""core_reference_samples"", ""shots"": 512, ""counts"": {""0000000"": 5, ""0000001"": 1, ""0000010"": 4, ""0000011"": 6, ""0000100"": 2, ""0000101"": 2, ""0000110"": 3, ""0000111"": 2, ""0001000"": 2, ""0001001"": 5, ""0001010"": 2, ""0001011"": 4, ""0001100"": 1, ""0001101"": 8, ""0001110"": 6, ""0001111"": 4, ""0010000"": 3, ""0010001"": 4, ""0010010"": 4, ""0010011"": 1, ""0010100"": 1, ""0010101"": 6, ""0010110"": 4, ""0010111"": 2, ""0011000"": 2, ""0011001"": 3, ""0011010"": 7, ""0011011"": 4, ""0011100"": 1, ""0011110"": 1, ""0011111"": 1, ""0100000"": 2, ""0100001"": 1, ""0100010"": 3, ""0100011"": 4, ""0100100"": 1, ""0100101"": 4, ""0100110"": 2, ""0100111"": 2, ""0101000"": 2, ""0101001"": 2, ""0101010"": 4, ""0101011"": 4, ""0101100"": 3, ""0101101"": 3, ""0101110"": 6, ""0101111"": 3, ""0110000"": 4, ""0110001"": 3, ""0110010"": 5, ""0110011"": 4, ""0110100"": 2, ""0110101"": 7, ""0110110"": 5, ""0110111"": 4, ""0111000"": 3, ""0111001"": 2, ""0111010"": 2, ""0111011"": 5, ""0111100"": 5, ""0111101"": 5, ""0111110"": 3, ""0111111"": 7, ""1000000"": 3, ""1000001"": 5, ""1000010"": 1, ""1000011"": 1, ""1000100"": 4, ""1000101"": 3, ""1000110"": 4, ""1000111"": 2, ""1001000"": 2, ""1001010"": 1, ""1001011"": 1, ""1001100"": 3, ""1001101"": 3, ""1001110"": 4, ""1001111"": 2, ""1010000"": 1, ""1010001"": 5, ""1010010"": 3, ""1010011"": 5, ""1010100"": 6, ""1010101"": 99, ""1010110"": 6, ""1010111"": 4, ""1011000"": 3, ""1011001"": 3, ""1011010"": 5, ""1011011"": 1, ""1011100"": 4, ""1011101"": 2, ""1011110"": 4, ""1011111"": 1, ""1100000"": 4, ""1100001"": 6, ""1100010"": 1, ""1100011"": 3, ""1100100"": 4, ""1100110"": 3, ""1100111"": 1, ""1101000"": 2, ""1101001"": 7, ""1101010"": 5, ""1101011"": 5, ""1101100"": 6, ""1101101"": 6, ""1101110"": 1, ""1101111"": 2, ""1110000"": 1, ""1110001"": 4, ""1110010"": 2, ""1110011"": 3, ""1110100"": 5, ""1110101"": 6, ""1110110"": 4, ""1110111"": 3, ""1111000"": 2, ""1111001"": 5, ""1111010"": 1, ""1111011"": 3, ""1111100"": 5, ""1111101"": 3, ""1111110"": 3, ""1111111"": 2}, ""total_variation_distance"": 0.1875806450843811, ""squared_hellinger_fidelity"": 0.9245693699874495, ""cdf_max_deviation"": 0.027879074215888977, ""dkw_limit"": 0.14461834543863566, ""false_rejection_bound"": 1e-09, ""reference_support"": 128, ""impossible_outcomes"": {}, ""passed"": true}"
PR 2578,core_grover_7,static: each control-flow region counted once,849,flat circuit,,,15.66181,"[15.66181, 15.439087, 33.836135, 16.169557, 15.649729]",grover,dcd8a3d425373ffd674f87a7dadf01a99d2f494fde8dbb152ea75dc8781e9350,187059,numeric,1844,699,244,848,1145,0,"{""rz"": 1145, ""gpi2"": 661, ""rzz"": 244, ""gpi"": 38, ""measure"": 7}",core,1.280122,"[1.3919, 1.344523, 1.280122, 1.274635, 1.256906]",7,573,exported,32.444732,"[32.656269, 32.461724, 32.444732, 32.396523, 32.426091]",ionq_fixed_r_zz,180,"{""kind"": ""core_reference_samples"", ""shots"": 512, ""counts"": {""0000000"": 5, ""0000001"": 1, ""0000010"": 4, ""0000011"": 6, ""0000100"": 2, ""0000101"": 2, ""0000110"": 3, ""0000111"": 2, ""0001000"": 2, ""0001001"": 5, ""0001010"": 2, ""0001011"": 4, ""0001100"": 1, ""0001101"": 8, ""0001110"": 6, ""0001111"": 4, ""0010000"": 3, ""0010001"": 4, ""0010010"": 4, ""0010011"": 1, ""0010100"": 1, ""0010101"": 6, ""0010110"": 4, ""0010111"": 2, ""0011000"": 2, ""0011001"": 3, ""0011010"": 7, ""0011011"": 4, ""0011100"": 1, ""0011110"": 1, ""0011111"": 1, ""0100000"": 2, ""0100001"": 1, ""0100010"": 3, ""0100011"": 4, ""0100100"": 1, ""0100101"": 4, ""0100110"": 2, ""0100111"": 2, ""0101000"": 2, ""0101001"": 2, ""0101010"": 4, ""0101011"": 4, ""0101100"": 3, ""0101101"": 3, ""0101110"": 6, ""0101111"": 3, ""0110000"": 4, ""0110001"": 3, ""0110010"": 5, ""0110011"": 4, ""0110100"": 2, ""0110101"": 7, ""0110110"": 5, ""0110111"": 4, ""0111000"": 3, ""0111001"": 2, ""0111010"": 2, ""0111011"": 5, ""0111100"": 5, ""0111101"": 5, ""0111110"": 3, ""0111111"": 7, ""1000000"": 3, ""1000001"": 5, ""1000010"": 1, ""1000011"": 1, ""1000100"": 4, ""1000101"": 3, ""1000110"": 4, ""1000111"": 2, ""1001000"": 2, ""1001010"": 1, ""1001011"": 1, ""1001100"": 3, ""1001101"": 3, ""1001110"": 4, ""1001111"": 2, ""1010000"": 1, ""1010001"": 5, ""1010010"": 3, ""1010011"": 5, ""1010100"": 6, ""1010101"": 99, ""1010110"": 6, ""1010111"": 4, ""1011000"": 3, ""1011001"": 3, ""1011010"": 5, ""1011011"": 1, ""1011100"": 4, ""1011101"": 2, ""1011110"": 4, ""1011111"": 1, ""1100000"": 4, ""1100001"": 6, ""1100010"": 1, ""1100011"": 3, ""1100100"": 4, ""1100110"": 3, ""1100111"": 1, ""1101000"": 2, ""1101001"": 7, ""1101010"": 5, ""1101011"": 5, ""1101100"": 6, ""1101101"": 6, ""1101110"": 1, ""1101111"": 2, ""1110000"": 1, ""1110001"": 4, ""1110010"": 2, ""1110011"": 3, ""1110100"": 5, ""1110101"": 6, ""1110110"": 4, ""1110111"": 3, ""1111000"": 2, ""1111001"": 5, ""1111010"": 1, ""1111011"": 3, ""1111100"": 5, ""1111101"": 3, ""1111110"": 3, ""1111111"": 2}, ""total_variation_distance"": 0.1875806450843811, ""squared_hellinger_fidelity"": 0.9245693699874495, ""cdf_max_deviation"": 0.027879074215888977, ""dkw_limit"": 0.14461834543863566, ""false_rejection_bound"": 1e-09, ""reference_support"": 128, ""impossible_outcomes"": {}, ""passed"": true}"
PR 2578,core_grover_7,static: each control-flow region counted once,1874,flat circuit,,,17.247454,"[18.525017, 17.411423, 17.059949, 17.247454, 17.098461]",grover,dcd8a3d425373ffd674f87a7dadf01a99d2f494fde8dbb152ea75dc8781e9350,286543,numeric,2570,996,480,1873,1574,0,"{""rz"": 1574, ""rxpi2"": 987, ""cz"": 480, ""rxpi"": 9, ""measure"": 7}",core,1.280122,"[1.3919, 1.344523, 1.280122, 1.274635, 1.256906]",7,49,exported,31.519972,"[31.58378, 31.536356, 31.519972, 31.490724, 31.478948]",rigetti_rx_cz,352,"{""kind"": ""core_reference_samples"", ""shots"": 512, ""counts"": {""0000000"": 5, ""0000001"": 1, ""0000010"": 4, ""0000011"": 6, ""0000100"": 2, ""0000101"": 2, ""0000110"": 3, ""0000111"": 2, ""0001000"": 2, ""0001001"": 5, ""0001010"": 2, ""0001011"": 4, ""0001100"": 1, ""0001101"": 8, ""0001110"": 6, ""0001111"": 4, ""0010000"": 3, ""0010001"": 4, ""0010010"": 4, ""0010011"": 1, ""0010100"": 1, ""0010101"": 6, ""0010110"": 4, ""0010111"": 2, ""0011000"": 2, ""0011001"": 3, ""0011010"": 7, ""0011011"": 4, ""0011100"": 1, ""0011110"": 1, ""0011111"": 1, ""0100000"": 2, ""0100001"": 1, ""0100010"": 3, ""0100011"": 4, ""0100100"": 1, ""0100101"": 4, ""0100110"": 2, ""0100111"": 2, ""0101000"": 2, ""0101001"": 2, ""0101010"": 4, ""0101011"": 4, ""0101100"": 3, ""0101101"": 3, ""0101110"": 6, ""0101111"": 3, ""0110000"": 4, ""0110001"": 3, ""0110010"": 5, ""0110011"": 4, ""0110100"": 2, ""0110101"": 7, ""0110110"": 5, ""0110111"": 4, ""0111000"": 3, ""0111001"": 2, ""0111010"": 2, ""0111011"": 5, ""0111100"": 5, ""0111101"": 5, ""0111110"": 3, ""0111111"": 7, ""1000000"": 3, ""1000001"": 5, ""1000010"": 1, ""1000011"": 1, ""1000100"": 4, ""1000101"": 3, ""1000110"": 4, ""1000111"": 2, ""1001000"": 2, ""1001010"": 1, ""1001011"": 1, ""1001100"": 3, ""1001101"": 3, ""1001110"": 4, ""1001111"": 2, ""1010000"": 1, ""1010001"": 5, ""1010010"": 3, ""1010011"": 5, ""1010100"": 6, ""1010101"": 99, ""1010110"": 6, ""1010111"": 4, ""1011000"": 3, ""1011001"": 3, ""1011010"": 5, ""1011011"": 1, ""1011100"": 4, ""1011101"": 2, ""1011110"": 4, ""1011111"": 1, ""1100000"": 4, ""1100001"": 6, ""1100010"": 1, ""1100011"": 3, ""1100100"": 4, ""1100110"": 3, ""1100111"": 1, ""1101000"": 2, ""1101001"": 7, ""1101010"": 5, ""1101011"": 5, ""1101100"": 6, ""1101101"": 6, ""1101110"": 1, ""1101111"": 2, ""1110000"": 1, ""1110001"": 4, ""1110010"": 2, ""1110011"": 3, ""1110100"": 5, ""1110101"": 6, ""1110110"": 4, ""1110111"": 3, ""1111000"": 2, ""1111001"": 5, ""1111010"": 1, ""1111011"": 3, ""1111100"": 5, ""1111101"": 3, ""1111110"": 3, ""1111111"": 2}, ""total_variation_distance"": 0.1875806450843811, ""squared_hellinger_fidelity"": 0.9245693699874495, ""cdf_max_deviation"": 0.027879074215888977, ""dkw_limit"": 0.14461834543863566, ""false_rejection_bound"": 1e-09, ""reference_support"": 128, ""impossible_outcomes"": {}, ""passed"": true}"
PR 2578,core_grover_7,static: each control-flow region counted once,1816,flat circuit,,,18.723179,"[19.91938, 18.927324, 18.723179, 18.599145, 18.711642]",grover,dcd8a3d425373ffd674f87a7dadf01a99d2f494fde8dbb152ea75dc8781e9350,289999,numeric,3325,1470,488,1815,1855,0,"{""rxpi"": 228, ""rz"": 1855, ""rxpi2"": 1242, ""iswap"": 488, ""measure"": 7}",core,1.280122,"[1.3919, 1.344523, 1.280122, 1.274635, 1.256906]",7,319,exported,31.902679,"[32.055848, 31.962503, 31.842582, 31.870311, 31.902679]",rigetti_rx_iswap,360,"{""kind"": ""core_reference_samples"", ""shots"": 512, ""counts"": {""0000000"": 5, ""0000001"": 1, ""0000010"": 4, ""0000011"": 6, ""0000100"": 2, ""0000101"": 2, ""0000110"": 3, ""0000111"": 2, ""0001000"": 2, ""0001001"": 5, ""0001010"": 2, ""0001011"": 4, ""0001100"": 1, ""0001101"": 8, ""0001110"": 6, ""0001111"": 4, ""0010000"": 3, ""0010001"": 4, ""0010010"": 4, ""0010011"": 1, ""0010100"": 1, ""0010101"": 6, ""0010110"": 4, ""0010111"": 2, ""0011000"": 2, ""0011001"": 3, ""0011010"": 7, ""0011011"": 4, ""0011100"": 1, ""0011110"": 1, ""0011111"": 1, ""0100000"": 2, ""0100001"": 1, ""0100010"": 3, ""0100011"": 4, ""0100100"": 1, ""0100101"": 4, ""0100110"": 2, ""0100111"": 2, ""0101000"": 2, ""0101001"": 2, ""0101010"": 4, ""0101011"": 4, ""0101100"": 3, ""0101101"": 3, ""0101110"": 6, ""0101111"": 3, ""0110000"": 4, ""0110001"": 3, ""0110010"": 5, ""0110011"": 4, ""0110100"": 2, ""0110101"": 7, ""0110110"": 5, ""0110111"": 4, ""0111000"": 3, ""0111001"": 2, ""0111010"": 2, ""0111011"": 5, ""0111100"": 5, ""0111101"": 5, ""0111110"": 3, ""0111111"": 7, ""1000000"": 3, ""1000001"": 5, ""1000010"": 1, ""1000011"": 1, ""1000100"": 4, ""1000101"": 3, ""1000110"": 4, ""1000111"": 2, ""1001000"": 2, ""1001010"": 1, ""1001011"": 1, ""1001100"": 3, ""1001101"": 3, ""1001110"": 4, ""1001111"": 2, ""1010000"": 1, ""1010001"": 5, ""1010010"": 3, ""1010011"": 5, ""1010100"": 6, ""1010101"": 99, ""1010110"": 6, ""1010111"": 4, ""1011000"": 3, ""1011001"": 3, ""1011010"": 5, ""1011011"": 1, ""1011100"": 4, ""1011101"": 2, ""1011110"": 4, ""1011111"": 1, ""1100000"": 4, ""1100001"": 6, ""1100010"": 1, ""1100011"": 3, ""1100100"": 4, ""1100110"": 3, ""1100111"": 1, ""1101000"": 2, ""1101001"": 7, ""1101010"": 5, ""1101011"": 5, ""1101100"": 6, ""1101101"": 6, ""1101110"": 1, ""1101111"": 2, ""1110000"": 1, ""1110001"": 4, ""1110010"": 2, ""1110011"": 3, ""1110100"": 5, ""1110101"": 6, ""1110110"": 4, ""1110111"": 3, ""1111000"": 2, ""1111001"": 5, ""1111010"": 1, ""1111011"": 3, ""1111100"": 5, ""1111101"": 3, ""1111110"": 3, ""1111111"": 2}, ""total_variation_distance"": 0.1875806450843811, ""squared_hellinger_fidelity"": 0.9245693699874495, ""cdf_max_deviation"": 0.027879074215888977, ""dkw_limit"": 0.14461834543863566, ""false_rejection_bound"": 1e-09, ""reference_support"": 128, ""impossible_outcomes"": {}, ""passed"": true}"
PR 2578,core_multiplexer_7,static: each control-flow region counted once,25,flat circuit,,,0.27909,"[0.320002, 0.291699, 0.27909, 0.27341, 0.271011]",multiplexer,22acbe2045af1e4b55402eb14d05c35b26c2126a1ee2d1514ea887cd0a991b32,7491,numeric,18,18,12,24,0,0,"{""r"": 18, ""cz"": 12, ""measure"": 7}",core,0.905112,"[1.045785, 0.967624, 0.905112, 0.888231, 0.854983]",7,18,exported,1.299547,"[1.336507, 1.300523, 1.299547, 1.279035, 1.270218]",iqm_r_cz,12,"{""kind"": ""core_reference_samples"", ""shots"": 512, ""counts"": {""0000000"": 9, ""0000010"": 12, ""0000100"": 6, ""0000110"": 6, ""0001000"": 9, ""0001010"": 6, ""0001100"": 9, ""0001110"": 9, ""0001111"": 1, ""0010000"": 7, ""0010001"": 1, ""0010010"": 6, ""0010100"": 9, ""0010110"": 6, ""0011000"": 6, ""0011010"": 14, ""0011100"": 5, ""0011110"": 2, ""0011111"": 1, ""0100000"": 4, ""0100010"": 5, ""0100011"": 2, ""0100100"": 6, ""0100110"": 5, ""0101000"": 2, ""0101001"": 2, ""0101010"": 8, ""0101011"": 2, ""0101100"": 6, ""0101101"": 5, ""0101110"": 8, ""0101111"": 3, ""0110000"": 6, ""0110001"": 2, ""0110010"": 5, ""0110011"": 4, ""0110100"": 3, ""0110101"": 8, ""0110110"": 7, ""0110111"": 3, ""0111000"": 4, ""0111001"": 1, ""0111010"": 3, ""0111011"": 4, ""0111100"": 6, ""0111101"": 8, ""0111110"": 7, ""0111111"": 6, ""1000000"": 4, ""1000001"": 6, ""1000010"": 3, ""1000100"": 6, ""1000101"": 2, ""1000110"": 6, ""1000111"": 4, ""1001000"": 3, ""1001001"": 2, ""1001010"": 2, ""1001011"": 3, ""1001100"": 3, ""1001101"": 5, ""1001110"": 2, ""1001111"": 4, ""1010000"": 3, ""1010001"": 7, ""1010010"": 2, ""1010011"": 5, ""1010100"": 3, ""1010101"": 7, ""1010110"": 2, ""1010111"": 4, ""1011000"": 1, ""1011001"": 6, ""1011010"": 3, ""1011011"": 6, ""1011100"": 1, ""1011101"": 7, ""1011111"": 6, ""1100000"": 1, ""1100001"": 14, ""1100010"": 1, ""1100011"": 5, ""1100100"": 3, ""1100101"": 5, ""1100111"": 7, ""1101000"": 1, ""1101001"": 10, ""1101010"": 1, ""1101011"": 10, ""1101100"": 1, ""1101101"": 10, ""1101110"": 1, ""1101111"": 4, ""1110001"": 6, ""1110011"": 7, ""1110101"": 12, ""1110110"": 1, ""1110111"": 9, ""1111001"": 10, ""1111011"": 4, ""1111101"": 5, ""1111111"": 7}, ""total_variation_distance"": 0.17164225508412168, ""squared_hellinger_fidelity"": 0.929560121666696, ""cdf_max_deviation"": 0.035590392445465635, ""dkw_limit"": 0.14461834543863566, ""false_rejection_bound"": 1e-09, ""reference_support"": 127, ""impossible_outcomes"": {}, ""passed"": true}"
PR 2578,core_multiplexer_7,static: each control-flow region counted once,30,flat circuit,,,0.313058,"[0.336803, 0.320403, 0.313058, 0.305811, 0.303074]",multiplexer,22acbe2045af1e4b55402eb14d05c35b26c2126a1ee2d1514ea887cd0a991b32,8534,numeric,34,8,12,29,26,0,"{""rz"": 26, ""sx"": 8, ""cx"": 12, ""measure"": 7}",core,0.905112,"[1.045785, 0.967624, 0.905112, 0.888231, 0.854983]",7,21,exported,1.217786,"[1.291467, 1.234426, 1.217786, 1.208922, 1.208106]",ibm_sxz_cx,12,"{""kind"": ""core_reference_samples"", ""shots"": 512, ""counts"": {""0000000"": 9, ""0000010"": 12, ""0000100"": 6, ""0000110"": 6, ""0001000"": 9, ""0001010"": 6, ""0001100"": 9, ""0001110"": 9, ""0001111"": 1, ""0010000"": 7, ""0010001"": 1, ""0010010"": 6, ""0010100"": 9, ""0010110"": 6, ""0011000"": 6, ""0011010"": 14, ""0011100"": 5, ""0011110"": 2, ""0011111"": 1, ""0100000"": 4, ""0100010"": 5, ""0100011"": 2, ""0100100"": 6, ""0100110"": 5, ""0101000"": 2, ""0101001"": 2, ""0101010"": 8, ""0101011"": 2, ""0101100"": 6, ""0101101"": 5, ""0101110"": 8, ""0101111"": 3, ""0110000"": 6, ""0110001"": 2, ""0110010"": 5, ""0110011"": 4, ""0110100"": 3, ""0110101"": 8, ""0110110"": 7, ""0110111"": 3, ""0111000"": 4, ""0111001"": 1, ""0111010"": 3, ""0111011"": 4, ""0111100"": 6, ""0111101"": 8, ""0111110"": 7, ""0111111"": 6, ""1000000"": 4, ""1000001"": 6, ""1000010"": 3, ""1000100"": 6, ""1000101"": 2, ""1000110"": 6, ""1000111"": 4, ""1001000"": 3, ""1001001"": 2, ""1001010"": 2, ""1001011"": 3, ""1001100"": 3, ""1001101"": 5, ""1001110"": 2, ""1001111"": 4, ""1010000"": 3, ""1010001"": 7, ""1010010"": 2, ""1010011"": 5, ""1010100"": 3, ""1010101"": 7, ""1010110"": 2, ""1010111"": 4, ""1011000"": 1, ""1011001"": 6, ""1011010"": 3, ""1011011"": 6, ""1011100"": 1, ""1011101"": 7, ""1011111"": 6, ""1100000"": 1, ""1100001"": 14, ""1100010"": 1, ""1100011"": 5, ""1100100"": 3, ""1100101"": 5, ""1100111"": 7, ""1101000"": 1, ""1101001"": 10, ""1101010"": 1, ""1101011"": 10, ""1101100"": 1, ""1101101"": 10, ""1101110"": 1, ""1101111"": 4, ""1110001"": 6, ""1110011"": 7, ""1110101"": 12, ""1110110"": 1, ""1110111"": 9, ""1111001"": 10, ""1111011"": 4, ""1111101"": 5, ""1111111"": 7}, ""total_variation_distance"": 0.17164225508412168, ""squared_hellinger_fidelity"": 0.929560121666696, ""cdf_max_deviation"": 0.035590392445465635, ""dkw_limit"": 0.14461834543863566, ""false_rejection_bound"": 1e-09, ""reference_support"": 127, ""impossible_outcomes"": {}, ""passed"": true}"
PR 2578,core_multiplexer_7,static: each control-flow region counted once,73,flat circuit,,,0.414356,"[0.438243, 0.414356, 0.415123, 0.4037, 0.401539]",multiplexer,22acbe2045af1e4b55402eb14d05c35b26c2126a1ee2d1514ea887cd0a991b32,10495,numeric,78,30,12,72,48,0,"{""rz"": 48, ""sx"": 30, ""cz"": 12, ""measure"": 7}",core,0.905112,"[1.045785, 0.967624, 0.905112, 0.888231, 0.854983]",7,15,exported,1.347643,"[1.388443, 1.352651, 1.347643, 1.333883, 1.330347]",ibm_sxz_cz,12,"{""kind"": ""core_reference_samples"", ""shots"": 512, ""counts"": {""0000000"": 9, ""0000010"": 12, ""0000100"": 6, ""0000110"": 6, ""0001000"": 9, ""0001010"": 6, ""0001100"": 9, ""0001110"": 9, ""0001111"": 1, ""0010000"": 7, ""0010001"": 1, ""0010010"": 6, ""0010100"": 9, ""0010110"": 6, ""0011000"": 6, ""0011010"": 14, ""0011100"": 5, ""0011110"": 2, ""0011111"": 1, ""0100000"": 4, ""0100010"": 5, ""0100011"": 2, ""0100100"": 6, ""0100110"": 5, ""0101000"": 2, ""0101001"": 2, ""0101010"": 8, ""0101011"": 2, ""0101100"": 6, ""0101101"": 5, ""0101110"": 8, ""0101111"": 3, ""0110000"": 6, ""0110001"": 2, ""0110010"": 5, ""0110011"": 4, ""0110100"": 3, ""0110101"": 8, ""0110110"": 7, ""0110111"": 3, ""0111000"": 4, ""0111001"": 1, ""0111010"": 3, ""0111011"": 4, ""0111100"": 6, ""0111101"": 8, ""0111110"": 7, ""0111111"": 6, ""1000000"": 4, ""1000001"": 6, ""1000010"": 3, ""1000100"": 6, ""1000101"": 2, ""1000110"": 6, ""1000111"": 4, ""1001000"": 3, ""1001001"": 2, ""1001010"": 2, ""1001011"": 3, ""1001100"": 3, ""1001101"": 5, ""1001110"": 2, ""1001111"": 4, ""1010000"": 3, ""1010001"": 7, ""1010010"": 2, ""1010011"": 5, ""1010100"": 3, ""1010101"": 7, ""1010110"": 2, ""1010111"": 4, ""1011000"": 1, ""1011001"": 6, ""1011010"": 3, ""1011011"": 6, ""1011100"": 1, ""1011101"": 7, ""1011111"": 6, ""1100000"": 1, ""1100001"": 14, ""1100010"": 1, ""1100011"": 5, ""1100100"": 3, ""1100101"": 5, ""1100111"": 7, ""1101000"": 1, ""1101001"": 10, ""1101010"": 1, ""1101011"": 10, ""1101100"": 1, ""1101101"": 10, ""1101110"": 1, ""1101111"": 4, ""1110001"": 6, ""1110011"": 7, ""1110101"": 12, ""1110110"": 1, ""1110111"": 9, ""1111001"": 10, ""1111011"": 4, ""1111101"": 5, ""1111111"": 7}, ""total_variation_distance"": 0.17164225508412168, ""squared_hellinger_fidelity"": 0.929560121666696, ""cdf_max_deviation"": 0.035590392445465635, ""dkw_limit"": 0.14461834543863566, ""false_rejection_bound"": 1e-09, ""reference_support"": 127, ""impossible_outcomes"": {}, ""passed"": true}"
PR 2578,core_multiplexer_7,static: each control-flow region counted once,16,flat circuit,,,0.24053,"[0.267379, 0.252146, 0.24053, 0.234546, 0.232978]",multiplexer,22acbe2045af1e4b55402eb14d05c35b26c2126a1ee2d1514ea887cd0a991b32,5979,numeric,26,8,6,15,18,0,"{""rz"": 18, ""rx"": 8, ""rzz"": 6, ""measure"": 7}",core,0.905112,"[1.045785, 0.967624, 0.905112, 0.888231, 0.854983]",7,26,exported,1.117161,"[1.159257, 1.138169, 1.116873, 1.117161, 1.114521]",rxrz_rzz_unbounded,6,"{""kind"": ""core_reference_samples"", ""shots"": 512, ""counts"": {""0000000"": 9, ""0000010"": 12, ""0000100"": 6, ""0000110"": 6, ""0001000"": 9, ""0001010"": 6, ""0001100"": 9, ""0001110"": 9, ""0001111"": 1, ""0010000"": 7, ""0010001"": 1, ""0010010"": 6, ""0010100"": 9, ""0010110"": 6, ""0011000"": 6, ""0011010"": 14, ""0011100"": 5, ""0011110"": 2, ""0011111"": 1, ""0100000"": 4, ""0100010"": 5, ""0100011"": 2, ""0100100"": 6, ""0100110"": 5, ""0101000"": 2, ""0101001"": 2, ""0101010"": 8, ""0101011"": 2, ""0101100"": 6, ""0101101"": 5, ""0101110"": 8, ""0101111"": 3, ""0110000"": 6, ""0110001"": 2, ""0110010"": 5, ""0110011"": 4, ""0110100"": 3, ""0110101"": 8, ""0110110"": 7, ""0110111"": 3, ""0111000"": 4, ""0111001"": 1, ""0111010"": 3, ""0111011"": 4, ""0111100"": 6, ""0111101"": 8, ""0111110"": 7, ""0111111"": 6, ""1000000"": 4, ""1000001"": 6, ""1000010"": 3, ""1000100"": 6, ""1000101"": 2, ""1000110"": 6, ""1000111"": 4, ""1001000"": 3, ""1001001"": 2, ""1001010"": 2, ""1001011"": 3, ""1001100"": 3, ""1001101"": 5, ""1001110"": 2, ""1001111"": 4, ""1010000"": 3, ""1010001"": 7, ""1010010"": 2, ""1010011"": 5, ""1010100"": 3, ""1010101"": 7, ""1010110"": 2, ""1010111"": 4, ""1011000"": 1, ""1011001"": 6, ""1011010"": 3, ""1011011"": 6, ""1011100"": 1, ""1011101"": 7, ""1011111"": 6, ""1100000"": 1, ""1100001"": 14, ""1100010"": 1, ""1100011"": 5, ""1100100"": 3, ""1100101"": 5, ""1100111"": 7, ""1101000"": 1, ""1101001"": 10, ""1101010"": 1, ""1101011"": 10, ""1101100"": 1, ""1101101"": 10, ""1101110"": 1, ""1101111"": 4, ""1110001"": 6, ""1110011"": 7, ""1110101"": 12, ""1110110"": 1, ""1110111"": 9, ""1111001"": 10, ""1111011"": 4, ""1111101"": 5, ""1111111"": 7}, ""total_variation_distance"": 0.17164225508412168, ""squared_hellinger_fidelity"": 0.929560121666696, ""cdf_max_deviation"": 0.035590392445465635, ""dkw_limit"": 0.14461834543863566, ""false_rejection_bound"": 1e-09, ""reference_support"": 127, ""impossible_outcomes"": {}, ""passed"": true}"
PR 2578,core_multiplexer_7,static: each control-flow region counted once,18,flat circuit,,,0.252002,"[0.276258, 0.266242, 0.252002, 0.246802, 0.245794]",multiplexer,22acbe2045af1e4b55402eb14d05c35b26c2126a1ee2d1514ea887cd0a991b32,7154,numeric,44,14,6,17,30,0,"{""rz"": 30, ""rx"": 14, ""rzz"": 6, ""measure"": 7}",core,0.905112,"[1.045785, 0.967624, 0.905112, 0.888231, 0.854983]",7,21,exported,1.218138,"[1.258858, 1.240219, 1.218138, 1.208698, 1.206442]",ibm_fractional_bounded,6,"{""kind"": ""core_reference_samples"", ""shots"": 512, ""counts"": {""0000000"": 9, ""0000010"": 12, ""0000100"": 6, ""0000110"": 6, ""0001000"": 9, ""0001010"": 6, ""0001100"": 9, ""0001110"": 9, ""0001111"": 1, ""0010000"": 7, ""0010001"": 1, ""0010010"": 6, ""0010100"": 9, ""0010110"": 6, ""0011000"": 6, ""0011010"": 14, ""0011100"": 5, ""0011110"": 2, ""0011111"": 1, ""0100000"": 4, ""0100010"": 5, ""0100011"": 2, ""0100100"": 6, ""0100110"": 5, ""0101000"": 2, ""0101001"": 2, ""0101010"": 8, ""0101011"": 2, ""0101100"": 6, ""0101101"": 5, ""0101110"": 8, ""0101111"": 3, ""0110000"": 6, ""0110001"": 2, ""0110010"": 5, ""0110011"": 4, ""0110100"": 3, ""0110101"": 8, ""0110110"": 7, ""0110111"": 3, ""0111000"": 4, ""0111001"": 1, ""0111010"": 3, ""0111011"": 4, ""0111100"": 6, ""0111101"": 8, ""0111110"": 7, ""0111111"": 6, ""1000000"": 4, ""1000001"": 6, ""1000010"": 3, ""1000100"": 6, ""1000101"": 2, ""1000110"": 6, ""1000111"": 4, ""1001000"": 3, ""1001001"": 2, ""1001010"": 2, ""1001011"": 3, ""1001100"": 3, ""1001101"": 5, ""1001110"": 2, ""1001111"": 4, ""1010000"": 3, ""1010001"": 7, ""1010010"": 2, ""1010011"": 5, ""1010100"": 3, ""1010101"": 7, ""1010110"": 2, ""1010111"": 4, ""1011000"": 1, ""1011001"": 6, ""1011010"": 3, ""1011011"": 6, ""1011100"": 1, ""1011101"": 7, ""1011111"": 6, ""1100000"": 1, ""1100001"": 14, ""1100010"": 1, ""1100011"": 5, ""1100100"": 3, ""1100101"": 5, ""1100111"": 7, ""1101000"": 1, ""1101001"": 10, ""1101010"": 1, ""1101011"": 10, ""1101100"": 1, ""1101101"": 10, ""1101110"": 1, ""1101111"": 4, ""1110001"": 6, ""1110011"": 7, ""1110101"": 12, ""1110110"": 1, ""1110111"": 9, ""1111001"": 10, ""1111011"": 4, ""1111101"": 5, ""1111111"": 7}, ""total_variation_distance"": 0.17164225508412168, ""squared_hellinger_fidelity"": 0.929560121666696, ""cdf_max_deviation"": 0.035590392445465635, ""dkw_limit"": 0.14461834543863566, ""false_rejection_bound"": 1e-09, ""reference_support"": 127, ""impossible_outcomes"": {}, ""passed"": true}"
PR 2578,core_multiplexer_7,static: each control-flow region counted once,18,flat circuit,,,0.352163,"[0.381811, 0.358179, 0.352163, 0.348915, 0.345011]",multiplexer,22acbe2045af1e4b55402eb14d05c35b26c2126a1ee2d1514ea887cd0a991b32,6402,numeric,28,8,6,17,20,0,"{""rz"": 20, ""gpi2"": 8, ""rzz"": 6, ""measure"": 7}",core,0.905112,"[1.045785, 0.967624, 0.905112, 0.888231, 0.854983]",7,27,exported,1.18113,"[1.22737, 1.193098, 1.18113, 1.175834, 1.170874]",ionq_fixed_r_zz,6,"{""kind"": ""core_reference_samples"", ""shots"": 512, ""counts"": {""0000000"": 9, ""0000010"": 12, ""0000100"": 6, ""0000110"": 6, ""0001000"": 9, ""0001010"": 6, ""0001100"": 9, ""0001110"": 9, ""0001111"": 1, ""0010000"": 7, ""0010001"": 1, ""0010010"": 6, ""0010100"": 9, ""0010110"": 6, ""0011000"": 6, ""0011010"": 14, ""0011100"": 5, ""0011110"": 2, ""0011111"": 1, ""0100000"": 4, ""0100010"": 5, ""0100011"": 2, ""0100100"": 6, ""0100110"": 5, ""0101000"": 2, ""0101001"": 2, ""0101010"": 8, ""0101011"": 2, ""0101100"": 6, ""0101101"": 5, ""0101110"": 8, ""0101111"": 3, ""0110000"": 6, ""0110001"": 2, ""0110010"": 5, ""0110011"": 4, ""0110100"": 3, ""0110101"": 8, ""0110110"": 7, ""0110111"": 3, ""0111000"": 4, ""0111001"": 1, ""0111010"": 3, ""0111011"": 4, ""0111100"": 6, ""0111101"": 8, ""0111110"": 7, ""0111111"": 6, ""1000000"": 4, ""1000001"": 6, ""1000010"": 3, ""1000100"": 6, ""1000101"": 2, ""1000110"": 6, ""1000111"": 4, ""1001000"": 3, ""1001001"": 2, ""1001010"": 2, ""1001011"": 3, ""1001100"": 3, ""1001101"": 5, ""1001110"": 2, ""1001111"": 4, ""1010000"": 3, ""1010001"": 7, ""1010010"": 2, ""1010011"": 5, ""1010100"": 3, ""1010101"": 7, ""1010110"": 2, ""1010111"": 4, ""1011000"": 1, ""1011001"": 6, ""1011010"": 3, ""1011011"": 6, ""1011100"": 1, ""1011101"": 7, ""1011111"": 6, ""1100000"": 1, ""1100001"": 14, ""1100010"": 1, ""1100011"": 5, ""1100100"": 3, ""1100101"": 5, ""1100111"": 7, ""1101000"": 1, ""1101001"": 10, ""1101010"": 1, ""1101011"": 10, ""1101100"": 1, ""1101101"": 10, ""1101110"": 1, ""1101111"": 4, ""1110001"": 6, ""1110011"": 7, ""1110101"": 12, ""1110110"": 1, ""1110111"": 9, ""1111001"": 10, ""1111011"": 4, ""1111101"": 5, ""1111111"": 7}, ""total_variation_distance"": 0.17164225508412168, ""squared_hellinger_fidelity"": 0.929560121666696, ""cdf_max_deviation"": 0.035590392445465635, ""dkw_limit"": 0.14461834543863566, ""false_rejection_bound"": 1e-09, ""reference_support"": 127, ""impossible_outcomes"": {}, ""passed"": true}"
PR 2578,core_multiplexer_7,static: each control-flow region counted once,73,flat circuit,,,0.675574,"[0.738614, 0.691957, 0.675574, 0.672437, 0.662726]",multiplexer,22acbe2045af1e4b55402eb14d05c35b26c2126a1ee2d1514ea887cd0a991b32,11570,numeric,78,30,12,72,48,0,"{""rz"": 48, ""rxpi2"": 30, ""cz"": 12, ""measure"": 7}",core,0.905112,"[1.045785, 0.967624, 0.905112, 0.888231, 0.854983]",7,22,exported,1.393084,"[1.434252, 1.420123, 1.393084, 1.387564, 1.392667]",rigetti_rx_cz,12,"{""kind"": ""core_reference_samples"", ""shots"": 512, ""counts"": {""0000000"": 9, ""0000010"": 12, ""0000100"": 6, ""0000110"": 6, ""0001000"": 9, ""0001010"": 6, ""0001100"": 9, ""0001110"": 9, ""0001111"": 1, ""0010000"": 7, ""0010001"": 1, ""0010010"": 6, ""0010100"": 9, ""0010110"": 6, ""0011000"": 6, ""0011010"": 14, ""0011100"": 5, ""0011110"": 2, ""0011111"": 1, ""0100000"": 4, ""0100010"": 5, ""0100011"": 2, ""0100100"": 6, ""0100110"": 5, ""0101000"": 2, ""0101001"": 2, ""0101010"": 8, ""0101011"": 2, ""0101100"": 6, ""0101101"": 5, ""0101110"": 8, ""0101111"": 3, ""0110000"": 6, ""0110001"": 2, ""0110010"": 5, ""0110011"": 4, ""0110100"": 3, ""0110101"": 8, ""0110110"": 7, ""0110111"": 3, ""0111000"": 4, ""0111001"": 1, ""0111010"": 3, ""0111011"": 4, ""0111100"": 6, ""0111101"": 8, ""0111110"": 7, ""0111111"": 6, ""1000000"": 4, ""1000001"": 6, ""1000010"": 3, ""1000100"": 6, ""1000101"": 2, ""1000110"": 6, ""1000111"": 4, ""1001000"": 3, ""1001001"": 2, ""1001010"": 2, ""1001011"": 3, ""1001100"": 3, ""1001101"": 5, ""1001110"": 2, ""1001111"": 4, ""1010000"": 3, ""1010001"": 7, ""1010010"": 2, ""1010011"": 5, ""1010100"": 3, ""1010101"": 7, ""1010110"": 2, ""1010111"": 4, ""1011000"": 1, ""1011001"": 6, ""1011010"": 3, ""1011011"": 6, ""1011100"": 1, ""1011101"": 7, ""1011111"": 6, ""1100000"": 1, ""1100001"": 14, ""1100010"": 1, ""1100011"": 5, ""1100100"": 3, ""1100101"": 5, ""1100111"": 7, ""1101000"": 1, ""1101001"": 10, ""1101010"": 1, ""1101011"": 10, ""1101100"": 1, ""1101101"": 10, ""1101110"": 1, ""1101111"": 4, ""1110001"": 6, ""1110011"": 7, ""1110101"": 12, ""1110110"": 1, ""1110111"": 9, ""1111001"": 10, ""1111011"": 4, ""1111101"": 5, ""1111111"": 7}, ""total_variation_distance"": 0.17164225508412168, ""squared_hellinger_fidelity"": 0.929560121666696, ""cdf_max_deviation"": 0.035590392445465635, ""dkw_limit"": 0.14461834543863566, ""false_rejection_bound"": 1e-09, ""reference_support"": 127, ""impossible_outcomes"": {}, ""passed"": true}"
PR 2578,core_multiplexer_7,static: each control-flow region counted once,47,flat circuit,,,0.522692,"[0.563349, 0.522692, 0.511412, 0.506933, 2.014832]",multiplexer,22acbe2045af1e4b55402eb14d05c35b26c2126a1ee2d1514ea887cd0a991b32,8768,numeric,57,26,12,46,31,0,"{""rxpi"": 6, ""rxpi2"": 20, ""rz"": 31, ""iswap"": 12, ""measure"": 7}",core,0.905112,"[1.045785, 0.967624, 0.905112, 0.888231, 0.854983]",7,20,exported,1.324811,"[1.361964, 1.334587, 1.324811, 1.309355, 1.303579]",rigetti_rx_iswap,12,"{""kind"": ""core_reference_samples"", ""shots"": 512, ""counts"": {""0000000"": 9, ""0000010"": 12, ""0000100"": 6, ""0000110"": 6, ""0001000"": 9, ""0001010"": 6, ""0001100"": 9, ""0001110"": 9, ""0001111"": 1, ""0010000"": 7, ""0010001"": 1, ""0010010"": 6, ""0010100"": 9, ""0010110"": 6, ""0011000"": 6, ""0011010"": 14, ""0011100"": 5, ""0011110"": 2, ""0011111"": 1, ""0100000"": 4, ""0100010"": 5, ""0100011"": 2, ""0100100"": 6, ""0100110"": 5, ""0101000"": 2, ""0101001"": 2, ""0101010"": 8, ""0101011"": 2, ""0101100"": 6, ""0101101"": 5, ""0101110"": 8, ""0101111"": 3, ""0110000"": 6, ""0110001"": 2, ""0110010"": 5, ""0110011"": 4, ""0110100"": 3, ""0110101"": 8, ""0110110"": 7, ""0110111"": 3, ""0111000"": 4, ""0111001"": 1, ""0111010"": 3, ""0111011"": 4, ""0111100"": 6, ""0111101"": 8, ""0111110"": 7, ""0111111"": 6, ""1000000"": 4, ""1000001"": 6, ""1000010"": 3, ""1000100"": 6, ""1000101"": 2, ""1000110"": 6, ""1000111"": 4, ""1001000"": 3, ""1001001"": 2, ""1001010"": 2, ""1001011"": 3, ""1001100"": 3, ""1001101"": 5, ""1001110"": 2, ""1001111"": 4, ""1010000"": 3, ""1010001"": 7, ""1010010"": 2, ""1010011"": 5, ""1010100"": 3, ""1010101"": 7, ""1010110"": 2, ""1010111"": 4, ""1011000"": 1, ""1011001"": 6, ""1011010"": 3, ""1011011"": 6, ""1011100"": 1, ""1011101"": 7, ""1011111"": 6, ""1100000"": 1, ""1100001"": 14, ""1100010"": 1, ""1100011"": 5, ""1100100"": 3, ""1100101"": 5, ""1100111"": 7, ""1101000"": 1, ""1101001"": 10, ""1101010"": 1, ""1101011"": 10, ""1101100"": 1, ""1101101"": 10, ""1101110"": 1, ""1101111"": 4, ""1110001"": 6, ""1110011"": 7, ""1110101"": 12, ""1110110"": 1, ""1110111"": 9, ""1111001"": 10, ""1111011"": 4, ""1111101"": 5, ""1111111"": 7}, ""total_variation_distance"": 0.17164225508412168, ""squared_hellinger_fidelity"": 0.929560121666696, ""cdf_max_deviation"": 0.035590392445465635, ""dkw_limit"": 0.14461834543863566, ""false_rejection_bound"": 1e-09, ""reference_support"": 127, ""impossible_outcomes"": {}, ""passed"": true}"
PR 2578,core_qft_adder_16,static: each control-flow region counted once,191,flat circuit,,,2.329171,"[2.383379, 2.360452, 2.329171, 2.327651, 2.319268]",qft_adder,0e786ccffb52aeb2c2704dcf1fa8c643dc09ad16a682d1373b134a61d79e22b3,67623,numeric,192,192,176,190,0,0,"{""r"": 192, ""cz"": 176, ""measure"": 16}",core,2.294547,"[2.342771, 2.363955, 2.259987, 2.294547, 2.243218]",16,88,exported,10.099459,"[10.178516, 10.138179, 10.099459, 10.051603, 10.097779]",iqm_r_cz,98,"{""kind"": ""core_reference_samples"", ""shots"": 512, ""counts"": {""1010101011111111"": 512}, ""total_variation_distance"": 0.0, ""squared_hellinger_fidelity"": 1.0, ""cdf_max_deviation"": 0.0, ""dkw_limit"": 0.14461834543863566, ""false_rejection_bound"": 1e-09, ""reference_support"": 1, ""impossible_outcomes"": {}, ""passed"": true}"
PR 2578,core_qft_adder_16,static: each control-flow region counted once,218,flat circuit,,,2.576581,"[2.618086, 2.585109, 2.576581, 2.561141, 2.562053]",qft_adder,0e786ccffb52aeb2c2704dcf1fa8c643dc09ad16a682d1373b134a61d79e22b3,70635,numeric,326,38,176,217,288,0,"{""x"": 10, ""rz"": 288, ""sx"": 28, ""cx"": 176, ""measure"": 16}",core,2.294547,"[2.342771, 2.363955, 2.259987, 2.294547, 2.243218]",16,35,exported,8.260196,"[8.313013, 8.260196, 8.280436, 8.253812, 8.255188]",ibm_sxz_cx,98,"{""kind"": ""core_reference_samples"", ""shots"": 512, ""counts"": {""1010101011111111"": 512}, ""total_variation_distance"": 0.0, ""squared_hellinger_fidelity"": 1.0, ""cdf_max_deviation"": 0.0, ""dkw_limit"": 0.14461834543863566, ""false_rejection_bound"": 1e-09, ""reference_support"": 1, ""impossible_outcomes"": {}, ""passed"": true}"
PR 2578,core_qft_adder_16,static: each control-flow region counted once,532,flat circuit,,,4.220003,"[4.226979, 4.267091, 4.220003, 4.20741, 4.199571]",qft_adder,0e786ccffb52aeb2c2704dcf1fa8c643dc09ad16a682d1373b134a61d79e22b3,105478,numeric,945,353,176,531,592,0,"{""x"": 15, ""rz"": 592, ""sx"": 338, ""cz"": 176, ""measure"": 16}",core,2.294547,"[2.342771, 2.363955, 2.259987, 2.294547, 2.243218]",16,54,exported,10.760089,"[10.826617, 10.753304, 10.760089, 10.787721, 10.732936]",ibm_sxz_cz,98,"{""kind"": ""core_reference_samples"", ""shots"": 512, ""counts"": {""1010101011111111"": 512}, ""total_variation_distance"": 0.0, ""squared_hellinger_fidelity"": 1.0, ""cdf_max_deviation"": 0.0, ""dkw_limit"": 0.14461834543863566, ""false_rejection_bound"": 1e-09, ""reference_support"": 1, ""impossible_outcomes"": {}, ""passed"": true}"
PR 2578,core_qft_adder_16,static: each control-flow region counted once,135,flat circuit,,,1.41062,"[1.479004, 1.426508, 1.404779, 1.41062, 1.406955]",qft_adder,0e786ccffb52aeb2c2704dcf1fa8c643dc09ad16a682d1373b134a61d79e22b3,34298,numeric,252,38,92,134,214,0,"{""rz"": 214, ""rx"": 38, ""rzz"": 92, ""measure"": 16}",core,2.294547,"[2.342771, 2.363955, 2.259987, 2.294547, 2.243218]",16,60,exported,7.24718,"[7.315708, 7.287724, 7.24718, 7.201788, 7.237964]",rxrz_rzz_unbounded,50,"{""kind"": ""core_reference_samples"", ""shots"": 512, ""counts"": {""1010101011111111"": 512}, ""total_variation_distance"": 0.0, ""squared_hellinger_fidelity"": 1.0, ""cdf_max_deviation"": 0.0, ""dkw_limit"": 0.14461834543863566, ""false_rejection_bound"": 1e-09, ""reference_support"": 1, ""impossible_outcomes"": {}, ""passed"": true}"
PR 2578,core_qft_adder_16,static: each control-flow region counted once,135,flat circuit,,,1.303835,"[1.344923, 1.303835, 1.307131, 1.275514, 1.300171]",qft_adder,0e786ccffb52aeb2c2704dcf1fa8c643dc09ad16a682d1373b134a61d79e22b3,35808,numeric,275,45,92,134,230,0,"{""rz"": 230, ""rx"": 45, ""rzz"": 92, ""measure"": 16}",core,2.294547,"[2.342771, 2.363955, 2.259987, 2.294547, 2.243218]",16,48,exported,7.794048,"[7.864129, 7.794048, 7.767168, 7.757824, 7.855361]",ibm_fractional_bounded,50,"{""kind"": ""core_reference_samples"", ""shots"": 512, ""counts"": {""1010101011111111"": 512}, ""total_variation_distance"": 0.0, ""squared_hellinger_fidelity"": 1.0, ""cdf_max_deviation"": 0.0, ""dkw_limit"": 0.14461834543863566, ""false_rejection_bound"": 1e-09, ""reference_support"": 1, ""impossible_outcomes"": {}, ""passed"": true}"
PR 2578,core_qft_adder_16,static: each control-flow region counted once,128,flat circuit,,,1.860927,"[1.889008, 1.860927, 1.831887, 1.827295, 2.236947]",qft_adder,0e786ccffb52aeb2c2704dcf1fa8c643dc09ad16a682d1373b134a61d79e22b3,33712,numeric,231,38,92,127,193,0,"{""gpi"": 22, ""rz"": 193, ""gpi2"": 16, ""rzz"": 92, ""measure"": 16}",core,2.294547,"[2.342771, 2.363955, 2.259987, 2.294547, 2.243218]",16,62,exported,7.262716,"[7.304828, 7.262716, 7.221468, 7.214059, 7.33902]",ionq_fixed_r_zz,50,"{""kind"": ""core_reference_samples"", ""shots"": 512, ""counts"": {""1010101011111111"": 512}, ""total_variation_distance"": 0.0, ""squared_hellinger_fidelity"": 1.0, ""cdf_max_deviation"": 0.0, ""dkw_limit"": 0.14461834543863566, ""false_rejection_bound"": 1e-09, ""reference_support"": 1, ""impossible_outcomes"": {}, ""passed"": true}"
PR 2578,core_qft_adder_16,static: each control-flow region counted once,532,flat circuit,,,6.330628,"[6.465285, 6.300884, 6.336148, 6.20538, 6.330628]",qft_adder,0e786ccffb52aeb2c2704dcf1fa8c643dc09ad16a682d1373b134a61d79e22b3,109578,numeric,945,353,176,531,592,0,"{""rxpi"": 15, ""rz"": 592, ""rxpi2"": 338, ""cz"": 176, ""measure"": 16}",core,2.294547,"[2.342771, 2.363955, 2.259987, 2.294547, 2.243218]",16,62,exported,11.311005,"[11.366573, 11.321518, 11.297901, 11.311005, 11.270829]",rigetti_rx_cz,98,"{""kind"": ""core_reference_samples"", ""shots"": 512, ""counts"": {""1010101011111111"": 512}, ""total_variation_distance"": 0.0, ""squared_hellinger_fidelity"": 1.0, ""cdf_max_deviation"": 0.0, ""dkw_limit"": 0.14461834543863566, ""false_rejection_bound"": 1e-09, ""reference_support"": 1, ""impossible_outcomes"": {}, ""passed"": true}"
PR 2578,core_qft_adder_16,static: each control-flow region counted once,391,flat circuit,,,5.334476,"[5.445436, 5.353388, 5.334476, 5.328363, 5.296827]",qft_adder,0e786ccffb52aeb2c2704dcf1fa8c643dc09ad16a682d1373b134a61d79e22b3,87235,numeric,945,375,184,390,570,0,"{""rz"": 570, ""rxpi2"": 361, ""iswap"": 184, ""rxpi"": 14, ""measure"": 16}",core,2.294547,"[2.342771, 2.363955, 2.259987, 2.294547, 2.243218]",16,61,exported,11.091004,"[11.17014, 11.091004, 11.069355, 11.092732, 11.040219]",rigetti_rx_iswap,100,"{""kind"": ""core_reference_samples"", ""shots"": 512, ""counts"": {""1010101011111111"": 512}, ""total_variation_distance"": 0.0, ""squared_hellinger_fidelity"": 1.0, ""cdf_max_deviation"": 0.0, ""dkw_limit"": 0.14461834543863566, ""false_rejection_bound"": 1e-09, ""reference_support"": 1, ""impossible_outcomes"": {}, ""passed"": true}"
PR 2578,core_bv_16,static: each control-flow region counted once,12,flat circuit,,,0.315042,"[0.364083, 0.324355, 0.315042, 0.300787, 0.298002]",bv,1bbb96fad32b3787560d7d5238def1664fc12ffcf0d7e7b44f0681102c9cb850,8172,numeric,18,18,8,11,0,0,"{""r"": 18, ""cz"": 8, ""measure"": 15}",core,1.222666,"[1.28105, 1.288203, 1.20201, 1.222666, 1.187866]",16,20,exported,2.033537,"[2.095137, 2.061009, 2.033537, 2.010784, 2.023824]",iqm_r_cz,8,"{""kind"": ""core_reference_samples"", ""shots"": 512, ""counts"": {""101010101010101"": 512}, ""total_variation_distance"": 0.0, ""squared_hellinger_fidelity"": 1.0, ""cdf_max_deviation"": 0.0, ""dkw_limit"": 0.14461834543863566, ""false_rejection_bound"": 1e-09, ""reference_support"": 1, ""impossible_outcomes"": {}, ""passed"": true}"
PR 2578,core_bv_16,static: each control-flow region counted once,15,flat circuit,,,0.387796,"[0.425123, 0.387796, 0.387907, 0.381427, 0.384979]",bv,1bbb96fad32b3787560d7d5238def1664fc12ffcf0d7e7b44f0681102c9cb850,9921,numeric,54,18,8,14,36,0,"{""rz"": 36, ""sx"": 18, ""cx"": 8, ""measure"": 15}",core,1.222666,"[1.28105, 1.288203, 1.20201, 1.222666, 1.187866]",16,17,exported,2.156226,"[2.216114, 2.178738, 2.156226, 2.155682, 2.154162]",ibm_sxz_cx,8,"{""kind"": ""core_reference_samples"", ""shots"": 512, ""counts"": {""101010101010101"": 512}, ""total_variation_distance"": 0.0, ""squared_hellinger_fidelity"": 1.0, ""cdf_max_deviation"": 0.0, ""dkw_limit"": 0.14461834543863566, ""false_rejection_bound"": 1e-09, ""reference_support"": 1, ""impossible_outcomes"": {}, ""passed"": true}"
PR 2578,core_bv_16,static: each control-flow region counted once,15,flat circuit,,,0.376291,"[0.405363, 0.380547, 0.376291, 0.370979, 0.362099]",bv,1bbb96fad32b3787560d7d5238def1664fc12ffcf0d7e7b44f0681102c9cb850,9534,numeric,49,17,8,14,32,0,"{""x"": 1, ""rz"": 32, ""sx"": 16, ""cz"": 8, ""measure"": 15}",core,1.222666,"[1.28105, 1.288203, 1.20201, 1.222666, 1.187866]",16,16,exported,2.003569,"[2.06053, 2.015857, 1.995473, 1.992032, 2.003569]",ibm_sxz_cz,8,"{""kind"": ""core_reference_samples"", ""shots"": 512, ""counts"": {""101010101010101"": 512}, ""total_variation_distance"": 0.0, ""squared_hellinger_fidelity"": 1.0, ""cdf_max_deviation"": 0.0, ""dkw_limit"": 0.14461834543863566, ""false_rejection_bound"": 1e-09, ""reference_support"": 1, ""impossible_outcomes"": {}, ""passed"": true}"
PR 2578,core_bv_16,static: each control-flow region counted once,21,flat circuit,,,0.348675,"[0.383843, 0.357347, 0.348675, 0.341827, 0.338882]",bv,1bbb96fad32b3787560d7d5238def1664fc12ffcf0d7e7b44f0681102c9cb850,8963,numeric,51,17,8,20,34,0,"{""rz"": 34, ""rx"": 17, ""rzz"": 8, ""measure"": 15}",core,1.222666,"[1.28105, 1.288203, 1.20201, 1.222666, 1.187866]",16,19,exported,2.170881,"[2.214387, 2.179778, 2.170881, 2.148418, 2.138978]",rxrz_rzz_unbounded,8,"{""kind"": ""core_reference_samples"", ""shots"": 512, ""counts"": {""101010101010101"": 512}, ""total_variation_distance"": 0.0, ""squared_hellinger_fidelity"": 1.0, ""cdf_max_deviation"": 0.0, ""dkw_limit"": 0.14461834543863566, ""false_rejection_bound"": 1e-09, ""reference_support"": 1, ""impossible_outcomes"": {}, ""passed"": true}"
PR 2578,core_bv_16,static: each control-flow region counted once,15,flat circuit,,,0.376195,"[0.418195, 0.387444, 0.376195, 0.373683, 0.366579]",bv,1bbb96fad32b3787560d7d5238def1664fc12ffcf0d7e7b44f0681102c9cb850,9874,numeric,49,17,8,14,32,0,"{""x"": 1, ""rz"": 32, ""rx"": 16, ""cz"": 8, ""measure"": 15}",core,1.222666,"[1.28105, 1.288203, 1.20201, 1.222666, 1.187866]",16,16,exported,1.977793,"[2.028257, 1.995937, 1.977793, 1.971888, 1.971312]",ibm_fractional_bounded,8,"{""kind"": ""core_reference_samples"", ""shots"": 512, ""counts"": {""101010101010101"": 512}, ""total_variation_distance"": 0.0, ""squared_hellinger_fidelity"": 1.0, ""cdf_max_deviation"": 0.0, ""dkw_limit"": 0.14461834543863566, ""false_rejection_bound"": 1e-09, ""reference_support"": 1, ""impossible_outcomes"": {}, ""passed"": true}"
PR 2578,core_bv_16,static: each control-flow region counted once,21,flat circuit,,,0.552101,"[0.597541, 0.573925, 0.543812, 0.552101, 0.54146]",bv,1bbb96fad32b3787560d7d5238def1664fc12ffcf0d7e7b44f0681102c9cb850,9377,numeric,50,17,8,20,33,0,"{""rz"": 33, ""gpi2"": 16, ""rzz"": 8, ""gpi"": 1, ""measure"": 15}",core,1.222666,"[1.28105, 1.288203, 1.20201, 1.222666, 1.187866]",16,21,exported,2.216642,"[2.262627, 2.232835, 2.211538, 2.216642, 2.196706]",ionq_fixed_r_zz,8,"{""kind"": ""core_reference_samples"", ""shots"": 512, ""counts"": {""101010101010101"": 512}, ""total_variation_distance"": 0.0, ""squared_hellinger_fidelity"": 1.0, ""cdf_max_deviation"": 0.0, ""dkw_limit"": 0.14461834543863566, ""false_rejection_bound"": 1e-09, ""reference_support"": 1, ""impossible_outcomes"": {}, ""passed"": true}"
PR 2578,core_bv_16,static: each control-flow region counted once,15,flat circuit,,,0.553892,"[0.617093, 0.560613, 0.553892, 0.536325, 0.53354]",bv,1bbb96fad32b3787560d7d5238def1664fc12ffcf0d7e7b44f0681102c9cb850,10260,numeric,49,17,8,14,32,0,"{""rxpi"": 1, ""rz"": 32, ""rxpi2"": 16, ""cz"": 8, ""measure"": 15}",core,1.222666,"[1.28105, 1.288203, 1.20201, 1.222666, 1.187866]",16,17,exported,2.052945,"[2.129665, 2.100689, 2.052945, 2.052401, 2.031168]",rigetti_rx_cz,8,"{""kind"": ""core_reference_samples"", ""shots"": 512, ""counts"": {""101010101010101"": 512}, ""total_variation_distance"": 0.0, ""squared_hellinger_fidelity"": 1.0, ""cdf_max_deviation"": 0.0, ""dkw_limit"": 0.14461834543863566, ""false_rejection_bound"": 1e-09, ""reference_support"": 1, ""impossible_outcomes"": {}, ""passed"": true}"
PR 2578,core_bv_16,static: each control-flow region counted once,67,flat circuit,,,0.827015,"[0.854103, 1.140649, 0.827015, 0.784662, 0.779575]",bv,1bbb96fad32b3787560d7d5238def1664fc12ffcf0d7e7b44f0681102c9cb850,13649,numeric,105,41,16,66,64,0,"{""rxpi2"": 33, ""rz"": 64, ""iswap"": 16, ""rxpi"": 8, ""measure"": 15}",core,1.222666,"[1.28105, 1.288203, 1.20201, 1.222666, 1.187866]",16,21,exported,2.488245,"[2.533652, 2.493365, 2.488245, 2.471237, 2.468437]",rigetti_rx_iswap,16,"{""kind"": ""core_reference_samples"", ""shots"": 512, ""counts"": {""101010101010101"": 512}, ""total_variation_distance"": 0.0, ""squared_hellinger_fidelity"": 1.0, ""cdf_max_deviation"": 0.0, ""dkw_limit"": 0.14461834543863566, ""false_rejection_bound"": 1e-09, ""reference_support"": 1, ""impossible_outcomes"": {}, ""passed"": true}"
PR 2578,efficient_su2_4_numeric,static: each control-flow region counted once,26,flat circuit,,,0.298707,"[0.335619, 0.30357, 0.295299, 0.291122, 0.298707]",efficient_su2,1a41267a227bf80df2c98dd2db692b02cb42140613c318bab7b45a78042ced4c,8921,numeric,32,32,12,26,0,0,"{""r"": 32, ""cz"": 12}",synthetic,1.083801,"[1.178169, 1.168298, 1.080185, 1.083801, 1.049049]",4,47,exported,2.131298,"[2.188866, 2.148194, 2.131298, 2.114514, 2.102322]",iqm_r_cz,12,"{""kind"": ""full_matrix_including_phase"", ""max_error"": 5.495323605393213e-16, ""samples"": [5.495323605393213e-16], ""passed"": true}"
PR 2578,efficient_su2_4_numeric,static: each control-flow region counted once,28,flat circuit,,,0.340451,"[0.377987, 0.357155, 0.340451, 0.334819, 0.33573]",efficient_su2,1a41267a227bf80df2c98dd2db692b02cb42140613c318bab7b45a78042ced4c,9698,numeric,64,32,12,28,32,0,"{""sx"": 32, ""rz"": 32, ""cx"": 12}",synthetic,1.083801,"[1.178169, 1.168298, 1.080185, 1.083801, 1.049049]",4,34,exported,1.931968,"[1.984929, 1.957184, 1.931968, 1.917344, 1.910064]",ibm_sxz_cx,12,"{""kind"": ""full_matrix_including_phase"", ""max_error"": 8.93798490114984e-16, ""samples"": [8.93798490114984e-16], ""passed"": true}"
PR 2578,efficient_su2_4_numeric,static: each control-flow region counted once,56,flat circuit,,,0.479012,"[0.521892, 0.487764, 0.479012, 0.459412, 0.4601]",efficient_su2,1a41267a227bf80df2c98dd2db692b02cb42140613c318bab7b45a78042ced4c,12771,numeric,109,44,12,56,65,0,"{""rz"": 65, ""sx"": 44, ""cz"": 12}",synthetic,1.083801,"[1.178169, 1.168298, 1.080185, 1.083801, 1.049049]",4,45,exported,2.224274,"[2.261154, 2.225506, 2.224274, 2.221187, 2.218866]",ibm_sxz_cz,12,"{""kind"": ""full_matrix_including_phase"", ""max_error"": 2.6876012085918418e-15, ""samples"": [2.6876012085918418e-15], ""passed"": true}"
PR 2578,efficient_su2_4_numeric,static: each control-flow region counted once,39,flat circuit,,,0.320627,"[0.349123, 0.323698, 0.320627, 0.309171, 0.308434]",efficient_su2,1a41267a227bf80df2c98dd2db692b02cb42140613c318bab7b45a78042ced4c,9183,numeric,66,28,12,39,38,0,"{""rz"": 38, ""rx"": 28, ""rzz"": 12}",synthetic,1.083801,"[1.178169, 1.168298, 1.080185, 1.083801, 1.049049]",4,46,exported,2.080529,"[2.121233, 2.087281, 2.080529, 2.080449, 2.071985]",rxrz_rzz_unbounded,12,"{""kind"": ""full_matrix_including_phase"", ""max_error"": 1.047382306668854e-15, ""samples"": [1.047382306668854e-15], ""passed"": true}"
PR 2578,efficient_su2_4_numeric,static: each control-flow region counted once,39,flat circuit,,,0.311586,"[0.333187, 0.322531, 0.311586, 0.306819, 0.307074]",efficient_su2,1a41267a227bf80df2c98dd2db692b02cb42140613c318bab7b45a78042ced4c,9493,numeric,66,28,12,39,38,0,"{""rz"": 38, ""rx"": 28, ""rzz"": 12}",synthetic,1.083801,"[1.178169, 1.168298, 1.080185, 1.083801, 1.049049]",4,46,exported,2.184226,"[2.222259, 2.184226, 2.189058, 2.158322, 2.149842]",ibm_fractional_bounded,12,"{""kind"": ""full_matrix_including_phase"", ""max_error"": 5.738091871802349e-15, ""samples"": [5.738091871802349e-15], ""passed"": true}"
PR 2578,efficient_su2_4_numeric,static: each control-flow region counted once,59,flat circuit,,,0.948488,"[1.223514, 0.967976, 0.948488, 0.941495, 0.91956]",efficient_su2,1a41267a227bf80df2c98dd2db692b02cb42140613c318bab7b45a78042ced4c,12783,numeric,115,44,12,59,71,0,"{""rz"": 71, ""gpi2"": 44, ""rzz"": 12}",synthetic,1.083801,"[1.178169, 1.168298, 1.080185, 1.083801, 1.049049]",4,50,exported,2.371508,"[2.409971, 2.380836, 2.371508, 2.356611, 2.362259]",ionq_fixed_r_zz,12,"{""kind"": ""full_matrix_including_phase"", ""max_error"": 6.43145260431837e-15, ""samples"": [6.43145260431837e-15], ""passed"": true}"
PR 2578,efficient_su2_4_numeric,static: each control-flow region counted once,57,flat circuit,,,0.865128,"[0.865128, 0.817414, 0.803271, 2.770823, 0.946167]",efficient_su2,1a41267a227bf80df2c98dd2db692b02cb42140613c318bab7b45a78042ced4c,13682,numeric,110,44,12,57,66,0,"{""rz"": 66, ""rxpi2"": 44, ""cz"": 12}",synthetic,1.083801,"[1.178169, 1.168298, 1.080185, 1.083801, 1.049049]",4,46,exported,2.312403,"[2.357988, 2.327299, 2.312403, 2.300083, 2.300146]",rigetti_rx_cz,12,"{""kind"": ""full_matrix_including_phase"", ""max_error"": 1.2902611533826501e-15, ""samples"": [1.2902611533826501e-15], ""passed"": true}"
PR 2578,efficient_su2_4_numeric,static: each control-flow region counted once,87,flat circuit,,,0.9482,"[1.00804, 0.962216, 0.9482, 0.941032, 0.946759]",efficient_su2,1a41267a227bf80df2c98dd2db692b02cb42140613c318bab7b45a78042ced4c,16442,numeric,155,59,24,87,96,0,"{""rz"": 96, ""rxpi2"": 47, ""iswap"": 24, ""rxpi"": 12}",synthetic,1.083801,"[1.178169, 1.168298, 1.080185, 1.083801, 1.049049]",4,49,exported,2.532709,"[2.575638, 2.539093, 2.532709, 2.516756, 2.509236]",rigetti_rx_iswap,24,"{""kind"": ""full_matrix_including_phase"", ""max_error"": 6.337273226263655e-15, ""samples"": [6.337273226263655e-15], ""passed"": true}"
PR 2578,pauli_layers_4_numeric,static: each control-flow region counted once,51,flat circuit,,,0.490868,"[0.533445, 0.500228, 0.490868, 0.481412, 0.479204]",pauli_layers,de985cf53b113307d72d7e3dc0c0ab5f13bfc7eac7c9f52c7861452c58f6f2de,15150,numeric,52,52,24,51,0,0,"{""r"": 52, ""cz"": 24}",synthetic,1.024377,"[1.050696, 1.067369, 1.002056, 1.024377, 0.989256]",4,80,exported,2.411284,"[2.465588, 2.42418, 2.411284, 2.40722, 2.409268]",iqm_r_cz,24,"{""kind"": ""full_matrix_including_phase"", ""max_error"": 1.1968745208104191e-14, ""samples"": [1.1968745208104191e-14], ""passed"": true}"
PR 2578,pauli_layers_4_numeric,static: each control-flow region counted once,118,flat circuit,,,0.766295,"[0.785175, 0.768742, 0.766295, 0.75079, 0.737622]",pauli_layers,de985cf53b113307d72d7e3dc0c0ab5f13bfc7eac7c9f52c7861452c58f6f2de,20484,numeric,176,69,24,118,107,0,"{""rz"": 107, ""sx"": 66, ""x"": 3, ""cx"": 24}",synthetic,1.024377,"[1.050696, 1.067369, 1.002056, 1.024377, 0.989256]",4,60,exported,2.102209,"[2.172002, 2.110145, 2.102209, 2.095282, 2.082225]",ibm_sxz_cx,24,"{""kind"": ""full_matrix_including_phase"", ""max_error"": 5.8865381642706736e-15, ""samples"": [5.8865381642706736e-15], ""passed"": true}"
PR 2578,pauli_layers_4_numeric,static: each control-flow region counted once,143,flat circuit,,,0.847175,"[0.872567, 0.850887, 0.847175, 0.833959, 0.826343]",pauli_layers,de985cf53b113307d72d7e3dc0c0ab5f13bfc7eac7c9f52c7861452c58f6f2de,22568,numeric,213,87,24,143,126,0,"{""rz"": 126, ""sx"": 84, ""cz"": 24, ""x"": 3}",synthetic,1.024377,"[1.050696, 1.067369, 1.002056, 1.024377, 0.989256]",4,61,exported,2.286835,"[2.329859, 2.297939, 2.286835, 2.282803, 2.271042]",ibm_sxz_cz,24,"{""kind"": ""full_matrix_including_phase"", ""max_error"": 1.185198828989581e-14, ""samples"": [1.185198828989581e-14], ""passed"": true}"
PR 2578,pauli_layers_4_numeric,static: each control-flow region counted once,99,flat circuit,,,0.55658,"[0.598245, 0.55658, 0.559781, 0.542708, 0.549845]",pauli_layers,de985cf53b113307d72d7e3dc0c0ab5f13bfc7eac7c9f52c7861452c58f6f2de,15271,numeric,147,49,24,99,98,0,"{""rz"": 98, ""rx"": 49, ""rzz"": 24}",synthetic,1.024377,"[1.050696, 1.067369, 1.002056, 1.024377, 0.989256]",4,43,exported,1.873023,"[1.918656, 1.885584, 1.873023, 1.869071, 1.858303]",rxrz_rzz_unbounded,24,"{""kind"": ""full_matrix_including_phase"", ""max_error"": 1.821377042022605e-15, ""samples"": [1.821377042022605e-15], ""passed"": true}"
PR 2578,pauli_layers_4_numeric,static: each control-flow region counted once,99,flat circuit,,,0.556068,"[0.577749, 0.562645, 0.556068, 0.550309, 0.544084]",pauli_layers,de985cf53b113307d72d7e3dc0c0ab5f13bfc7eac7c9f52c7861452c58f6f2de,15793,numeric,147,49,24,99,98,0,"{""rz"": 98, ""rx"": 49, ""rzz"": 24}",synthetic,1.024377,"[1.050696, 1.067369, 1.002056, 1.024377, 0.989256]",4,44,exported,2.030288,"[2.071889, 2.031952, 2.01648, 2.012272, 2.030288]",ibm_fractional_bounded,24,"{""kind"": ""full_matrix_including_phase"", ""max_error"": 1.8177253402510354e-15, ""samples"": [1.8177253402510354e-15], ""passed"": true}"
PR 2578,pauli_layers_4_numeric,static: each control-flow region counted once,111,flat circuit,,,1.27209,"[1.297579, 1.27209, 1.40182, 1.269978, 1.263626]",pauli_layers,de985cf53b113307d72d7e3dc0c0ab5f13bfc7eac7c9f52c7861452c58f6f2de,16505,numeric,159,61,24,111,98,0,"{""gpi2"": 61, ""rz"": 98, ""rzz"": 24}",synthetic,1.024377,"[1.050696, 1.067369, 1.002056, 1.024377, 0.989256]",4,41,exported,2.049345,"[2.098401, 2.062113, 2.049345, 2.04048, 2.036849]",ionq_fixed_r_zz,24,"{""kind"": ""full_matrix_including_phase"", ""max_error"": 1.5265566588595902e-15, ""samples"": [1.5265566588595902e-15], ""passed"": true}"
PR 2578,pauli_layers_4_numeric,static: each control-flow region counted once,141,flat circuit,,,1.469005,"[1.522348, 1.605101, 1.469005, 1.460012, 1.452764]",pauli_layers,de985cf53b113307d72d7e3dc0c0ab5f13bfc7eac7c9f52c7861452c58f6f2de,25015,numeric,224,91,24,141,133,0,"{""rxpi2"": 88, ""rz"": 133, ""cz"": 24, ""rxpi"": 3}",synthetic,1.024377,"[1.050696, 1.067369, 1.002056, 1.024377, 0.989256]",4,71,exported,2.4029,"[2.440709, 2.4029, 2.42362, 2.367907, 2.375283]",rigetti_rx_cz,24,"{""kind"": ""full_matrix_including_phase"", ""max_error"": 2.1276056357529602e-14, ""samples"": [2.1276056357529602e-14], ""passed"": true}"
PR 2578,pauli_layers_4_numeric,static: each control-flow region counted once,122,flat circuit,,,1.236123,"[1.268858, 1.236123, 1.367115, 1.231722, 1.206682]",pauli_layers,de985cf53b113307d72d7e3dc0c0ab5f13bfc7eac7c9f52c7861452c58f6f2de,19689,numeric,193,92,24,122,101,0,"{""rz"": 101, ""rxpi2"": 90, ""iswap"": 24, ""rxpi"": 2}",synthetic,1.024377,"[1.050696, 1.067369, 1.002056, 1.024377, 0.989256]",4,64,exported,2.22453,"[2.257811, 2.239362, 2.22453, 2.207843, 2.194626]",rigetti_rx_iswap,24,"{""kind"": ""full_matrix_including_phase"", ""max_error"": 4.826529453850833e-15, ""samples"": [4.826529453850833e-15], ""passed"": true}"
PR 2578,equatorial_frames_4_numeric,static: each control-flow region counted once,28,flat circuit,,,0.221186,"[0.24861, 0.224994, 0.221186, 0.212769, 0.210002]",equatorial_frames,e15dc635e66dac2a263d527234836cb44a5d2719a0f702cdc020ae04e40386b9,6514,numeric,16,16,12,28,0,0,"{""r"": 16, ""cz"": 12}",synthetic,0.977272,"[1.022041, 1.036312, 0.964216, 0.977272, 0.943432]",4,22,exported,1.653486,"[1.698382, 1.668478, 1.653486, 1.632061, 1.636157]",iqm_r_cz,12,"{""kind"": ""full_matrix_including_phase"", ""max_error"": 5.551115123125783e-16, ""samples"": [5.551115123125783e-16], ""passed"": true}"
PR 2578,equatorial_frames_4_numeric,static: each control-flow region counted once,75,flat circuit,,,0.444419,"[0.46938, 0.44882, 0.442915, 0.4325, 0.444419]",equatorial_frames,e15dc635e66dac2a263d527234836cb44a5d2719a0f702cdc020ae04e40386b9,12035,numeric,99,37,12,75,62,0,"{""rz"": 62, ""sx"": 37, ""cx"": 12}",synthetic,0.977272,"[1.022041, 1.036312, 0.964216, 0.977272, 0.943432]",4,41,exported,1.945568,"[2.003905, 1.973824, 1.944047, 1.945568, 1.941344]",ibm_sxz_cx,12,"{""kind"": ""full_matrix_including_phase"", ""max_error"": 3.4783173964778735e-15, ""samples"": [3.4783173964778735e-15], ""passed"": true}"
PR 2578,equatorial_frames_4_numeric,static: each control-flow region counted once,72,flat circuit,,,0.314818,"[0.333363, 0.314818, 0.322515, 0.309059, 0.306562]",equatorial_frames,e15dc635e66dac2a263d527234836cb44a5d2719a0f702cdc020ae04e40386b9,8531,numeric,60,24,12,72,36,0,"{""rz"": 36, ""sx"": 24, ""cz"": 12}",synthetic,0.977272,"[1.022041, 1.036312, 0.964216, 0.977272, 0.943432]",4,16,exported,1.649486,"[1.696926, 1.665822, 1.645774, 1.643406, 1.649486]",ibm_sxz_cz,12,"{""kind"": ""full_matrix_including_phase"", ""max_error"": 1.7521222364188107e-15, ""samples"": [1.7521222364188107e-15], ""passed"": true}"
PR 2578,equatorial_frames_4_numeric,static: each control-flow region counted once,51,flat circuit,,,0.27501,"[0.308034, 0.296915, 0.27501, 0.272786, 0.274418]",equatorial_frames,e15dc635e66dac2a263d527234836cb44a5d2719a0f702cdc020ae04e40386b9,7814,numeric,63,25,12,51,38,0,"{""rz"": 38, ""rx"": 25, ""rzz"": 12}",synthetic,0.977272,"[1.022041, 1.036312, 0.964216, 0.977272, 0.943432]",4,24,exported,1.804399,"[1.866832, 1.824671, 1.804399, 1.79523, 1.802495]",rxrz_rzz_unbounded,12,"{""kind"": ""full_matrix_including_phase"", ""max_error"": 1.1453068470775915e-14, ""samples"": [1.1453068470775915e-14], ""passed"": true}"
PR 2578,equatorial_frames_4_numeric,static: each control-flow region counted once,48,flat circuit,,,0.26381,"[0.281411, 0.270498, 0.257266, 0.26381, 0.25893]",equatorial_frames,e15dc635e66dac2a263d527234836cb44a5d2719a0f702cdc020ae04e40386b9,7629,numeric,36,12,12,48,24,0,"{""rz"": 24, ""rx"": 12, ""cz"": 12}",synthetic,0.977272,"[1.022041, 1.036312, 0.964216, 0.977272, 0.943432]",4,16,exported,1.578701,"[1.623197, 1.581981, 1.578701, 1.567405, 1.560893]",ibm_fractional_bounded,12,"{""kind"": ""full_matrix_including_phase"", ""max_error"": 1.7772239894833365e-15, ""samples"": [1.7772239894833365e-15], ""passed"": true}"
PR 2578,equatorial_frames_4_numeric,static: each control-flow region counted once,74,flat circuit,,,0.796135,"[0.797655, 1.056312, 0.796135, 0.781734, 0.775527]",equatorial_frames,e15dc635e66dac2a263d527234836cb44a5d2719a0f702cdc020ae04e40386b9,9642,numeric,86,37,12,74,49,0,"{""rz"": 49, ""gpi2"": 24, ""gpi"": 13, ""rzz"": 12}",synthetic,0.977272,"[1.022041, 1.036312, 0.964216, 0.977272, 0.943432]",4,25,exported,1.997504,"[2.029473, 2.013873, 1.997504, 1.984608, 1.980385]",ionq_fixed_r_zz,12,"{""kind"": ""full_matrix_including_phase"", ""max_error"": 1.2040290643249274e-14, ""samples"": [1.2040290643249274e-14], ""passed"": true}"
PR 2578,equatorial_frames_4_numeric,static: each control-flow region counted once,72,flat circuit,,,0.530756,"[0.577077, 0.553541, 0.530756, 0.530021, 0.516548]",equatorial_frames,e15dc635e66dac2a263d527234836cb44a5d2719a0f702cdc020ae04e40386b9,9250,numeric,60,24,12,72,36,0,"{""rz"": 36, ""rxpi2"": 24, ""cz"": 12}",synthetic,0.977272,"[1.022041, 1.036312, 0.964216, 0.977272, 0.943432]",4,17,exported,1.697646,"[1.750271, 1.70611, 1.697646, 1.691358, 1.685118]",rigetti_rx_cz,12,"{""kind"": ""full_matrix_including_phase"", ""max_error"": 1.2947314098277873e-15, ""samples"": [1.2947314098277873e-15], ""passed"": true}"
PR 2578,equatorial_frames_4_numeric,static: each control-flow region counted once,123,flat circuit,,,0.985752,"[1.026505, 0.985752, 0.98292, 0.979512, 1.131961]",equatorial_frames,e15dc635e66dac2a263d527234836cb44a5d2719a0f702cdc020ae04e40386b9,16439,numeric,162,61,24,123,101,0,"{""rz"": 101, ""rxpi2"": 49, ""iswap"": 24, ""rxpi"": 12}",synthetic,0.977272,"[1.022041, 1.036312, 0.964216, 0.977272, 0.943432]",4,42,exported,2.312707,"[2.337699, 2.312707, 2.296739, 2.283523, 2.458612]",rigetti_rx_iswap,24,"{""kind"": ""full_matrix_including_phase"", ""max_error"": 1.1761685116912537e-14, ""samples"": [1.1761685116912537e-14], ""passed"": true}"
PR 2578,efficient_su2_4_symbolic,static: each control-flow region counted once,30,flat circuit,,,1.056985,"[1.158105, 1.079529, 1.056985, 1.05036, 1.049113]",efficient_su2,8c3cbfc30e71e903e1b8a918baecc81c8952781dba208d7d1cd41bbf9a57579e,19780,symbolic,44,44,12,30,0,0,"{""r"": 44, ""cz"": 12}",synthetic,1.131785,"[1.153402, 1.164121, 1.10649, 1.131785, 1.095849]",4,139,exported,2.060881,"[2.104881, 2.076881, 2.060881, 2.055281, 2.037745]",iqm_r_cz,12,"{""kind"": ""full_matrix_including_phase"", ""max_error"": 1.346360005220471e-15, ""samples"": [1.1848250235641786e-15, 9.694605782913356e-16, 1.346360005220471e-15], ""passed"": true}"
PR 2578,efficient_su2_4_symbolic,static: each control-flow region counted once,28,flat circuit,,,0.993384,"[1.047337, 1.016712, 0.986664, 0.97212, 0.993384]",efficient_su2,8c3cbfc30e71e903e1b8a918baecc81c8952781dba208d7d1cd41bbf9a57579e,21415,symbolic,64,32,12,28,32,0,"{""sx"": 32, ""rz"": 32, ""cx"": 12}",synthetic,1.131785,"[1.153402, 1.164121, 1.10649, 1.131785, 1.095849]",4,164,exported,2.186226,"[2.246211, 2.191522, 2.180018, 2.159458, 2.186226]",ibm_sxz_cx,12,"{""kind"": ""full_matrix_including_phase"", ""max_error"": 1.0179146870343963e-15, ""samples"": [6.107803453188451e-16, 1.0179146870343963e-15, 8.441528768080324e-16], ""passed"": true}"
PR 2578,efficient_su2_4_symbolic,static: each control-flow region counted once,57,flat circuit,,,1.206522,"[1.259035, 1.245338, 1.206522, 1.193146, 1.176937]",efficient_su2,8c3cbfc30e71e903e1b8a918baecc81c8952781dba208d7d1cd41bbf9a57579e,25485,symbolic,118,53,12,57,65,0,"{""sx"": 53, ""rz"": 65, ""cz"": 12}",synthetic,1.131785,"[1.153402, 1.164121, 1.10649, 1.131785, 1.095849]",4,191,exported,2.495044,"[2.544533, 2.510052, 2.495044, 2.487508, 2.472788]",ibm_sxz_cz,12,"{""kind"": ""full_matrix_including_phase"", ""max_error"": 1.1240151438116956e-15, ""samples"": [8.345155887641792e-16, 9.18873053048877e-16, 1.1240151438116956e-15], ""passed"": true}"
PR 2578,efficient_su2_4_symbolic,static: each control-flow region counted once,42,flat circuit,,,0.990824,"[1.062073, 1.003832, 0.990824, 0.984472, 0.978424]",efficient_su2,8c3cbfc30e71e903e1b8a918baecc81c8952781dba208d7d1cd41bbf9a57579e,20873,symbolic,87,37,12,42,50,0,"{""rz"": 50, ""rx"": 37, ""rzz"": 12}",synthetic,1.131785,"[1.153402, 1.164121, 1.10649, 1.131785, 1.095849]",4,147,exported,2.449716,"[2.491604, 2.451668, 2.431236, 2.42122, 2.449716]",rxrz_rzz_unbounded,12,"{""kind"": ""full_matrix_including_phase"", ""max_error"": 9.915579844919225e-16, ""samples"": [8.361583092101496e-16, 9.915579844919225e-16, 8.049116928532385e-16], ""passed"": true}"
PR 2578,efficient_su2_4_symbolic,static: each control-flow region counted once,48,flat circuit,,,1.109001,"[1.230571, 1.125177, 1.109001, 1.101209, 1.096793]",efficient_su2,8c3cbfc30e71e903e1b8a918baecc81c8952781dba208d7d1cd41bbf9a57579e,23154,symbolic,111,49,12,48,62,0,"{""rz"": 62, ""rx"": 49, ""rzz"": 12}",synthetic,1.131785,"[1.153402, 1.164121, 1.10649, 1.131785, 1.095849]",4,162,exported,2.597142,"[2.651462, 2.599557, 2.597142, 2.596022, 2.591973]",ibm_fractional_bounded,12,"{""kind"": ""full_matrix_including_phase"", ""max_error"": 6.60675989117149e-15, ""samples"": [6.354754052983605e-15, 5.024065868511192e-15, 6.60675989117149e-15], ""passed"": true}"
PR 2578,efficient_su2_4_symbolic,static: each control-flow region counted once,60,flat circuit,,,1.819903,"[1.870975, 2.793351, 1.819903, 1.771423, 1.809487]",efficient_su2,8c3cbfc30e71e903e1b8a918baecc81c8952781dba208d7d1cd41bbf9a57579e,25687,symbolic,130,53,12,60,77,0,"{""gpi2"": 53, ""rz"": 77, ""rzz"": 12}",synthetic,1.131785,"[1.153402, 1.164121, 1.10649, 1.131785, 1.095849]",4,193,exported,2.642246,"[2.686598, 2.642246, 2.613494, 2.642726, 2.613942]",ionq_fixed_r_zz,12,"{""kind"": ""full_matrix_including_phase"", ""max_error"": 6.453156408263988e-15, ""samples"": [6.274049485566864e-15, 5.648259637780484e-15, 6.453156408263988e-15], ""passed"": true}"
PR 2578,efficient_su2_4_symbolic,static: each control-flow region counted once,57,flat circuit,,,1.58931,"[1.644333, 1.58931, 1.583133, 1.542588, 1.754111]",efficient_su2,8c3cbfc30e71e903e1b8a918baecc81c8952781dba208d7d1cd41bbf9a57579e,26280,symbolic,118,53,12,57,65,0,"{""rxpi2"": 53, ""rz"": 65, ""cz"": 12}",synthetic,1.131785,"[1.153402, 1.164121, 1.10649, 1.131785, 1.095849]",4,190,exported,2.571973,"[2.664694, 2.59159, 2.571973, 2.556325, 2.540469]",rigetti_rx_cz,12,"{""kind"": ""full_matrix_including_phase"", ""max_error"": 1.0235750533041806e-15, ""samples"": [1.0235750533041806e-15, 9.214892904859677e-16, 1.0053497077208614e-15], ""passed"": true}"
PR 2578,efficient_su2_4_symbolic,static: each control-flow region counted once,92,flat circuit,,,1.768111,"[1.797951, 1.781662, 1.768111, 1.735614, 1.731743]",efficient_su2,8c3cbfc30e71e903e1b8a918baecc81c8952781dba208d7d1cd41bbf9a57579e,29686,symbolic,175,71,24,92,104,0,"{""rxpi2"": 56, ""rz"": 104, ""rxpi"": 15, ""iswap"": 24}",synthetic,1.131785,"[1.153402, 1.164121, 1.10649, 1.131785, 1.095849]",4,192,exported,2.795463,"[2.837799, 2.812968, 2.795463, 2.784167, 2.774343]",rigetti_rx_iswap,24,"{""kind"": ""full_matrix_including_phase"", ""max_error"": 7.021666937153402e-15, ""samples"": [7.021666937153402e-15, 5.442641205208295e-15, 6.102440610499343e-15], ""passed"": true}"
PR 2578,pauli_layers_4_symbolic,static: each control-flow region counted once,63,flat circuit,,,0.72319,"[0.788998, 0.740758, 0.718246, 0.707958, 0.72319]",pauli_layers,08c923172691102be4bab5a823f6d2747b508a0c023a0498c94d556f3e085b7e,16420,symbolic,64,64,24,63,0,0,"{""r"": 64, ""cz"": 24}",synthetic,1.049801,"[1.080504, 1.09252, 1.035912, 1.049801, 1.021]",4,49,exported,2.580005,"[2.637077, 2.592229, 2.580005, 2.571286, 2.574213]",iqm_r_cz,24,"{""kind"": ""full_matrix_including_phase"", ""max_error"": 2.6184557666721354e-15, ""samples"": [2.6184557666721354e-15, 2.2081932844405204e-15, 1.7120938570526363e-15], ""passed"": true}"
PR 2578,pauli_layers_4_symbolic,static: each control-flow region counted once,134,flat circuit,,,1.69635,"[1.769535, 1.70955, 1.69635, 1.689486, 1.689406]",pauli_layers,08c923172691102be4bab5a823f6d2747b508a0c023a0498c94d556f3e085b7e,28545,symbolic,140,55,24,134,85,0,"{""sx"": 55, ""rz"": 85, ""cx"": 24}",synthetic,1.049801,"[1.080504, 1.09252, 1.035912, 1.049801, 1.021]",4,280,exported,3.455308,"[3.526461, 3.46414, 3.455308, 3.44638, 3.447772]",ibm_sxz_cx,24,"{""kind"": ""full_matrix_including_phase"", ""max_error"": 1.048944124931556e-15, ""samples"": [8.448655429348029e-16, 8.833950494912839e-16, 1.048944124931556e-15], ""passed"": true}"
PR 2578,pauli_layers_4_symbolic,static: each control-flow region counted once,123,flat circuit,,,1.730158,"[1.778527, 1.734526, 1.720463, 1.730158, 1.70915]",pauli_layers,08c923172691102be4bab5a823f6d2747b508a0c023a0498c94d556f3e085b7e,31893,symbolic,192,84,24,123,108,0,"{""sx"": 84, ""rz"": 108, ""cz"": 24}",synthetic,1.049801,"[1.080504, 1.09252, 1.035912, 1.049801, 1.021]",4,295,exported,3.614702,"[3.658622, 3.624302, 3.614702, 3.591549, 3.599421]",ibm_sxz_cz,24,"{""kind"": ""full_matrix_including_phase"", ""max_error"": 1.2852509923361009e-15, ""samples"": [8.921809491438631e-16, 1.0532500405730103e-15, 1.2852509923361009e-15], ""passed"": true}"
PR 2578,pauli_layers_4_symbolic,static: each control-flow region counted once,99,flat circuit,,,0.902759,"[0.957768, 0.917368, 0.902759, 0.886648, 0.885063]",pauli_layers,08c923172691102be4bab5a823f6d2747b508a0c023a0498c94d556f3e085b7e,18931,symbolic,147,49,24,99,98,0,"{""rz"": 98, ""rx"": 49, ""rzz"": 24}",synthetic,1.049801,"[1.080504, 1.09252, 1.035912, 1.049801, 1.021]",4,86,exported,2.042785,"[2.086401, 2.042785, 2.037424, 2.069297, 2.020801]",rxrz_rzz_unbounded,24,"{""kind"": ""full_matrix_including_phase"", ""max_error"": 1.2779626727101132e-15, ""samples"": [1.2779626727101132e-15, 9.543438954070612e-16, 1.0892958453684546e-15], ""passed"": true}"
PR 2578,pauli_layers_4_symbolic,static: each control-flow region counted once,99,flat circuit,,,0.9266,"[0.981512, 0.934536, 0.9266, 0.906951, 0.903656]",pauli_layers,08c923172691102be4bab5a823f6d2747b508a0c023a0498c94d556f3e085b7e,19483,symbolic,145,48,24,99,97,0,"{""rz"": 97, ""rx"": 48, ""rzz"": 24}",synthetic,1.049801,"[1.080504, 1.09252, 1.035912, 1.049801, 1.021]",4,92,exported,2.651477,"[2.695591, 2.670022, 2.648934, 2.651477, 2.640646]",ibm_fractional_bounded,24,"{""kind"": ""full_matrix_including_phase"", ""max_error"": 1.3368855554576669e-15, ""samples"": [1.3368855554576669e-15, 1.1905057257891367e-15, 1.1322097734007353e-15], ""passed"": true}"
PR 2578,pauli_layers_4_symbolic,static: each control-flow region counted once,111,flat circuit,,,1.869935,"[1.916096, 2.46106, 1.869935, 1.858032, 1.839919]",pauli_layers,08c923172691102be4bab5a823f6d2747b508a0c023a0498c94d556f3e085b7e,22671,symbolic,159,61,24,111,98,0,"{""gpi2"": 61, ""rz"": 98, ""rzz"": 24}",synthetic,1.049801,"[1.080504, 1.09252, 1.035912, 1.049801, 1.021]",4,148,exported,2.37658,"[2.421556, 2.384276, 2.37658, 2.356996, 2.3637]",ionq_fixed_r_zz,24,"{""kind"": ""full_matrix_including_phase"", ""max_error"": 1.2523886564118043e-15, ""samples"": [1.125546823796841e-15, 1.2523886564118043e-15, 1.1864950610567255e-15], ""passed"": true}"
PR 2578,pauli_layers_4_symbolic,static: each control-flow region counted once,123,flat circuit,,,2.268947,"[2.323395, 2.287539, 2.267267, 2.268947, 2.244146]",pauli_layers,08c923172691102be4bab5a823f6d2747b508a0c023a0498c94d556f3e085b7e,32993,symbolic,192,84,24,123,108,0,"{""rxpi2"": 84, ""rz"": 108, ""cz"": 24}",synthetic,1.049801,"[1.080504, 1.09252, 1.035912, 1.049801, 1.021]",4,295,exported,3.728014,"[3.784159, 3.760303, 3.728014, 3.722079, 3.721135]",rigetti_rx_cz,24,"{""kind"": ""full_matrix_including_phase"", ""max_error"": 1.5859585452872752e-15, ""samples"": [1.397735073462211e-15, 1.340625907590245e-15, 1.5859585452872752e-15], ""passed"": true}"
PR 2578,pauli_layers_4_symbolic,static: each control-flow region counted once,123,flat circuit,,,1.998832,"[2.073649, 2.362548, 1.998832, 1.991393, 1.980896]",pauli_layers,08c923172691102be4bab5a823f6d2747b508a0c023a0498c94d556f3e085b7e,28452,symbolic,186,85,24,123,101,0,"{""rxpi2"": 85, ""rz"": 101, ""iswap"": 24}",synthetic,1.049801,"[1.080504, 1.09252, 1.035912, 1.049801, 1.021]",4,268,exported,3.40902,"[3.461468, 3.413276, 3.40902, 3.394844, 3.392092]",rigetti_rx_iswap,24,"{""kind"": ""full_matrix_including_phase"", ""max_error"": 1.3438229978002476e-15, ""samples"": [9.888840587141667e-16, 1.0235750533041806e-15, 1.3438229978002476e-15], ""passed"": true}"
PR 2578,equatorial_frames_4_symbolic,static: each control-flow region counted once,28,flat circuit,,,0.62407,"[0.682933, 0.641973, 0.62407, 0.618357, 0.592245]",equatorial_frames,2ff7e9fd83b36271b3ebee8edddaa3815481887e6c05757b8ab745ec2de8162e,11097,symbolic,16,16,12,28,0,0,"{""r"": 16, ""cz"": 12}",synthetic,1.012297,"[1.040344, 1.058121, 0.99892, 1.012297, 0.971896]",4,83,exported,1.52518,"[1.584861, 1.539068, 1.52518, 1.512828, 1.503132]",iqm_r_cz,12,"{""kind"": ""full_matrix_including_phase"", ""max_error"": 1.0190492755571723e-15, ""samples"": [7.301351988545592e-16, 9.485749680535094e-16, 1.0190492755571723e-15], ""passed"": true}"
PR 2578,equatorial_frames_4_symbolic,static: each control-flow region counted once,97,flat circuit,,,0.805894,"[0.863959, 0.824807, 0.805894, 0.791751, 0.788406]",equatorial_frames,2ff7e9fd83b36271b3ebee8edddaa3815481887e6c05757b8ab745ec2de8162e,16786,symbolic,121,48,12,97,73,0,"{""rz"": 73, ""sx"": 48, ""cx"": 12}",synthetic,1.012297,"[1.040344, 1.058121, 0.99892, 1.012297, 0.971896]",4,79,exported,1.985169,"[2.038225, 2.007409, 1.985169, 1.977505, 1.96504]",ibm_sxz_cx,12,"{""kind"": ""full_matrix_including_phase"", ""max_error"": 1.793620188084545e-15, ""samples"": [1.2412670766236366e-15, 1.793620188084545e-15, 1.4946834900704542e-15], ""passed"": true}"
PR 2578,equatorial_frames_4_symbolic,static: each control-flow region counted once,72,flat circuit,,,0.619349,"[0.662534, 0.634485, 0.619349, 0.614149, 0.604853]",equatorial_frames,2ff7e9fd83b36271b3ebee8edddaa3815481887e6c05757b8ab745ec2de8162e,12822,symbolic,60,24,12,72,36,0,"{""rz"": 36, ""sx"": 24, ""cz"": 12}",synthetic,1.012297,"[1.040344, 1.058121, 0.99892, 1.012297, 0.971896]",4,65,exported,1.72411,"[1.77427, 1.732606, 1.722927, 1.72411, 1.70531]",ibm_sxz_cz,12,"{""kind"": ""full_matrix_including_phase"", ""max_error"": 1.3887672211562267e-15, ""samples"": [1.3887672211562267e-15, 1.2658490090568385e-15, 8.355534721610419e-16], ""passed"": true}"
PR 2578,equatorial_frames_4_symbolic,static: each control-flow region counted once,73,flat circuit,,,0.663238,"[0.702501, 0.68255, 0.663238, 0.652725, 0.656949]",equatorial_frames,2ff7e9fd83b36271b3ebee8edddaa3815481887e6c05757b8ab745ec2de8162e,13577,symbolic,85,36,12,73,49,0,"{""rz"": 49, ""rx"": 36, ""rzz"": 12}",synthetic,1.012297,"[1.040344, 1.058121, 0.99892, 1.012297, 0.971896]",4,80,exported,1.934592,"[1.974832, 1.954864, 1.926736, 1.934592, 1.923487]",rxrz_rzz_unbounded,12,"{""kind"": ""full_matrix_including_phase"", ""max_error"": 1.1443723457837486e-14, ""samples"": [1.0692923311161519e-14, 1.072802367580675e-14, 1.1443723457837486e-14], ""passed"": true}"
PR 2578,equatorial_frames_4_symbolic,static: each control-flow region counted once,48,flat circuit,,,0.553797,"[0.600917, 0.580548, 0.553797, 0.54802, 0.537765]",equatorial_frames,2ff7e9fd83b36271b3ebee8edddaa3815481887e6c05757b8ab745ec2de8162e,11869,symbolic,36,12,12,48,24,0,"{""rz"": 24, ""rx"": 12, ""cz"": 12}",synthetic,1.012297,"[1.040344, 1.058121, 0.99892, 1.012297, 0.971896]",4,65,exported,1.675182,"[1.726654, 1.680638, 1.675182, 1.665374, 1.665022]",ibm_fractional_bounded,12,"{""kind"": ""full_matrix_including_phase"", ""max_error"": 1.4110544017705817e-15, ""samples"": [1.4110544017705817e-15, 1.0053497077208614e-15, 1.0057327710640516e-15], ""passed"": true}"
PR 2578,equatorial_frames_4_symbolic,static: each control-flow region counted once,85,flat circuit,,,1.282234,"[1.320411, 1.281707, 1.282234, 1.266091, 1.393611]",equatorial_frames,2ff7e9fd83b36271b3ebee8edddaa3815481887e6c05757b8ab745ec2de8162e,14940,symbolic,97,48,12,85,49,0,"{""rz"": 49, ""gpi2"": 24, ""gpi"": 24, ""rzz"": 12}",synthetic,1.012297,"[1.040344, 1.058121, 0.99892, 1.012297, 0.971896]",4,82,exported,2.075297,"[2.11381, 2.075297, 2.077665, 2.067057, 2.050065]",ionq_fixed_r_zz,12,"{""kind"": ""full_matrix_including_phase"", ""max_error"": 1.1826481082438157e-14, ""samples"": [1.1469334655223673e-14, 1.0864880988549205e-14, 1.1826481082438157e-14], ""passed"": true}"
PR 2578,equatorial_frames_4_symbolic,static: each control-flow region counted once,72,flat circuit,,,0.788294,"[0.841623, 0.788294, 0.765303, 0.746982, 0.913559]",equatorial_frames,2ff7e9fd83b36271b3ebee8edddaa3815481887e6c05757b8ab745ec2de8162e,13518,symbolic,60,24,12,72,36,0,"{""rz"": 36, ""rxpi2"": 24, ""cz"": 12}",synthetic,1.012297,"[1.040344, 1.058121, 0.99892, 1.012297, 0.971896]",4,66,exported,1.74331,"[1.835551, 1.778382, 1.74331, 1.740671, 1.73027]",rigetti_rx_cz,12,"{""kind"": ""full_matrix_including_phase"", ""max_error"": 6.890150443143122e-16, ""samples"": [6.890150443143122e-16, 5.551115123125783e-16, 6.753223014464258e-16], ""passed"": true}"
PR 2578,equatorial_frames_4_symbolic,static: each control-flow region counted once,145,flat circuit,,,1.320587,"[1.395932, 1.337435, 1.320587, 1.319819, 1.315131]",equatorial_frames,2ff7e9fd83b36271b3ebee8edddaa3815481887e6c05757b8ab745ec2de8162e,21321,symbolic,184,72,24,145,112,0,"{""rz"": 112, ""rxpi2"": 60, ""iswap"": 24, ""rxpi"": 12}",synthetic,1.012297,"[1.040344, 1.058121, 0.99892, 1.012297, 0.971896]",4,81,exported,2.355075,"[2.411412, 2.376275, 2.355075, 2.349092, 2.353619]",rigetti_rx_iswap,24,"{""kind"": ""full_matrix_including_phase"", ""max_error"": 1.293162620582532e-14, ""samples"": [1.2510100240400245e-14, 1.2390805207033132e-14, 1.293162620582532e-14], ""passed"": true}"
PR 2578,efficient_su2_8_numeric,static: each control-flow region counted once,50,flat circuit,,,0.554789,"[0.600789, 0.566516, 0.554789, 0.552244, 0.549157]",efficient_su2,61dcf5cd5f16f5335990b02319f38a918049ae3a7a8403e194a0a490d44cb5e2,17138,numeric,64,64,24,50,0,0,"{""r"": 64, ""cz"": 24}",synthetic,1.454988,"[1.487612, 1.508141, 1.431548, 1.454988, 1.427339]",8,96,exported,4.034961,"[4.099634, 4.078722, 4.034961, 4.015874, 4.004849]",iqm_r_cz,24,"{""kind"": ""sample_state_including_phase"", ""max_error"": 3.2661208498811873e-16, ""samples"": [3.2661208498811873e-16], ""passed"": true}"
PR 2578,efficient_su2_8_numeric,static: each control-flow region counted once,40,flat circuit,,,0.648181,"[0.672981, 0.649286, 0.648181, 0.643893, 0.628502]",efficient_su2,61dcf5cd5f16f5335990b02319f38a918049ae3a7a8403e194a0a490d44cb5e2,18260,numeric,128,64,24,40,64,0,"{""sx"": 64, ""rz"": 64, ""cx"": 24}",synthetic,1.454988,"[1.487612, 1.508141, 1.431548, 1.454988, 1.427339]",8,65,exported,3.651662,"[3.682846, 3.667102, 3.651662, 3.641742, 3.637182]",ibm_sxz_cx,24,"{""kind"": ""sample_state_including_phase"", ""max_error"": 3.0126308872686096e-16, ""samples"": [3.0126308872686096e-16], ""passed"": true}"
PR 2578,efficient_su2_8_numeric,static: each control-flow region counted once,104,flat circuit,,,0.922216,"[0.94772, 0.930375, 0.922216, 0.921815, 0.902744]",efficient_su2,61dcf5cd5f16f5335990b02319f38a918049ae3a7a8403e194a0a490d44cb5e2,24863,numeric,221,88,24,104,133,0,"{""rz"": 133, ""sx"": 88, ""cz"": 24}",synthetic,1.454988,"[1.487612, 1.508141, 1.431548, 1.454988, 1.427339]",8,89,exported,4.241522,"[4.282532, 4.288308, 4.241522, 4.221155, 4.226611]",ibm_sxz_cz,24,"{""kind"": ""sample_state_including_phase"", ""max_error"": 7.66582920681876e-16, ""samples"": [7.66582920681876e-16], ""passed"": true}"
PR 2578,efficient_su2_8_numeric,static: each control-flow region counted once,75,flat circuit,,,0.586933,"[0.632501, 0.620533, 0.586933, 0.582949, 0.582213]",efficient_su2,61dcf5cd5f16f5335990b02319f38a918049ae3a7a8403e194a0a490d44cb5e2,17408,numeric,134,56,24,75,78,0,"{""rz"": 78, ""rx"": 56, ""rzz"": 24}",synthetic,1.454988,"[1.487612, 1.508141, 1.431548, 1.454988, 1.427339]",8,89,exported,3.971905,"[3.995057, 3.980001, 3.971905, 3.95, 3.955761]",rxrz_rzz_unbounded,24,"{""kind"": ""sample_state_including_phase"", ""max_error"": 3.677777418587836e-16, ""samples"": [3.677777418587836e-16], ""passed"": true}"
PR 2578,efficient_su2_8_numeric,static: each control-flow region counted once,75,flat circuit,,,0.609253,"[0.638902, 0.621461, 0.609253, 0.603893, 0.600085]",efficient_su2,61dcf5cd5f16f5335990b02319f38a918049ae3a7a8403e194a0a490d44cb5e2,17796,numeric,134,56,24,75,78,0,"{""rz"": 78, ""rx"": 56, ""rzz"": 24}",synthetic,1.454988,"[1.487612, 1.508141, 1.431548, 1.454988, 1.427339]",8,90,exported,4.151362,"[4.170418, 4.158002, 4.151362, 4.136626, 4.14997]",ibm_fractional_bounded,24,"{""kind"": ""sample_state_including_phase"", ""max_error"": 3.249745972704568e-15, ""samples"": [3.249745972704568e-15], ""passed"": true}"
PR 2578,efficient_su2_8_numeric,static: each control-flow region counted once,107,flat circuit,,,1.912528,"[1.912528, 2.090257, 1.89368, 1.875488, 1.959792]",efficient_su2,61dcf5cd5f16f5335990b02319f38a918049ae3a7a8403e194a0a490d44cb5e2,24290,numeric,231,88,24,107,143,0,"{""rz"": 143, ""gpi2"": 88, ""rzz"": 24}",synthetic,1.454988,"[1.487612, 1.508141, 1.431548, 1.454988, 1.427339]",8,92,exported,4.530309,"[4.567893, 4.524389, 4.530309, 4.489685, 4.61639]",ionq_fixed_r_zz,24,"{""kind"": ""sample_state_including_phase"", ""max_error"": 3.4254969147166146e-15, ""samples"": [3.4254969147166146e-15], ""passed"": true}"
PR 2578,efficient_su2_8_numeric,static: each control-flow region counted once,104,flat circuit,,,1.487036,"[1.682893, 1.515597, 1.487036, 1.469212, 1.459084]",efficient_su2,61dcf5cd5f16f5335990b02319f38a918049ae3a7a8403e194a0a490d44cb5e2,26024,numeric,221,88,24,104,133,0,"{""rz"": 133, ""rxpi2"": 88, ""cz"": 24}",synthetic,1.454988,"[1.487612, 1.508141, 1.431548, 1.454988, 1.427339]",8,88,exported,4.411077,"[4.484469, 4.411077, 4.42154, 4.40354, 4.410212]",rigetti_rx_cz,24,"{""kind"": ""sample_state_including_phase"", ""max_error"": 6.546139416680338e-16, ""samples"": [6.546139416680338e-16], ""passed"": true}"
PR 2578,efficient_su2_8_numeric,static: each control-flow region counted once,159,flat circuit,,,1.787535,"[1.891392, 2.045792, 1.787535, 1.757599, 1.763614]",efficient_su2,61dcf5cd5f16f5335990b02319f38a918049ae3a7a8403e194a0a490d44cb5e2,31293,numeric,306,115,48,159,191,0,"{""rz"": 191, ""rxpi2"": 91, ""iswap"": 48, ""rxpi"": 24}",synthetic,1.454988,"[1.487612, 1.508141, 1.431548, 1.454988, 1.427339]",8,92,exported,4.856888,"[4.957529, 4.872104, 4.856888, 4.831016, 4.818824]",rigetti_rx_iswap,48,"{""kind"": ""sample_state_including_phase"", ""max_error"": 3.03156663445414e-15, ""samples"": [3.03156663445414e-15], ""passed"": true}"
PR 2578,pauli_layers_8_numeric,static: each control-flow region counted once,99,flat circuit,,,0.948872,"[0.993704, 0.954616, 0.948872, 0.93932, 0.933671]",pauli_layers,6c730dd0333835f6e7669a7282790d012cc470e1e1f47fd66c28d5052544c1f6,29277,numeric,107,107,48,99,0,0,"{""r"": 107, ""cz"": 48}",synthetic,1.395228,"[1.421995, 1.465244, 1.355387, 1.395228, 1.351611]",8,148,exported,4.646518,"[4.707399, 4.651766, 4.646518, 4.632567, 4.605462]",iqm_r_cz,48,"{""kind"": ""sample_state_including_phase"", ""max_error"": 5.477086580178374e-15, ""samples"": [5.477086580178374e-15], ""passed"": true}"
PR 2578,pauli_layers_8_numeric,static: each control-flow region counted once,248,flat circuit,,,1.47894,"[1.50454, 1.516781, 1.47894, 1.468044, 1.468092]",pauli_layers,6c730dd0333835f6e7669a7282790d012cc470e1e1f47fd66c28d5052544c1f6,39932,numeric,361,143,48,248,218,0,"{""sx"": 139, ""rz"": 218, ""cx"": 48, ""x"": 4}",synthetic,1.395228,"[1.421995, 1.465244, 1.355387, 1.395228, 1.351611]",8,105,exported,4.145394,"[4.175186, 4.145394, 4.153842, 4.137458, 4.102066]",ibm_sxz_cx,48,"{""kind"": ""sample_state_including_phase"", ""max_error"": 3.8761781789732196e-15, ""samples"": [3.8761781789732196e-15], ""passed"": true}"
PR 2578,pauli_layers_8_numeric,static: each control-flow region counted once,281,flat circuit,,,1.711278,"[1.746431, 1.727038, 1.711278, 1.696094, 1.695134]",pauli_layers,6c730dd0333835f6e7669a7282790d012cc470e1e1f47fd66c28d5052544c1f6,45611,numeric,450,182,48,281,268,0,"{""sx"": 177, ""rz"": 268, ""x"": 5, ""cz"": 48}",synthetic,1.395228,"[1.421995, 1.465244, 1.355387, 1.395228, 1.351611]",8,116,exported,4.192674,"[4.266659, 4.201939, 4.18021, 4.192674, 4.187059]",ibm_sxz_cz,48,"{""kind"": ""sample_state_including_phase"", ""max_error"": 2.717823994293408e-15, ""samples"": [2.717823994293408e-15], ""passed"": true}"
PR 2578,pauli_layers_8_numeric,static: each control-flow region counted once,195,flat circuit,,,1.071657,"[1.078297, 1.057545, 1.044633, 1.082392, 1.071657]",pauli_layers,6c730dd0333835f6e7669a7282790d012cc470e1e1f47fd66c28d5052544c1f6,29314,numeric,291,97,48,195,194,0,"{""rz"": 194, ""rx"": 97, ""rzz"": 48}",synthetic,1.395228,"[1.421995, 1.465244, 1.355387, 1.395228, 1.351611]",8,78,exported,3.510349,"[3.580686, 3.535982, 3.508461, 3.510349, 3.507533]",rxrz_rzz_unbounded,48,"{""kind"": ""sample_state_including_phase"", ""max_error"": 5.841151656226289e-16, ""samples"": [5.841151656226289e-16], ""passed"": true}"
PR 2578,pauli_layers_8_numeric,static: each control-flow region counted once,195,flat circuit,,,1.070584,"[1.115897, 1.075881, 1.070584, 1.061817, 1.054153]",pauli_layers,6c730dd0333835f6e7669a7282790d012cc470e1e1f47fd66c28d5052544c1f6,30005,numeric,291,97,48,195,194,0,"{""rz"": 194, ""rx"": 97, ""rzz"": 48}",synthetic,1.395228,"[1.421995, 1.465244, 1.355387, 1.395228, 1.351611]",8,80,exported,3.860192,"[3.867632, 3.928752, 3.856448, 3.860192, 3.846095]",ibm_fractional_bounded,48,"{""kind"": ""sample_state_including_phase"", ""max_error"": 8.217244297829808e-16, ""samples"": [8.217244297829808e-16], ""passed"": true}"
PR 2578,pauli_layers_8_numeric,static: each control-flow region counted once,219,flat circuit,,,2.48162,"[2.732742, 2.475589, 2.47522, 2.523429, 2.48162]",pauli_layers,6c730dd0333835f6e7669a7282790d012cc470e1e1f47fd66c28d5052544c1f6,31718,numeric,315,121,48,219,194,0,"{""gpi2"": 121, ""rz"": 194, ""rzz"": 48}",synthetic,1.395228,"[1.421995, 1.465244, 1.355387, 1.395228, 1.351611]",8,77,exported,3.885376,"[3.932464, 3.892896, 3.867856, 3.885376, 3.86888]",ionq_fixed_r_zz,48,"{""kind"": ""sample_state_including_phase"", ""max_error"": 6.134547343800241e-16, ""samples"": [6.134547343800241e-16], ""passed"": true}"
PR 2578,pauli_layers_8_numeric,static: each control-flow region counted once,281,flat circuit,,,2.827159,"[2.895431, 2.979513, 2.827159, 2.824584, 2.778806]",pauli_layers,6c730dd0333835f6e7669a7282790d012cc470e1e1f47fd66c28d5052544c1f6,47913,numeric,447,184,48,281,263,0,"{""rz"": 263, ""rxpi2"": 181, ""cz"": 48, ""rxpi"": 3}",synthetic,1.395228,"[1.421995, 1.465244, 1.355387, 1.395228, 1.351611]",8,120,exported,4.662951,"[4.721383, 4.662951, 4.677782, 4.637718, 4.640294]",rigetti_rx_cz,48,"{""kind"": ""sample_state_including_phase"", ""max_error"": 7.722000698469052e-15, ""samples"": [7.722000698469052e-15], ""passed"": true}"
PR 2578,pauli_layers_8_numeric,static: each control-flow region counted once,236,flat circuit,,,2.249411,"[2.277411, 2.249411, 2.403203, 2.216067, 2.22877]",pauli_layers,6c730dd0333835f6e7669a7282790d012cc470e1e1f47fd66c28d5052544c1f6,35667,numeric,358,179,48,236,179,0,"{""rz"": 179, ""rxpi2"": 170, ""iswap"": 48, ""rxpi"": 9}",synthetic,1.395228,"[1.421995, 1.465244, 1.355387, 1.395228, 1.351611]",8,107,exported,4.141106,"[4.180242, 4.157762, 4.134866, 4.141106, 4.127362]",rigetti_rx_iswap,48,"{""kind"": ""sample_state_including_phase"", ""max_error"": 1.5998025825382947e-15, ""samples"": [1.5998025825382947e-15], ""passed"": true}"
PR 2578,equatorial_frames_8_numeric,static: each control-flow region counted once,56,flat circuit,,,0.404371,"[0.434803, 0.410996, 0.404371, 0.390739, 0.390211]",equatorial_frames,aee0464522bb7d0c2b83297928f54065455fbc6b741d6bd5fa50e6785e6ccd76,11816,numeric,32,32,24,56,0,0,"{""r"": 32, ""cz"": 24}",synthetic,1.304186,"[1.334651, 1.353963, 1.277787, 1.304186, 1.275707]",8,38,exported,3.018537,"[3.088601, 3.045369, 3.014937, 3.014409, 3.018537]",iqm_r_cz,24,"{""kind"": ""sample_state_including_phase"", ""max_error"": 2.0170589995134094e-16, ""samples"": [2.0170589995134094e-16], ""passed"": true}"
PR 2578,equatorial_frames_8_numeric,static: each control-flow region counted once,147,flat circuit,,,0.848471,"[0.876103, 0.848471, 0.866503, 0.839847, 0.820519]",equatorial_frames,aee0464522bb7d0c2b83297928f54065455fbc6b741d6bd5fa50e6785e6ccd76,22800,numeric,195,73,24,147,122,0,"{""rz"": 122, ""sx"": 73, ""cx"": 24}",synthetic,1.304186,"[1.334651, 1.353963, 1.277787, 1.304186, 1.275707]",8,77,exported,3.619182,"[3.674431, 3.619182, 3.623326, 3.601374, 3.61307]",ibm_sxz_cx,24,"{""kind"": ""sample_state_including_phase"", ""max_error"": 1.4657992515888386e-15, ""samples"": [1.4657992515888386e-15], ""passed"": true}"
PR 2578,equatorial_frames_8_numeric,static: each control-flow region counted once,144,flat circuit,,,0.593061,"[0.627509, 0.606244, 0.593061, 0.588693, 0.587669]",equatorial_frames,aee0464522bb7d0c2b83297928f54065455fbc6b741d6bd5fa50e6785e6ccd76,15981,numeric,120,48,24,144,72,0,"{""rz"": 72, ""sx"": 48, ""cz"": 24}",synthetic,1.304186,"[1.334651, 1.353963, 1.277787, 1.304186, 1.275707]",8,29,exported,3.049865,"[3.092793, 3.049865, 3.05049, 3.031001, 3.045529]",ibm_sxz_cz,24,"{""kind"": ""sample_state_including_phase"", ""max_error"": 2.145502761348381e-16, ""samples"": [2.145502761348381e-16], ""passed"": true}"
PR 2578,equatorial_frames_8_numeric,static: each control-flow region counted once,99,flat circuit,,,0.500132,"[0.535013, 0.50986, 0.498324, 0.500132, 0.492132]",equatorial_frames,aee0464522bb7d0c2b83297928f54065455fbc6b741d6bd5fa50e6785e6ccd76,13867,numeric,123,49,24,99,74,0,"{""rz"": 74, ""rx"": 49, ""rzz"": 24}",synthetic,1.304186,"[1.334651, 1.353963, 1.277787, 1.304186, 1.275707]",8,36,exported,3.304779,"[3.358604, 3.34262, 3.304779, 3.295035, 3.295563]",rxrz_rzz_unbounded,24,"{""kind"": ""sample_state_including_phase"", ""max_error"": 3.689828195337942e-15, ""samples"": [3.689828195337942e-15], ""passed"": true}"
PR 2578,equatorial_frames_8_numeric,static: each control-flow region counted once,96,flat circuit,,,0.48018,"[0.504212, 0.491108, 0.48018, 0.478836, 0.471748]",equatorial_frames,aee0464522bb7d0c2b83297928f54065455fbc6b741d6bd5fa50e6785e6ccd76,13740,numeric,72,24,24,96,48,0,"{""rz"": 48, ""rx"": 24, ""cz"": 24}",synthetic,1.304186,"[1.334651, 1.353963, 1.277787, 1.304186, 1.275707]",8,28,exported,2.890888,"[2.906792, 2.892535, 2.890888, 2.864328, 2.871991]",ibm_fractional_bounded,24,"{""kind"": ""sample_state_including_phase"", ""max_error"": 2.5368662777982455e-16, ""samples"": [2.5368662777982455e-16], ""passed"": true}"
PR 2578,equatorial_frames_8_numeric,static: each control-flow region counted once,146,flat circuit,,,1.478876,"[1.512316, 1.475404, 1.478876, 1.584509, 1.475549]",equatorial_frames,aee0464522bb7d0c2b83297928f54065455fbc6b741d6bd5fa50e6785e6ccd76,17371,numeric,170,73,24,146,97,0,"{""rz"": 97, ""gpi2"": 48, ""gpi"": 25, ""rzz"": 24}",synthetic,1.304186,"[1.334651, 1.353963, 1.277787, 1.304186, 1.275707]",8,37,exported,3.698222,"[3.740159, 3.698222, 3.684142, 3.699966, 3.682814]",ionq_fixed_r_zz,24,"{""kind"": ""sample_state_including_phase"", ""max_error"": 3.877351840384797e-15, ""samples"": [3.877351840384797e-15], ""passed"": true}"
PR 2578,equatorial_frames_8_numeric,static: each control-flow region counted once,144,flat circuit,,,0.950903,"[1.014249, 0.966584, 0.950903, 0.945016, 0.934984]",equatorial_frames,aee0464522bb7d0c2b83297928f54065455fbc6b741d6bd5fa50e6785e6ccd76,16916,numeric,120,48,24,144,72,0,"{""rz"": 72, ""rxpi2"": 48, ""cz"": 24}",synthetic,1.304186,"[1.334651, 1.353963, 1.277787, 1.304186, 1.275707]",8,30,exported,3.12769,"[3.174954, 3.139514, 3.12769, 3.103322, 3.08929]",rigetti_rx_cz,24,"{""kind"": ""sample_state_including_phase"", ""max_error"": 1.68975334714642e-16, ""samples"": [1.68975334714642e-16], ""passed"": true}"
PR 2578,equatorial_frames_8_numeric,static: each control-flow region counted once,243,flat circuit,,,1.832879,"[1.888911, 1.832879, 1.952112, 1.810223, 1.798879]",equatorial_frames,aee0464522bb7d0c2b83297928f54065455fbc6b741d6bd5fa50e6785e6ccd76,31223,numeric,322,121,48,243,201,0,"{""rz"": 201, ""rxpi2"": 97, ""iswap"": 48, ""rxpi"": 24}",synthetic,1.304186,"[1.334651, 1.353963, 1.277787, 1.304186, 1.275707]",8,78,exported,4.291811,"[4.340756, 4.306515, 4.291811, 4.291747, 4.284019]",rigetti_rx_iswap,48,"{""kind"": ""sample_state_including_phase"", ""max_error"": 3.1492565773314055e-15, ""samples"": [3.1492565773314055e-15], ""passed"": true}"
PR 2578,efficient_su2_8_symbolic,static: each control-flow region counted once,54,flat circuit,,,1.94528,"[2.023441, 1.96024, 1.94528, 1.92872, 1.916127]",efficient_su2,45671e1821b33460653cab97584d9dd7220a77f94476ba5f67a0a0dcce024b00,38460,symbolic,88,88,24,54,0,0,"{""r"": 88, ""cz"": 24}",synthetic,1.623677,"[1.623677, 1.670334, 1.554525, 1.664429, 1.520717]",8,271,exported,3.878848,"[3.947249, 3.900704, 3.859184, 3.878848, 3.87768]",iqm_r_cz,24,"{""kind"": ""sample_state_including_phase"", ""max_error"": 9.172997289342146e-16, ""samples"": [9.172997289342146e-16, 3.1311638607946204e-16, 2.1183523716375092e-16], ""passed"": true}"
PR 2578,efficient_su2_8_symbolic,static: each control-flow region counted once,40,flat circuit,,,1.792014,"[1.849167, 1.797311, 1.792014, 1.778639, 1.752974]",efficient_su2,45671e1821b33460653cab97584d9dd7220a77f94476ba5f67a0a0dcce024b00,41671,symbolic,128,64,24,40,64,0,"{""sx"": 64, ""rz"": 64, ""cx"": 24}",synthetic,1.623677,"[1.623677, 1.670334, 1.554525, 1.664429, 1.520717]",8,324,exported,4.14189,"[4.185107, 4.173539, 4.14189, 4.117074, 4.10749]",ibm_sxz_cx,24,"{""kind"": ""sample_state_including_phase"", ""max_error"": 2.9893669801409083e-16, ""samples"": [2.9893669801409083e-16, 2.7389959814676447e-16, 2.914335439641036e-16], ""passed"": true}"
PR 2578,efficient_su2_8_symbolic,static: each control-flow region counted once,105,flat circuit,,,2.219282,"[2.313171, 2.242755, 2.218978, 2.212594, 2.219282]",efficient_su2,45671e1821b33460653cab97584d9dd7220a77f94476ba5f67a0a0dcce024b00,49505,symbolic,242,109,24,105,133,0,"{""sx"": 109, ""rz"": 133, ""cz"": 24}",synthetic,1.623677,"[1.623677, 1.670334, 1.554525, 1.664429, 1.520717]",8,363,exported,4.69215,"[4.740135, 4.688151, 4.703638, 4.690423, 4.69215]",ibm_sxz_cz,24,"{""kind"": ""sample_state_including_phase"", ""max_error"": 3.855927796350635e-16, ""samples"": [3.5901651985405314e-16, 3.855927796350635e-16, 2.5018537765542007e-16], ""passed"": true}"
PR 2578,efficient_su2_8_symbolic,static: each control-flow region counted once,78,flat circuit,,,1.880143,"[1.90928, 1.880143, 1.922, 1.852527, 1.847792]",efficient_su2,45671e1821b33460653cab97584d9dd7220a77f94476ba5f67a0a0dcce024b00,40927,symbolic,183,77,24,78,106,0,"{""rz"": 106, ""rx"": 77, ""rzz"": 24}",synthetic,1.623677,"[1.623677, 1.670334, 1.554525, 1.664429, 1.520717]",8,286,exported,4.584886,"[4.648934, 4.607558, 4.584886, 4.56927, 4.56111]",rxrz_rzz_unbounded,24,"{""kind"": ""sample_state_including_phase"", ""max_error"": 3.878959614448864e-16, ""samples"": [3.104912732730722e-16, 3.189627710442956e-16, 3.878959614448864e-16], ""passed"": true}"
PR 2578,efficient_su2_8_symbolic,static: each control-flow region counted once,84,flat circuit,,,2.052881,"[2.12837, 2.078049, 2.052881, 2.052785, 2.038785]",efficient_su2,45671e1821b33460653cab97584d9dd7220a77f94476ba5f67a0a0dcce024b00,44683,symbolic,231,101,24,84,130,0,"{""rz"": 130, ""rx"": 101, ""rzz"": 24}",synthetic,1.623677,"[1.623677, 1.670334, 1.554525, 1.664429, 1.520717]",8,302,exported,4.893928,"[4.951496, 4.938665, 4.893928, 4.872584, 4.873528]",ibm_fractional_bounded,24,"{""kind"": ""sample_state_including_phase"", ""max_error"": 3.683892690229271e-15, ""samples"": [3.365900013051177e-15, 3.476683609989372e-15, 3.683892690229271e-15], ""passed"": true}"
PR 2578,efficient_su2_8_symbolic,static: each control-flow region counted once,108,flat circuit,,,3.471804,"[3.874944, 3.437292, 3.433644, 5.384973, 3.471804]",efficient_su2,45671e1821b33460653cab97584d9dd7220a77f94476ba5f67a0a0dcce024b00,49690,symbolic,266,109,24,108,157,0,"{""gpi2"": 109, ""rz"": 157, ""rzz"": 24}",synthetic,1.623677,"[1.623677, 1.670334, 1.554525, 1.664429, 1.520717]",8,365,exported,4.938361,"[4.959928, 4.938361, 4.950345, 4.904777, 4.900648]",ionq_fixed_r_zz,24,"{""kind"": ""sample_state_including_phase"", ""max_error"": 3.72396284968088e-15, ""samples"": [3.2826762290599817e-15, 3.1910765260266997e-15, 3.72396284968088e-15], ""passed"": true}"
PR 2578,efficient_su2_8_symbolic,static: each control-flow region counted once,105,flat circuit,,,2.930872,"[2.987832, 2.930872, 3.104634, 2.878408, 2.870551]",efficient_su2,45671e1821b33460653cab97584d9dd7220a77f94476ba5f67a0a0dcce024b00,50748,symbolic,242,109,24,105,133,0,"{""rxpi2"": 109, ""rz"": 133, ""cz"": 24}",synthetic,1.623677,"[1.623677, 1.670334, 1.554525, 1.664429, 1.520717]",8,362,exported,4.805272,"[4.894056, 4.858216, 4.80444, 4.805272, 4.776087]",rigetti_rx_cz,24,"{""kind"": ""sample_state_including_phase"", ""max_error"": 4.1004107616799284e-16, ""samples"": [4.0608835428777945e-16, 4.1004107616799284e-16, 3.2877472246012713e-16], ""passed"": true}"
PR 2578,efficient_su2_8_symbolic,static: each control-flow region counted once,164,flat circuit,,,3.222394,"[3.318092, 3.550845, 3.222394, 3.220699, 3.216235]",efficient_su2,45671e1821b33460653cab97584d9dd7220a77f94476ba5f67a0a0dcce024b00,56909,symbolic,347,139,48,164,208,0,"{""rxpi2"": 112, ""rz"": 208, ""rxpi"": 27, ""iswap"": 48}",synthetic,1.623677,"[1.623677, 1.670334, 1.554525, 1.664429, 1.520717]",8,364,exported,5.279868,"[5.315564, 5.283371, 5.279868, 5.256972, 5.260124]",rigetti_rx_iswap,48,"{""kind"": ""sample_state_including_phase"", ""max_error"": 3.8334421620668935e-15, ""samples"": [3.2780968133511588e-15, 3.216414974668299e-15, 3.8334421620668935e-15], ""passed"": true}"
PR 2578,pauli_layers_8_symbolic,static: each control-flow region counted once,123,flat circuit,,,1.281563,"[1.343563, 1.281563, 1.313835, 1.252682, 1.248538]",pauli_layers,417b3dc33bf0becacf59aec3a661e73c3f206edb562c4b9dc63cf541fde53986,31054,symbolic,128,128,48,123,0,0,"{""r"": 128, ""cz"": 48}",synthetic,1.430476,"[1.460812, 1.485981, 1.393355, 1.430476, 1.391003]",8,73,exported,4.830552,"[4.912296, 4.852904, 4.830439, 4.800344, 4.830552]",iqm_r_cz,48,"{""kind"": ""sample_state_including_phase"", ""max_error"": 7.856593073184516e-16, ""samples"": [6.889102166070878e-16, 7.856593073184516e-16, 6.311342652303787e-16], ""passed"": true}"
PR 2578,pauli_layers_8_symbolic,static: each control-flow region counted once,266,flat circuit,,,3.255755,"[3.346684, 3.288571, 3.255755, 3.227642, 3.228651]",pauli_layers,417b3dc33bf0becacf59aec3a661e73c3f206edb562c4b9dc63cf541fde53986,56179,symbolic,284,111,48,266,173,0,"{""sx"": 111, ""rz"": 173, ""cx"": 48}",synthetic,1.430476,"[1.460812, 1.485981, 1.393355, 1.430476, 1.391003]",8,556,exported,6.635558,"[6.667159, 6.635558, 6.668615, 6.625526, 6.627943]",ibm_sxz_cx,48,"{""kind"": ""sample_state_including_phase"", ""max_error"": 3.2385015444498e-16, ""samples"": [3.1775285574562636e-16, 3.2385015444498e-16, 2.9604366152946374e-16], ""passed"": true}"
PR 2578,pauli_layers_8_symbolic,static: each control-flow region counted once,243,flat circuit,,,3.310476,"[3.352571, 3.310476, 3.278203, 3.342683, 3.307035]",pauli_layers,417b3dc33bf0becacf59aec3a661e73c3f206edb562c4b9dc63cf541fde53986,62556,symbolic,384,168,48,243,216,0,"{""sx"": 168, ""rz"": 216, ""cz"": 48}",synthetic,1.430476,"[1.460812, 1.485981, 1.393355, 1.430476, 1.391003]",8,583,exported,6.916089,"[6.979146, 6.916089, 6.891992, 6.905545, 6.917577]",ibm_sxz_cz,48,"{""kind"": ""sample_state_including_phase"", ""max_error"": 5.448246990350958e-16, ""samples"": [3.7732528558105726e-16, 5.448246990350958e-16, 4.441027621704298e-16], ""passed"": true}"
PR 2578,pauli_layers_8_symbolic,static: each control-flow region counted once,195,flat circuit,,,1.662158,"[1.717166, 1.68035, 1.649549, 1.662158, 1.645053]",pauli_layers,417b3dc33bf0becacf59aec3a661e73c3f206edb562c4b9dc63cf541fde53986,36775,symbolic,291,97,48,195,194,0,"{""rz"": 194, ""rx"": 97, ""rzz"": 48}",synthetic,1.430476,"[1.460812, 1.485981, 1.393355, 1.430476, 1.391003]",8,170,exported,3.787391,"[3.855472, 3.812863, 3.787391, 3.780687, 3.758063]",rxrz_rzz_unbounded,48,"{""kind"": ""sample_state_including_phase"", ""max_error"": 5.405215745588178e-16, ""samples"": [5.405215745588178e-16, 4.3089637234616164e-16, 4.163336342344337e-16], ""passed"": true}"
PR 2578,pauli_layers_8_symbolic,static: each control-flow region counted once,195,flat circuit,,,1.669342,"[1.731198, 1.69755, 1.669342, 1.656174, 1.657421]",pauli_layers,417b3dc33bf0becacf59aec3a661e73c3f206edb562c4b9dc63cf541fde53986,37399,symbolic,289,96,48,195,193,0,"{""rz"": 193, ""rx"": 96, ""rzz"": 48}",synthetic,1.430476,"[1.460812, 1.485981, 1.393355, 1.430476, 1.391003]",8,176,exported,5.017385,"[5.040105, 5.021065, 5.009241, 4.996889, 5.017385]",ibm_fractional_bounded,48,"{""kind"": ""sample_state_including_phase"", ""max_error"": 5.003707553108401e-16, ""samples"": [5.003707553108401e-16, 4.0616245124201123e-16, 3.6802312880990555e-16], ""passed"": true}"
PR 2578,pauli_layers_8_symbolic,static: each control-flow region counted once,219,flat circuit,,,3.599006,"[4.154466, 3.565821, 3.599006, 3.595278, 5.905408]",pauli_layers,417b3dc33bf0becacf59aec3a661e73c3f206edb562c4b9dc63cf541fde53986,43913,symbolic,315,121,48,219,194,0,"{""gpi2"": 121, ""rz"": 194, ""rzz"": 48}",synthetic,1.430476,"[1.460812, 1.485981, 1.393355, 1.430476, 1.391003]",8,292,exported,4.479509,"[4.511125, 4.487685, 4.479509, 4.475701, 4.44754]",ionq_fixed_r_zz,48,"{""kind"": ""sample_state_including_phase"", ""max_error"": 5.051591013050332e-16, ""samples"": [4.785322041280424e-16, 5.051591013050332e-16, 4.443059973708341e-16], ""passed"": true}"
PR 2578,pauli_layers_8_symbolic,static: each control-flow region counted once,243,flat circuit,,,4.309875,"[4.396388, 4.547126, 4.309875, 4.303667, 4.289492]",pauli_layers,417b3dc33bf0becacf59aec3a661e73c3f206edb562c4b9dc63cf541fde53986,64349,symbolic,384,168,48,243,216,0,"{""rxpi2"": 168, ""rz"": 216, ""cz"": 48}",synthetic,1.430476,"[1.460812, 1.485981, 1.393355, 1.430476, 1.391003]",8,583,exported,7.178299,"[7.258508, 7.167483, 7.178299, 7.205131, 7.143771]",rigetti_rx_cz,48,"{""kind"": ""sample_state_including_phase"", ""max_error"": 6.697380712247044e-16, ""samples"": [5.137710929396701e-16, 6.697380712247044e-16, 6.540344621734833e-16], ""passed"": true}"
PR 2578,pauli_layers_8_symbolic,static: each control-flow region counted once,243,flat circuit,,,3.830895,"[3.873152, 3.830895, 4.063186, 3.776671, 3.749247]",pauli_layers,417b3dc33bf0becacf59aec3a661e73c3f206edb562c4b9dc63cf541fde53986,55226,symbolic,370,169,48,243,201,0,"{""rxpi2"": 169, ""rz"": 201, ""iswap"": 48}",synthetic,1.430476,"[1.460812, 1.485981, 1.393355, 1.430476, 1.391003]",8,532,exported,6.505238,"[6.58039, 6.529765, 6.505238, 6.492997, 6.494758]",rigetti_rx_iswap,48,"{""kind"": ""sample_state_including_phase"", ""max_error"": 6.579886408580703e-16, ""samples"": [4.518280359883027e-16, 5.440730028703117e-16, 6.579886408580703e-16], ""passed"": true}"
PR 2578,equatorial_frames_8_symbolic,static: each control-flow region counted once,56,flat circuit,,,1.112377,"[1.161642, 1.123353, 1.112377, 1.097305, 1.095321]",equatorial_frames,f6467d6ce62b6e8adedea21328c3c8b09832d9a58a6e5ff94399df005d55af4e,21244,symbolic,32,32,24,56,0,0,"{""r"": 32, ""cz"": 24}",synthetic,1.385244,"[1.385244, 1.456636, 1.293418, 1.409788, 1.28185]",8,159,exported,2.763447,"[2.817335, 2.773863, 2.747111, 2.75879, 2.763447]",iqm_r_cz,24,"{""kind"": ""sample_state_including_phase"", ""max_error"": 2.581417751465236e-16, ""samples"": [2.177751704867561e-16, 2.581417751465236e-16, 2.5666873818249836e-16], ""passed"": true}"
PR 2578,equatorial_frames_8_symbolic,static: each control-flow region counted once,193,flat circuit,,,1.491357,"[1.529852, 1.491357, 1.575357, 1.460076, 1.468092]",equatorial_frames,f6467d6ce62b6e8adedea21328c3c8b09832d9a58a6e5ff94399df005d55af4e,32302,symbolic,241,96,24,193,145,0,"{""rz"": 145, ""sx"": 96, ""cx"": 24}",synthetic,1.385244,"[1.385244, 1.456636, 1.293418, 1.409788, 1.28185]",8,151,exported,3.651934,"[3.710591, 3.67187, 3.651934, 3.643278, 3.644638]",ibm_sxz_cx,24,"{""kind"": ""sample_state_including_phase"", ""max_error"": 3.0531133177191805e-16, ""samples"": [3.0531133177191805e-16, 2.2898349882893854e-16, 2.172217384091364e-16], ""passed"": true}"
PR 2578,equatorial_frames_8_symbolic,static: each control-flow region counted once,144,flat circuit,,,1.094217,"[1.149401, 1.119737, 1.094217, 1.087673, 1.091993]",equatorial_frames,f6467d6ce62b6e8adedea21328c3c8b09832d9a58a6e5ff94399df005d55af4e,24558,symbolic,120,48,24,144,72,0,"{""rz"": 72, ""sx"": 48, ""cz"": 24}",synthetic,1.385244,"[1.385244, 1.456636, 1.293418, 1.409788, 1.28185]",8,125,exported,3.142666,"[3.196138, 3.142666, 3.14553, 3.136074, 3.134282]",ibm_sxz_cz,24,"{""kind"": ""sample_state_including_phase"", ""max_error"": 2.7764247878179436e-16, ""samples"": [2.637692537825228e-16, 2.7764247878179436e-16, 2.45228796256662e-16], ""passed"": true}"
PR 2578,equatorial_frames_8_symbolic,static: each control-flow region counted once,145,flat circuit,,,1.181337,"[1.241178, 1.193498, 1.181337, 1.165946, 1.171578]",equatorial_frames,f6467d6ce62b6e8adedea21328c3c8b09832d9a58a6e5ff94399df005d55af4e,25894,symbolic,169,72,24,145,97,0,"{""rz"": 97, ""rx"": 72, ""rzz"": 24}",synthetic,1.385244,"[1.385244, 1.456636, 1.293418, 1.409788, 1.28185]",8,152,exported,3.530525,"[3.580014, 3.662174, 3.530525, 3.519373, 3.506941]",rxrz_rzz_unbounded,24,"{""kind"": ""sample_state_including_phase"", ""max_error"": 3.3191149290061618e-15, ""samples"": [3.0930036878016676e-15, 3.3191149290061618e-15, 3.175315487452555e-15], ""passed"": true}"
PR 2578,equatorial_frames_8_symbolic,static: each control-flow region counted once,96,flat circuit,,,0.998984,"[1.028025, 1.009272, 0.998984, 0.973336, 0.97484]",equatorial_frames,f6467d6ce62b6e8adedea21328c3c8b09832d9a58a6e5ff94399df005d55af4e,22405,symbolic,72,24,24,96,48,0,"{""rz"": 48, ""rx"": 24, ""cz"": 24}",synthetic,1.385244,"[1.385244, 1.456636, 1.293418, 1.409788, 1.28185]",8,125,exported,3.041385,"[3.090313, 3.041689, 3.041385, 3.028761, 3.033672]",ibm_fractional_bounded,24,"{""kind"": ""sample_state_including_phase"", ""max_error"": 3.4793208254900866e-16, ""samples"": [2.8877805767053584e-16, 3.4793208254900866e-16, 2.2487262639618314e-16], ""passed"": true}"
PR 2578,equatorial_frames_8_symbolic,static: each control-flow region counted once,169,flat circuit,,,2.44034,"[2.427668, 2.64535, 2.378803, 4.536838, 2.44034]",equatorial_frames,f6467d6ce62b6e8adedea21328c3c8b09832d9a58a6e5ff94399df005d55af4e,28289,symbolic,193,96,24,169,97,0,"{""rz"": 97, ""gpi2"": 48, ""gpi"": 48, ""rzz"": 24}",synthetic,1.385244,"[1.385244, 1.456636, 1.293418, 1.409788, 1.28185]",8,154,exported,3.798959,"[3.865024, 3.817392, 3.787439, 3.798959, 3.777439]",ionq_fixed_r_zz,24,"{""kind"": ""sample_state_including_phase"", ""max_error"": 3.684291301768882e-15, ""samples"": [3.425199972151887e-15, 3.684291301768882e-15, 3.557616310892674e-15], ""passed"": true}"
PR 2578,equatorial_frames_8_symbolic,static: each control-flow region counted once,144,flat circuit,,,1.397388,"[1.464396, 1.411468, 1.397388, 1.396235, 1.388507]",equatorial_frames,f6467d6ce62b6e8adedea21328c3c8b09832d9a58a6e5ff94399df005d55af4e,25446,symbolic,120,48,24,144,72,0,"{""rz"": 72, ""rxpi2"": 48, ""cz"": 24}",synthetic,1.385244,"[1.385244, 1.456636, 1.293418, 1.409788, 1.28185]",8,126,exported,3.19137,"[3.265707, 3.20945, 3.19137, 3.173146, 3.146122]",rigetti_rx_cz,24,"{""kind"": ""sample_state_including_phase"", ""max_error"": 2.551400245361135e-16, ""samples"": [2.5269866386387817e-16, 2.336924281732948e-16, 2.551400245361135e-16], ""passed"": true}"
PR 2578,equatorial_frames_8_symbolic,static: each control-flow region counted once,289,flat circuit,,,2.523301,"[2.559205, 2.518452, 2.518885, 2.523301, 2.621718]",equatorial_frames,f6467d6ce62b6e8adedea21328c3c8b09832d9a58a6e5ff94399df005d55af4e,40854,symbolic,368,144,48,289,224,0,"{""rz"": 224, ""rxpi2"": 120, ""iswap"": 48, ""rxpi"": 24}",synthetic,1.385244,"[1.385244, 1.456636, 1.293418, 1.409788, 1.28185]",8,153,exported,4.395941,"[4.450357, 4.386372, 4.405557, 4.395941, 4.390724]",rigetti_rx_iswap,48,"{""kind"": ""sample_state_including_phase"", ""max_error"": 3.448727154452382e-15, ""samples"": [3.2276095493026924e-15, 3.448727154452382e-15, 3.170854344600768e-15], ""passed"": true}"
PR 2578,efficient_su2_16_numeric,static: each control-flow region counted once,98,flat circuit,,,1.075657,"[1.121577, 1.083689, 1.075657, 1.068825, 1.069113]",efficient_su2,eee47d448284055c939f61d3b205faaed6a4c6214bf6f990986e19577cb451a1,33378,numeric,128,128,48,98,0,0,"{""r"": 128, ""cz"": 48}",synthetic,2.288339,"[2.340884, 2.318723, 2.196322, 2.288339, 2.251634]",16,183,exported,8.140387,"[8.231875, 8.147907, 8.140387, 8.125923, 8.129234]",iqm_r_cz,48,"{""kind"": ""sample_state_including_phase"", ""max_error"": 4.2154137403712056e-17, ""samples"": [4.2154137403712056e-17], ""passed"": true}"
PR 2578,efficient_su2_16_numeric,static: each control-flow region counted once,64,flat circuit,,,1.269754,"[1.311003, 1.278987, 1.269754, 1.258651, 1.24721]",efficient_su2,eee47d448284055c939f61d3b205faaed6a4c6214bf6f990986e19577cb451a1,35938,numeric,256,128,48,64,128,0,"{""sx"": 128, ""rz"": 128, ""cx"": 48}",synthetic,2.288339,"[2.340884, 2.318723, 2.196322, 2.288339, 2.251634]",16,130,exported,7.412893,"[7.510574, 7.424157, 7.371981, 7.412893, 7.391724]",ibm_sxz_cx,48,"{""kind"": ""sample_state_including_phase"", ""max_error"": 3.741738622089172e-17, ""samples"": [3.741738622089172e-17], ""passed"": true}"
PR 2578,efficient_su2_16_numeric,static: each control-flow region counted once,200,flat circuit,,,1.827583,"[1.876095, 1.841568, 1.827583, 1.821935, 1.817583]",efficient_su2,eee47d448284055c939f61d3b205faaed6a4c6214bf6f990986e19577cb451a1,49216,numeric,445,176,48,200,269,0,"{""rz"": 269, ""sx"": 176, ""cz"": 48}",synthetic,2.288339,"[2.340884, 2.318723, 2.196322, 2.288339, 2.251634]",16,177,exported,8.569463,"[8.676183, 8.606247, 8.569463, 8.532566, 8.54455]",ibm_sxz_cz,48,"{""kind"": ""sample_state_including_phase"", ""max_error"": 1.1016859911772599e-16, ""samples"": [1.1016859911772599e-16], ""passed"": true}"
PR 2578,efficient_su2_16_numeric,static: each control-flow region counted once,147,flat circuit,,,1.187226,"[1.22441, 1.20481, 1.187226, 1.175354, 1.180217]",efficient_su2,eee47d448284055c939f61d3b205faaed6a4c6214bf6f990986e19577cb451a1,34360,numeric,270,112,48,147,158,0,"{""rz"": 158, ""rx"": 112, ""rzz"": 48}",synthetic,2.288339,"[2.340884, 2.318723, 2.196322, 2.288339, 2.251634]",16,177,exported,8.013378,"[8.101939, 8.054082, 8.013378, 7.977233, 7.981121]",rxrz_rzz_unbounded,48,"{""kind"": ""sample_state_including_phase"", ""max_error"": 4.807064379479906e-17, ""samples"": [4.807064379479906e-17], ""passed"": true}"
PR 2578,efficient_su2_16_numeric,static: each control-flow region counted once,148,flat circuit,,,1.206826,"[1.232218, 1.206826, 1.174009, 1.173018, 1.308379]",efficient_su2,eee47d448284055c939f61d3b205faaed6a4c6214bf6f990986e19577cb451a1,34904,numeric,272,112,48,148,160,0,"{""rz"": 160, ""rx"": 112, ""rzz"": 48}",synthetic,2.288339,"[2.340884, 2.318723, 2.196322, 2.288339, 2.251634]",16,179,exported,8.394117,"[8.478197, 8.416181, 8.385733, 8.394117, 8.383029]",ibm_fractional_bounded,48,"{""kind"": ""sample_state_including_phase"", ""max_error"": 5.838074233492101e-16, ""samples"": [5.838074233492101e-16], ""passed"": true}"
PR 2578,efficient_su2_16_numeric,static: each control-flow region counted once,203,flat circuit,,,3.668894,"[3.705519, 3.697854, 3.668894, 3.60931, 3.644974]",efficient_su2,eee47d448284055c939f61d3b205faaed6a4c6214bf6f990986e19577cb451a1,47724,numeric,463,176,48,203,287,0,"{""rz"": 287, ""gpi2"": 176, ""rzz"": 48}",synthetic,2.288339,"[2.340884, 2.318723, 2.196322, 2.288339, 2.251634]",16,182,exported,9.108554,"[9.208939, 9.140379, 9.06929, 9.069002, 9.108554]",ionq_fixed_r_zz,48,"{""kind"": ""sample_state_including_phase"", ""max_error"": 5.716598225277347e-16, ""samples"": [5.716598225277347e-16], ""passed"": true}"
PR 2578,efficient_su2_16_numeric,static: each control-flow region counted once,201,flat circuit,,,2.93236,"[2.995833, 2.93236, 2.886024, 2.988152, 2.860952]",efficient_su2,eee47d448284055c939f61d3b205faaed6a4c6214bf6f990986e19577cb451a1,51373,numeric,446,176,48,201,270,0,"{""rz"": 270, ""rxpi2"": 176, ""cz"": 48}",synthetic,2.288339,"[2.340884, 2.318723, 2.196322, 2.288339, 2.251634]",16,178,exported,8.935721,"[9.123643, 8.984826, 8.935721, 8.901145, 8.910937]",rigetti_rx_cz,48,"{""kind"": ""sample_state_including_phase"", ""max_error"": 5.863679694851312e-17, ""samples"": [5.863679694851312e-17], ""passed"": true}"
PR 2578,efficient_su2_16_numeric,static: each control-flow region counted once,303,flat circuit,,,3.4427,"[3.522669, 3.4427, 3.531741, 3.439965, 3.42198]",efficient_su2,eee47d448284055c939f61d3b205faaed6a4c6214bf6f990986e19577cb451a1,61162,numeric,610,227,96,303,383,0,"{""rz"": 383, ""rxpi2"": 179, ""iswap"": 96, ""rxpi"": 48}",synthetic,2.288339,"[2.340884, 2.318723, 2.196322, 2.288339, 2.251634]",16,180,exported,9.730528,"[9.869281, 9.762961, 9.730528, 9.710272, 9.70184]",rigetti_rx_iswap,96,"{""kind"": ""sample_state_including_phase"", ""max_error"": 5.774232363054209e-16, ""samples"": [5.774232363054209e-16], ""passed"": true}"
PR 2578,pauli_layers_16_numeric,static: each control-flow region counted once,196,flat circuit,,,1.926912,"[1.973696, 1.926912, 1.925072, 2.169522, 1.926784]",pauli_layers,3913365859a964658d964dff580afb5e9949e3da3d414babce6b3fd75f5647b4,59987,numeric,214,214,96,196,0,0,"{""r"": 214, ""cz"": 96}",synthetic,2.144337,"[2.214466, 2.210482, 2.111554, 2.144337, 2.122658]",16,329,exported,9.341421,"[9.405966, 9.341421, 9.350237, 9.301789, 9.282653]",iqm_r_cz,96,"{""kind"": ""sample_state_including_phase"", ""max_error"": 1.0996200199737888e-15, ""samples"": [1.0996200199737888e-15], ""passed"": true}"
PR 2578,pauli_layers_16_numeric,static: each control-flow region counted once,495,flat circuit,,,3.048969,"[3.075609, 3.048969, 3.025577, 3.065513, 3.007945]",pauli_layers,3913365859a964658d964dff580afb5e9949e3da3d414babce6b3fd75f5647b4,80307,numeric,729,282,96,495,447,0,"{""sx"": 276, ""rz"": 447, ""cx"": 96, ""x"": 6}",synthetic,2.144337,"[2.214466, 2.210482, 2.111554, 2.144337, 2.122658]",16,217,exported,8.132499,"[8.224051, 8.147715, 8.132499, 8.109571, 8.097763]",ibm_sxz_cx,96,"{""kind"": ""sample_state_including_phase"", ""max_error"": 7.557303683604408e-16, ""samples"": [7.557303683604408e-16], ""passed"": true}"
PR 2578,pauli_layers_16_numeric,static: each control-flow region counted once,560,flat circuit,,,3.488588,"[3.543085, 3.512893, 3.488588, 3.447869, 3.468156]",pauli_layers,3913365859a964658d964dff580afb5e9949e3da3d414babce6b3fd75f5647b4,88925,numeric,889,364,96,560,525,0,"{""rz"": 525, ""sx"": 352, ""cz"": 96, ""x"": 12}",synthetic,2.144337,"[2.214466, 2.210482, 2.111554, 2.144337, 2.122658]",16,214,exported,8.552343,"[8.653991, 8.552343, 8.582775, 8.542598, 8.53567]",ibm_sxz_cz,96,"{""kind"": ""sample_state_including_phase"", ""max_error"": 7.455442115184674e-16, ""samples"": [7.455442115184674e-16], ""passed"": true}"
PR 2578,pauli_layers_16_numeric,static: each control-flow region counted once,387,flat circuit,,,2.143009,"[2.213538, 2.164034, 2.124658, 2.143009, 2.110353]",pauli_layers,3913365859a964658d964dff580afb5e9949e3da3d414babce6b3fd75f5647b4,57718,numeric,579,193,96,387,386,0,"{""rz"": 386, ""rx"": 193, ""rzz"": 96}",synthetic,2.144337,"[2.214466, 2.210482, 2.111554, 2.144337, 2.122658]",16,152,exported,6.962137,"[7.058266, 7.017017, 6.962137, 6.913033, 6.910425]",rxrz_rzz_unbounded,96,"{""kind"": ""sample_state_including_phase"", ""max_error"": 8.344835848757741e-17, ""samples"": [8.344835848757741e-17], ""passed"": true}"
PR 2578,pauli_layers_16_numeric,static: each control-flow region counted once,387,flat circuit,,,2.16925,"[2.192483, 2.173297, 2.16925, 2.127538, 2.137697]",pauli_layers,3913365859a964658d964dff580afb5e9949e3da3d414babce6b3fd75f5647b4,58637,numeric,579,193,96,387,386,0,"{""rz"": 386, ""rx"": 193, ""rzz"": 96}",synthetic,2.144337,"[2.214466, 2.210482, 2.111554, 2.144337, 2.122658]",16,154,exported,7.60931,"[7.708591, 7.589663, 7.612383, 7.60931, 7.59587]",ibm_fractional_bounded,96,"{""kind"": ""sample_state_including_phase"", ""max_error"": 1.2669820931698268e-16, ""samples"": [1.2669820931698268e-16], ""passed"": true}"
PR 2578,pauli_layers_16_numeric,static: each control-flow region counted once,435,flat circuit,,,5.003113,"[5.110842, 5.003113, 4.995401, 4.991081, 6.437445]",pauli_layers,3913365859a964658d964dff580afb5e9949e3da3d414babce6b3fd75f5647b4,62193,numeric,627,241,96,435,386,0,"{""rz"": 386, ""gpi2"": 241, ""rzz"": 96}",synthetic,2.144337,"[2.214466, 2.210482, 2.111554, 2.144337, 2.122658]",16,149,exported,7.636911,"[7.729055, 7.636911, 7.637534, 7.627663, 7.586862]",ionq_fixed_r_zz,96,"{""kind"": ""sample_state_including_phase"", ""max_error"": 8.859651774457439e-17, ""samples"": [8.859651774457439e-17], ""passed"": true}"
PR 2578,pauli_layers_16_numeric,static: each control-flow region counted once,564,flat circuit,,,5.688479,"[5.690207, 5.688479, 5.590701, 5.757232, 5.568797]",pauli_layers,3913365859a964658d964dff580afb5e9949e3da3d414babce6b3fd75f5647b4,94768,numeric,903,366,96,564,537,0,"{""rxpi2"": 357, ""rz"": 537, ""cz"": 96, ""rxpi"": 9}",synthetic,2.144337,"[2.214466, 2.210482, 2.111554, 2.144337, 2.122658]",16,230,exported,9.200268,"[9.334877, 9.241388, 9.200268, 9.190668, 9.191403]",rigetti_rx_cz,96,"{""kind"": ""sample_state_including_phase"", ""max_error"": 1.2903733900450555e-15, ""samples"": [1.2903733900450555e-15], ""passed"": true}"
PR 2578,pauli_layers_16_numeric,static: each control-flow region counted once,482,flat circuit,,,4.466324,"[4.625686, 4.434197, 4.466324, 4.401012, 6.399221]",pauli_layers,3913365859a964658d964dff580afb5e9949e3da3d414babce6b3fd75f5647b4,71270,numeric,733,352,96,482,381,0,"{""rxpi2"": 338, ""rz"": 381, ""iswap"": 96, ""rxpi"": 14}",synthetic,2.144337,"[2.214466, 2.210482, 2.111554, 2.144337, 2.122658]",16,214,exported,8.149907,"[8.22818, 8.149907, 8.151667, 8.126803, 8.133779]",rigetti_rx_iswap,96,"{""kind"": ""sample_state_including_phase"", ""max_error"": 1.7718185688691852e-16, ""samples"": [1.7718185688691852e-16], ""passed"": true}"
PR 2578,equatorial_frames_16_numeric,static: each control-flow region counted once,112,flat circuit,,,0.755943,"[0.807975, 0.77463, 0.755943, 0.75223, 0.753878]",equatorial_frames,359e2a660c22316add5462c7acc53b298d977faa90d1c0f68946f8f036953877,22683,numeric,64,64,48,112,0,0,"{""r"": 64, ""cz"": 48}",synthetic,1.97352,"[2.040161, 2.038513, 1.960656, 1.97352, 1.939584]",16,71,exported,5.898064,"[5.971137, 5.926129, 5.898064, 5.874545, 5.888416]",iqm_r_cz,48,"{""kind"": ""sample_state_including_phase"", ""max_error"": 2.314409786063609e-17, ""samples"": [2.314409786063609e-17], ""passed"": true}"
PR 2578,equatorial_frames_16_numeric,static: each control-flow region counted once,291,flat circuit,,,1.659693,"[1.697646, 1.659693, 1.629886, 1.678574, 1.637405]",equatorial_frames,359e2a660c22316add5462c7acc53b298d977faa90d1c0f68946f8f036953877,44493,numeric,387,145,48,291,242,0,"{""rz"": 242, ""sx"": 145, ""cx"": 48}",synthetic,1.97352,"[2.040161, 2.038513, 1.960656, 1.97352, 1.939584]",16,149,exported,7.11793,"[7.177787, 7.11793, 7.112634, 7.135467, 7.085498]",ibm_sxz_cx,48,"{""kind"": ""sample_state_including_phase"", ""max_error"": 1.5823112613210482e-16, ""samples"": [1.5823112613210482e-16], ""passed"": true}"
PR 2578,equatorial_frames_16_numeric,static: each control-flow region counted once,288,flat circuit,,,1.17385,"[1.21849, 1.190058, 1.17385, 1.166329, 1.159322]",equatorial_frames,359e2a660c22316add5462c7acc53b298d977faa90d1c0f68946f8f036953877,30916,numeric,240,96,48,288,144,0,"{""rz"": 144, ""sx"": 96, ""cz"": 48}",synthetic,1.97352,"[2.040161, 2.038513, 1.960656, 1.97352, 1.939584]",16,53,exported,5.95568,"[6.096866, 5.999809, 5.95568, 5.93088, 5.931425]",ibm_sxz_cz,48,"{""kind"": ""sample_state_including_phase"", ""max_error"": 4.754693192521914e-17, ""samples"": [4.754693192521914e-17], ""passed"": true}"
PR 2578,equatorial_frames_16_numeric,static: each control-flow region counted once,195,flat circuit,,,0.986264,"[1.036745, 0.986264, 1.02892, 0.96876, 0.974456]",equatorial_frames,359e2a660c22316add5462c7acc53b298d977faa90d1c0f68946f8f036953877,26227,numeric,243,97,48,195,146,0,"{""rz"": 146, ""rx"": 97, ""rzz"": 48}",synthetic,1.97352,"[2.040161, 2.038513, 1.960656, 1.97352, 1.939584]",16,60,exported,6.461845,"[6.55255, 6.515813, 6.461845, 6.430964, 6.444548]",rxrz_rzz_unbounded,48,"{""kind"": ""sample_state_including_phase"", ""max_error"": 6.196539339957726e-16, ""samples"": [6.196539339957726e-16], ""passed"": true}"
PR 2578,equatorial_frames_16_numeric,static: each control-flow region counted once,192,flat circuit,,,0.938408,"[0.996936, 0.962616, 0.934408, 0.938408, 0.928887]",equatorial_frames,359e2a660c22316add5462c7acc53b298d977faa90d1c0f68946f8f036953877,26289,numeric,144,48,48,192,96,0,"{""rz"": 96, ""rx"": 48, ""cz"": 48}",synthetic,1.97352,"[2.040161, 2.038513, 1.960656, 1.97352, 1.939584]",16,52,exported,5.61003,"[5.697055, 5.624254, 5.607006, 5.61003, 5.579598]",ibm_fractional_bounded,48,"{""kind"": ""sample_state_including_phase"", ""max_error"": 5.090903598275044e-17, ""samples"": [5.090903598275044e-17], ""passed"": true}"
PR 2578,equatorial_frames_16_numeric,static: each control-flow region counted once,290,flat circuit,,,2.934344,"[2.934344, 2.970841, 2.884615, 3.001609, 2.928904]",equatorial_frames,359e2a660c22316add5462c7acc53b298d977faa90d1c0f68946f8f036953877,33020,numeric,338,145,48,290,193,0,"{""rz"": 193, ""gpi2"": 96, ""gpi"": 49, ""rzz"": 48}",synthetic,1.97352,"[2.040161, 2.038513, 1.960656, 1.97352, 1.939584]",16,61,exported,7.273788,"[7.338092, 7.300412, 7.273788, 7.25678, 7.260763]",ionq_fixed_r_zz,48,"{""kind"": ""sample_state_including_phase"", ""max_error"": 6.134400178827897e-16, ""samples"": [6.134400178827897e-16], ""passed"": true}"
PR 2578,equatorial_frames_16_numeric,static: each control-flow region counted once,288,flat circuit,,,1.797487,"[2.036913, 1.820063, 1.797487, 1.780926, 1.781263]",equatorial_frames,359e2a660c22316add5462c7acc53b298d977faa90d1c0f68946f8f036953877,32201,numeric,240,96,48,288,144,0,"{""rz"": 144, ""rxpi2"": 96, ""cz"": 48}",synthetic,1.97352,"[2.040161, 2.038513, 1.960656, 1.97352, 1.939584]",16,53,exported,6.07549,"[6.177683, 6.132178, 6.07317, 6.07549, 6.051218]",rigetti_rx_cz,48,"{""kind"": ""sample_state_including_phase"", ""max_error"": 2.915677476187444e-17, ""samples"": [2.915677476187444e-17], ""passed"": true}"
PR 2578,equatorial_frames_16_numeric,static: each control-flow region counted once,483,flat circuit,,,3.599102,"[3.869311, 3.599102, 3.66259, 3.560541, 3.569517]",equatorial_frames,359e2a660c22316add5462c7acc53b298d977faa90d1c0f68946f8f036953877,60878,numeric,642,241,96,483,401,0,"{""rz"": 401, ""rxpi2"": 193, ""iswap"": 96, ""rxpi"": 48}",synthetic,1.97352,"[2.040161, 2.038513, 1.960656, 1.97352, 1.939584]",16,150,exported,8.394261,"[8.502742, 8.394261, 8.416693, 8.393157, 8.3677]",rigetti_rx_iswap,96,"{""kind"": ""sample_state_including_phase"", ""max_error"": 5.585830717462398e-16, ""samples"": [5.585830717462398e-16], ""passed"": true}"
PR 2578,efficient_su2_16_symbolic,static: each control-flow region counted once,102,flat circuit,,,3.780112,"[3.924721, 3.790303, 3.762366, 3.780112, 3.761086]",efficient_su2,980075aee6ebe64779c78cc3fd11d3d92fd4bd7638caa913ccfb219ee0c29d14,76439,symbolic,176,176,48,102,0,0,"{""r"": 176, ""cz"": 48}",synthetic,2.540821,"[2.569541, 2.607445, 2.537957, 2.540821, 2.521061]",16,535,exported,7.812928,"[7.853648, 7.825376, 7.774863, 7.76176, 7.812928]",iqm_r_cz,48,"{""kind"": ""sample_state_including_phase"", ""max_error"": 7.43354817321137e-17, ""samples"": [7.43354817321137e-17, 6.84116965740354e-17, 6.696122498712619e-17], ""passed"": true}"
PR 2578,efficient_su2_16_symbolic,static: each control-flow region counted once,64,flat circuit,,,3.498252,"[3.63003, 3.529437, 3.498252, 3.488477, 3.493965]",efficient_su2,980075aee6ebe64779c78cc3fd11d3d92fd4bd7638caa913ccfb219ee0c29d14,82800,symbolic,256,128,48,64,128,0,"{""sx"": 128, ""rz"": 128, ""cx"": 48}",synthetic,2.540821,"[2.569541, 2.607445, 2.537957, 2.540821, 2.521061]",16,644,exported,8.283412,"[8.415253, 8.309572, 8.283412, 8.257235, 8.235796]",ibm_sxz_cx,48,"{""kind"": ""sample_state_including_phase"", ""max_error"": 4.772854504744019e-17, ""samples"": [3.443600878600079e-17, 4.772854504744019e-17, 3.332577174885673e-17], ""passed"": true}"
PR 2578,efficient_su2_16_symbolic,static: each control-flow region counted once,201,flat circuit,,,4.365684,"[4.42722, 4.331427, 4.313076, 4.365684, 4.39226]",efficient_su2,980075aee6ebe64779c78cc3fd11d3d92fd4bd7638caa913ccfb219ee0c29d14,98670,symbolic,490,221,48,201,269,0,"{""sx"": 221, ""rz"": 269, ""cz"": 48}",synthetic,2.540821,"[2.569541, 2.607445, 2.537957, 2.540821, 2.521061]",16,707,exported,9.369325,"[9.429981, 9.357021, 9.401421, 9.363629, 9.369325]",ibm_sxz_cz,48,"{""kind"": ""sample_state_including_phase"", ""max_error"": 4.662825700453431e-17, ""samples"": [4.6317137111987767e-17, 4.484562158042673e-17, 4.662825700453431e-17], ""passed"": true}"
PR 2578,efficient_su2_16_symbolic,static: each control-flow region counted once,150,flat circuit,,,3.68363,"[3.83304, 3.697662, 3.68363, 3.659567, 3.666542]",efficient_su2,980075aee6ebe64779c78cc3fd11d3d92fd4bd7638caa913ccfb219ee0c29d14,81712,symbolic,375,157,48,150,218,0,"{""rz"": 218, ""rx"": 157, ""rzz"": 48}",synthetic,2.540821,"[2.569541, 2.607445, 2.537957, 2.540821, 2.521061]",16,566,exported,9.193644,"[9.278109, 9.226188, 9.170892, 9.193644, 9.159403]",rxrz_rzz_unbounded,48,"{""kind"": ""sample_state_including_phase"", ""max_error"": 5.011219503822069e-17, ""samples"": [5.011219503822069e-17, 4.4946328536372446e-17, 4.007326218996082e-17], ""passed"": true}"
PR 2578,efficient_su2_16_symbolic,static: each control-flow region counted once,156,flat circuit,,,4.040049,"[4.153378, 4.041201, 4.040049, 3.992976, 3.998193]",efficient_su2,980075aee6ebe64779c78cc3fd11d3d92fd4bd7638caa913ccfb219ee0c29d14,88376,symbolic,471,205,48,156,266,0,"{""rz"": 266, ""rx"": 205, ""rzz"": 48}",synthetic,2.540821,"[2.569541, 2.607445, 2.537957, 2.540821, 2.521061]",16,582,exported,9.814048,"[9.961137, 9.864609, 9.80304, 9.814048, 9.80744]",ibm_fractional_bounded,48,"{""kind"": ""sample_state_including_phase"", ""max_error"": 5.812592184432063e-16, ""samples"": [5.730498249242507e-16, 5.812592184432063e-16, 5.687195078126015e-16], ""passed"": true}"
PR 2578,efficient_su2_16_symbolic,static: each control-flow region counted once,204,flat circuit,,,6.899512,"[9.177675, 7.146539, 6.8562, 6.899512, 6.895641]",efficient_su2,980075aee6ebe64779c78cc3fd11d3d92fd4bd7638caa913ccfb219ee0c29d14,98737,symbolic,538,221,48,204,317,0,"{""gpi2"": 221, ""rz"": 317, ""rzz"": 48}",synthetic,2.540821,"[2.569541, 2.607445, 2.537957, 2.540821, 2.521061]",16,709,exported,9.804672,"[9.926529, 9.804672, 9.816817, 9.77432, 9.782224]",ionq_fixed_r_zz,48,"{""kind"": ""sample_state_including_phase"", ""max_error"": 5.77642730800805e-16, ""samples"": [5.643373020000843e-16, 5.77642730800805e-16, 5.684098824779961e-16], ""passed"": true}"
PR 2578,efficient_su2_16_symbolic,static: each control-flow region counted once,201,flat circuit,,,5.736399,"[5.982353, 5.758623, 5.659119, 5.736399, 5.585677]",efficient_su2,980075aee6ebe64779c78cc3fd11d3d92fd4bd7638caa913ccfb219ee0c29d14,100809,symbolic,490,221,48,201,269,0,"{""rxpi2"": 221, ""rz"": 269, ""cz"": 48}",synthetic,2.540821,"[2.569541, 2.607445, 2.537957, 2.540821, 2.521061]",16,706,exported,9.599999,"[9.651423, 9.599886, 9.599999, 9.610959, 9.551822]",rigetti_rx_cz,48,"{""kind"": ""sample_state_including_phase"", ""max_error"": 7.112366251504909e-17, ""samples"": [7.112366251504909e-17, 5.573431933475947e-17, 6.072151678411219e-17], ""passed"": true}"
PR 2578,efficient_su2_16_symbolic,static: each control-flow region counted once,308,flat circuit,,,6.293923,"[6.771448, 6.293923, 6.366437, 6.276659, 6.281588]",efficient_su2,980075aee6ebe64779c78cc3fd11d3d92fd4bd7638caa913ccfb219ee0c29d14,112892,symbolic,691,275,96,308,416,0,"{""rxpi2"": 224, ""rz"": 416, ""rxpi"": 51, ""iswap"": 96}",synthetic,2.540821,"[2.569541, 2.607445, 2.537957, 2.540821, 2.521061]",16,708,exported,10.498854,"[10.615335, 10.52919, 10.472678, 10.487238, 10.498854]",rigetti_rx_iswap,96,"{""kind"": ""sample_state_including_phase"", ""max_error"": 5.901145798360308e-16, ""samples"": [5.654905856039813e-16, 5.784932168673952e-16, 5.901145798360308e-16], ""passed"": true}"
PR 2578,pauli_layers_16_symbolic,static: each control-flow region counted once,243,flat circuit,,,2.406803,"[2.498533, 2.42626, 2.406803, 2.395812, 2.370947]",pauli_layers,709893fb814d41396469dd3ef4ea72cf69e9eea1c47f1e9fd9afb0bdd60b475d,60527,symbolic,256,256,96,243,0,0,"{""r"": 256, ""cz"": 96}",synthetic,2.247683,"[2.341619, 2.396659, 2.18509, 2.247683, 2.207282]",16,121,exported,9.465582,"[9.527182, 9.465582, 9.46371, 9.444669, 9.49163]",iqm_r_cz,96,"{""kind"": ""sample_state_including_phase"", ""max_error"": 1.454609855418324e-16, ""samples"": [1.454609855418324e-16, 1.245049360594337e-16, 1.3185039633475853e-16], ""passed"": true}"
PR 2578,pauli_layers_16_symbolic,static: each control-flow region counted once,530,flat circuit,,,6.505414,"[6.630022, 6.519045, 6.505414, 6.469621, 6.457893]",pauli_layers,709893fb814d41396469dd3ef4ea72cf69e9eea1c47f1e9fd9afb0bdd60b475d,113346,symbolic,572,223,96,530,349,0,"{""sx"": 223, ""rz"": 349, ""cx"": 96}",synthetic,2.247683,"[2.341619, 2.396659, 2.18509, 2.247683, 2.207282]",16,1108,exported,13.194924,"[13.194924, 13.241708, 13.414094, 13.104812, 13.122219]",ibm_sxz_cx,96,"{""kind"": ""sample_state_including_phase"", ""max_error"": 5.182803923506103e-17, ""samples"": [4.884451118769427e-17, 5.182803923506103e-17, 4.0079715069592315e-17], ""passed"": true}"
PR 2578,pauli_layers_16_symbolic,static: each control-flow region counted once,483,flat circuit,,,6.677447,"[6.751287, 6.677447, 6.684118, 6.58623, 6.621047]",pauli_layers,709893fb814d41396469dd3ef4ea72cf69e9eea1c47f1e9fd9afb0bdd60b475d,126323,symbolic,768,336,96,483,432,0,"{""sx"": 336, ""rz"": 432, ""cz"": 96}",synthetic,2.247683,"[2.341619, 2.396659, 2.18509, 2.247683, 2.207282]",16,1159,exported,13.687728,"[13.845345, 13.687728, 13.656768, 13.697313, 13.683968]",ibm_sxz_cz,96,"{""kind"": ""sample_state_including_phase"", ""max_error"": 6.326986235218353e-17, ""samples"": [6.014264025466688e-17, 6.307336237568824e-17, 6.326986235218353e-17], ""passed"": true}"
PR 2578,pauli_layers_16_symbolic,static: each control-flow region counted once,387,flat circuit,,,3.338091,"[3.465276, 3.340956, 3.288955, 3.338091, 3.267403]",pauli_layers,709893fb814d41396469dd3ef4ea72cf69e9eea1c47f1e9fd9afb0bdd60b475d,72798,symbolic,579,193,96,387,386,0,"{""rz"": 386, ""rx"": 193, ""rzz"": 96}",synthetic,2.247683,"[2.341619, 2.396659, 2.18509, 2.247683, 2.207282]",16,338,exported,7.430861,"[7.533678, 7.470861, 7.430861, 7.42358, 7.430109]",rxrz_rzz_unbounded,96,"{""kind"": ""sample_state_including_phase"", ""max_error"": 8.366781913027784e-17, ""samples"": [8.366781913027784e-17, 8.165906743297143e-17, 7.257387276471041e-17], ""passed"": true}"
PR 2578,pauli_layers_16_symbolic,static: each control-flow region counted once,387,flat circuit,,,3.328619,"[3.429996, 3.353532, 3.328619, 3.305563, 3.305179]",pauli_layers,709893fb814d41396469dd3ef4ea72cf69e9eea1c47f1e9fd9afb0bdd60b475d,73568,symbolic,577,192,96,387,385,0,"{""rz"": 385, ""rx"": 192, ""rzz"": 96}",synthetic,2.247683,"[2.341619, 2.396659, 2.18509, 2.247683, 2.207282]",16,344,exported,9.783952,"[9.931554, 9.850673, 9.775296, 9.783872, 9.783952]",ibm_fractional_bounded,96,"{""kind"": ""sample_state_including_phase"", ""max_error"": 7.19730608313251e-17, ""samples"": [7.19730608313251e-17, 5.922404126499283e-17, 6.585669257405744e-17], ""passed"": true}"
PR 2578,pauli_layers_16_symbolic,static: each control-flow region counted once,435,flat circuit,,,7.252523,"[7.252523, 7.184059, 10.272628, 7.473341, 7.224971]",pauli_layers,709893fb814d41396469dd3ef4ea72cf69e9eea1c47f1e9fd9afb0bdd60b475d,87158,symbolic,627,241,96,435,386,0,"{""gpi2"": 241, ""rz"": 386, ""rzz"": 96}",synthetic,2.247683,"[2.341619, 2.396659, 2.18509, 2.247683, 2.207282]",16,580,exported,8.842873,"[8.902408, 8.857321, 8.811737, 8.842873, 8.782536]",ionq_fixed_r_zz,96,"{""kind"": ""sample_state_including_phase"", ""max_error"": 8.099505462106326e-17, ""samples"": [7.82790965198655e-17, 8.099505462106326e-17, 7.208110037058612e-17], ""passed"": true}"
PR 2578,pauli_layers_16_symbolic,static: each control-flow region counted once,483,flat circuit,,,8.629687,"[8.803576, 8.735624, 8.629687, 8.629158, 8.51591]",pauli_layers,709893fb814d41396469dd3ef4ea72cf69e9eea1c47f1e9fd9afb0bdd60b475d,129460,symbolic,768,336,96,483,432,0,"{""rxpi2"": 336, ""rz"": 432, ""cz"": 96}",synthetic,2.247683,"[2.341619, 2.396659, 2.18509, 2.247683, 2.207282]",16,1159,exported,14.168292,"[14.227877, 14.178468, 14.168292, 14.162308, 14.128691]",rigetti_rx_cz,96,"{""kind"": ""sample_state_including_phase"", ""max_error"": 1.0061396160665481e-16, ""samples"": [9.995291522690154e-17, 9.602383916429306e-17, 1.0061396160665481e-16], ""passed"": true}"
PR 2578,pauli_layers_16_symbolic,static: each control-flow region counted once,483,flat circuit,,,7.61891,"[7.969569, 7.633967, 7.61891, 7.546734, 7.61571]",pauli_layers,709893fb814d41396469dd3ef4ea72cf69e9eea1c47f1e9fd9afb0bdd60b475d,110717,symbolic,738,337,96,483,401,0,"{""rxpi2"": 337, ""rz"": 401, ""iswap"": 96}",synthetic,2.247683,"[2.341619, 2.396659, 2.18509, 2.247683, 2.207282]",16,1060,exported,12.881641,"[12.916698, 12.900665, 12.846745, 12.829849, 12.881641]",rigetti_rx_iswap,96,"{""kind"": ""sample_state_including_phase"", ""max_error"": 8.066930473328862e-17, ""samples"": [7.642756367017101e-17, 8.066930473328862e-17, 7.168503389327985e-17], ""passed"": true}"
PR 2578,equatorial_frames_16_symbolic,static: each control-flow region counted once,112,flat circuit,,,2.119858,"[2.214194, 2.139553, 2.119858, 2.091313, 2.091585]",equatorial_frames,89478d3967dbd32086f14306278aad2c95493b029e8ea8ac8ad4d313bba1c3f3,41477,symbolic,64,64,48,112,0,0,"{""r"": 64, ""cz"": 48}",synthetic,2.081777,"[2.17341, 2.209762, 1.993088, 2.081777, 2.057393]",16,311,exported,5.333388,"[5.383804, 5.333388, 5.33726, 5.327244, 5.327051]",iqm_r_cz,48,"{""kind"": ""sample_state_including_phase"", ""max_error"": 4.670885906470169e-17, ""samples"": [4.670885906470169e-17, 3.820332166161671e-17, 2.4052677599400384e-17], ""passed"": true}"
PR 2578,equatorial_frames_16_symbolic,static: each control-flow region counted once,385,flat circuit,,,2.870471,"[2.964425, 2.895191, 2.855928, 2.870471, 2.847047]",equatorial_frames,89478d3967dbd32086f14306278aad2c95493b029e8ea8ac8ad4d313bba1c3f3,63311,symbolic,481,192,48,385,289,0,"{""rz"": 289, ""sx"": 192, ""cx"": 48}",synthetic,2.081777,"[2.17341, 2.209762, 1.993088, 2.081777, 2.057393]",16,295,exported,7.145946,"[7.233659, 7.151722, 7.145946, 7.113883, 7.136378]",ibm_sxz_cx,48,"{""kind"": ""sample_state_including_phase"", ""max_error"": 4.3089637234616164e-17, ""samples"": [3.8744871411808844e-17, 4.2145770886775124e-17, 4.3089637234616164e-17], ""passed"": true}"
PR 2578,equatorial_frames_16_symbolic,static: each control-flow region counted once,288,flat circuit,,,2.116321,"[2.171345, 2.116321, 2.133697, 2.076289, 2.051649]",equatorial_frames,89478d3967dbd32086f14306278aad2c95493b029e8ea8ac8ad4d313bba1c3f3,48007,symbolic,240,96,48,288,144,0,"{""rz"": 144, ""sx"": 96, ""cz"": 48}",synthetic,2.081777,"[2.17341, 2.209762, 1.993088, 2.081777, 2.057393]",16,245,exported,6.118594,"[6.193314, 6.13685, 6.11109, 6.118594, 6.109554]",ibm_sxz_cz,48,"{""kind"": ""sample_state_including_phase"", ""max_error"": 4.906538933386797e-17, ""samples"": [4.347204570675246e-17, 4.734873626495502e-17, 4.906538933386797e-17], ""passed"": true}"
PR 2578,equatorial_frames_16_symbolic,static: each control-flow region counted once,289,flat circuit,,,2.236546,"[2.350323, 2.247683, 2.236546, 2.219346, 2.231011]",equatorial_frames,89478d3967dbd32086f14306278aad2c95493b029e8ea8ac8ad4d313bba1c3f3,50497,symbolic,337,144,48,289,193,0,"{""rz"": 193, ""rx"": 144, ""rzz"": 48}",synthetic,2.081777,"[2.17341, 2.209762, 1.993088, 2.081777, 2.057393]",16,296,exported,6.884776,"[6.979674, 6.904184, 6.884776, 6.861304, 6.857304]",rxrz_rzz_unbounded,48,"{""kind"": ""sample_state_including_phase"", ""max_error"": 5.919680318445345e-16, ""samples"": [5.460191980660407e-16, 5.838987484188937e-16, 5.919680318445345e-16], ""passed"": true}"
PR 2578,equatorial_frames_16_symbolic,static: each control-flow region counted once,192,flat circuit,,,1.853743,"[1.930912, 1.866175, 1.853743, 1.834943, 1.829391]",equatorial_frames,89478d3967dbd32086f14306278aad2c95493b029e8ea8ac8ad4d313bba1c3f3,43454,symbolic,144,48,48,192,96,0,"{""rz"": 96, ""rx"": 48, ""cz"": 48}",synthetic,2.081777,"[2.17341, 2.209762, 1.993088, 2.081777, 2.057393]",16,245,exported,5.912944,"[6.053409, 5.954321, 5.900528, 5.912944, 5.889632]",ibm_fractional_bounded,48,"{""kind"": ""sample_state_including_phase"", ""max_error"": 5.3580213916633664e-17, ""samples"": [3.9908066678832e-17, 5.3580213916633664e-17, 4.500261889206786e-17], ""passed"": true}"
PR 2578,equatorial_frames_16_symbolic,static: each control-flow region counted once,337,flat circuit,,,4.706055,"[7.805392, 4.89604, 4.706055, 4.626469, 4.552998]",equatorial_frames,89478d3967dbd32086f14306278aad2c95493b029e8ea8ac8ad4d313bba1c3f3,54960,symbolic,385,192,48,337,193,0,"{""rz"": 193, ""gpi2"": 96, ""gpi"": 96, ""rzz"": 48}",synthetic,2.081777,"[2.17341, 2.209762, 1.993088, 2.081777, 2.057393]",16,298,exported,7.451101,"[7.531918, 7.466589, 7.451101, 7.424301, 7.415501]",ionq_fixed_r_zz,48,"{""kind"": ""sample_state_including_phase"", ""max_error"": 6.799900288301137e-16, ""samples"": [6.033372239609273e-16, 6.482042122340138e-16, 6.799900288301137e-16], ""passed"": true}"
PR 2578,equatorial_frames_16_symbolic,static: each control-flow region counted once,288,flat circuit,,,2.690598,"[2.760855, 2.690598, 2.647685, 2.654454, 2.915672]",equatorial_frames,89478d3967dbd32086f14306278aad2c95493b029e8ea8ac8ad4d313bba1c3f3,49279,symbolic,240,96,48,288,144,0,"{""rz"": 144, ""rxpi2"": 96, ""cz"": 48}",synthetic,2.081777,"[2.17341, 2.209762, 1.993088, 2.081777, 2.057393]",16,246,exported,6.185475,"[6.257955, 6.205891, 6.185475, 6.131554, 6.16349]",rigetti_rx_cz,48,"{""kind"": ""sample_state_including_phase"", ""max_error"": 3.8517111915170804e-17, ""samples"": [3.8517111915170804e-17, 3.6190921865299664e-17, 3.336807230121139e-17], ""passed"": true}"
PR 2578,equatorial_frames_16_symbolic,static: each control-flow region counted once,577,flat circuit,,,5.015784,"[5.39318, 5.113802, 4.930121, 5.015784, 4.951337]",equatorial_frames,89478d3967dbd32086f14306278aad2c95493b029e8ea8ac8ad4d313bba1c3f3,80149,symbolic,736,288,96,577,448,0,"{""rz"": 448, ""rxpi2"": 240, ""iswap"": 96, ""rxpi"": 48}",synthetic,2.081777,"[2.17341, 2.209762, 1.993088, 2.081777, 2.057393]",16,297,exported,8.623335,"[8.695367, 8.623335, 8.578038, 8.654054, 8.597974]",rigetti_rx_iswap,96,"{""kind"": ""sample_state_including_phase"", ""max_error"": 6.249460199592959e-16, ""samples"": [5.994843925309452e-16, 6.133566560587043e-16, 6.249460199592959e-16], ""passed"": true}"
PR 2578,pauli_inverse_numeric,static: each control-flow region counted once,0,flat circuit,,,0.035649,"[0.070784, 0.041312, 0.035649, 0.034784, 0.034144]",pauli_inverse,ef6b8a14b59c572e165cb78751c040431a1a457a3ecb56a08dd09b7d2a848017,1025,numeric,0,0,0,0,0,0,{},micro,0.714054,"[0.952104, 0.754342, 0.714054, 0.652661, 0.701366]",2,1,exported,0.24437,"[0.28821, 0.256882, 0.24437, 0.237858, 0.240546]",iqm_r_cz,0,"{""kind"": ""full_matrix_including_phase"", ""max_error"": 0.0, ""samples"": [0.0], ""passed"": true}"
PR 2578,pauli_inverse_numeric,static: each control-flow region counted once,0,flat circuit,,,0.033969,"[0.053376, 0.036112, 0.033969, 0.032784, 0.032688]",pauli_inverse,ef6b8a14b59c572e165cb78751c040431a1a457a3ecb56a08dd09b7d2a848017,1201,numeric,0,0,0,0,0,0,{},micro,0.714054,"[0.952104, 0.754342, 0.714054, 0.652661, 0.701366]",2,1,exported,0.240562,"[0.275011, 0.24773, 0.240562, 0.232146, 0.227361]",ibm_sxz_cx,0,"{""kind"": ""full_matrix_including_phase"", ""max_error"": 0.0, ""samples"": [0.0], ""passed"": true}"
PR 2578,pauli_inverse_numeric,static: each control-flow region counted once,0,flat circuit,,,0.034513,"[0.041168, 0.036, 0.034513, 0.033376, 0.033328]",pauli_inverse,ef6b8a14b59c572e165cb78751c040431a1a457a3ecb56a08dd09b7d2a848017,1201,numeric,0,0,0,0,0,0,{},micro,0.714054,"[0.952104, 0.754342, 0.714054, 0.652661, 0.701366]",2,1,exported,0.23141,"[0.264418, 0.237074, 0.23141, 0.226273, 0.230626]",ibm_sxz_cz,0,"{""kind"": ""full_matrix_including_phase"", ""max_error"": 0.0, ""samples"": [0.0], ""passed"": true}"
PR 2578,pauli_inverse_numeric,static: each control-flow region counted once,0,flat circuit,,,0.033681,"[0.040512, 0.035376, 0.033681, 0.032784, 0.033264]",pauli_inverse,ef6b8a14b59c572e165cb78751c040431a1a457a3ecb56a08dd09b7d2a848017,1115,numeric,0,0,0,0,0,0,{},micro,0.714054,"[0.952104, 0.754342, 0.714054, 0.652661, 0.701366]",2,1,exported,0.231842,"[0.24461, 0.231842, 0.229154, 0.232706, 0.225393]",rxrz_rzz_unbounded,0,"{""kind"": ""full_matrix_including_phase"", ""max_error"": 0.0, ""samples"": [0.0], ""passed"": true}"
PR 2578,pauli_inverse_numeric,static: each control-flow region counted once,0,flat circuit,,,0.037408,"[0.040449, 0.035872, 0.034224, 0.039217, 0.037408]",pauli_inverse,ef6b8a14b59c572e165cb78751c040431a1a457a3ecb56a08dd09b7d2a848017,1445,numeric,0,0,0,0,0,0,{},micro,0.714054,"[0.952104, 0.754342, 0.714054, 0.652661, 0.701366]",2,1,exported,0.231441,"[0.247218, 0.236322, 0.231441, 0.225746, 0.224754]",ibm_fractional_bounded,0,"{""kind"": ""full_matrix_including_phase"", ""max_error"": 0.0, ""samples"": [0.0], ""passed"": true}"
PR 2578,pauli_inverse_numeric,static: each control-flow region counted once,0,flat circuit,,,0.035664,"[0.040369, 0.035664, 0.038, 0.033568, 0.033729]",pauli_inverse,ef6b8a14b59c572e165cb78751c040431a1a457a3ecb56a08dd09b7d2a848017,1344,numeric,0,0,0,0,0,0,{},micro,0.714054,"[0.952104, 0.754342, 0.714054, 0.652661, 0.701366]",2,1,exported,0.22765,"[0.254338, 0.233506, 0.226834, 0.225618, 0.22765]",ionq_fixed_r_zz,0,"{""kind"": ""full_matrix_including_phase"", ""max_error"": 0.0, ""samples"": [0.0], ""passed"": true}"
PR 2578,pauli_inverse_numeric,static: each control-flow region counted once,0,flat circuit,,,0.0332,"[0.040625, 0.036352, 0.0332, 0.032576, 0.031969]",pauli_inverse,ef6b8a14b59c572e165cb78751c040431a1a457a3ecb56a08dd09b7d2a848017,1650,numeric,0,0,0,0,0,0,{},micro,0.714054,"[0.952104, 0.754342, 0.714054, 0.652661, 0.701366]",2,1,exported,0.23053,"[0.24397, 0.232658, 0.226994, 0.23053, 0.22381]",rigetti_rx_cz,0,"{""kind"": ""full_matrix_including_phase"", ""max_error"": 0.0, ""samples"": [0.0], ""passed"": true}"
PR 2578,pauli_inverse_numeric,static: each control-flow region counted once,0,flat circuit,,,0.033361,"[0.039184, 0.035296, 0.033361, 0.032416, 0.032832]",pauli_inverse,ef6b8a14b59c572e165cb78751c040431a1a457a3ecb56a08dd09b7d2a848017,1653,numeric,0,0,0,0,0,0,{},micro,0.714054,"[0.952104, 0.754342, 0.714054, 0.652661, 0.701366]",2,1,exported,0.231954,"[0.242338, 0.231954, 0.233442, 0.224418, 0.223393]",rigetti_rx_iswap,0,"{""kind"": ""full_matrix_including_phase"", ""max_error"": 0.0, ""samples"": [0.0], ""passed"": true}"
PR 2578,pauli_merge_numeric,static: each control-flow region counted once,5,flat circuit,,,0.08224,"[0.10328, 0.083569, 0.076481, 0.08224, 0.074689]",pauli_merge,430f564e12a735ee5b4d118cbd4fcbf6e990e66edc6509318471ab71925d329b,2032,numeric,3,3,2,5,0,0,"{""r"": 3, ""cz"": 2}",micro,0.691845,"[0.705142, 0.728598, 0.691845, 0.67735, 0.661621]",2,5,exported,0.405363,"[0.445012, 0.425412, 0.405363, 0.398259, 0.392499]",iqm_r_cz,2,"{""kind"": ""full_matrix_including_phase"", ""max_error"": 2.220446049250313e-16, ""samples"": [2.220446049250313e-16], ""passed"": true}"
PR 2578,pauli_merge_numeric,static: each control-flow region counted once,3,flat circuit,,,0.065377,"[0.081665, 0.068656, 0.065377, 0.062385, 0.06472]",pauli_merge,430f564e12a735ee5b4d118cbd4fcbf6e990e66edc6509318471ab71925d329b,1925,numeric,1,0,2,3,1,0,"{""cx"": 2, ""rz"": 1}",micro,0.691845,"[0.705142, 0.728598, 0.691845, 0.67735, 0.661621]",2,2,exported,0.369091,"[0.415652, 0.376451, 0.369091, 0.359555, 0.351059]",ibm_sxz_cx,2,"{""kind"": ""full_matrix_including_phase"", ""max_error"": 1.1102230246251565e-16, ""samples"": [1.1102230246251565e-16], ""passed"": true}"
PR 2578,pauli_merge_numeric,static: each control-flow region counted once,13,flat circuit,,,0.098992,"[0.115185, 0.099633, 0.098992, 0.094401, 0.091521]",pauli_merge,430f564e12a735ee5b4d118cbd4fcbf6e990e66edc6509318471ab71925d329b,2625,numeric,11,4,2,13,7,0,"{""rz"": 7, ""sx"": 4, ""cz"": 2}",micro,0.691845,"[0.705142, 0.728598, 0.691845, 0.67735, 0.661621]",2,5,exported,0.397444,"[0.4209, 0.413203, 0.397444, 0.393107, 0.385411]",ibm_sxz_cz,2,"{""kind"": ""full_matrix_including_phase"", ""max_error"": 3.2368285245694683e-16, ""samples"": [3.2368285245694683e-16], ""passed"": true}"
PR 2578,pauli_merge_numeric,static: each control-flow region counted once,1,flat circuit,,,0.048257,"[0.057264, 0.048257, 0.046528, 0.049472, 0.045521]",pauli_merge,430f564e12a735ee5b4d118cbd4fcbf6e990e66edc6509318471ab71925d329b,1409,numeric,0,0,1,1,0,0,"{""rzz"": 1}",micro,0.691845,"[0.705142, 0.728598, 0.691845, 0.67735, 0.661621]",2,2,exported,0.326754,"[0.353299, 0.334131, 0.325507, 0.326754, 0.321667]",rxrz_rzz_unbounded,1,"{""kind"": ""full_matrix_including_phase"", ""max_error"": 1.2412670766236366e-16, ""samples"": [1.2412670766236366e-16], ""passed"": true}"
PR 2578,pauli_merge_numeric,static: each control-flow region counted once,1,flat circuit,,,0.04712,"[0.054256, 0.04712, 0.049217, 0.044976, 0.044465]",pauli_merge,430f564e12a735ee5b4d118cbd4fcbf6e990e66edc6509318471ab71925d329b,1739,numeric,0,0,1,1,0,0,"{""rzz"": 1}",micro,0.691845,"[0.705142, 0.728598, 0.691845, 0.67735, 0.661621]",2,2,exported,0.32413,"[0.349443, 0.327139, 0.323475, 0.32413, 0.320611]",ibm_fractional_bounded,1,"{""kind"": ""full_matrix_including_phase"", ""max_error"": 1.2412670766236366e-16, ""samples"": [1.2412670766236366e-16], ""passed"": true}"
PR 2578,pauli_merge_numeric,static: each control-flow region counted once,1,flat circuit,,,0.045152,"[0.054033, 0.047168, 0.045152, 0.044433, 0.04464]",pauli_merge,430f564e12a735ee5b4d118cbd4fcbf6e990e66edc6509318471ab71925d329b,1638,numeric,0,0,1,1,0,0,"{""rzz"": 1}",micro,0.691845,"[0.705142, 0.728598, 0.691845, 0.67735, 0.661621]",2,2,exported,0.323699,"[0.346803, 0.325827, 0.32229, 0.323699, 0.317235]",ionq_fixed_r_zz,1,"{""kind"": ""full_matrix_including_phase"", ""max_error"": 1.2412670766236366e-16, ""samples"": [1.2412670766236366e-16], ""passed"": true}"
PR 2578,pauli_merge_numeric,static: each control-flow region counted once,13,flat circuit,,,0.224065,"[0.224065, 0.193602, 0.614725, 0.238034, 0.184498]",pauli_merge,430f564e12a735ee5b4d118cbd4fcbf6e990e66edc6509318471ab71925d329b,3030,numeric,11,4,2,13,7,0,"{""rz"": 7, ""rxpi2"": 4, ""cz"": 2}",micro,0.691845,"[0.705142, 0.728598, 0.691845, 0.67735, 0.661621]",2,4,exported,0.38802,"[0.414179, 0.388131, 0.38802, 0.378915, 0.375427]",rigetti_rx_cz,2,"{""kind"": ""full_matrix_including_phase"", ""max_error"": 2.220446049250313e-16, ""samples"": [2.220446049250313e-16], ""passed"": true}"
PR 2578,pauli_merge_numeric,static: each control-flow region counted once,12,flat circuit,,,0.166114,"[0.198754, 0.180833, 0.166114, 0.159233, 0.159809]",pauli_merge,430f564e12a735ee5b4d118cbd4fcbf6e990e66edc6509318471ab71925d329b,2831,numeric,11,4,2,12,7,0,"{""rz"": 7, ""rxpi2"": 4, ""iswap"": 2}",micro,0.691845,"[0.705142, 0.728598, 0.691845, 0.67735, 0.661621]",2,5,exported,0.395539,"[0.430404, 0.410195, 0.395539, 0.393316, 0.386467]",rigetti_rx_iswap,2,"{""kind"": ""full_matrix_including_phase"", ""max_error"": 3.3306690738754696e-16, ""samples"": [3.3306690738754696e-16], ""passed"": true}"
PR 2578,terminal_z_numeric,static: each control-flow region counted once,3,flat circuit,,,0.074273,"[0.098785, 0.080256, 0.074273, 0.070081, 0.06976]",terminal_z,9422abfebecd5888bb83a237f7cb1bbc85c92d5ebecd4a8a04b185a329f1412c,1946,numeric,2,2,0,2,0,0,"{""r"": 2, ""barrier"": 1, ""measure"": 2}",micro,0.703989,"[0.74303, 0.756359, 0.703989, 0.701462, 0.671702]",2,6,exported,0.46186,"[0.498548, 0.46418, 0.46186, 0.443315, 0.435924]",iqm_r_cz,0,"{""kind"": ""measurement_probabilities"", ""max_error"": 3.3306690738754696e-16, ""samples"": [3.3306690738754696e-16], ""passed"": true}"
PR 2578,terminal_z_numeric,static: each control-flow region counted once,4,flat circuit,,,0.071072,"[0.092865, 0.077729, 0.071072, 0.070369, 0.068784]",terminal_z,9422abfebecd5888bb83a237f7cb1bbc85c92d5ebecd4a8a04b185a329f1412c,2101,numeric,3,1,0,3,2,0,"{""rz"": 2, ""sx"": 1, ""barrier"": 1, ""measure"": 2}",micro,0.703989,"[0.74303, 0.756359, 0.703989, 0.701462, 0.671702]",2,5,exported,0.430804,"[0.476164, 0.439299, 0.430804, 0.421123, 0.422963]",ibm_sxz_cx,0,"{""kind"": ""measurement_probabilities"", ""max_error"": 1.1102230246251565e-16, ""samples"": [1.1102230246251565e-16], ""passed"": true}"
PR 2578,terminal_z_numeric,static: each control-flow region counted once,4,flat circuit,,,0.074416,"[0.089953, 0.07584, 0.072177, 0.071153, 0.074416]",terminal_z,9422abfebecd5888bb83a237f7cb1bbc85c92d5ebecd4a8a04b185a329f1412c,2101,numeric,3,1,0,3,2,0,"{""rz"": 2, ""sx"": 1, ""barrier"": 1, ""measure"": 2}",micro,0.703989,"[0.74303, 0.756359, 0.703989, 0.701462, 0.671702]",2,5,exported,0.42106,"[0.445556, 0.430355, 0.418596, 0.418083, 0.42106]",ibm_sxz_cz,0,"{""kind"": ""measurement_probabilities"", ""max_error"": 1.1102230246251565e-16, ""samples"": [1.1102230246251565e-16], ""passed"": true}"
PR 2578,terminal_z_numeric,static: each control-flow region counted once,4,flat circuit,,,0.075072,"[0.087809, 0.075072, 0.076529, 0.070288, 0.069665]",terminal_z,9422abfebecd5888bb83a237f7cb1bbc85c92d5ebecd4a8a04b185a329f1412c,1969,numeric,3,1,0,3,2,0,"{""rz"": 2, ""rx"": 1, ""barrier"": 1, ""measure"": 2}",micro,0.703989,"[0.74303, 0.756359, 0.703989, 0.701462, 0.671702]",2,4,exported,0.420916,"[0.43882, 0.435827, 0.420916, 0.414291, 0.412116]",rxrz_rzz_unbounded,0,"{""kind"": ""measurement_probabilities"", ""max_error"": 3.3306690738754696e-16, ""samples"": [3.3306690738754696e-16], ""passed"": true}"
PR 2578,terminal_z_numeric,static: each control-flow region counted once,4,flat circuit,,,0.070753,"[0.089504, 0.077105, 0.070465, 0.069488, 0.070753]",terminal_z,9422abfebecd5888bb83a237f7cb1bbc85c92d5ebecd4a8a04b185a329f1412c,2299,numeric,3,1,0,3,2,0,"{""rz"": 2, ""rx"": 1, ""barrier"": 1, ""measure"": 2}",micro,0.703989,"[0.74303, 0.756359, 0.703989, 0.701462, 0.671702]",2,4,exported,0.419891,"[0.441795, 0.436419, 0.419188, 0.419891, 0.414611]",ibm_fractional_bounded,0,"{""kind"": ""measurement_probabilities"", ""max_error"": 3.3306690738754696e-16, ""samples"": [3.3306690738754696e-16], ""passed"": true}"
PR 2578,terminal_z_numeric,static: each control-flow region counted once,4,flat circuit,,,0.093169,"[0.111217, 0.101937, 0.093169, 0.089712, 0.087265]",terminal_z,9422abfebecd5888bb83a237f7cb1bbc85c92d5ebecd4a8a04b185a329f1412c,2252,numeric,3,1,0,3,2,0,"{""rz"": 2, ""gpi2"": 1, ""barrier"": 1, ""measure"": 2}",micro,0.703989,"[0.74303, 0.756359, 0.703989, 0.701462, 0.671702]",2,5,exported,0.424563,"[0.452147, 0.431876, 0.423939, 0.424563, 0.418067]",ionq_fixed_r_zz,0,"{""kind"": ""measurement_probabilities"", ""max_error"": 3.3306690738754696e-16, ""samples"": [3.3306690738754696e-16], ""passed"": true}"
PR 2578,terminal_z_numeric,static: each control-flow region counted once,4,flat circuit,,,0.140865,"[0.176945, 0.154914, 0.140865, 0.136849, 0.134529]",terminal_z,9422abfebecd5888bb83a237f7cb1bbc85c92d5ebecd4a8a04b185a329f1412c,2504,numeric,3,1,0,3,2,0,"{""rz"": 2, ""rxpi2"": 1, ""barrier"": 1, ""measure"": 2}",micro,0.703989,"[0.74303, 0.756359, 0.703989, 0.701462, 0.671702]",2,4,exported,0.430083,"[0.457348, 0.442132, 0.430083, 0.420644, 0.421011]",rigetti_rx_cz,0,"{""kind"": ""measurement_probabilities"", ""max_error"": 3.3306690738754696e-16, ""samples"": [3.3306690738754696e-16], ""passed"": true}"
PR 2578,terminal_z_numeric,static: each control-flow region counted once,4,flat circuit,,,0.141617,"[0.168018, 0.146753, 0.138257, 0.141617, 0.135841]",terminal_z,9422abfebecd5888bb83a237f7cb1bbc85c92d5ebecd4a8a04b185a329f1412c,2507,numeric,3,1,0,3,2,0,"{""rz"": 2, ""rxpi2"": 1, ""barrier"": 1, ""measure"": 2}",micro,0.703989,"[0.74303, 0.756359, 0.703989, 0.701462, 0.671702]",2,4,exported,0.43002,"[0.45914, 0.435667, 0.43002, 0.422867, 0.421812]",rigetti_rx_iswap,0,"{""kind"": ""measurement_probabilities"", ""max_error"": 3.3306690738754696e-16, ""samples"": [3.3306690738754696e-16], ""passed"": true}"
PR 2578,same_axis_r_numeric,static: each control-flow region counted once,1,flat circuit,,,0.046433,"[0.069713, 0.051648, 0.046433, 0.044112, 0.042977]",same_axis_r,b2a2d3111f09ec3366c40bd6be8ab8409ca159ba5e605f6181d468156be3115a,1246,numeric,1,1,0,1,0,0,"{""r"": 1}",micro,0.68231,"[0.719942, 0.72031, 0.68231, 0.672405, 0.652294]",2,3,exported,0.325314,"[0.369699, 0.338723, 0.325314, 0.319427, 0.313891]",iqm_r_cz,0,"{""kind"": ""full_matrix_including_phase"", ""max_error"": 1.6081226496766364e-16, ""samples"": [1.6081226496766364e-16], ""passed"": true}"
PR 2578,same_axis_r_numeric,static: each control-flow region counted once,2,flat circuit,,,0.049216,"[0.059376, 0.051409, 0.049216, 0.046448, 0.046225]",same_axis_r,b2a2d3111f09ec3366c40bd6be8ab8409ca159ba5e605f6181d468156be3115a,1491,numeric,2,1,0,2,1,0,"{""x"": 1, ""rz"": 1}",micro,0.68231,"[0.719942, 0.72031, 0.68231, 0.672405, 0.652294]",2,3,exported,0.343267,"[0.375556, 0.354482, 0.343267, 0.332387, 0.330643]",ibm_sxz_cx,0,"{""kind"": ""full_matrix_including_phase"", ""max_error"": 3.1401849173675503e-16, ""samples"": [3.1401849173675503e-16], ""passed"": true}"
PR 2578,same_axis_r_numeric,static: each control-flow region counted once,2,flat circuit,,,0.047904,"[0.059696, 0.050433, 0.047904, 0.04728, 0.046353]",same_axis_r,b2a2d3111f09ec3366c40bd6be8ab8409ca159ba5e605f6181d468156be3115a,1491,numeric,2,1,0,2,1,0,"{""x"": 1, ""rz"": 1}",micro,0.68231,"[0.719942, 0.72031, 0.68231, 0.672405, 0.652294]",2,3,exported,0.338099,"[0.353443, 0.338099, 0.339059, 0.327842, 0.324275]",ibm_sxz_cz,0,"{""kind"": ""full_matrix_including_phase"", ""max_error"": 3.1401849173675503e-16, ""samples"": [3.1401849173675503e-16], ""passed"": true}"
PR 2578,same_axis_r_numeric,static: each control-flow region counted once,3,flat circuit,,,0.052,"[0.06296, 0.054369, 0.052, 0.050577, 0.051264]",same_axis_r,b2a2d3111f09ec3366c40bd6be8ab8409ca159ba5e605f6181d468156be3115a,1576,numeric,3,1,0,3,2,0,"{""rz"": 2, ""rx"": 1}",micro,0.68231,"[0.719942, 0.72031, 0.68231, 0.672405, 0.652294]",2,5,exported,0.337107,"[0.353987, 0.346387, 0.337107, 0.330258, 0.332899]",rxrz_rzz_unbounded,0,"{""kind"": ""full_matrix_including_phase"", ""max_error"": 2.9893669801409083e-16, ""samples"": [2.9893669801409083e-16], ""passed"": true}"
PR 2578,same_axis_r_numeric,static: each control-flow region counted once,3,flat circuit,,,0.052785,"[0.062289, 0.05416, 0.052785, 0.051296, 0.050913]",same_axis_r,b2a2d3111f09ec3366c40bd6be8ab8409ca159ba5e605f6181d468156be3115a,1906,numeric,3,1,0,3,2,0,"{""rz"": 2, ""rx"": 1}",micro,0.68231,"[0.719942, 0.72031, 0.68231, 0.672405, 0.652294]",2,5,exported,0.335315,"[0.353714, 0.346835, 0.334547, 0.331411, 0.335315]",ibm_fractional_bounded,0,"{""kind"": ""full_matrix_including_phase"", ""max_error"": 2.9893669801409083e-16, ""samples"": [2.9893669801409083e-16], ""passed"": true}"
PR 2578,same_axis_r_numeric,static: each control-flow region counted once,1,flat circuit,,,0.062305,"[0.078561, 0.066, 0.061601, 0.059744, 0.062305]",same_axis_r,b2a2d3111f09ec3366c40bd6be8ab8409ca159ba5e605f6181d468156be3115a,1565,numeric,1,1,0,1,0,0,"{""gpi"": 1}",micro,0.68231,"[0.719942, 0.72031, 0.68231, 0.672405, 0.652294]",2,3,exported,0.319699,"[0.340579, 0.32005, 0.315027, 0.319699, 0.311586]",ionq_fixed_r_zz,0,"{""kind"": ""full_matrix_including_phase"", ""max_error"": 2.7755575615628914e-16, ""samples"": [2.7755575615628914e-16], ""passed"": true}"
PR 2578,same_axis_r_numeric,static: each control-flow region counted once,2,flat circuit,,,0.113041,"[0.146098, 0.120017, 0.113041, 0.108864, 0.107585]",same_axis_r,b2a2d3111f09ec3366c40bd6be8ab8409ca159ba5e605f6181d468156be3115a,1925,numeric,2,1,0,2,1,0,"{""rxpi"": 1, ""rz"": 1}",micro,0.68231,"[0.719942, 0.72031, 0.68231, 0.672405, 0.652294]",2,3,exported,0.330563,"[0.351202, 0.330563, 0.332499, 0.324147, 0.31917]",rigetti_rx_cz,0,"{""kind"": ""full_matrix_including_phase"", ""max_error"": 1.6643551735961712e-16, ""samples"": [1.6643551735961712e-16], ""passed"": true}"
PR 2578,same_axis_r_numeric,static: each control-flow region counted once,2,flat circuit,,,0.116001,"[0.134865, 0.116001, 0.117841, 0.108433, 0.106529]",same_axis_r,b2a2d3111f09ec3366c40bd6be8ab8409ca159ba5e605f6181d468156be3115a,1928,numeric,2,1,0,2,1,0,"{""rxpi"": 1, ""rz"": 1}",micro,0.68231,"[0.719942, 0.72031, 0.68231, 0.672405, 0.652294]",2,3,exported,0.327234,"[0.355795, 0.336659, 0.323379, 0.327234, 0.324339]",rigetti_rx_iswap,0,"{""kind"": ""full_matrix_including_phase"", ""max_error"": 1.6643551735961712e-16, ""samples"": [1.6643551735961712e-16], ""passed"": true}"
PR 2578,pauli_inverse_symbolic,static: each control-flow region counted once,0,flat circuit,,,0.045169,"[0.061425, 0.049248, 0.045169, 0.04248, 0.042032]",pauli_inverse,897c1abcdd53269cc482d25933d0100dbca1f0af09226fb59d5e7d744909f38b,1379,symbolic,0,0,0,0,0,0,{},micro,0.697126,"[0.730294, 0.74079, 0.697126, 0.68975, 0.683621]",2,1,exported,0.379347,"[0.420899, 0.385347, 0.379347, 0.367491, 0.362179]",iqm_r_cz,0,"{""kind"": ""full_matrix_including_phase"", ""max_error"": 1.1102230246251565e-16, ""samples"": [0.0, 0.0, 1.1102230246251565e-16], ""passed"": true}"
PR 2578,pauli_inverse_symbolic,static: each control-flow region counted once,0,flat circuit,,,0.043232,"[0.052128, 0.045825, 0.043232, 0.042832, 0.041665]",pauli_inverse,897c1abcdd53269cc482d25933d0100dbca1f0af09226fb59d5e7d744909f38b,1555,symbolic,0,0,0,0,0,0,{},micro,0.697126,"[0.730294, 0.74079, 0.697126, 0.68975, 0.683621]",2,1,exported,0.375283,"[0.405987, 0.379555, 0.375283, 0.368611, 0.360675]",ibm_sxz_cx,0,"{""kind"": ""full_matrix_including_phase"", ""max_error"": 1.1102230246251565e-16, ""samples"": [0.0, 0.0, 1.1102230246251565e-16], ""passed"": true}"
PR 2578,pauli_inverse_symbolic,static: each control-flow region counted once,0,flat circuit,,,0.042752,"[0.050992, 0.044993, 0.042752, 0.042497, 0.04184]",pauli_inverse,897c1abcdd53269cc482d25933d0100dbca1f0af09226fb59d5e7d744909f38b,1555,symbolic,0,0,0,0,0,0,{},micro,0.697126,"[0.730294, 0.74079, 0.697126, 0.68975, 0.683621]",2,1,exported,0.365523,"[0.387171, 0.369411, 0.363027, 0.365523, 0.359091]",ibm_sxz_cz,0,"{""kind"": ""full_matrix_including_phase"", ""max_error"": 1.1102230246251565e-16, ""samples"": [0.0, 0.0, 1.1102230246251565e-16], ""passed"": true}"
PR 2578,pauli_inverse_symbolic,static: each control-flow region counted once,0,flat circuit,,,0.042305,"[0.050256, 0.044544, 0.042305, 0.04136, 0.041424]",pauli_inverse,897c1abcdd53269cc482d25933d0100dbca1f0af09226fb59d5e7d744909f38b,1469,symbolic,0,0,0,0,0,0,{},micro,0.697126,"[0.730294, 0.74079, 0.697126, 0.68975, 0.683621]",2,1,exported,0.363683,"[0.379571, 0.363683, 0.365315, 0.356371, 0.359475]",rxrz_rzz_unbounded,0,"{""kind"": ""full_matrix_including_phase"", ""max_error"": 1.1102230246251565e-16, ""samples"": [0.0, 0.0, 1.1102230246251565e-16], ""passed"": true}"
PR 2578,pauli_inverse_symbolic,static: each control-flow region counted once,0,flat circuit,,,0.04184,"[0.050929, 0.044272, 0.04184, 0.040961, 0.041648]",pauli_inverse,897c1abcdd53269cc482d25933d0100dbca1f0af09226fb59d5e7d744909f38b,1799,symbolic,0,0,0,0,0,0,{},micro,0.697126,"[0.730294, 0.74079, 0.697126, 0.68975, 0.683621]",2,1,exported,0.362163,"[0.382468, 0.369187, 0.362163, 0.361811, 0.357555]",ibm_fractional_bounded,0,"{""kind"": ""full_matrix_including_phase"", ""max_error"": 1.1102230246251565e-16, ""samples"": [0.0, 0.0, 1.1102230246251565e-16], ""passed"": true}"
PR 2578,pauli_inverse_symbolic,static: each control-flow region counted once,0,flat circuit,,,0.042513,"[0.051601, 0.045552, 0.042513, 0.041856, 0.041984]",pauli_inverse,897c1abcdd53269cc482d25933d0100dbca1f0af09226fb59d5e7d744909f38b,1698,symbolic,0,0,0,0,0,0,{},micro,0.697126,"[0.730294, 0.74079, 0.697126, 0.68975, 0.683621]",2,1,exported,0.366467,"[0.381571, 0.366467, 0.367635, 0.361699, 0.359331]",ionq_fixed_r_zz,0,"{""kind"": ""full_matrix_including_phase"", ""max_error"": 1.1102230246251565e-16, ""samples"": [0.0, 0.0, 1.1102230246251565e-16], ""passed"": true}"
PR 2578,pauli_inverse_symbolic,static: each control-flow region counted once,0,flat circuit,,,0.04248,"[0.051216, 0.044401, 0.04248, 0.041104, 0.040849]",pauli_inverse,897c1abcdd53269cc482d25933d0100dbca1f0af09226fb59d5e7d744909f38b,2004,symbolic,0,0,0,0,0,0,{},micro,0.697126,"[0.730294, 0.74079, 0.697126, 0.68975, 0.683621]",2,1,exported,0.373619,"[0.400195, 0.375091, 0.373619, 0.360627, 0.358211]",rigetti_rx_cz,0,"{""kind"": ""full_matrix_including_phase"", ""max_error"": 1.1102230246251565e-16, ""samples"": [0.0, 0.0, 1.1102230246251565e-16], ""passed"": true}"
PR 2578,pauli_inverse_symbolic,static: each control-flow region counted once,0,flat circuit,,,0.042256,"[0.050912, 0.044321, 0.042256, 0.041456, 0.041329]",pauli_inverse,897c1abcdd53269cc482d25933d0100dbca1f0af09226fb59d5e7d744909f38b,2007,symbolic,0,0,0,0,0,0,{},micro,0.697126,"[0.730294, 0.74079, 0.697126, 0.68975, 0.683621]",2,1,exported,0.365059,"[0.381715, 0.376371, 0.362627, 0.365059, 0.363139]",rigetti_rx_iswap,0,"{""kind"": ""full_matrix_including_phase"", ""max_error"": 1.1102230246251565e-16, ""samples"": [0.0, 0.0, 1.1102230246251565e-16], ""passed"": true}"
PR 2578,pauli_merge_symbolic,static: each control-flow region counted once,5,flat circuit,,,0.19701,"[0.256002, 0.212626, 0.19701, 0.189441, 0.191874]",pauli_merge,05be81251fcd3050ed18dc6be29f3b463fd80c03b5ff7c475f35f56ecf2f06ec,2784,symbolic,3,3,2,5,0,0,"{""r"": 3, ""cz"": 2}",micro,0.691814,"[0.724246, 0.793334, 0.635685, 0.691814, 0.671637]",2,14,exported,0.470548,"[0.518116, 0.480244, 0.470548, 0.463828, 0.458564]",iqm_r_cz,2,"{""kind"": ""full_matrix_including_phase"", ""max_error"": 5.978733960281817e-16, ""samples"": [1.7554167342883506e-16, 3.3306690738754696e-16, 5.978733960281817e-16], ""passed"": true}"
PR 2578,pauli_merge_symbolic,static: each control-flow region counted once,3,flat circuit,,,0.181441,"[0.218034, 0.192354, 0.181441, 0.174658, 0.171185]",pauli_merge,05be81251fcd3050ed18dc6be29f3b463fd80c03b5ff7c475f35f56ecf2f06ec,2667,symbolic,1,0,2,3,1,0,"{""cx"": 2, ""rz"": 1}",micro,0.691814,"[0.724246, 0.793334, 0.635685, 0.691814, 0.671637]",2,11,exported,0.426724,"[0.473923, 0.435092, 0.426724, 0.417795, 0.418803]",ibm_sxz_cx,2,"{""kind"": ""full_matrix_including_phase"", ""max_error"": 5.978733960281817e-16, ""samples"": [0.0, 3.3306690738754696e-16, 5.978733960281817e-16], ""passed"": true}"
PR 2578,pauli_merge_symbolic,static: each control-flow region counted once,13,flat circuit,,,0.239954,"[0.27837, 0.25901, 0.239954, 0.23453, 0.230882]",pauli_merge,05be81251fcd3050ed18dc6be29f3b463fd80c03b5ff7c475f35f56ecf2f06ec,3599,symbolic,11,4,2,13,7,0,"{""rz"": 7, ""sx"": 4, ""cz"": 2}",micro,0.691814,"[0.724246, 0.793334, 0.635685, 0.691814, 0.671637]",2,20,exported,0.531716,"[0.557445, 0.540228, 0.531716, 0.522436, 0.518612]",ibm_sxz_cz,2,"{""kind"": ""full_matrix_including_phase"", ""max_error"": 1.1710090180710444e-15, ""samples"": [4.0029660424867215e-16, 8.617648093045562e-16, 1.1710090180710444e-15], ""passed"": true}"
PR 2578,pauli_merge_symbolic,static: each control-flow region counted once,1,flat circuit,,,0.158177,"[0.189809, 0.163698, 0.158177, 0.148945, 0.146737]",pauli_merge,05be81251fcd3050ed18dc6be29f3b463fd80c03b5ff7c475f35f56ecf2f06ec,2152,symbolic,0,0,1,1,0,0,"{""rzz"": 1}",micro,0.691814,"[0.724246, 0.793334, 0.635685, 0.691814, 0.671637]",2,11,exported,0.396787,"[0.427475, 0.402084, 0.396787, 0.385811, 0.385667]",rxrz_rzz_unbounded,1,"{""kind"": ""full_matrix_including_phase"", ""max_error"": 5.978733960281817e-16, ""samples"": [0.0, 3.3306690738754696e-16, 5.978733960281817e-16], ""passed"": true}"
PR 2578,pauli_merge_symbolic,static: each control-flow region counted once,11,flat circuit,,,0.195746,"[0.246546, 0.206082, 0.195746, 0.189425, 0.189314]",pauli_merge,05be81251fcd3050ed18dc6be29f3b463fd80c03b5ff7c475f35f56ecf2f06ec,3363,symbolic,10,3,2,11,7,0,"{""rz"": 7, ""rx"": 3, ""rzz"": 2}",micro,0.691814,"[0.724246, 0.793334, 0.635685, 0.691814, 0.671637]",2,14,exported,0.48978,"[0.525748, 0.501796, 0.48978, 0.4781, 0.480948]",ibm_fractional_bounded,2,"{""kind"": ""full_matrix_including_phase"", ""max_error"": 9.155133597044475e-16, ""samples"": [3.4471709787692927e-16, 6.206335383118183e-16, 9.155133597044475e-16], ""passed"": true}"
PR 2578,pauli_merge_symbolic,static: each control-flow region counted once,1,flat circuit,,,0.153169,"[0.186322, 0.160305, 0.152242, 0.153169, 0.147745]",pauli_merge,05be81251fcd3050ed18dc6be29f3b463fd80c03b5ff7c475f35f56ecf2f06ec,2381,symbolic,0,0,1,1,0,0,"{""rzz"": 1}",micro,0.691814,"[0.724246, 0.793334, 0.635685, 0.691814, 0.671637]",2,11,exported,0.396451,"[0.432259, 0.40202, 0.396451, 0.384611, 0.381603]",ionq_fixed_r_zz,1,"{""kind"": ""full_matrix_including_phase"", ""max_error"": 5.978733960281817e-16, ""samples"": [0.0, 3.3306690738754696e-16, 5.978733960281817e-16], ""passed"": true}"
PR 2578,pauli_merge_symbolic,static: each control-flow region counted once,13,flat circuit,,,0.320594,"[0.356019, 0.326675, 0.320594, 0.310995, 0.305202]",pauli_merge,05be81251fcd3050ed18dc6be29f3b463fd80c03b5ff7c475f35f56ecf2f06ec,3990,symbolic,11,4,2,13,7,0,"{""rz"": 7, ""rxpi2"": 4, ""cz"": 2}",micro,0.691814,"[0.724246, 0.793334, 0.635685, 0.691814, 0.671637]",2,19,exported,0.519348,"[0.560884, 0.532469, 0.519348, 0.502788, 0.508916]",rigetti_rx_cz,2,"{""kind"": ""full_matrix_including_phase"", ""max_error"": 1.0778315928076987e-15, ""samples"": [2.6184557666721356e-16, 7.947987303456223e-16, 1.0778315928076987e-15], ""passed"": true}"
PR 2578,pauli_merge_symbolic,static: each control-flow region counted once,12,flat circuit,,,0.342355,"[0.347859, 0.742166, 0.342355, 0.29973, 0.296147]",pauli_merge,05be81251fcd3050ed18dc6be29f3b463fd80c03b5ff7c475f35f56ecf2f06ec,3764,symbolic,11,4,2,12,7,0,"{""rz"": 7, ""rxpi2"": 4, ""iswap"": 2}",micro,0.691814,"[0.724246, 0.793334, 0.635685, 0.691814, 0.671637]",2,19,exported,0.507908,"[0.553764, 0.528869, 0.507908, 0.506532, 0.50178]",rigetti_rx_iswap,2,"{""kind"": ""full_matrix_including_phase"", ""max_error"": 1.0778315928076987e-15, ""samples"": [3.002224531865041e-16, 8.617648093045562e-16, 1.0778315928076987e-15], ""passed"": true}"
PR 2578,terminal_z_symbolic,static: each control-flow region counted once,3,flat circuit,,,0.179714,"[0.232386, 0.193745, 0.179714, 0.177473, 0.170002]",terminal_z,d42d4b89b32b8d1e991f62416607b68d7789608c8d9b64c66cd5c662b8545127,2459,symbolic,2,2,0,2,0,0,"{""r"": 2, ""barrier"": 1, ""measure"": 2}",micro,0.701254,"[0.757574, 0.746743, 0.698869, 0.701254, 0.685254]",2,14,exported,0.460404,"[0.504484, 0.479684, 0.460404, 0.450596, 0.455044]",iqm_r_cz,0,"{""kind"": ""measurement_probabilities"", ""max_error"": 2.220446049250313e-16, ""samples"": [1.1102230246251565e-16, 2.220446049250313e-16, 1.1102230246251565e-16], ""passed"": true}"
PR 2578,terminal_z_symbolic,static: each control-flow region counted once,4,flat circuit,,,0.175217,"[0.21557, 0.194034, 0.175217, 0.168706, 0.164993]",terminal_z,d42d4b89b32b8d1e991f62416607b68d7789608c8d9b64c66cd5c662b8545127,2489,symbolic,3,1,0,3,2,0,"{""rz"": 2, ""sx"": 1, ""barrier"": 1, ""measure"": 2}",micro,0.701254,"[0.757574, 0.746743, 0.698869, 0.701254, 0.685254]",2,10,exported,0.473476,"[0.520372, 0.480116, 0.473476, 0.4569, 0.459715]",ibm_sxz_cx,0,"{""kind"": ""measurement_probabilities"", ""max_error"": 2.220446049250313e-16, ""samples"": [1.1102230246251565e-16, 2.220446049250313e-16, 1.1102230246251565e-16], ""passed"": true}"
PR 2578,terminal_z_symbolic,static: each control-flow region counted once,4,flat circuit,,,0.177249,"[0.205121, 0.181698, 0.177249, 0.164354, 0.161473]",terminal_z,d42d4b89b32b8d1e991f62416607b68d7789608c8d9b64c66cd5c662b8545127,2489,symbolic,3,1,0,3,2,0,"{""rz"": 2, ""sx"": 1, ""barrier"": 1, ""measure"": 2}",micro,0.701254,"[0.757574, 0.746743, 0.698869, 0.701254, 0.685254]",2,10,exported,0.471331,"[0.503844, 0.475796, 0.471331, 0.460468, 0.457636]",ibm_sxz_cz,0,"{""kind"": ""measurement_probabilities"", ""max_error"": 2.220446049250313e-16, ""samples"": [1.1102230246251565e-16, 2.220446049250313e-16, 1.1102230246251565e-16], ""passed"": true}"
PR 2578,terminal_z_symbolic,static: each control-flow region counted once,4,flat circuit,,,0.167394,"[0.202402, 0.177889, 0.167394, 0.165681, 0.159521]",terminal_z,d42d4b89b32b8d1e991f62416607b68d7789608c8d9b64c66cd5c662b8545127,2353,symbolic,3,1,0,3,2,0,"{""rz"": 2, ""rx"": 1, ""barrier"": 1, ""measure"": 2}",micro,0.701254,"[0.757574, 0.746743, 0.698869, 0.701254, 0.685254]",2,9,exported,0.470372,"[0.501892, 0.4825, 0.468516, 0.470372, 0.457875]",rxrz_rzz_unbounded,0,"{""kind"": ""measurement_probabilities"", ""max_error"": 3.3306690738754696e-16, ""samples"": [3.3306690738754696e-16, 2.220446049250313e-16, 3.3306690738754696e-16], ""passed"": true}"
PR 2578,terminal_z_symbolic,static: each control-flow region counted once,4,flat circuit,,,0.166129,"[0.201009, 0.174274, 0.166129, 0.159841, 0.16285]",terminal_z,d42d4b89b32b8d1e991f62416607b68d7789608c8d9b64c66cd5c662b8545127,2683,symbolic,3,1,0,3,2,0,"{""rz"": 2, ""rx"": 1, ""barrier"": 1, ""measure"": 2}",micro,0.701254,"[0.757574, 0.746743, 0.698869, 0.701254, 0.685254]",2,9,exported,0.469044,"[0.504964, 0.485364, 0.469044, 0.466404, 0.456244]",ibm_fractional_bounded,0,"{""kind"": ""measurement_probabilities"", ""max_error"": 3.3306690738754696e-16, ""samples"": [3.3306690738754696e-16, 2.220446049250313e-16, 3.3306690738754696e-16], ""passed"": true}"
PR 2578,terminal_z_symbolic,static: each control-flow region counted once,4,flat circuit,,,0.198754,"[0.244546, 0.209426, 0.198754, 0.193137, 0.191314]",terminal_z,d42d4b89b32b8d1e991f62416607b68d7789608c8d9b64c66cd5c662b8545127,2642,symbolic,3,1,0,3,2,0,"{""rz"": 2, ""gpi2"": 1, ""barrier"": 1, ""measure"": 2}",micro,0.701254,"[0.757574, 0.746743, 0.698869, 0.701254, 0.685254]",2,10,exported,0.47162,"[0.511109, 0.48874, 0.47162, 0.470068, 0.460179]",ionq_fixed_r_zz,0,"{""kind"": ""measurement_probabilities"", ""max_error"": 3.3306690738754696e-16, ""samples"": [3.3306690738754696e-16, 2.220446049250313e-16, 3.3306690738754696e-16], ""passed"": true}"
PR 2578,terminal_z_symbolic,static: each control-flow region counted once,4,flat circuit,,,0.229698,"[0.277058, 0.240898, 0.229698, 0.222402, 0.223282]",terminal_z,d42d4b89b32b8d1e991f62416607b68d7789608c8d9b64c66cd5c662b8545127,2888,symbolic,3,1,0,3,2,0,"{""rz"": 2, ""rxpi2"": 1, ""barrier"": 1, ""measure"": 2}",micro,0.701254,"[0.757574, 0.746743, 0.698869, 0.701254, 0.685254]",2,9,exported,0.472788,"[0.50866, 0.47858, 0.472788, 0.465444, 0.46482]",rigetti_rx_cz,0,"{""kind"": ""measurement_probabilities"", ""max_error"": 3.3306690738754696e-16, ""samples"": [3.3306690738754696e-16, 2.220446049250313e-16, 3.3306690738754696e-16], ""passed"": true}"
PR 2578,terminal_z_symbolic,static: each control-flow region counted once,4,flat circuit,,,0.226177,"[0.26429, 0.23493, 0.223826, 0.221218, 0.226177]",terminal_z,d42d4b89b32b8d1e991f62416607b68d7789608c8d9b64c66cd5c662b8545127,2891,symbolic,3,1,0,3,2,0,"{""rz"": 2, ""rxpi2"": 1, ""barrier"": 1, ""measure"": 2}",micro,0.701254,"[0.757574, 0.746743, 0.698869, 0.701254, 0.685254]",2,9,exported,0.471812,"[0.50386, 0.481156, 0.46722, 0.471812, 0.456307]",rigetti_rx_iswap,0,"{""kind"": ""measurement_probabilities"", ""max_error"": 3.3306690738754696e-16, ""samples"": [3.3306690738754696e-16, 2.220446049250313e-16, 3.3306690738754696e-16], ""passed"": true}"
PR 2578,same_axis_r_symbolic,static: each control-flow region counted once,1,flat circuit,,,0.119857,"[0.168081, 0.131057, 0.119857, 0.115105, 0.111281]",same_axis_r,59af948b651ce87df92fdb0d04b25a19c51f114106886434e8fdc4559d601167,1424,symbolic,1,1,0,1,0,0,"{""r"": 1}",micro,0.696949,"[0.733686, 0.726326, 0.696949, 0.676758, 0.656405]",2,2,exported,0.328947,"[0.371331, 0.348003, 0.328947, 0.320371, 0.323442]",iqm_r_cz,0,"{""kind"": ""full_matrix_including_phase"", ""max_error"": 1.6081226496766364e-16, ""samples"": [1.6081226496766364e-16, 1.6081226496766364e-16, 1.6081226496766364e-16], ""passed"": true}"
PR 2578,same_axis_r_symbolic,static: each control-flow region counted once,2,flat circuit,,,0.169362,"[0.201554, 0.179601, 0.169362, 0.159217, 0.156369]",same_axis_r,59af948b651ce87df92fdb0d04b25a19c51f114106886434e8fdc4559d601167,2124,symbolic,2,1,0,2,1,0,"{""x"": 1, ""rz"": 1}",micro,0.696949,"[0.733686, 0.726326, 0.696949, 0.676758, 0.656405]",2,14,exported,0.381955,"[0.419796, 0.399907, 0.381955, 0.374819, 0.372307]",ibm_sxz_cx,0,"{""kind"": ""full_matrix_including_phase"", ""max_error"": 5.4672143489065705e-16, ""samples"": [2.220446049250313e-16, 5.4672143489065705e-16, 2.220446049250313e-16], ""passed"": true}"
PR 2578,same_axis_r_symbolic,static: each control-flow region counted once,2,flat circuit,,,0.162625,"[0.19445, 0.168641, 0.161394, 0.162625, 0.153713]",same_axis_r,59af948b651ce87df92fdb0d04b25a19c51f114106886434e8fdc4559d601167,2124,symbolic,2,1,0,2,1,0,"{""x"": 1, ""rz"": 1}",micro,0.696949,"[0.733686, 0.726326, 0.696949, 0.676758, 0.656405]",2,14,exported,0.384131,"[0.413347, 0.39226, 0.384131, 0.378179, 0.373795]",ibm_sxz_cz,0,"{""kind"": ""full_matrix_including_phase"", ""max_error"": 5.4672143489065705e-16, ""samples"": [2.220446049250313e-16, 5.4672143489065705e-16, 2.220446049250313e-16], ""passed"": true}"
PR 2578,same_axis_r_symbolic,static: each control-flow region counted once,3,flat circuit,,,0.157521,"[0.186785, 0.164674, 0.157521, 0.152257, 0.152578]",same_axis_r,59af948b651ce87df92fdb0d04b25a19c51f114106886434e8fdc4559d601167,2171,symbolic,3,1,0,3,2,0,"{""rz"": 2, ""rx"": 1}",micro,0.696949,"[0.733686, 0.726326, 0.696949, 0.676758, 0.656405]",2,15,exported,0.379523,"[0.413907, 0.387283, 0.379523, 0.376915, 0.372771]",rxrz_rzz_unbounded,0,"{""kind"": ""full_matrix_including_phase"", ""max_error"": 4.965068306494546e-16, ""samples"": [2.83276944882399e-16, 4.965068306494546e-16, 2.83276944882399e-16], ""passed"": true}"
PR 2578,same_axis_r_symbolic,static: each control-flow region counted once,3,flat circuit,,,0.156545,"[0.190849, 0.165298, 0.156545, 0.151553, 0.150001]",same_axis_r,59af948b651ce87df92fdb0d04b25a19c51f114106886434e8fdc4559d601167,2501,symbolic,3,1,0,3,2,0,"{""rz"": 2, ""rx"": 1}",micro,0.696949,"[0.733686, 0.726326, 0.696949, 0.676758, 0.656405]",2,15,exported,0.381811,"[0.411636, 0.404019, 0.381811, 0.380803, 0.371043]",ibm_fractional_bounded,0,"{""kind"": ""full_matrix_including_phase"", ""max_error"": 4.965068306494546e-16, ""samples"": [2.83276944882399e-16, 4.965068306494546e-16, 2.83276944882399e-16], ""passed"": true}"
PR 2578,same_axis_r_symbolic,static: each control-flow region counted once,1,flat circuit,,,0.0996,"[0.122865, 0.0996, 0.095105, 0.100913, 0.089265]",same_axis_r,59af948b651ce87df92fdb0d04b25a19c51f114106886434e8fdc4559d601167,1743,symbolic,1,1,0,1,0,0,"{""gpi"": 1}",micro,0.696949,"[0.733686, 0.726326, 0.696949, 0.676758, 0.656405]",2,2,exported,0.331203,"[0.350691, 0.331203, 0.332899, 0.320466, 0.316355]",ionq_fixed_r_zz,0,"{""kind"": ""full_matrix_including_phase"", ""max_error"": 2.7336071744532853e-16, ""samples"": [2.482534153247273e-16, 2.482534153247273e-16, 2.7336071744532853e-16], ""passed"": true}"
PR 2578,same_axis_r_symbolic,static: each control-flow region counted once,2,flat circuit,,,0.218258,"[0.254226, 0.227938, 0.217698, 0.218258, 0.209074]",same_axis_r,59af948b651ce87df92fdb0d04b25a19c51f114106886434e8fdc4559d601167,2557,symbolic,2,1,0,2,1,0,"{""rxpi"": 1, ""rz"": 1}",micro,0.696949,"[0.733686, 0.726326, 0.696949, 0.676758, 0.656405]",2,14,exported,0.374979,"[0.414356, 0.385331, 0.374979, 0.374419, 0.360563]",rigetti_rx_cz,0,"{""kind"": ""full_matrix_including_phase"", ""max_error"": 3.510833468576701e-16, ""samples"": [2.6330522814889667e-16, 3.510833468576701e-16, 2.8316780624041817e-16], ""passed"": true}"
PR 2578,same_axis_r_symbolic,static: each control-flow region counted once,2,flat circuit,,,0.213905,"[0.245506, 0.220546, 0.211106, 0.213905, 0.20837]",same_axis_r,59af948b651ce87df92fdb0d04b25a19c51f114106886434e8fdc4559d601167,2560,symbolic,2,1,0,2,1,0,"{""rxpi"": 1, ""rz"": 1}",micro,0.696949,"[0.733686, 0.726326, 0.696949, 0.676758, 0.656405]",2,14,exported,0.371299,"[0.403971, 0.378243, 0.369299, 0.371299, 0.363923]",rigetti_rx_iswap,0,"{""kind"": ""full_matrix_including_phase"", ""max_error"": 3.510833468576701e-16, ""samples"": [2.6330522814889667e-16, 3.510833468576701e-16, 2.8316780624041817e-16], ""passed"": true}"
