revision,case,count_semantics,depth,depth_semantics,error,export_ms,export_samples_ms,family,input_bytes,input_quantum_ops,input_sha256,ir_bytes,mode,native_1q,native_1q_non_rz,native_2q,native_depth,native_rz,native_wide,operation_counts,origin,parse_ms,parse_samples_ms,peak_rss_mib,qubits,scalar_ops,status,synthesis_ms,synthesis_samples_ms,target,two_qubit_depth,validation
main,core_bv_104,,,,"__init__(): incompatible function arguments. The following argument types are supported:
    1. __init__(self, name: str, arity: mqt.core.mlir.CompilerTarget.OperationArity, num_parameters: int, site_tuples: collections.abc.Sequence[mqt.core.mlir.CompilerTarget.SiteTuple] | None = None, duration: int | None = None, fidelity: float | None = None, *, fixed_parameters: collections.abc.Sequence[float | None] = [], canonical_name: str | None = None) -> None
    2. __init__(self, name: str, arity: int, num_parameters: int, site_tuples: collections.abc.Sequence[mqt.core.mlir.CompilerTarget.SiteTuple] | None = None, duration: int | None = None, fidelity: float | None = None, *, fixed_parameters: collections.abc.Sequence[float | None] = [], canonical_name: str | None = None) -> None

Invoked with types: mqt.core.mlir.OperationCapability, kwargs = { name: str, arity: int, num_parameters: int, parameter_bounds: list }",,,bv,163993,3614,2f87f82eadbe29dc7fdb661e49e8ad43141df5ae5c24fb5a9507c08f2aa745d5,,numeric,,,,,,,,core,4.210762,"[4.418076, 4.188458, 4.16825, 5.155809, 4.210762]",70.20703125,104,,target_unsupported,,,ibm_fractional_bounded,,
main,core_bv_104,static: each control-flow region counted once,315,flat circuit,,2.888066,"[3.603319, 3.043091, 2.888066, 2.877763, 2.871202]",bv,163993,3614,2f87f82eadbe29dc7fdb661e49e8ad43141df5ae5c24fb5a9507c08f2aa745d5,72500,numeric,574,209,52,314,365,0,"{""x"": 1, ""rz"": 365, ""sx"": 208, ""cx"": 52, ""measure"": 103}",core,4.408651,"[4.408651, 4.587245, 4.168139, 4.80435, 4.350731]",124.0,104,108,exported,21.316022,"[21.458951, 21.316022, 21.300598, 21.418567, 21.273318]",ibm_sxz_cx,52,"{""kind"": ""native_contract_only"", ""passed"": true, ""errors"": [], ""checked_instructions"": 729, ""bindings"": 1, ""semantic_equivalence"": ""not checked at large width""}"
main,core_bv_104,static: each control-flow region counted once,59,flat circuit,,2.202478,"[2.857122, 2.275166, 2.202478, 2.183294, 2.169565]",bv,163993,3614,2f87f82eadbe29dc7fdb661e49e8ad43141df5ae5c24fb5a9507c08f2aa745d5,57649,numeric,313,105,52,58,208,0,"{""x"": 1, ""rz"": 208, ""sx"": 104, ""cz"": 52, ""measure"": 103}",core,4.543996,"[4.819326, 4.152859, 4.144282, 4.596541, 4.543996]",125.51953125,104,104,exported,20.128975,"[20.279216, 20.128975, 20.214976, 20.089231, 20.126047]",ibm_sxz_cz,52,"{""kind"": ""native_contract_only"", ""passed"": true, ""errors"": [], ""checked_instructions"": 468, ""bindings"": 1, ""semantic_equivalence"": ""not checked at large width""}"
main,core_bv_104,static: each control-flow region counted once,113,flat circuit,,2.535568,"[3.265604, 2.654017, 2.535568, 2.505216, 2.485472]",bv,163993,3614,2f87f82eadbe29dc7fdb661e49e8ad43141df5ae5c24fb5a9507c08f2aa745d5,64637,numeric,521,313,52,112,208,0,"{""rx"": 313, ""rz"": 208, ""rzz"": 52, ""measure"": 103}",core,4.542044,"[4.435948, 4.158155, 4.542044, 4.591437, 4.546637]",126.0078125,104,108,exported,20.649426,"[20.765859, 20.742819, 20.638722, 20.582929, 20.649426]",rxrz_rzz_unbounded,52,"{""kind"": ""native_contract_only"", ""passed"": true, ""errors"": [], ""checked_instructions"": 676, ""bindings"": 1, ""semantic_equivalence"": ""not checked at large width""}"
main,core_bv_156,,,,"__init__(): incompatible function arguments. The following argument types are supported:
    1. __init__(self, name: str, arity: mqt.core.mlir.CompilerTarget.OperationArity, num_parameters: int, site_tuples: collections.abc.Sequence[mqt.core.mlir.CompilerTarget.SiteTuple] | None = None, duration: int | None = None, fidelity: float | None = None, *, fixed_parameters: collections.abc.Sequence[float | None] = [], canonical_name: str | None = None) -> None
    2. __init__(self, name: str, arity: int, num_parameters: int, site_tuples: collections.abc.Sequence[mqt.core.mlir.CompilerTarget.SiteTuple] | None = None, duration: int | None = None, fidelity: float | None = None, *, fixed_parameters: collections.abc.Sequence[float | None] = [], canonical_name: str | None = None) -> None

Invoked with types: mqt.core.mlir.OperationCapability, kwargs = { name: str, arity: int, num_parameters: int, parameter_bounds: list }",,,bv,248777,5434,38e2413836e6c5fdc49d5937fd6146ccdca0f49645301e6b446652a95ce33bbe,,numeric,,,,,,,,core,6.152503,"[6.682458, 6.586713, 6.075478, 6.146663, 6.152503]",69.26171875,156,,target_unsupported,,,ibm_fractional_bounded,,
main,core_bv_156,static: each control-flow region counted once,471,flat circuit,,4.428139,"[5.324866, 4.541996, 4.405132, 4.36038, 4.428139]",bv,248777,5434,38e2413836e6c5fdc49d5937fd6146ccdca0f49645301e6b446652a95ce33bbe,108830,numeric,860,313,78,470,547,0,"{""x"": 1, ""rz"": 547, ""sx"": 312, ""cx"": 78, ""measure"": 155}",core,6.230391,"[6.344696, 6.950043, 6.130983, 6.230391, 6.147143]",129.30078125,156,160,exported,39.259559,"[39.259559, 39.286215, 39.267094, 39.187863, 39.186679]",ibm_sxz_cx,78,"{""kind"": ""native_contract_only"", ""passed"": true, ""errors"": [], ""checked_instructions"": 1093, ""bindings"": 1, ""semantic_equivalence"": ""not checked at large width""}"
main,core_bv_156,static: each control-flow region counted once,85,flat circuit,,3.343733,"[4.142042, 3.430374, 3.343733, 3.301013, 3.31306]",bv,248777,5434,38e2413836e6c5fdc49d5937fd6146ccdca0f49645301e6b446652a95ce33bbe,86589,numeric,469,157,78,84,312,0,"{""x"": 1, ""rz"": 312, ""sx"": 156, ""cz"": 78, ""measure"": 155}",core,6.299159,"[6.299159, 6.385353, 6.672473, 6.174247, 6.213911]",126.58984375,156,157,exported,37.649196,"[37.736861, 37.687341, 37.649196, 37.590124, 37.621805]",ibm_sxz_cz,78,"{""kind"": ""native_contract_only"", ""passed"": true, ""errors"": [], ""checked_instructions"": 702, ""bindings"": 1, ""semantic_equivalence"": ""not checked at large width""}"
main,core_bv_156,static: each control-flow region counted once,165,flat circuit,,3.811016,"[4.563196, 3.964985, 3.811016, 3.772328, 3.765784]",bv,248777,5434,38e2413836e6c5fdc49d5937fd6146ccdca0f49645301e6b446652a95ce33bbe,96907,numeric,781,469,78,164,312,0,"{""rx"": 469, ""rz"": 312, ""rzz"": 78, ""measure"": 155}",core,6.28924,"[6.28924, 6.321608, 6.638505, 6.137687, 6.157687]",129.11328125,156,160,exported,38.043551,"[38.169104, 38.043551, 38.037951, 38.023887, 38.159535]",rxrz_rzz_unbounded,78,"{""kind"": ""native_contract_only"", ""passed"": true, ""errors"": [], ""checked_instructions"": 1014, ""bindings"": 1, ""semantic_equivalence"": ""not checked at large width""}"
main,core_bv_24,,,,"__init__(): incompatible function arguments. The following argument types are supported:
    1. __init__(self, name: str, arity: mqt.core.mlir.CompilerTarget.OperationArity, num_parameters: int, site_tuples: collections.abc.Sequence[mqt.core.mlir.CompilerTarget.SiteTuple] | None = None, duration: int | None = None, fidelity: float | None = None, *, fixed_parameters: collections.abc.Sequence[float | None] = [], canonical_name: str | None = None) -> None
    2. __init__(self, name: str, arity: int, num_parameters: int, site_tuples: collections.abc.Sequence[mqt.core.mlir.CompilerTarget.SiteTuple] | None = None, duration: int | None = None, fidelity: float | None = None, *, fixed_parameters: collections.abc.Sequence[float | None] = [], canonical_name: str | None = None) -> None

Invoked with types: mqt.core.mlir.OperationCapability, kwargs = { name: str, arity: int, num_parameters: int, parameter_bounds: list }",,,bv,36211,814,1e8859888f01df6f3601028324a859e1825aa42dd0ed3a855b9fae474684ac7e,,numeric,,,,,,,,core,1.40537,"[1.640522, 1.433146, 1.383768, 1.40537, 1.38852]",69.26171875,24,,target_unsupported,,,ibm_fractional_bounded,,
main,core_bv_24,static: each control-flow region counted once,75,flat circuit,,0.705237,"[1.095943, 0.767941, 0.705237, 0.6917, 0.686101]",bv,36211,814,1e8859888f01df6f3601028324a859e1825aa42dd0ed3a855b9fae474684ac7e,17445,numeric,134,49,12,74,85,0,"{""x"": 1, ""rz"": 85, ""sx"": 48, ""cx"": 12, ""measure"": 23}",core,1.425337,"[1.623851, 1.425337, 1.388377, 1.467945, 1.398329]",122.15625,24,28,exported,3.441094,"[4.038426, 3.457094, 3.441094, 3.41111, 3.391894]",ibm_sxz_cx,12,"{""kind"": ""native_contract_only"", ""passed"": true, ""errors"": [], ""checked_instructions"": 169, ""bindings"": 1, ""semantic_equivalence"": ""not checked at large width""}"
main,core_bv_24,static: each control-flow region counted once,19,flat circuit,,0.588036,"[0.919334, 0.594052, 0.555235, 0.588036, 0.540387]",bv,36211,814,1e8859888f01df6f3601028324a859e1825aa42dd0ed3a855b9fae474684ac7e,13782,numeric,73,25,12,18,48,0,"{""x"": 1, ""rz"": 48, ""sx"": 24, ""cz"": 12, ""measure"": 23}",core,1.423417,"[1.651131, 1.423417, 1.385273, 1.464506, 1.389177]",121.95703125,24,24,exported,3.186005,"[3.252117, 3.315781, 3.186005, 3.150532, 3.151028]",ibm_sxz_cz,12,"{""kind"": ""native_contract_only"", ""passed"": true, ""errors"": [], ""checked_instructions"": 108, ""bindings"": 1, ""semantic_equivalence"": ""not checked at large width""}"
main,core_bv_24,,,,"Target synthesis failed: loc(""/home/nvidia/.codex/experiments/core-synthesis-large-20261004/corpus/core_bv_24.mlir"":1:1): target compilation requires a single-qubit synthesis basis
loc(""/home/nvidia/.codex/experiments/core-synthesis-large-20261004/corpus/core_bv_24.mlir"":1:1): failed to synthesize the QCO program for the target",,,bv,36211,814,1e8859888f01df6f3601028324a859e1825aa42dd0ed3a855b9fae474684ac7e,,numeric,,,,,,,,core,1.428634,"[1.609914, 1.428634, 1.386457, 1.733995, 1.427609]",69.25,24,,synthesis_failed,,,ionq_fixed_r_zz,,
main,core_bv_24,static: each control-flow region counted once,17,flat circuit,,0.517347,"[0.883302, 0.561924, 0.517347, 0.502387, 0.4893]",bv,36211,814,1e8859888f01df6f3601028324a859e1825aa42dd0ed3a855b9fae474684ac7e,13092,numeric,49,49,12,16,0,0,"{""r"": 49, ""cz"": 12, ""measure"": 23}",core,1.493018,"[1.632987, 1.493018, 1.400185, 1.409385, 1.757499]",119.890625,24,28,exported,3.30279,"[3.366214, 3.594503, 3.30279, 3.279269, 3.275733]",iqm_r_cz,12,"{""kind"": ""native_contract_only"", ""passed"": true, ""errors"": [], ""checked_instructions"": 84, ""bindings"": 1, ""semantic_equivalence"": ""not checked at large width""}"
main,core_bv_24,static: each control-flow region counted once,19,flat circuit,,0.788901,"[1.190424, 0.856741, 0.788901, 0.766469, 0.781653]",bv,36211,814,1e8859888f01df6f3601028324a859e1825aa42dd0ed3a855b9fae474684ac7e,14460,numeric,73,25,12,18,48,0,"{""rxpi"": 1, ""rz"": 48, ""rxpi2"": 24, ""cz"": 12, ""measure"": 23}",core,1.41489,"[1.622618, 1.440489, 1.405161, 1.41489, 1.385689]",122.1328125,24,25,exported,3.237252,"[4.090939, 3.376326, 3.237252, 3.220357, 3.203445]",rigetti_rx_cz,12,"{""kind"": ""native_contract_only"", ""passed"": true, ""errors"": [], ""checked_instructions"": 108, ""bindings"": 1, ""semantic_equivalence"": ""not checked at large width""}"
main,core_bv_24,static: each control-flow region counted once,33,flat circuit,,0.62698,"[1.028071, 0.684804, 0.62698, 0.615108, 0.607732]",bv,36211,814,1e8859888f01df6f3601028324a859e1825aa42dd0ed3a855b9fae474684ac7e,15542,numeric,121,73,12,32,48,0,"{""rx"": 73, ""rz"": 48, ""rzz"": 12, ""measure"": 23}",core,1.424073,"[1.610698, 1.424633, 1.384073, 1.424073, 1.397145]",122.171875,24,28,exported,3.328662,"[3.699752, 3.89825, 3.328662, 3.281525, 3.256149]",rxrz_rzz_unbounded,12,"{""kind"": ""native_contract_only"", ""passed"": true, ""errors"": [], ""checked_instructions"": 156, ""bindings"": 1, ""semantic_equivalence"": ""not checked at large width""}"
main,core_bv_36,,,,"__init__(): incompatible function arguments. The following argument types are supported:
    1. __init__(self, name: str, arity: mqt.core.mlir.CompilerTarget.OperationArity, num_parameters: int, site_tuples: collections.abc.Sequence[mqt.core.mlir.CompilerTarget.SiteTuple] | None = None, duration: int | None = None, fidelity: float | None = None, *, fixed_parameters: collections.abc.Sequence[float | None] = [], canonical_name: str | None = None) -> None
    2. __init__(self, name: str, arity: int, num_parameters: int, site_tuples: collections.abc.Sequence[mqt.core.mlir.CompilerTarget.SiteTuple] | None = None, duration: int | None = None, fidelity: float | None = None, *, fixed_parameters: collections.abc.Sequence[float | None] = [], canonical_name: str | None = None) -> None

Invoked with types: mqt.core.mlir.OperationCapability, kwargs = { name: str, arity: int, num_parameters: int, parameter_bounds: list }",,,bv,55145,1234,1bfa7fac034ddab621396652290226fe562a9444fff85951d792c455ea24e891,,numeric,,,,,,,,core,1.8479,"[2.053437, 1.8479, 1.829068, 1.826603, 1.8895]",70.203125,36,,target_unsupported,,,ibm_fractional_bounded,,
main,core_bv_36,static: each control-flow region counted once,111,flat circuit,,1.034422,"[1.466922, 1.099911, 1.034422, 1.012535, 1.006118]",bv,55145,1234,1bfa7fac034ddab621396652290226fe562a9444fff85951d792c455ea24e891,25617,numeric,200,73,18,110,127,0,"{""x"": 1, ""rz"": 127, ""sx"": 72, ""cx"": 18, ""measure"": 35}",core,1.838828,"[2.064078, 1.837931, 1.838828, 1.806924, 2.192174]",122.375,36,40,exported,5.404339,"[5.806517, 5.417682, 5.399491, 5.404339, 5.380754]",ibm_sxz_cx,18,"{""kind"": ""native_contract_only"", ""passed"": true, ""errors"": [], ""checked_instructions"": 253, ""bindings"": 1, ""semantic_equivalence"": ""not checked at large width""}"
main,core_bv_36,static: each control-flow region counted once,25,flat circuit,,0.802485,"[1.25804, 0.862517, 0.802485, 0.780661, 0.782229]",bv,55145,1234,1bfa7fac034ddab621396652290226fe562a9444fff85951d792c455ea24e891,20366,numeric,109,37,18,24,72,0,"{""x"": 1, ""rz"": 72, ""sx"": 36, ""cz"": 18, ""measure"": 35}",core,1.843291,"[2.050414, 1.843291, 1.809132, 1.831084, 1.911052]",122.22265625,36,37,exported,5.01352,"[6.076903, 5.026592, 5.01352, 4.987439, 4.978048]",ibm_sxz_cz,18,"{""kind"": ""native_contract_only"", ""passed"": true, ""errors"": [], ""checked_instructions"": 162, ""bindings"": 1, ""semantic_equivalence"": ""not checked at large width""}"
main,core_bv_36,,,,"Target synthesis failed: loc(""/home/nvidia/.codex/experiments/core-synthesis-large-20261004/corpus/core_bv_36.mlir"":1:1): target compilation requires a single-qubit synthesis basis
loc(""/home/nvidia/.codex/experiments/core-synthesis-large-20261004/corpus/core_bv_36.mlir"":1:1): failed to synthesize the QCO program for the target",,,bv,55145,1234,1bfa7fac034ddab621396652290226fe562a9444fff85951d792c455ea24e891,,numeric,,,,,,,,core,1.847036,"[2.036285, 1.909612, 1.803324, 1.847036, 1.814235]",69.26171875,36,,synthesis_failed,,,ionq_fixed_r_zz,,
main,core_bv_36,static: each control-flow region counted once,23,flat circuit,,0.748101,"[1.159736, 0.804357, 0.748101, 0.728788, 0.714789]",bv,55145,1234,1bfa7fac034ddab621396652290226fe562a9444fff85951d792c455ea24e891,19148,numeric,73,73,18,22,0,0,"{""r"": 73, ""cz"": 18, ""measure"": 35}",core,1.8851,"[2.057309, 1.845564, 1.8851, 1.816924, 2.589344]",120.109375,36,40,exported,5.184097,"[5.274914, 5.231601, 5.174913, 5.164097, 5.184097]",iqm_r_cz,18,"{""kind"": ""native_contract_only"", ""passed"": true, ""errors"": [], ""checked_instructions"": 126, ""bindings"": 1, ""semantic_equivalence"": ""not checked at large width""}"
main,core_bv_36,static: each control-flow region counted once,25,flat circuit,,1.097255,"[1.54505, 1.149127, 1.097255, 1.080695, 1.076183]",bv,55145,1234,1bfa7fac034ddab621396652290226fe562a9444fff85951d792c455ea24e891,21038,numeric,109,37,18,24,72,0,"{""rxpi"": 1, ""rz"": 72, ""rxpi2"": 36, ""cz"": 18, ""measure"": 35}",core,1.867148,"[2.039581, 1.867148, 1.790188, 1.807627, 1.896172]",122.3671875,36,37,exported,5.079344,"[5.196977, 5.09536, 5.079344, 5.051664, 5.057393]",rigetti_rx_cz,18,"{""kind"": ""native_contract_only"", ""passed"": true, ""errors"": [], ""checked_instructions"": 162, ""bindings"": 1, ""semantic_equivalence"": ""not checked at large width""}"
main,core_bv_36,static: each control-flow region counted once,45,flat circuit,,0.920214,"[1.364329, 1.153271, 0.920214, 0.897606, 0.888437]",bv,55145,1234,1bfa7fac034ddab621396652290226fe562a9444fff85951d792c455ea24e891,22819,numeric,181,109,18,44,72,0,"{""rx"": 109, ""rz"": 72, ""rzz"": 18, ""measure"": 35}",core,1.829851,"[2.050717, 1.830316, 1.782587, 1.81358, 1.829851]",124.4375,36,40,exported,5.143216,"[6.103575, 5.143216, 5.149265, 5.115921, 5.121233]",rxrz_rzz_unbounded,18,"{""kind"": ""native_contract_only"", ""passed"": true, ""errors"": [], ""checked_instructions"": 234, ""bindings"": 1, ""semantic_equivalence"": ""not checked at large width""}"
main,core_bv_54,,,,"__init__(): incompatible function arguments. The following argument types are supported:
    1. __init__(self, name: str, arity: mqt.core.mlir.CompilerTarget.OperationArity, num_parameters: int, site_tuples: collections.abc.Sequence[mqt.core.mlir.CompilerTarget.SiteTuple] | None = None, duration: int | None = None, fidelity: float | None = None, *, fixed_parameters: collections.abc.Sequence[float | None] = [], canonical_name: str | None = None) -> None
    2. __init__(self, name: str, arity: int, num_parameters: int, site_tuples: collections.abc.Sequence[mqt.core.mlir.CompilerTarget.SiteTuple] | None = None, duration: int | None = None, fidelity: float | None = None, *, fixed_parameters: collections.abc.Sequence[float | None] = [], canonical_name: str | None = None) -> None

Invoked with types: mqt.core.mlir.OperationCapability, kwargs = { name: str, arity: int, num_parameters: int, parameter_bounds: list }",,,bv,83691,1864,3a71e1e1581add67c5ab877b6faf9a8579bbbc0060246e54a221faff14bfd8fb,,numeric,,,,,,,,core,2.676641,"[2.676641, 2.5104, 2.419311, 2.831698, 2.889106]",70.2109375,54,,target_unsupported,,,ibm_fractional_bounded,,
main,core_bv_54,static: each control-flow region counted once,165,flat circuit,,1.520441,"[2.075373, 1.623515, 1.520441, 1.498826, 1.495241]",bv,83691,1864,3a71e1e1581add67c5ab877b6faf9a8579bbbc0060246e54a221faff14bfd8fb,37965,numeric,299,109,27,164,190,0,"{""x"": 1, ""rz"": 190, ""sx"": 108, ""cx"": 27, ""measure"": 53}",core,2.467583,"[2.726754, 2.467583, 2.447936, 2.452767, 2.472144]",124.7421875,54,58,exported,8.816248,"[8.924441, 8.816248, 8.841288, 8.802792, 8.789751]",ibm_sxz_cx,27,"{""kind"": ""native_contract_only"", ""passed"": true, ""errors"": [], ""checked_instructions"": 379, ""bindings"": 1, ""semantic_equivalence"": ""not checked at large width""}"
main,core_bv_54,static: each control-flow region counted once,34,flat circuit,,1.169415,"[1.680507, 1.221096, 1.169415, 1.153255, 1.135671]",bv,83691,1864,3a71e1e1581add67c5ab877b6faf9a8579bbbc0060246e54a221faff14bfd8fb,30195,numeric,163,55,27,33,108,0,"{""x"": 1, ""rz"": 108, ""sx"": 54, ""cz"": 27, ""measure"": 53}",core,2.51072,"[2.667905, 2.51072, 2.431904, 2.446591, 3.080483]",120.53125,54,55,exported,8.236596,"[8.318341, 8.252884, 8.226164, 8.225524, 8.236596]",ibm_sxz_cz,27,"{""kind"": ""native_contract_only"", ""passed"": true, ""errors"": [], ""checked_instructions"": 243, ""bindings"": 1, ""semantic_equivalence"": ""not checked at large width""}"
main,core_bv_54,,,,"Target synthesis failed: loc(""/home/nvidia/.codex/experiments/core-synthesis-large-20261004/corpus/core_bv_54.mlir"":1:1): target compilation requires a single-qubit synthesis basis
loc(""/home/nvidia/.codex/experiments/core-synthesis-large-20261004/corpus/core_bv_54.mlir"":1:1): failed to synthesize the QCO program for the target",,,bv,83691,1864,3a71e1e1581add67c5ab877b6faf9a8579bbbc0060246e54a221faff14bfd8fb,,numeric,,,,,,,,core,2.713041,"[2.713041, 2.429743, 2.784161, 2.820066, 2.467648]",69.25,54,,synthesis_failed,,,ionq_fixed_r_zz,,
main,core_bv_54,static: each control-flow region counted once,32,flat circuit,,1.069239,"[1.536106, 1.167399, 1.069239, 1.05583, 1.039655]",bv,83691,1864,3a71e1e1581add67c5ab877b6faf9a8579bbbc0060246e54a221faff14bfd8fb,28306,numeric,109,109,27,31,0,0,"{""r"": 109, ""cz"": 27, ""measure"": 53}",core,2.517184,"[2.678977, 2.517184, 2.437855, 2.446576, 3.136628]",122.6328125,54,57,exported,8.457749,"[8.526022, 8.494773, 8.457749, 8.426038, 8.412997]",iqm_r_cz,27,"{""kind"": ""native_contract_only"", ""passed"": true, ""errors"": [], ""checked_instructions"": 189, ""bindings"": 1, ""semantic_equivalence"": ""not checked at large width""}"
main,core_bv_54,static: each control-flow region counted once,34,flat circuit,,1.584362,"[2.093949, 1.647786, 1.584362, 1.549594, 1.543338]",bv,83691,1864,3a71e1e1581add67c5ab877b6faf9a8579bbbc0060246e54a221faff14bfd8fb,31034,numeric,163,55,27,33,108,0,"{""rxpi"": 1, ""rz"": 108, ""rxpi2"": 54, ""cz"": 27, ""measure"": 53}",core,2.528176,"[2.683969, 2.528176, 2.428864, 3.201636, 2.469392]",124.8203125,54,56,exported,8.313605,"[8.439349, 8.333109, 8.309748, 8.300308, 8.313605]",rigetti_rx_cz,27,"{""kind"": ""native_contract_only"", ""passed"": true, ""errors"": [], ""checked_instructions"": 243, ""bindings"": 1, ""semantic_equivalence"": ""not checked at large width""}"
main,core_bv_54,static: each control-flow region counted once,63,flat circuit,,1.335689,"[1.829019, 1.370553, 1.335689, 1.320536, 1.302056]",bv,83691,1864,3a71e1e1581add67c5ab877b6faf9a8579bbbc0060246e54a221faff14bfd8fb,33826,numeric,271,163,27,62,108,0,"{""rx"": 163, ""rz"": 108, ""rzz"": 27, ""measure"": 53}",core,2.463407,"[2.695985, 2.453792, 2.448287, 2.471936, 2.463407]",122.796875,54,58,exported,8.447541,"[8.579334, 8.453478, 8.447541, 8.408086, 8.426309]",rxrz_rzz_unbounded,27,"{""kind"": ""native_contract_only"", ""passed"": true, ""errors"": [], ""checked_instructions"": 351, ""bindings"": 1, ""semantic_equivalence"": ""not checked at large width""}"
main,core_ghz_104,,,,"__init__(): incompatible function arguments. The following argument types are supported:
    1. __init__(self, name: str, arity: mqt.core.mlir.CompilerTarget.OperationArity, num_parameters: int, site_tuples: collections.abc.Sequence[mqt.core.mlir.CompilerTarget.SiteTuple] | None = None, duration: int | None = None, fidelity: float | None = None, *, fixed_parameters: collections.abc.Sequence[float | None] = [], canonical_name: str | None = None) -> None
    2. __init__(self, name: str, arity: int, num_parameters: int, site_tuples: collections.abc.Sequence[mqt.core.mlir.CompilerTarget.SiteTuple] | None = None, duration: int | None = None, fidelity: float | None = None, *, fixed_parameters: collections.abc.Sequence[float | None] = [], canonical_name: str | None = None) -> None

Invoked with types: mqt.core.mlir.OperationCapability, kwargs = { name: str, arity: int, num_parameters: int, parameter_bounds: list }",,,ghz,99145,1865,82927e6907aeecfc4c3fa8bb5234c581d762cd6c227990c35bfb8e05b0ed64f4,,numeric,,,,,,,,core,2.884498,"[3.044275, 2.808322, 3.331413, 2.884498, 2.84269]",70.19921875,104,,target_unsupported,,,ibm_fractional_bounded,,
main,core_ghz_104,static: each control-flow region counted once,107,flat circuit,,1.817259,"[2.408351, 1.932652, 1.817259, 1.786764, 1.804523]",ghz,99145,1865,82927e6907aeecfc4c3fa8bb5234c581d762cd6c227990c35bfb8e05b0ed64f4,54527,numeric,3,1,103,106,2,0,"{""rz"": 2, ""sx"": 1, ""cx"": 103, ""measure"": 104}",core,2.957731,"[2.994355, 2.842386, 3.547846, 2.843234, 2.957731]",122.58203125,104,106,exported,12.777265,"[12.832289, 12.777265, 12.835969, 12.730864, 12.707408]",ibm_sxz_cx,103,"{""kind"": ""native_contract_only"", ""passed"": true, ""errors"": [], ""checked_instructions"": 210, ""bindings"": 1, ""semantic_equivalence"": ""not checked at large width""}"
main,core_ghz_104,static: each control-flow region counted once,416,flat circuit,,3.49927,"[4.257387, 3.615463, 3.49927, 3.457094, 3.460038]",ghz,99145,1865,82927e6907aeecfc4c3fa8bb5234c581d762cd6c227990c35bfb8e05b0ed64f4,88750,numeric,621,207,103,415,414,0,"{""rz"": 414, ""sx"": 207, ""cz"": 103, ""measure"": 104}",core,2.889298,"[3.007491, 2.821105, 2.867619, 3.22482, 2.889298]",123.640625,104,110,exported,14.245498,"[14.314875, 14.231786, 14.291834, 14.245498, 14.200793]",ibm_sxz_cz,103,"{""kind"": ""native_contract_only"", ""passed"": true, ""errors"": [], ""checked_instructions"": 828, ""bindings"": 1, ""semantic_equivalence"": ""not checked at large width""}"
main,core_ghz_104,static: each control-flow region counted once,417,flat circuit,,3.821064,"[4.626269, 3.930809, 3.818024, 3.821064, 3.781848]",ghz,99145,1865,82927e6907aeecfc4c3fa8bb5234c581d762cd6c227990c35bfb8e05b0ed64f4,95701,numeric,930,620,103,416,310,0,"{""rx"": 620, ""rz"": 310, ""rzz"": 103, ""measure"": 104}",core,2.877843,"[3.040515, 2.783458, 2.859842, 3.240756, 2.877843]",128.453125,104,111,exported,14.276155,"[14.393947, 14.273194, 14.230026, 14.276155, 14.397259]",rxrz_rzz_unbounded,103,"{""kind"": ""native_contract_only"", ""passed"": true, ""errors"": [], ""checked_instructions"": 1137, ""bindings"": 1, ""semantic_equivalence"": ""not checked at large width""}"
main,core_ghz_156,,,,"__init__(): incompatible function arguments. The following argument types are supported:
    1. __init__(self, name: str, arity: mqt.core.mlir.CompilerTarget.OperationArity, num_parameters: int, site_tuples: collections.abc.Sequence[mqt.core.mlir.CompilerTarget.SiteTuple] | None = None, duration: int | None = None, fidelity: float | None = None, *, fixed_parameters: collections.abc.Sequence[float | None] = [], canonical_name: str | None = None) -> None
    2. __init__(self, name: str, arity: int, num_parameters: int, site_tuples: collections.abc.Sequence[mqt.core.mlir.CompilerTarget.SiteTuple] | None = None, duration: int | None = None, fidelity: float | None = None, *, fixed_parameters: collections.abc.Sequence[float | None] = [], canonical_name: str | None = None) -> None

Invoked with types: mqt.core.mlir.OperationCapability, kwargs = { name: str, arity: int, num_parameters: int, parameter_bounds: list }",,,ghz,150469,2801,a2956f90b4f44761b1b2ca8ea66492bb0e1d5f303d2fe7eec6943ddcc98467a2,,numeric,,,,,,,,core,4.117338,"[4.226091, 3.855816, 4.717326, 4.117338, 4.018921]",69.25390625,156,,target_unsupported,,,ibm_fractional_bounded,,
main,core_ghz_156,static: each control-flow region counted once,159,flat circuit,,2.717665,"[3.402293, 2.816322, 2.717665, 2.708481, 2.678657]",ghz,150469,2801,a2956f90b4f44761b1b2ca8ea66492bb0e1d5f303d2fe7eec6943ddcc98467a2,81775,numeric,3,1,155,158,2,0,"{""rz"": 2, ""sx"": 1, ""cx"": 155, ""measure"": 156}",core,4.14233,"[4.077385, 4.266075, 4.497661, 4.14233, 3.995625]",125.5234375,156,158,exported,21.100213,"[21.218438, 21.133301, 21.031156, 21.100213, 21.014932]",ibm_sxz_cx,155,"{""kind"": ""native_contract_only"", ""passed"": true, ""errors"": [], ""checked_instructions"": 314, ""bindings"": 1, ""semantic_equivalence"": ""not checked at large width""}"
main,core_ghz_156,static: each control-flow region counted once,624,flat circuit,,5.32493,"[6.24996, 5.427746, 5.32493, 5.317537, 5.297042]",ghz,150469,2801,a2956f90b4f44761b1b2ca8ea66492bb0e1d5f303d2fe7eec6943ddcc98467a2,133648,numeric,933,311,155,623,622,0,"{""rz"": 622, ""sx"": 311, ""cz"": 155, ""measure"": 156}",core,4.114762,"[4.114762, 3.964825, 4.673342, 4.143626, 4.032649]",129.08203125,156,162,exported,23.358803,"[23.395412, 23.447188, 23.308402, 23.358803, 23.319875]",ibm_sxz_cz,155,"{""kind"": ""native_contract_only"", ""passed"": true, ""errors"": [], ""checked_instructions"": 1244, ""bindings"": 1, ""semantic_equivalence"": ""not checked at large width""}"
main,core_ghz_156,static: each control-flow region counted once,625,flat circuit,,5.696852,"[6.617082, 5.839893, 5.696852, 5.664084, 5.684371]",ghz,150469,2801,a2956f90b4f44761b1b2ca8ea66492bb0e1d5f303d2fe7eec6943ddcc98467a2,144633,numeric,1398,932,155,624,466,0,"{""rx"": 932, ""rz"": 466, ""rzz"": 155, ""measure"": 156}",core,4.146682,"[4.146682, 4.273611, 4.493692, 4.06601, 3.976377]",129.82421875,156,163,exported,23.162706,"[23.432932, 23.143665, 23.162706, 23.198835, 23.160146]",rxrz_rzz_unbounded,155,"{""kind"": ""native_contract_only"", ""passed"": true, ""errors"": [], ""checked_instructions"": 1709, ""bindings"": 1, ""semantic_equivalence"": ""not checked at large width""}"
main,core_ghz_24,,,,"__init__(): incompatible function arguments. The following argument types are supported:
    1. __init__(self, name: str, arity: mqt.core.mlir.CompilerTarget.OperationArity, num_parameters: int, site_tuples: collections.abc.Sequence[mqt.core.mlir.CompilerTarget.SiteTuple] | None = None, duration: int | None = None, fidelity: float | None = None, *, fixed_parameters: collections.abc.Sequence[float | None] = [], canonical_name: str | None = None) -> None
    2. __init__(self, name: str, arity: int, num_parameters: int, site_tuples: collections.abc.Sequence[mqt.core.mlir.CompilerTarget.SiteTuple] | None = None, duration: int | None = None, fidelity: float | None = None, *, fixed_parameters: collections.abc.Sequence[float | None] = [], canonical_name: str | None = None) -> None

Invoked with types: mqt.core.mlir.OperationCapability, kwargs = { name: str, arity: int, num_parameters: int, parameter_bounds: list }",,,ghz,22241,425,0126a50ff345d83deae734493df23b170e8fe048ca4fe877a52a74e2d2e611c7,,numeric,,,,,,,,core,1.127559,"[1.308104, 1.127559, 1.081319, 1.096807, 1.170583]",70.1953125,24,,target_unsupported,,,ibm_fractional_bounded,,
main,core_ghz_24,static: each control-flow region counted once,27,flat circuit,,0.482515,"[0.838197, 0.519412, 0.482515, 0.455426, 0.457315]",ghz,22241,425,0126a50ff345d83deae734493df23b170e8fe048ca4fe877a52a74e2d2e611c7,13203,numeric,3,1,23,26,2,0,"{""rz"": 2, ""sx"": 1, ""cx"": 23, ""measure"": 24}",core,1.088886,"[1.314936, 1.136183, 1.081463, 1.088886, 1.086631]",121.69140625,24,26,exported,2.648033,"[2.690945, 2.645569, 2.640305, 2.721041, 2.648033]",ibm_sxz_cx,23,"{""kind"": ""native_contract_only"", ""passed"": true, ""errors"": [], ""checked_instructions"": 50, ""bindings"": 1, ""semantic_equivalence"": ""not checked at large width""}"
main,core_ghz_24,static: each control-flow region counted once,96,flat circuit,,0.821413,"[1.229048, 0.875621, 0.821413, 0.813765, 0.803285]",ghz,22241,425,0126a50ff345d83deae734493df23b170e8fe048ca4fe877a52a74e2d2e611c7,20920,numeric,141,47,23,95,94,0,"{""rz"": 94, ""sx"": 47, ""cz"": 23, ""measure"": 24}",core,1.100887,"[1.310312, 1.161591, 1.100887, 1.089287, 1.093815]",121.7890625,24,30,exported,3.112723,"[3.487413, 3.007811, 3.464262, 3.112723, 2.98805]",ibm_sxz_cz,23,"{""kind"": ""native_contract_only"", ""passed"": true, ""errors"": [], ""checked_instructions"": 188, ""bindings"": 1, ""semantic_equivalence"": ""not checked at large width""}"
main,core_ghz_24,,,,"Target synthesis failed: loc(""/home/nvidia/.codex/experiments/core-synthesis-large-20261004/corpus/core_ghz_24.mlir"":1:1): target compilation requires a single-qubit synthesis basis
loc(""/home/nvidia/.codex/experiments/core-synthesis-large-20261004/corpus/core_ghz_24.mlir"":1:1): failed to synthesize the QCO program for the target",,,ghz,22241,425,0126a50ff345d83deae734493df23b170e8fe048ca4fe877a52a74e2d2e611c7,,numeric,,,,,,,,core,1.097287,"[1.30788, 1.128359, 1.089655, 1.094343, 1.097287]",70.203125,24,,synthesis_failed,,,ionq_fixed_r_zz,,
main,core_ghz_24,static: each control-flow region counted once,73,flat circuit,,0.797541,"[1.221016, 0.843237, 0.797541, 0.787029, 0.773285]",ghz,22241,425,0126a50ff345d83deae734493df23b170e8fe048ca4fe877a52a74e2d2e611c7,20429,numeric,117,117,23,72,0,0,"{""r"": 117, ""cz"": 23, ""measure"": 24}",core,1.125271,"[1.2938, 1.134807, 1.080887, 1.098567, 1.125271]",119.75,24,28,exported,3.206388,"[3.382069, 3.264244, 3.206388, 2.90253, 2.884706]",iqm_r_cz,23,"{""kind"": ""native_contract_only"", ""passed"": true, ""errors"": [], ""checked_instructions"": 164, ""bindings"": 1, ""semantic_equivalence"": ""not checked at large width""}"
main,core_ghz_24,static: each control-flow region counted once,96,flat circuit,,1.178936,"[1.601754, 1.237991, 1.178936, 1.157671, 1.148743]",ghz,22241,425,0126a50ff345d83deae734493df23b170e8fe048ca4fe877a52a74e2d2e611c7,21690,numeric,141,47,23,95,94,0,"{""rz"": 94, ""rxpi2"": 47, ""cz"": 23, ""measure"": 24}",core,1.08855,"[1.314168, 1.147127, 1.086375, 1.079175, 1.08855]",119.89453125,24,29,exported,3.047315,"[3.047315, 2.983634, 3.737735, 3.09882, 2.957683]",rigetti_rx_cz,23,"{""kind"": ""native_contract_only"", ""passed"": true, ""errors"": [], ""checked_instructions"": 188, ""bindings"": 1, ""semantic_equivalence"": ""not checked at large width""}"
main,core_ghz_24,static: each control-flow region counted once,97,flat circuit,,0.90167,"[1.329016, 0.95047, 0.90167, 0.890261, 0.879654]",ghz,22241,425,0126a50ff345d83deae734493df23b170e8fe048ca4fe877a52a74e2d2e611c7,22439,numeric,210,140,23,96,70,0,"{""rx"": 140, ""rz"": 70, ""rzz"": 23, ""measure"": 24}",core,1.122615,"[1.301224, 1.122615, 1.079639, 1.169319, 1.088695]",121.96875,24,31,exported,3.005874,"[3.022195, 3.005874, 3.23962, 2.966515, 2.954803]",rxrz_rzz_unbounded,23,"{""kind"": ""native_contract_only"", ""passed"": true, ""errors"": [], ""checked_instructions"": 257, ""bindings"": 1, ""semantic_equivalence"": ""not checked at large width""}"
main,core_ghz_36,,,,"__init__(): incompatible function arguments. The following argument types are supported:
    1. __init__(self, name: str, arity: mqt.core.mlir.CompilerTarget.OperationArity, num_parameters: int, site_tuples: collections.abc.Sequence[mqt.core.mlir.CompilerTarget.SiteTuple] | None = None, duration: int | None = None, fidelity: float | None = None, *, fixed_parameters: collections.abc.Sequence[float | None] = [], canonical_name: str | None = None) -> None
    2. __init__(self, name: str, arity: int, num_parameters: int, site_tuples: collections.abc.Sequence[mqt.core.mlir.CompilerTarget.SiteTuple] | None = None, duration: int | None = None, fidelity: float | None = None, *, fixed_parameters: collections.abc.Sequence[float | None] = [], canonical_name: str | None = None) -> None

Invoked with types: mqt.core.mlir.OperationCapability, kwargs = { name: str, arity: int, num_parameters: int, parameter_bounds: list }",,,ghz,33647,641,59318b9fa04dc94f29ad9faa2807379242b66278f588963937a02790964987f3,,numeric,,,,,,,,core,1.404649,"[1.567882, 1.404649, 1.340121, 1.358057, 1.722299]",69.26171875,36,,target_unsupported,,,ibm_fractional_bounded,,
main,core_ghz_36,static: each control-flow region counted once,39,flat circuit,,0.67842,"[1.058775, 0.729493, 0.67842, 0.662133, 0.646836]",ghz,33647,641,59318b9fa04dc94f29ad9faa2807379242b66278f588963937a02790964987f3,19317,numeric,3,1,35,38,2,0,"{""rz"": 2, ""sx"": 1, ""cx"": 35, ""measure"": 36}",core,1.379064,"[1.586923, 1.385161, 1.379064, 1.353065, 1.352713]",121.859375,36,38,exported,3.911593,"[4.796751, 3.967385, 3.911593, 3.889865, 3.890569]",ibm_sxz_cx,35,"{""kind"": ""native_contract_only"", ""passed"": true, ""errors"": [], ""checked_instructions"": 74, ""bindings"": 1, ""semantic_equivalence"": ""not checked at large width""}"
main,core_ghz_36,static: each control-flow region counted once,144,flat circuit,,1.215336,"[1.673643, 1.271512, 1.215336, 1.18884, 1.179671]",ghz,33647,641,59318b9fa04dc94f29ad9faa2807379242b66278f588963937a02790964987f3,31050,numeric,213,71,35,143,142,0,"{""rz"": 142, ""sx"": 71, ""cz"": 35, ""measure"": 36}",core,1.369401,"[1.585114, 1.369401, 1.338841, 1.396345, 1.365625]",122.015625,36,42,exported,4.433389,"[5.036529, 4.450045, 4.433389, 4.397516, 4.422381]",ibm_sxz_cz,35,"{""kind"": ""native_contract_only"", ""passed"": true, ""errors"": [], ""checked_instructions"": 284, ""bindings"": 1, ""semantic_equivalence"": ""not checked at large width""}"
main,core_ghz_36,,,,"Target synthesis failed: loc(""/home/nvidia/.codex/experiments/core-synthesis-large-20261004/corpus/core_ghz_36.mlir"":1:1): target compilation requires a single-qubit synthesis basis
loc(""/home/nvidia/.codex/experiments/core-synthesis-large-20261004/corpus/core_ghz_36.mlir"":1:1): failed to synthesize the QCO program for the target",,,ghz,33647,641,59318b9fa04dc94f29ad9faa2807379242b66278f588963937a02790964987f3,,numeric,,,,,,,,core,1.369961,"[1.597594, 1.369961, 1.345368, 1.427722, 1.354408]",69.24609375,36,,synthesis_failed,,,ionq_fixed_r_zz,,
main,core_ghz_36,static: each control-flow region counted once,109,flat circuit,,1.204568,"[1.675051, 1.23532, 1.184199, 1.17076, 1.204568]",ghz,33647,641,59318b9fa04dc94f29ad9faa2807379242b66278f588963937a02790964987f3,30471,numeric,177,177,35,108,0,0,"{""r"": 177, ""cz"": 35, ""measure"": 36}",core,1.369145,"[1.586442, 1.369145, 1.334504, 1.416185, 1.342185]",122.01171875,36,40,exported,4.349132,"[5.069697, 4.669662, 4.349132, 4.312268, 4.315868]",iqm_r_cz,35,"{""kind"": ""native_contract_only"", ""passed"": true, ""errors"": [], ""checked_instructions"": 248, ""bindings"": 1, ""semantic_equivalence"": ""not checked at large width""}"
main,core_ghz_36,static: each control-flow region counted once,144,flat circuit,,1.700363,"[2.192606, 1.756764, 1.700363, 1.684715, 1.672586]",ghz,33647,641,59318b9fa04dc94f29ad9faa2807379242b66278f588963937a02790964987f3,32010,numeric,213,71,35,143,142,0,"{""rz"": 142, ""rxpi2"": 71, ""cz"": 35, ""measure"": 36}",core,1.358249,"[1.564346, 1.358249, 1.339561, 1.375624, 1.351337]",122.1640625,36,41,exported,4.466285,"[5.342643, 4.466285, 4.469244, 4.440333, 4.420509]",rigetti_rx_cz,35,"{""kind"": ""native_contract_only"", ""passed"": true, ""errors"": [], ""checked_instructions"": 284, ""bindings"": 1, ""semantic_equivalence"": ""not checked at large width""}"
main,core_ghz_36,static: each control-flow region counted once,145,flat circuit,,1.315081,"[1.823099, 1.383609, 1.315081, 1.300392, 1.300121]",ghz,33647,641,59318b9fa04dc94f29ad9faa2807379242b66278f588963937a02790964987f3,33375,numeric,318,212,35,144,106,0,"{""rx"": 212, ""rz"": 106, ""rzz"": 35, ""measure"": 36}",core,1.356377,"[1.560298, 1.380393, 1.339592, 1.356377, 1.333273]",122.19921875,36,43,exported,4.423628,"[5.348499, 4.452381, 4.423628, 4.365628, 4.355948]",rxrz_rzz_unbounded,35,"{""kind"": ""native_contract_only"", ""passed"": true, ""errors"": [], ""checked_instructions"": 389, ""bindings"": 1, ""semantic_equivalence"": ""not checked at large width""}"
main,core_ghz_54,,,,"__init__(): incompatible function arguments. The following argument types are supported:
    1. __init__(self, name: str, arity: mqt.core.mlir.CompilerTarget.OperationArity, num_parameters: int, site_tuples: collections.abc.Sequence[mqt.core.mlir.CompilerTarget.SiteTuple] | None = None, duration: int | None = None, fidelity: float | None = None, *, fixed_parameters: collections.abc.Sequence[float | None] = [], canonical_name: str | None = None) -> None
    2. __init__(self, name: str, arity: int, num_parameters: int, site_tuples: collections.abc.Sequence[mqt.core.mlir.CompilerTarget.SiteTuple] | None = None, duration: int | None = None, fidelity: float | None = None, *, fixed_parameters: collections.abc.Sequence[float | None] = [], canonical_name: str | None = None) -> None

Invoked with types: mqt.core.mlir.OperationCapability, kwargs = { name: str, arity: int, num_parameters: int, parameter_bounds: list }",,,ghz,50765,965,10bc6a6378618b5e8af453594576c42594efbed4ae3318d3c49eebbf0907dc3c,,numeric,,,,,,,,core,1.756587,"[1.936012, 1.736235, 1.756587, 1.715579, 1.758731]",69.25390625,54,,target_unsupported,,,ibm_fractional_bounded,,
main,core_ghz_54,static: each control-flow region counted once,57,flat circuit,,0.981814,"[1.434153, 1.072647, 0.981814, 0.965974, 0.953062]",ghz,50765,965,10bc6a6378618b5e8af453594576c42594efbed4ae3318d3c49eebbf0907dc3c,28515,numeric,3,1,53,56,2,0,"{""rz"": 2, ""sx"": 1, ""cx"": 53, ""measure"": 54}",core,1.77438,"[1.958477, 1.745915, 1.776827, 1.728651, 1.77438]",120.0078125,54,56,exported,6.02807,"[6.146055, 6.065094, 6.02807, 5.974246, 6.011558]",ibm_sxz_cx,53,"{""kind"": ""native_contract_only"", ""passed"": true, ""errors"": [], ""checked_instructions"": 110, ""bindings"": 1, ""semantic_equivalence"": ""not checked at large width""}"
main,core_ghz_54,static: each control-flow region counted once,216,flat circuit,,1.789404,"[2.295182, 1.863036, 1.789404, 1.778027, 1.759019]",ghz,50765,965,10bc6a6378618b5e8af453594576c42594efbed4ae3318d3c49eebbf0907dc3c,46262,numeric,321,107,53,215,214,0,"{""rz"": 214, ""sx"": 107, ""cz"": 53, ""measure"": 54}",core,1.736699,"[1.946604, 1.748843, 1.732763, 1.728187, 1.736699]",124.54296875,54,60,exported,6.783739,"[7.453312, 6.783915, 6.783739, 6.772955, 6.763419]",ibm_sxz_cz,53,"{""kind"": ""native_contract_only"", ""passed"": true, ""errors"": [], ""checked_instructions"": 428, ""bindings"": 1, ""semantic_equivalence"": ""not checked at large width""}"
main,core_ghz_54,,,,"Target synthesis failed: loc(""/home/nvidia/.codex/experiments/core-synthesis-large-20261004/corpus/core_ghz_54.mlir"":1:1): target compilation requires a single-qubit synthesis basis
loc(""/home/nvidia/.codex/experiments/core-synthesis-large-20261004/corpus/core_ghz_54.mlir"":1:1): failed to synthesize the QCO program for the target",,,ghz,50765,965,10bc6a6378618b5e8af453594576c42594efbed4ae3318d3c49eebbf0907dc3c,,numeric,,,,,,,,core,1.776316,"[1.940077, 1.792763, 1.737403, 1.729227, 1.776316]",70.203125,54,,synthesis_failed,,,ionq_fixed_r_zz,,
main,core_ghz_54,static: each control-flow region counted once,163,flat circuit,,1.780076,"[2.348639, 1.834811, 1.780076, 1.753899, 1.731115]",ghz,50765,965,10bc6a6378618b5e8af453594576c42594efbed4ae3318d3c49eebbf0907dc3c,45555,numeric,267,267,53,162,0,0,"{""r"": 267, ""cz"": 53, ""measure"": 54}",core,1.780363,"[1.958365, 1.733883, 1.780363, 1.724459, 2.089389]",124.59765625,54,58,exported,6.648346,"[6.732443, 6.648346, 6.623978, 6.654043, 6.623243]",iqm_r_cz,53,"{""kind"": ""native_contract_only"", ""passed"": true, ""errors"": [], ""checked_instructions"": 374, ""bindings"": 1, ""semantic_equivalence"": ""not checked at large width""}"
main,core_ghz_54,static: each control-flow region counted once,216,flat circuit,,2.552032,"[3.047796, 2.5668, 2.47408, 2.454688, 2.552032]",ghz,50765,965,10bc6a6378618b5e8af453594576c42594efbed4ae3318d3c49eebbf0907dc3c,47508,numeric,321,107,53,215,214,0,"{""rz"": 214, ""rxpi2"": 107, ""cz"": 53, ""measure"": 54}",core,1.743356,"[1.950972, 1.743356, 2.132685, 1.727371, 1.738811]",124.71875,54,59,exported,6.881788,"[6.977053, 6.958876, 6.875084, 6.881788, 6.880124]",rigetti_rx_cz,53,"{""kind"": ""native_contract_only"", ""passed"": true, ""errors"": [], ""checked_instructions"": 428, ""bindings"": 1, ""semantic_equivalence"": ""not checked at large width""}"
main,core_ghz_54,static: each control-flow region counted once,217,flat circuit,,1.98854,"[2.576288, 2.056702, 1.98854, 1.964557, 1.950012]",ghz,50765,965,10bc6a6378618b5e8af453594576c42594efbed4ae3318d3c49eebbf0907dc3c,49792,numeric,480,320,53,216,160,0,"{""rx"": 320, ""rz"": 160, ""rzz"": 53, ""measure"": 54}",core,1.770747,"[1.939837, 1.721019, 1.773931, 1.736587, 1.770747]",122.74609375,54,61,exported,6.780251,"[6.864971, 6.776859, 6.828716, 6.780251, 6.752235]",rxrz_rzz_unbounded,53,"{""kind"": ""native_contract_only"", ""passed"": true, ""errors"": [], ""checked_instructions"": 587, ""bindings"": 1, ""semantic_equivalence"": ""not checked at large width""}"
main,core_grover_24,,,,"__init__(): incompatible function arguments. The following argument types are supported:
    1. __init__(self, name: str, arity: mqt.core.mlir.CompilerTarget.OperationArity, num_parameters: int, site_tuples: collections.abc.Sequence[mqt.core.mlir.CompilerTarget.SiteTuple] | None = None, duration: int | None = None, fidelity: float | None = None, *, fixed_parameters: collections.abc.Sequence[float | None] = [], canonical_name: str | None = None) -> None
    2. __init__(self, name: str, arity: int, num_parameters: int, site_tuples: collections.abc.Sequence[mqt.core.mlir.CompilerTarget.SiteTuple] | None = None, duration: int | None = None, fidelity: float | None = None, *, fixed_parameters: collections.abc.Sequence[float | None] = [], canonical_name: str | None = None) -> None

Invoked with types: mqt.core.mlir.OperationCapability, kwargs = { name: str, arity: int, num_parameters: int, parameter_bounds: list }",,,grover,88603,1826,54d15e00b0f0ece1297e853f0cbdd5fb0579e83ae99b2fa610b79eb12f2fc509,,numeric,,,,,,,,core,2.605729,"[2.745089, 2.547089, 2.605729, 2.590512, 2.964708]",69.26171875,24,,target_unsupported,,,ibm_fractional_bounded,,
main,core_grover_24,static: each control-flow region counted once,10393,flat circuit,,146.552162,"[144.213203, 146.133919, 146.552162, 147.609448, 148.607775]",grover,88603,1826,54d15e00b0f0ece1297e853f0cbdd5fb0579e83ae99b2fa610b79eb12f2fc509,2866211,numeric,11549,1543,7912,10392,10006,0,"{""rz"": 10006, ""sx"": 1532, ""cx"": 7912, ""x"": 11, ""measure"": 24}",core,2.828898,"[2.828898, 2.572672, 2.518032, 3.248868, 2.859426]",239.82421875,24,225,exported,377.2796,"[375.682582, 377.67789, 377.415521, 377.2796, 376.881757]",ibm_sxz_cx,4490,"{""kind"": ""native_contract_only"", ""passed"": true, ""errors"": [], ""checked_instructions"": 19485, ""bindings"": 1, ""semantic_equivalence"": ""not checked at large width""}"
main,core_grover_24,static: each control-flow region counted once,25948,flat circuit,,281.975502,"[276.110458, 279.395101, 281.975502, 283.934234, 285.019104]",grover,88603,1826,54d15e00b0f0ece1297e853f0cbdd5fb0579e83ae99b2fa610b79eb12f2fc509,4635293,numeric,41630,16587,7912,25947,25043,0,"{""rz"": 25043, ""sx"": 16272, ""cz"": 7912, ""x"": 315, ""measure"": 24}",core,2.597888,"[2.752225, 2.534816, 2.577888, 2.597888, 2.931891]",279.8984375,24,238,exported,519.99985,"[517.377194, 519.567735, 519.99985, 520.761887, 521.311378]",ibm_sxz_cz,4490,"{""kind"": ""native_contract_only"", ""passed"": true, ""errors"": [], ""checked_instructions"": 49566, ""bindings"": 1, ""semantic_equivalence"": ""not checked at large width""}"
main,core_grover_24,,,,"Target synthesis failed: loc(""/home/nvidia/.codex/experiments/core-synthesis-large-20261004/corpus/core_grover_24.mlir"":1:1): target compilation requires a single-qubit synthesis basis
loc(""/home/nvidia/.codex/experiments/core-synthesis-large-20261004/corpus/core_grover_24.mlir"":1:1): failed to synthesize the QCO program for the target",,,grover,88603,1826,54d15e00b0f0ece1297e853f0cbdd5fb0579e83ae99b2fa610b79eb12f2fc509,,numeric,,,,,,,,core,2.727426,"[2.74645, 2.597313, 2.535152, 3.361014, 2.727426]",70.203125,24,,synthesis_failed,,,ionq_fixed_r_zz,,
main,core_grover_24,static: each control-flow region counted once,37997,flat circuit,,380.525924,"[373.926235, 378.532024, 380.525924, 385.267666, 388.407606]",grover,88603,1826,54d15e00b0f0ece1297e853f0cbdd5fb0579e83ae99b2fa610b79eb12f2fc509,6846436,numeric,64379,64379,7912,37996,0,0,"{""r"": 64379, ""cz"": 7912, ""measure"": 24}",core,2.644177,"[2.735457, 2.541728, 2.587744, 2.644177, 2.92573]",335.5546875,24,303,exported,614.909258,"[613.497521, 614.909258, 613.72829, 616.536772, 615.178315]",iqm_r_cz,4490,"{""kind"": ""native_contract_only"", ""passed"": true, ""errors"": [], ""checked_instructions"": 72315, ""bindings"": 1, ""semantic_equivalence"": ""not checked at large width""}"
main,core_grover_24,static: each control-flow region counted once,25956,flat circuit,,370.574905,"[359.119631, 364.198224, 388.764127, 370.574905, 374.174864]",grover,88603,1826,54d15e00b0f0ece1297e853f0cbdd5fb0579e83ae99b2fa610b79eb12f2fc509,4802509,numeric,41638,16587,7912,25955,25051,0,"{""rz"": 25051, ""rxpi2"": 16272, ""cz"": 7912, ""rxpi"": 315, ""measure"": 24}",core,2.750386,"[2.750386, 2.512896, 2.523552, 3.013316, 3.078916]",290.265625,24,239,exported,524.130842,"[521.502121, 524.245226, 523.463653, 524.559516, 524.130842]",rigetti_rx_cz,4490,"{""kind"": ""native_contract_only"", ""passed"": true, ""errors"": [], ""checked_instructions"": 49574, ""bindings"": 1, ""semantic_equivalence"": ""not checked at large width""}"
main,core_grover_24,static: each control-flow region counted once,34941,flat circuit,,351.495233,"[348.742111, 351.495233, 349.821862, 353.342333, 355.159448]",grover,88603,1826,54d15e00b0f0ece1297e853f0cbdd5fb0579e83ae99b2fa610b79eb12f2fc509,6743158,numeric,87326,55650,7912,34940,31676,0,"{""rx"": 55650, ""rz"": 31676, ""rzz"": 7912, ""measure"": 24}",core,2.758097,"[2.758097, 2.576177, 2.560577, 2.961363, 2.977827]",366.9921875,24,245,exported,573.792718,"[579.576709, 573.10233, 574.029584, 573.231931, 573.792718]",rxrz_rzz_unbounded,4490,"{""kind"": ""native_contract_only"", ""passed"": true, ""errors"": [], ""checked_instructions"": 95262, ""bindings"": 1, ""semantic_equivalence"": ""not checked at large width""}"
main,core_grover_36,,,,"__init__(): incompatible function arguments. The following argument types are supported:
    1. __init__(self, name: str, arity: mqt.core.mlir.CompilerTarget.OperationArity, num_parameters: int, site_tuples: collections.abc.Sequence[mqt.core.mlir.CompilerTarget.SiteTuple] | None = None, duration: int | None = None, fidelity: float | None = None, *, fixed_parameters: collections.abc.Sequence[float | None] = [], canonical_name: str | None = None) -> None
    2. __init__(self, name: str, arity: int, num_parameters: int, site_tuples: collections.abc.Sequence[mqt.core.mlir.CompilerTarget.SiteTuple] | None = None, duration: int | None = None, fidelity: float | None = None, *, fixed_parameters: collections.abc.Sequence[float | None] = [], canonical_name: str | None = None) -> None

Invoked with types: mqt.core.mlir.OperationCapability, kwargs = { name: str, arity: int, num_parameters: int, parameter_bounds: list }",,,grover,133253,2726,338e20d58451d02a86011549149878cbeb8bd543607de3825fc43d337ce958d7,,numeric,,,,,,,,core,3.805113,"[4.121771, 3.906168, 3.805113, 3.574567, 3.551078]",69.26171875,36,,target_unsupported,,,ibm_fractional_bounded,,
main,core_grover_36,static: each control-flow region counted once,31134,flat circuit,,421.818482,"[418.432332, 417.16458, 421.818482, 424.334354, 426.956931]",grover,133253,2726,338e20d58451d02a86011549149878cbeb8bd543607de3825fc43d337ce958d7,6310263,numeric,28294,6644,16752,31133,21650,0,"{""rz"": 21650, ""sx"": 5568, ""cx"": 16752, ""x"": 1076, ""measure"": 36}",core,3.599607,"[3.72988, 3.44151, 3.471478, 3.620568, 3.599607]",398.53125,36,217,exported,904.179865,"[902.52944, 904.038969, 912.849953, 904.179865, 909.498907]",ibm_sxz_cx,13616,"{""kind"": ""native_contract_only"", ""passed"": true, ""errors"": [], ""checked_instructions"": 45082, ""bindings"": 1, ""semantic_equivalence"": ""not checked at large width""}"
main,core_grover_36,static: each control-flow region counted once,68509,flat circuit,,729.758727,"[710.458347, 719.875912, 729.758727, 734.894199, 740.549052]",grover,133253,2726,338e20d58451d02a86011549149878cbeb8bd543607de3825fc43d337ce958d7,10748822,numeric,102140,39384,16752,68508,62756,0,"{""rz"": 62756, ""sx"": 38004, ""cz"": 16752, ""x"": 1380, ""measure"": 36}",core,3.848697,"[3.726024, 3.52855, 3.899977, 3.848697, 3.903817]",455.44140625,36,256,exported,1264.494109,"[1256.203706, 1266.121928, 1264.15766, 1264.494109, 1265.503555]",ibm_sxz_cz,13616,"{""kind"": ""native_contract_only"", ""passed"": true, ""errors"": [], ""checked_instructions"": 118928, ""bindings"": 1, ""semantic_equivalence"": ""not checked at large width""}"
main,core_grover_36,,,,"Target synthesis failed: loc(""/home/nvidia/.codex/experiments/core-synthesis-large-20261004/corpus/core_grover_36.mlir"":1:1): target compilation requires a single-qubit synthesis basis
loc(""/home/nvidia/.codex/experiments/core-synthesis-large-20261004/corpus/core_grover_36.mlir"":1:1): failed to synthesize the QCO program for the target",,,grover,133253,2726,338e20d58451d02a86011549149878cbeb8bd543607de3825fc43d337ce958d7,,numeric,,,,,,,,core,3.73132,"[3.790072, 4.191835, 3.539671, 3.571846, 3.73132]",69.26171875,36,,synthesis_failed,,,ionq_fixed_r_zz,,
main,core_grover_36,static: each control-flow region counted once,88733,flat circuit,,915.785147,"[899.527172, 902.75988, 915.785147, 925.346345, 921.630753]",grover,133253,2726,338e20d58451d02a86011549149878cbeb8bd543607de3825fc43d337ce958d7,14092710,numeric,129445,129445,16752,88732,0,0,"{""r"": 129445, ""cz"": 16752, ""measure"": 36}",core,3.75332,"[3.75332, 3.469255, 4.12577, 3.848569, 3.604711]",528.21875,36,241,exported,1355.823817,"[1388.523005, 1355.103702, 1352.711894, 1355.823817, 1362.028864]",iqm_r_cz,13616,"{""kind"": ""native_contract_only"", ""passed"": true, ""errors"": [], ""checked_instructions"": 146233, ""bindings"": 1, ""semantic_equivalence"": ""not checked at large width""}"
main,core_grover_36,static: each control-flow region counted once,68509,flat circuit,,948.807503,"[927.597016, 933.880992, 971.42208, 948.807503, 994.766501]",grover,133253,2726,338e20d58451d02a86011549149878cbeb8bd543607de3825fc43d337ce958d7,11144488,numeric,102140,39384,16752,68508,62756,0,"{""rz"": 62756, ""rxpi2"": 38004, ""cz"": 16752, ""rxpi"": 1380, ""measure"": 36}",core,3.751208,"[3.751208, 3.530119, 3.858216, 4.086347, 3.576342]",483.82421875,36,256,exported,1266.062269,"[1266.062269, 1265.61465, 1278.10985, 1268.337419, 1264.652099]",rigetti_rx_cz,13616,"{""kind"": ""native_contract_only"", ""passed"": true, ""errors"": [], ""checked_instructions"": 118928, ""bindings"": 1, ""semantic_equivalence"": ""not checked at large width""}"
main,core_grover_36,static: each control-flow region counted once,106340,flat circuit,,818.722265,"[818.221846, 818.722265, 818.412375, 825.611876, 824.461069]",grover,133253,2726,338e20d58451d02a86011549149878cbeb8bd543607de3825fc43d337ce958d7,14584467,numeric,187536,121508,16752,106339,66028,0,"{""rx"": 121508, ""rz"": 66028, ""rzz"": 16752, ""measure"": 36}",core,3.554375,"[3.728215, 3.511223, 3.526807, 3.698023, 3.554375]",612.53515625,36,196,exported,1305.779193,"[1309.627634, 1309.165743, 1305.779193, 1303.118119, 1295.965545]",rxrz_rzz_unbounded,13616,"{""kind"": ""native_contract_only"", ""passed"": true, ""errors"": [], ""checked_instructions"": 204324, ""bindings"": 1, ""semantic_equivalence"": ""not checked at large width""}"
main,core_grover_54,,,,"__init__(): incompatible function arguments. The following argument types are supported:
    1. __init__(self, name: str, arity: mqt.core.mlir.CompilerTarget.OperationArity, num_parameters: int, site_tuples: collections.abc.Sequence[mqt.core.mlir.CompilerTarget.SiteTuple] | None = None, duration: int | None = None, fidelity: float | None = None, *, fixed_parameters: collections.abc.Sequence[float | None] = [], canonical_name: str | None = None) -> None
    2. __init__(self, name: str, arity: int, num_parameters: int, site_tuples: collections.abc.Sequence[mqt.core.mlir.CompilerTarget.SiteTuple] | None = None, duration: int | None = None, fidelity: float | None = None, *, fixed_parameters: collections.abc.Sequence[float | None] = [], canonical_name: str | None = None) -> None

Invoked with types: mqt.core.mlir.OperationCapability, kwargs = { name: str, arity: int, num_parameters: int, parameter_bounds: list }",,,grover,201803,4076,874cea4e1d01f431871dd0bcdc822ecaf552b52d333d1c779ab6da4e3e8592e7,,numeric,,,,,,,,core,5.076192,"[5.252897, 5.784437, 5.013696, 5.076192, 5.064272]",70.1953125,54,,target_unsupported,,,ibm_fractional_bounded,,
main,core_grover_54,static: each control-flow region counted once,47118,flat circuit,,687.626078,"[677.492862, 686.832538, 687.626078, 695.408927, 702.93936]",grover,201803,4076,874cea4e1d01f431871dd0bcdc822ecaf552b52d333d1c779ab6da4e3e8592e7,9518168,numeric,41778,9534,25392,47117,32244,0,"{""rz"": 32244, ""sx"": 7962, ""cx"": 25392, ""x"": 1572, ""measure"": 54}",core,5.191297,"[5.191297, 5.036992, 5.124097, 5.806948, 5.466963]",548.85546875,54,270,exported,1538.223818,"[1531.912322, 1538.223818, 1539.879813, 1537.50234, 1539.045646]",ibm_sxz_cx,20617,"{""kind"": ""native_contract_only"", ""passed"": true, ""errors"": [], ""checked_instructions"": 67224, ""bindings"": 1, ""semantic_equivalence"": ""not checked at large width""}"
main,core_grover_54,static: each control-flow region counted once,103980,flat circuit,,1179.233564,"[1140.756473, 1163.48612, 1179.233564, 1190.886054, 1188.300102]",grover,201803,4076,874cea4e1d01f431871dd0bcdc822ecaf552b52d333d1c779ab6da4e3e8592e7,16401825,numeric,154618,59554,25392,103979,95064,0,"{""rz"": 95064, ""sx"": 57678, ""cz"": 25392, ""x"": 1876, ""measure"": 54}",core,5.201297,"[5.201297, 5.840421, 5.225122, 5.110416, 5.072]",646.54296875,54,309,exported,2109.875985,"[2104.749876, 2120.155029, 2114.674545, 2108.599769, 2109.875985]",ibm_sxz_cz,20617,"{""kind"": ""native_contract_only"", ""passed"": true, ""errors"": [], ""checked_instructions"": 180064, ""bindings"": 1, ""semantic_equivalence"": ""not checked at large width""}"
main,core_grover_54,,,,"Target synthesis failed: loc(""/home/nvidia/.codex/experiments/core-synthesis-large-20261004/corpus/core_grover_54.mlir"":1:1): target compilation requires a single-qubit synthesis basis
loc(""/home/nvidia/.codex/experiments/core-synthesis-large-20261004/corpus/core_grover_54.mlir"":1:1): failed to synthesize the QCO program for the target",,,grover,201803,4076,874cea4e1d01f431871dd0bcdc822ecaf552b52d333d1c779ab6da4e3e8592e7,,numeric,,,,,,,,core,5.252289,"[5.252289, 5.570035, 5.292466, 5.074064, 5.060656]",69.234375,54,,synthesis_failed,,,ionq_fixed_r_zz,,
main,core_grover_54,static: each control-flow region counted once,134201,flat circuit,,1443.430826,"[1408.131435, 1426.332111, 1443.430826, 1454.666546, 1458.505962]",grover,201803,4076,874cea4e1d01f431871dd0bcdc822ecaf552b52d333d1c779ab6da4e3e8592e7,21471202,numeric,196070,196070,25392,134200,0,0,"{""r"": 196070, ""cz"": 25392, ""measure"": 54}",core,5.241826,"[5.241826, 5.298353, 5.614228, 5.096705, 5.166976]",726.90625,54,277,exported,2272.548779,"[2272.548779, 2272.163991, 2289.115618, 2273.862095, 2240.144105]",iqm_r_cz,20617,"{""kind"": ""native_contract_only"", ""passed"": true, ""errors"": [], ""checked_instructions"": 221516, ""bindings"": 1, ""semantic_equivalence"": ""not checked at large width""}"
main,core_grover_54,static: each control-flow region counted once,103980,flat circuit,,1519.186814,"[1464.281348, 1503.368187, 1532.992646, 1519.186814, 1564.717566]",grover,201803,4076,874cea4e1d01f431871dd0bcdc822ecaf552b52d333d1c779ab6da4e3e8592e7,16999690,numeric,154618,59554,25392,103979,95064,0,"{""rz"": 95064, ""rxpi2"": 57678, ""cz"": 25392, ""rxpi"": 1876, ""measure"": 54}",core,5.156129,"[5.243857, 5.718532, 5.156129, 5.091056, 5.059648]",662.8828125,54,309,exported,2110.117869,"[2102.533247, 2108.938951, 2110.117869, 2110.787761, 2110.446622]",rigetti_rx_cz,20617,"{""kind"": ""native_contract_only"", ""passed"": true, ""errors"": [], ""checked_instructions"": 180064, ""bindings"": 1, ""semantic_equivalence"": ""not checked at large width""}"
main,core_grover_54,static: each control-flow region counted once,161271,flat circuit,,1280.418242,"[1253.295703, 1273.150965, 1283.857065, 1280.418242, 1284.762446]",grover,201803,4076,874cea4e1d01f431871dd0bcdc822ecaf552b52d333d1c779ab6da4e3e8592e7,22268712,numeric,284878,184592,25392,161270,100286,0,"{""rx"": 184592, ""rz"": 100286, ""rzz"": 25392, ""measure"": 54}",core,5.170353,"[5.170353, 5.383202, 5.572436, 5.0964, 5.070016]",847.609375,54,234,exported,2101.765483,"[2093.253895, 2097.624034, 2124.58382, 2101.765483, 2119.38881]",rxrz_rzz_unbounded,20617,"{""kind"": ""native_contract_only"", ""passed"": true, ""errors"": [], ""checked_instructions"": 310324, ""bindings"": 1, ""semantic_equivalence"": ""not checked at large width""}"
main,core_multiplexer_104,,,,"__init__(): incompatible function arguments. The following argument types are supported:
    1. __init__(self, name: str, arity: mqt.core.mlir.CompilerTarget.OperationArity, num_parameters: int, site_tuples: collections.abc.Sequence[mqt.core.mlir.CompilerTarget.SiteTuple] | None = None, duration: int | None = None, fidelity: float | None = None, *, fixed_parameters: collections.abc.Sequence[float | None] = [], canonical_name: str | None = None) -> None
    2. __init__(self, name: str, arity: int, num_parameters: int, site_tuples: collections.abc.Sequence[mqt.core.mlir.CompilerTarget.SiteTuple] | None = None, duration: int | None = None, fidelity: float | None = None, *, fixed_parameters: collections.abc.Sequence[float | None] = [], canonical_name: str | None = None) -> None

Invoked with types: mqt.core.mlir.OperationCapability, kwargs = { name: str, arity: int, num_parameters: int, parameter_bounds: list }",,,multiplexer,104776,2015,7d724cfba62b84c6b78bc42c05817c267e6fa09fad9f19478ca7f1dfaeb80a44,,numeric,,,,,,,,core,3.085443,"[3.1825, 2.953315, 2.975043, 3.085443, 3.421974]",69.2578125,104,,target_unsupported,,,ibm_fractional_bounded,,
main,core_multiplexer_104,static: each control-flow region counted once,372,flat circuit,,3.406421,"[4.233051, 3.515814, 3.393734, 3.406421, 3.364741]",multiplexer,104776,2015,7d724cfba62b84c6b78bc42c05817c267e6fa09fad9f19478ca7f1dfaeb80a44,85851,numeric,787,306,38,371,481,0,"{""rz"": 481, ""sx"": 290, ""x"": 16, ""cx"": 38, ""measure"": 104}",core,3.036931,"[3.171316, 2.945139, 3.036931, 3.029331, 3.061299]",125.71484375,104,193,exported,12.201229,"[12.282717, 12.283469, 12.201229, 12.16158, 12.132365]",ibm_sxz_cx,38,"{""kind"": ""native_contract_only"", ""passed"": true, ""errors"": [], ""checked_instructions"": 929, ""bindings"": 1, ""semantic_equivalence"": ""not checked at large width""}"
main,core_multiplexer_104,static: each control-flow region counted once,326,flat circuit,,3.292885,"[4.041529, 3.377142, 3.292885, 3.257732, 3.265957]",multiplexer,104776,2015,7d724cfba62b84c6b78bc42c05817c267e6fa09fad9f19478ca7f1dfaeb80a44,83256,numeric,740,290,38,325,450,0,"{""rz"": 450, ""sx"": 271, ""cz"": 38, ""x"": 19, ""measure"": 104}",core,3.091076,"[3.234068, 2.919059, 2.991874, 3.641287, 3.091076]",125.73046875,104,193,exported,12.054268,"[12.177725, 12.081549, 12.054268, 12.027468, 12.027371]",ibm_sxz_cz,38,"{""kind"": ""native_contract_only"", ""passed"": true, ""errors"": [], ""checked_instructions"": 882, ""bindings"": 1, ""semantic_equivalence"": ""not checked at large width""}"
main,core_multiplexer_104,static: each control-flow region counted once,278,flat circuit,,2.995315,"[3.703703, 3.099332, 2.995315, 2.971362, 2.956627]",multiplexer,104776,2015,7d724cfba62b84c6b78bc42c05817c267e6fa09fad9f19478ca7f1dfaeb80a44,78131,numeric,695,451,38,277,244,0,"{""rx"": 451, ""rz"": 244, ""rzz"": 38, ""measure"": 104}",core,3.034676,"[3.169684, 2.928962, 2.934675, 3.454965, 3.034676]",123.5859375,104,185,exported,11.209222,"[11.325543, 11.254071, 11.206199, 11.209222, 11.205543]",rxrz_rzz_unbounded,38,"{""kind"": ""native_contract_only"", ""passed"": true, ""errors"": [], ""checked_instructions"": 837, ""bindings"": 1, ""semantic_equivalence"": ""not checked at large width""}"
main,core_multiplexer_156,,,,"__init__(): incompatible function arguments. The following argument types are supported:
    1. __init__(self, name: str, arity: mqt.core.mlir.CompilerTarget.OperationArity, num_parameters: int, site_tuples: collections.abc.Sequence[mqt.core.mlir.CompilerTarget.SiteTuple] | None = None, duration: int | None = None, fidelity: float | None = None, *, fixed_parameters: collections.abc.Sequence[float | None] = [], canonical_name: str | None = None) -> None
    2. __init__(self, name: str, arity: int, num_parameters: int, site_tuples: collections.abc.Sequence[mqt.core.mlir.CompilerTarget.SiteTuple] | None = None, duration: int | None = None, fidelity: float | None = None, *, fixed_parameters: collections.abc.Sequence[float | None] = [], canonical_name: str | None = None) -> None

Invoked with types: mqt.core.mlir.OperationCapability, kwargs = { name: str, arity: int, num_parameters: int, parameter_bounds: list }",,,multiplexer,155996,2951,6af5e986dc83533664b8b88395f711a19fe61c66c6d887b93556617cf2007c16,,numeric,,,,,,,,core,4.363068,"[4.363068, 4.086218, 4.783662, 4.484956, 4.103642]",70.19140625,156,,target_unsupported,,,ibm_fractional_bounded,,
main,core_multiplexer_156,static: each control-flow region counted once,372,flat circuit,,4.368028,"[5.156528, 4.47598, 4.368028, 4.329867, 4.365723]",multiplexer,155996,2951,6af5e986dc83533664b8b88395f711a19fe61c66c6d887b93556617cf2007c16,108486,numeric,943,358,38,371,585,0,"{""rz"": 585, ""sx"": 342, ""x"": 16, ""cx"": 38, ""measure"": 156}",core,4.257499,"[4.257499, 4.107145, 4.456332, 4.716093, 4.148666]",124.64453125,156,245,exported,16.323511,"[16.395367, 16.307079, 16.323511, 16.229222, 16.334022]",ibm_sxz_cx,38,"{""kind"": ""native_contract_only"", ""passed"": true, ""errors"": [], ""checked_instructions"": 1137, ""bindings"": 1, ""semantic_equivalence"": ""not checked at large width""}"
main,core_multiplexer_156,static: each control-flow region counted once,326,flat circuit,,4.221723,"[5.070752, 4.406908, 4.221723, 4.177802, 4.16081]",multiplexer,155996,2951,6af5e986dc83533664b8b88395f711a19fe61c66c6d887b93556617cf2007c16,105796,numeric,896,342,38,325,554,0,"{""rz"": 554, ""sx"": 323, ""cz"": 38, ""x"": 19, ""measure"": 156}",core,4.313835,"[4.313835, 4.106729, 4.457356, 4.738829, 4.163899]",126.67578125,156,245,exported,16.19271,"[16.229494, 16.19271, 16.18871, 16.244358, 16.14911]",ibm_sxz_cz,38,"{""kind"": ""native_contract_only"", ""passed"": true, ""errors"": [], ""checked_instructions"": 1090, ""bindings"": 1, ""semantic_equivalence"": ""not checked at large width""}"
main,core_multiplexer_156,static: each control-flow region counted once,278,flat circuit,,4.028937,"[4.768046, 4.028937, 4.039674, 3.973913, 3.90068]",multiplexer,155996,2951,6af5e986dc83533664b8b88395f711a19fe61c66c6d887b93556617cf2007c16,100975,numeric,851,555,38,277,296,0,"{""rx"": 555, ""rz"": 296, ""rzz"": 38, ""measure"": 156}",core,4.323883,"[4.323883, 4.062074, 4.510124, 4.87083, 4.240107]",128.73828125,156,237,exported,15.252352,"[15.380481, 15.270096, 15.227632, 15.21888, 15.252352]",rxrz_rzz_unbounded,38,"{""kind"": ""native_contract_only"", ""passed"": true, ""errors"": [], ""checked_instructions"": 1045, ""bindings"": 1, ""semantic_equivalence"": ""not checked at large width""}"
main,core_multiplexer_24,,,,"__init__(): incompatible function arguments. The following argument types are supported:
    1. __init__(self, name: str, arity: mqt.core.mlir.CompilerTarget.OperationArity, num_parameters: int, site_tuples: collections.abc.Sequence[mqt.core.mlir.CompilerTarget.SiteTuple] | None = None, duration: int | None = None, fidelity: float | None = None, *, fixed_parameters: collections.abc.Sequence[float | None] = [], canonical_name: str | None = None) -> None
    2. __init__(self, name: str, arity: int, num_parameters: int, site_tuples: collections.abc.Sequence[mqt.core.mlir.CompilerTarget.SiteTuple] | None = None, duration: int | None = None, fidelity: float | None = None, *, fixed_parameters: collections.abc.Sequence[float | None] = [], canonical_name: str | None = None) -> None

Invoked with types: mqt.core.mlir.OperationCapability, kwargs = { name: str, arity: int, num_parameters: int, parameter_bounds: list }",,,multiplexer,24528,491,5f5d9a41e065f99a4a9d2fec21fae872911437519e7d73be3e760142580bb623,,numeric,,,,,,,,core,1.189975,"[1.393705, 1.189975, 1.163464, 1.195256, 1.156999]",70.203125,24,,target_unsupported,,,ibm_fractional_bounded,,
main,core_multiplexer_24,static: each control-flow region counted once,280,flat circuit,,1.827356,"[2.375648, 1.894732, 1.827356, 1.793595, 1.797372]",multiplexer,24528,491,5f5d9a41e065f99a4a9d2fec21fae872911437519e7d73be3e760142580bb623,45635,numeric,455,180,38,279,275,0,"{""rz"": 275, ""sx"": 164, ""x"": 16, ""cx"": 38, ""measure"": 24}",core,1.178024,"[1.403449, 1.197415, 1.157448, 1.171975, 1.178024]",122.5234375,24,90,exported,4.4127,"[4.479629, 4.903856, 4.386589, 4.386877, 4.4127]",ibm_sxz_cx,38,"{""kind"": ""native_contract_only"", ""passed"": true, ""errors"": [], ""checked_instructions"": 517, ""bindings"": 1, ""semantic_equivalence"": ""not checked at large width""}"
main,core_multiplexer_24,static: each control-flow region counted once,234,flat circuit,,1.693419,"[2.207279, 1.750107, 1.693419, 1.687035, 1.685163]",multiplexer,24528,491,5f5d9a41e065f99a4a9d2fec21fae872911437519e7d73be3e760142580bb623,43036,numeric,408,164,38,233,244,0,"{""rz"": 244, ""sx"": 145, ""cz"": 38, ""x"": 19, ""measure"": 24}",core,1.19644,"[1.401481, 1.220936, 1.169207, 1.19644, 1.179704]",122.3203125,24,90,exported,4.44518,"[4.44518, 4.343996, 4.61651, 4.26558, 4.615166]",ibm_sxz_cz,38,"{""kind"": ""native_contract_only"", ""passed"": true, ""errors"": [], ""checked_instructions"": 470, ""bindings"": 1, ""semantic_equivalence"": ""not checked at large width""}"
main,core_multiplexer_24,,,,"Target synthesis failed: loc(""/home/nvidia/.codex/experiments/core-synthesis-large-20261004/corpus/core_multiplexer_24.mlir"":1:1): target compilation requires a single-qubit synthesis basis
loc(""/home/nvidia/.codex/experiments/core-synthesis-large-20261004/corpus/core_multiplexer_24.mlir"":1:1): failed to synthesize the QCO program for the target",,,multiplexer,24528,491,5f5d9a41e065f99a4a9d2fec21fae872911437519e7d73be3e760142580bb623,,numeric,,,,,,,,core,1.178056,"[1.400345, 1.194072, 1.174951, 1.174856, 1.178056]",70.1953125,24,,synthesis_failed,,,ionq_fixed_r_zz,,
main,core_multiplexer_24,static: each control-flow region counted once,218,flat circuit,,1.809708,"[2.341583, 1.894924, 1.809708, 1.804587, 1.779916]",multiplexer,24528,491,5f5d9a41e065f99a4a9d2fec21fae872911437519e7d73be3e760142580bb623,47634,numeric,394,394,38,217,0,0,"{""r"": 394, ""cz"": 38, ""measure"": 24}",core,1.206232,"[1.406329, 1.206232, 1.159415, 1.163048, 1.23708]",122.484375,24,107,exported,4.293052,"[4.343948, 4.82336, 4.293052, 4.286668, 4.253163]",iqm_r_cz,38,"{""kind"": ""native_contract_only"", ""passed"": true, ""errors"": [], ""checked_instructions"": 456, ""bindings"": 1, ""semantic_equivalence"": ""not checked at large width""}"
main,core_multiplexer_24,static: each control-flow region counted once,234,flat circuit,,2.712033,"[3.18706, 2.715218, 2.712033, 2.600913, 2.579489]",multiplexer,24528,491,5f5d9a41e065f99a4a9d2fec21fae872911437519e7d73be3e760142580bb623,44983,numeric,408,164,38,233,244,0,"{""rz"": 244, ""rxpi2"": 145, ""cz"": 38, ""rxpi"": 19, ""measure"": 24}",core,1.182567,"[1.400233, 1.20756, 1.15636, 1.182567, 1.160104]",124.55859375,24,90,exported,4.395324,"[4.865343, 4.996976, 4.395324, 4.380252, 4.35566]",rigetti_rx_cz,38,"{""kind"": ""native_contract_only"", ""passed"": true, ""errors"": [], ""checked_instructions"": 470, ""bindings"": 1, ""semantic_equivalence"": ""not checked at large width""}"
main,core_multiplexer_24,static: each control-flow region counted once,209,flat circuit,,1.455146,"[1.921469, 1.507529, 1.455146, 1.425961, 1.421353]",multiplexer,24528,491,5f5d9a41e065f99a4a9d2fec21fae872911437519e7d73be3e760142580bb623,38052,numeric,386,245,38,208,141,0,"{""rx"": 245, ""rz"": 141, ""rzz"": 38, ""measure"": 24}",core,1.170167,"[1.388008, 1.194888, 1.167768, 1.170167, 1.160376]",124.3515625,24,82,exported,3.863721,"[3.863721, 4.597485, 3.914937, 3.799688, 3.745016]",rxrz_rzz_unbounded,38,"{""kind"": ""native_contract_only"", ""passed"": true, ""errors"": [], ""checked_instructions"": 448, ""bindings"": 1, ""semantic_equivalence"": ""not checked at large width""}"
main,core_multiplexer_36,,,,"__init__(): incompatible function arguments. The following argument types are supported:
    1. __init__(self, name: str, arity: mqt.core.mlir.CompilerTarget.OperationArity, num_parameters: int, site_tuples: collections.abc.Sequence[mqt.core.mlir.CompilerTarget.SiteTuple] | None = None, duration: int | None = None, fidelity: float | None = None, *, fixed_parameters: collections.abc.Sequence[float | None] = [], canonical_name: str | None = None) -> None
    2. __init__(self, name: str, arity: int, num_parameters: int, site_tuples: collections.abc.Sequence[mqt.core.mlir.CompilerTarget.SiteTuple] | None = None, duration: int | None = None, fidelity: float | None = None, *, fixed_parameters: collections.abc.Sequence[float | None] = [], canonical_name: str | None = None) -> None

Invoked with types: mqt.core.mlir.OperationCapability, kwargs = { name: str, arity: int, num_parameters: int, parameter_bounds: list }",,,multiplexer,37396,743,3cce1dad3e77e1f27af830d7d11f939ccfc32912b3d925def5a681e893bbae47,,numeric,,,,,,,,core,1.481514,"[1.687866, 1.481514, 1.549578, 1.468105, 1.474666]",70.203125,36,,target_unsupported,,,ibm_fractional_bounded,,
main,core_multiplexer_36,static: each control-flow region counted once,328,flat circuit,,2.144942,"[2.771778, 2.220414, 2.144942, 2.137614, 2.126285]",multiplexer,37396,743,3cce1dad3e77e1f27af830d7d11f939ccfc32912b3d925def5a681e893bbae47,53970,numeric,539,216,38,327,323,0,"{""rz"": 323, ""sx"": 200, ""x"": 16, ""cx"": 38, ""measure"": 36}",core,1.496922,"[1.67265, 1.496922, 1.448937, 1.530218, 1.467113]",122.71875,36,114,exported,6.029751,"[6.404521, 6.029751, 6.020726, 6.013958, 6.035799]",ibm_sxz_cx,38,"{""kind"": ""native_contract_only"", ""passed"": true, ""errors"": [], ""checked_instructions"": 613, ""bindings"": 1, ""semantic_equivalence"": ""not checked at large width""}"
main,core_multiplexer_36,static: each control-flow region counted once,282,flat circuit,,2.039645,"[2.629169, 2.112749, 2.039645, 2.010269, 2.007933]",multiplexer,37396,743,3cce1dad3e77e1f27af830d7d11f939ccfc32912b3d925def5a681e893bbae47,51374,numeric,492,200,38,281,292,0,"{""rz"": 292, ""sx"": 181, ""cz"": 38, ""x"": 19, ""measure"": 36}",core,1.470713,"[1.673403, 1.495129, 1.470713, 1.461898, 1.465865]",122.6875,36,114,exported,5.881686,"[6.457465, 5.886181, 5.881686, 5.870006, 5.857285]",ibm_sxz_cz,38,"{""kind"": ""native_contract_only"", ""passed"": true, ""errors"": [], ""checked_instructions"": 566, ""bindings"": 1, ""semantic_equivalence"": ""not checked at large width""}"
main,core_multiplexer_36,,,,"Target synthesis failed: loc(""/home/nvidia/.codex/experiments/core-synthesis-large-20261004/corpus/core_multiplexer_36.mlir"":1:1): target compilation requires a single-qubit synthesis basis
loc(""/home/nvidia/.codex/experiments/core-synthesis-large-20261004/corpus/core_multiplexer_36.mlir"":1:1): failed to synthesize the QCO program for the target",,,multiplexer,37396,743,3cce1dad3e77e1f27af830d7d11f939ccfc32912b3d925def5a681e893bbae47,,numeric,,,,,,,,core,1.486986,"[1.689259, 1.486986, 1.446617, 1.536618, 1.462345]",69.22265625,36,,synthesis_failed,,,ionq_fixed_r_zz,,
main,core_multiplexer_36,static: each control-flow region counted once,242,flat circuit,,2.079934,"[2.676081, 2.149485, 2.079934, 2.065805, 2.063421]",multiplexer,37396,743,3cce1dad3e77e1f27af830d7d11f939ccfc32912b3d925def5a681e893bbae47,54597,numeric,442,442,38,241,0,0,"{""r"": 442, ""cz"": 38, ""measure"": 36}",core,1.481337,"[1.691435, 1.481337, 1.453145, 1.550042, 1.473866]",124.84765625,36,131,exported,5.858981,"[5.940566, 5.858981, 5.864005, 5.831301, 5.835717]",iqm_r_cz,38,"{""kind"": ""native_contract_only"", ""passed"": true, ""errors"": [], ""checked_instructions"": 516, ""bindings"": 1, ""semantic_equivalence"": ""not checked at large width""}"
main,core_multiplexer_36,static: each control-flow region counted once,282,flat circuit,,3.241172,"[3.776552, 3.264229, 3.241172, 3.135093, 3.103731]",multiplexer,37396,743,3cce1dad3e77e1f27af830d7d11f939ccfc32912b3d925def5a681e893bbae47,53645,numeric,492,200,38,281,292,0,"{""rz"": 292, ""rxpi2"": 181, ""cz"": 38, ""rxpi"": 19, ""measure"": 36}",core,1.468329,"[1.699403, 1.51329, 1.452105, 1.452938, 1.468329]",125.0234375,36,114,exported,6.084247,"[7.071901, 6.118199, 6.084247, 6.066215, 6.052599]",rigetti_rx_cz,38,"{""kind"": ""native_contract_only"", ""passed"": true, ""errors"": [], ""checked_instructions"": 566, ""bindings"": 1, ""semantic_equivalence"": ""not checked at large width""}"
main,core_multiplexer_36,static: each control-flow region counted once,245,flat circuit,,1.779499,"[2.336607, 1.839724, 1.779499, 1.75198, 1.740843]",multiplexer,37396,743,3cce1dad3e77e1f27af830d7d11f939ccfc32912b3d925def5a681e893bbae47,46047,numeric,458,293,38,244,165,0,"{""rx"": 293, ""rz"": 165, ""rzz"": 38, ""measure"": 36}",core,1.50745,"[1.701563, 1.50745, 1.448569, 1.551802, 1.473146]",124.7109375,36,106,exported,5.300658,"[5.710804, 5.328722, 5.300658, 5.253698, 5.287169]",rxrz_rzz_unbounded,38,"{""kind"": ""native_contract_only"", ""passed"": true, ""errors"": [], ""checked_instructions"": 532, ""bindings"": 1, ""semantic_equivalence"": ""not checked at large width""}"
main,core_multiplexer_54,,,,"__init__(): incompatible function arguments. The following argument types are supported:
    1. __init__(self, name: str, arity: mqt.core.mlir.CompilerTarget.OperationArity, num_parameters: int, site_tuples: collections.abc.Sequence[mqt.core.mlir.CompilerTarget.SiteTuple] | None = None, duration: int | None = None, fidelity: float | None = None, *, fixed_parameters: collections.abc.Sequence[float | None] = [], canonical_name: str | None = None) -> None
    2. __init__(self, name: str, arity: int, num_parameters: int, site_tuples: collections.abc.Sequence[mqt.core.mlir.CompilerTarget.SiteTuple] | None = None, duration: int | None = None, fidelity: float | None = None, *, fixed_parameters: collections.abc.Sequence[float | None] = [], canonical_name: str | None = None) -> None

Invoked with types: mqt.core.mlir.OperationCapability, kwargs = { name: str, arity: int, num_parameters: int, parameter_bounds: list }",,,multiplexer,56414,1115,5b1da6348d22308526fab8319c87a94b3eccd66a76dd13a369da82075ea24384,,numeric,,,,,,,,core,1.929964,"[2.154574, 1.925948, 1.916524, 1.929964, 2.028989]",70.20703125,54,,target_unsupported,,,ibm_fractional_bounded,,
main,core_multiplexer_54,static: each control-flow region counted once,372,flat circuit,,2.558305,"[3.189109, 2.626928, 2.554224, 2.558305, 2.524624]",multiplexer,56414,1115,5b1da6348d22308526fab8319c87a94b3eccd66a76dd13a369da82075ea24384,64561,numeric,637,256,38,371,381,0,"{""rz"": 381, ""sx"": 240, ""x"": 16, ""cx"": 38, ""measure"": 54}",core,1.96486,"[2.141501, 1.983469, 1.910444, 1.96486, 1.950429]",125.21484375,54,143,exported,8.349077,"[8.588006, 8.352773, 8.349077, 8.307781, 8.318933]",ibm_sxz_cx,38,"{""kind"": ""native_contract_only"", ""passed"": true, ""errors"": [], ""checked_instructions"": 729, ""bindings"": 1, ""semantic_equivalence"": ""not checked at large width""}"
main,core_multiplexer_54,static: each control-flow region counted once,326,flat circuit,,2.468896,"[3.07818, 2.553408, 2.453952, 2.434575, 2.468896]",multiplexer,56414,1115,5b1da6348d22308526fab8319c87a94b3eccd66a76dd13a369da82075ea24384,61965,numeric,590,240,38,325,350,0,"{""rz"": 350, ""sx"": 221, ""cz"": 38, ""x"": 19, ""measure"": 54}",core,1.926716,"[2.115918, 1.903932, 1.90774, 1.926716, 2.014621]",125.171875,54,143,exported,8.186772,"[8.280996, 8.186772, 8.169588, 8.184388, 8.192659]",ibm_sxz_cz,38,"{""kind"": ""native_contract_only"", ""passed"": true, ""errors"": [], ""checked_instructions"": 682, ""bindings"": 1, ""semantic_equivalence"": ""not checked at large width""}"
main,core_multiplexer_54,,,,"Target synthesis failed: loc(""/home/nvidia/.codex/experiments/core-synthesis-large-20261004/corpus/core_multiplexer_54.mlir"":1:1): target compilation requires a single-qubit synthesis basis
loc(""/home/nvidia/.codex/experiments/core-synthesis-large-20261004/corpus/core_multiplexer_54.mlir"":1:1): failed to synthesize the QCO program for the target",,,multiplexer,56414,1115,5b1da6348d22308526fab8319c87a94b3eccd66a76dd13a369da82075ea24384,,numeric,,,,,,,,core,1.954236,"[2.156254, 1.954236, 1.880236, 1.912156, 2.021997]",69.2578125,54,,synthesis_failed,,,ionq_fixed_r_zz,,
main,core_multiplexer_54,static: each control-flow region counted once,264,flat circuit,,2.412591,"[3.059108, 2.517856, 2.412591, 2.401999, 2.390479]",multiplexer,56414,1115,5b1da6348d22308526fab8319c87a94b3eccd66a76dd13a369da82075ea24384,64331,numeric,500,500,38,263,0,0,"{""r"": 500, ""cz"": 38, ""measure"": 54}",core,1.93726,"[2.127742, 1.97726, 1.8747, 1.93726, 1.93094]",125.3046875,54,160,exported,8.108548,"[8.26914, 8.143651, 8.102724, 8.108548, 8.093667]",iqm_r_cz,38,"{""kind"": ""native_contract_only"", ""passed"": true, ""errors"": [], ""checked_instructions"": 592, ""bindings"": 1, ""semantic_equivalence"": ""not checked at large width""}"
main,core_multiplexer_54,static: each control-flow region counted once,326,flat circuit,,3.937513,"[4.465932, 3.937513, 3.78244, 3.755863, 5.390114]",multiplexer,56414,1115,5b1da6348d22308526fab8319c87a94b3eccd66a76dd13a369da82075ea24384,64596,numeric,590,240,38,325,350,0,"{""rz"": 350, ""rxpi2"": 221, ""cz"": 38, ""rxpi"": 19, ""measure"": 54}",core,1.934716,"[2.133837, 1.918444, 1.871516, 1.976669, 1.934716]",125.37109375,54,143,exported,8.469014,"[8.54671, 8.479686, 8.469014, 8.418181, 8.456933]",rigetti_rx_cz,38,"{""kind"": ""native_contract_only"", ""passed"": true, ""errors"": [], ""checked_instructions"": 682, ""bindings"": 1, ""semantic_equivalence"": ""not checked at large width""}"
main,core_multiplexer_54,static: each control-flow region counted once,278,flat circuit,,2.187997,"[2.805585, 2.261215, 2.187997, 2.17731, 2.163454]",multiplexer,56414,1115,5b1da6348d22308526fab8319c87a94b3eccd66a76dd13a369da82075ea24384,56391,numeric,545,351,38,277,194,0,"{""rx"": 351, ""rz"": 194, ""rzz"": 38, ""measure"": 54}",core,1.939933,"[2.167118, 1.931276, 1.939933, 1.928044, 2.30707]",123.0,54,135,exported,7.54424,"[7.637649, 7.594032, 7.54424, 7.534272, 7.54256]",rxrz_rzz_unbounded,38,"{""kind"": ""native_contract_only"", ""passed"": true, ""errors"": [], ""checked_instructions"": 637, ""bindings"": 1, ""semantic_equivalence"": ""not checked at large width""}"
main,core_qft_104,,,,"__init__(): incompatible function arguments. The following argument types are supported:
    1. __init__(self, name: str, arity: mqt.core.mlir.CompilerTarget.OperationArity, num_parameters: int, site_tuples: collections.abc.Sequence[mqt.core.mlir.CompilerTarget.SiteTuple] | None = None, duration: int | None = None, fidelity: float | None = None, *, fixed_parameters: collections.abc.Sequence[float | None] = [], canonical_name: str | None = None) -> None
    2. __init__(self, name: str, arity: int, num_parameters: int, site_tuples: collections.abc.Sequence[mqt.core.mlir.CompilerTarget.SiteTuple] | None = None, duration: int | None = None, fidelity: float | None = None, *, fixed_parameters: collections.abc.Sequence[float | None] = [], canonical_name: str | None = None) -> None

Invoked with types: mqt.core.mlir.OperationCapability, kwargs = { name: str, arity: int, num_parameters: int, parameter_bounds: list }",,,qft,3484620,72048,3eb5be37ef39dd2320a6c6c9d13d9edf236c89f3d2b7828764a6a703326403d4,,numeric,,,,,,,,core,117.385333,"[99.654837, 111.605601, 117.385333, 119.663395, 120.519209]",83.875,104,,target_unsupported,,,ibm_fractional_bounded,,
main,core_qft_104,static: each control-flow region counted once,2363,flat circuit,,177.702802,"[179.565806, 176.536187, 176.615052, 177.702802, 178.418183]",qft,3484620,72048,3eb5be37ef39dd2320a6c6c9d13d9edf236c89f3d2b7828764a6a703326403d4,2815786,numeric,30781,12656,3572,2362,18125,0,"{""rz"": 18125, ""sx"": 12656, ""cx"": 3572, ""measure"": 104}",core,116.49224,"[97.869594, 111.960451, 116.49224, 118.852926, 119.170897]",243.29296875,104,236,exported,564.208812,"[544.501903, 565.150721, 564.884064, 563.630136, 564.208812]",ibm_sxz_cx,410,"{""kind"": ""native_contract_only"", ""passed"": true, ""errors"": [], ""checked_instructions"": 34457, ""bindings"": 1, ""semantic_equivalence"": ""not checked at large width""}"
main,core_qft_104,static: each control-flow region counted once,2159,flat circuit,,166.623244,"[168.632441, 165.307828, 166.346538, 167.171727, 166.623244]",qft,3484620,72048,3eb5be37ef39dd2320a6c6c9d13d9edf236c89f3d2b7828764a6a703326403d4,2602559,numeric,27209,10870,3572,2158,16339,0,"{""rz"": 16339, ""sx"": 7298, ""cz"": 3572, ""x"": 3572, ""measure"": 104}",core,115.478234,"[98.358525, 111.155838, 115.478234, 119.73826, 119.819956]",221.5,104,260,exported,549.943025,"[537.058559, 549.143803, 550.018017, 549.943025, 551.394041]",ibm_sxz_cz,410,"{""kind"": ""native_contract_only"", ""passed"": true, ""errors"": [], ""checked_instructions"": 30885, ""bindings"": 1, ""semantic_equivalence"": ""not checked at large width""}"
main,core_qft_104,static: each control-flow region counted once,2055,flat circuit,,141.439534,"[142.090433, 140.787097, 141.153067, 141.439534, 142.763765]",qft,3484620,72048,3eb5be37ef39dd2320a6c6c9d13d9edf236c89f3d2b7828764a6a703326403d4,2651218,numeric,33315,18611,3572,2054,14704,0,"{""rx"": 18611, ""rz"": 14704, ""rzz"": 3572, ""measure"": 104}",core,117.345924,"[100.172264, 110.301417, 117.345924, 119.031839, 119.894869]",256.5390625,104,230,exported,496.91173,"[495.973739, 494.372353, 497.9662, 497.182451, 496.91173]",rxrz_rzz_unbounded,410,"{""kind"": ""native_contract_only"", ""passed"": true, ""errors"": [], ""checked_instructions"": 36991, ""bindings"": 1, ""semantic_equivalence"": ""not checked at large width""}"
main,core_qft_156,,,,"__init__(): incompatible function arguments. The following argument types are supported:
    1. __init__(self, name: str, arity: mqt.core.mlir.CompilerTarget.OperationArity, num_parameters: int, site_tuples: collections.abc.Sequence[mqt.core.mlir.CompilerTarget.SiteTuple] | None = None, duration: int | None = None, fidelity: float | None = None, *, fixed_parameters: collections.abc.Sequence[float | None] = [], canonical_name: str | None = None) -> None
    2. __init__(self, name: str, arity: int, num_parameters: int, site_tuples: collections.abc.Sequence[mqt.core.mlir.CompilerTarget.SiteTuple] | None = None, duration: int | None = None, fidelity: float | None = None, *, fixed_parameters: collections.abc.Sequence[float | None] = [], canonical_name: str | None = None) -> None

Invoked with types: mqt.core.mlir.OperationCapability, kwargs = { name: str, arity: int, num_parameters: int, parameter_bounds: list }",,,qft,7727534,154676,85d92c0dc719c93279161459568e9dddb7f4fb9a5809e67fd29f006d7a25a400,,numeric,,,,,,,,core,333.693844,"[256.246541, 308.732024, 333.693844, 341.871, 345.085452]",131.37890625,156,,target_unsupported,,,ibm_fractional_bounded,,
main,core_qft_156,static: each control-flow region counted once,3559,flat circuit,,336.717802,"[336.652185, 327.570655, 340.472513, 336.717802, 337.130075]",qft,7727534,154676,85d92c0dc719c93279161459568e9dddb7f4fb9a5809e67fd29f006d7a25a400,4382552,numeric,47785,19650,5548,3558,28135,0,"{""rz"": 28135, ""sx"": 19650, ""cx"": 5548, ""measure"": 156}",core,331.99942,"[256.569712, 308.651961, 331.99942, 342.509774, 346.619208]",300.23046875,156,288,exported,1325.364318,"[1296.938043, 1325.364318, 1322.236555, 1328.516546, 1330.035163]",ibm_sxz_cx,618,"{""kind"": ""native_contract_only"", ""passed"": true, ""errors"": [], ""checked_instructions"": 53489, ""bindings"": 1, ""semantic_equivalence"": ""not checked at large width""}"
main,core_qft_156,static: each control-flow region counted once,3251,flat circuit,,318.527957,"[326.042181, 318.060963, 318.527957, 318.297125, 319.077817]",qft,7727534,154676,85d92c0dc719c93279161459568e9dddb7f4fb9a5809e67fd29f006d7a25a400,4050597,numeric,42237,16876,5548,3250,25361,0,"{""rz"": 25361, ""sx"": 11328, ""cz"": 5548, ""x"": 5548, ""measure"": 156}",core,327.083532,"[254.368802, 305.115874, 327.083532, 336.93745, 343.883254]",286.50390625,156,312,exported,1298.871108,"[1259.621228, 1293.981493, 1319.765576, 1298.871108, 1301.4873]",ibm_sxz_cz,618,"{""kind"": ""native_contract_only"", ""passed"": true, ""errors"": [], ""checked_instructions"": 47941, ""bindings"": 1, ""semantic_equivalence"": ""not checked at large width""}"
main,core_qft_156,static: each control-flow region counted once,3095,flat circuit,,270.463223,"[270.695688, 267.713606, 270.160485, 270.463223, 271.219516]",qft,7727534,154676,85d92c0dc719c93279161459568e9dddb7f4fb9a5809e67fd29f006d7a25a400,4180840,numeric,52581,29063,5548,3094,23518,0,"{""rx"": 29063, ""rz"": 23518, ""rzz"": 5548, ""measure"": 156}",core,325.602227,"[256.003068, 303.384662, 325.602227, 336.801065, 341.016883]",305.92578125,156,282,exported,1186.121164,"[1176.026205, 1177.862248, 1187.227523, 1207.334274, 1186.121164]",rxrz_rzz_unbounded,618,"{""kind"": ""native_contract_only"", ""passed"": true, ""errors"": [], ""checked_instructions"": 58285, ""bindings"": 1, ""semantic_equivalence"": ""not checked at large width""}"
main,core_qft_24,,,,"__init__(): incompatible function arguments. The following argument types are supported:
    1. __init__(self, name: str, arity: mqt.core.mlir.CompilerTarget.OperationArity, num_parameters: int, site_tuples: collections.abc.Sequence[mqt.core.mlir.CompilerTarget.SiteTuple] | None = None, duration: int | None = None, fidelity: float | None = None, *, fixed_parameters: collections.abc.Sequence[float | None] = [], canonical_name: str | None = None) -> None
    2. __init__(self, name: str, arity: int, num_parameters: int, site_tuples: collections.abc.Sequence[mqt.core.mlir.CompilerTarget.SiteTuple] | None = None, duration: int | None = None, fidelity: float | None = None, *, fixed_parameters: collections.abc.Sequence[float | None] = [], canonical_name: str | None = None) -> None

Invoked with types: mqt.core.mlir.OperationCapability, kwargs = { name: str, arity: int, num_parameters: int, parameter_bounds: list }",,,qft,189922,4142,8cf0a6fd21d8e33a2b1bde61cd78b5a2e245a93bfdbc61b1a42a78fbf1e18a2d,,numeric,,,,,,,,core,4.943439,"[5.049887, 4.740926, 5.704163, 4.943439, 4.887183]",70.1875,24,,target_unsupported,,,ibm_fractional_bounded,,
main,core_qft_24,static: each control-flow region counted once,523,flat circuit,,18.440723,"[19.814395, 18.5881, 18.440723, 18.374435, 18.286498]",qft,189922,4142,8cf0a6fd21d8e33a2b1bde61cd78b5a2e245a93bfdbc61b1a42a78fbf1e18a2d,414384,numeric,4607,1896,532,522,2711,0,"{""rz"": 2711, ""sx"": 1896, ""cx"": 532, ""measure"": 24}",core,5.030543,"[5.030543, 5.449234, 5.203153, 4.956063, 4.92603]",139.85546875,24,109,exported,31.812695,"[31.828967, 31.773766, 31.84855, 31.812695, 31.683973]",ibm_sxz_cx,90,"{""kind"": ""native_contract_only"", ""passed"": true, ""errors"": [], ""checked_instructions"": 5163, ""bindings"": 1, ""semantic_equivalence"": ""not checked at large width""}"
main,core_qft_24,static: each control-flow region counted once,479,flat circuit,,17.112171,"[18.486019, 17.193707, 17.112171, 17.025946, 17.080058]",qft,189922,4142,8cf0a6fd21d8e33a2b1bde61cd78b5a2e245a93bfdbc61b1a42a78fbf1e18a2d,386445,numeric,4075,1630,532,478,2445,0,"{""rz"": 2445, ""sx"": 1098, ""cz"": 532, ""x"": 532, ""measure"": 24}",core,4.961279,"[5.065999, 5.643028, 4.842942, 4.961279, 4.86043]",137.12109375,24,133,exported,30.714912,"[30.699263, 30.85088, 30.714912, 30.770768, 30.676927]",ibm_sxz_cz,90,"{""kind"": ""native_contract_only"", ""passed"": true, ""errors"": [], ""checked_instructions"": 4631, ""bindings"": 1, ""semantic_equivalence"": ""not checked at large width""}"
main,core_qft_24,,,,"Target synthesis failed: loc(""/home/nvidia/.codex/experiments/core-synthesis-large-20261004/corpus/core_qft_24.mlir"":1:1): target compilation requires a single-qubit synthesis basis
loc(""/home/nvidia/.codex/experiments/core-synthesis-large-20261004/corpus/core_qft_24.mlir"":1:1): failed to synthesize the QCO program for the target",,,qft,189922,4142,8cf0a6fd21d8e33a2b1bde61cd78b5a2e245a93bfdbc61b1a42a78fbf1e18a2d,,numeric,,,,,,,,core,4.984943,"[5.103552, 5.633875, 4.886814, 4.984943, 4.910431]",70.18359375,24,,synthesis_failed,,,ionq_fixed_r_zz,,
main,core_qft_24,static: each control-flow region counted once,500,flat circuit,,21.050707,"[21.793832, 21.358501, 20.962099, 21.050707, 21.037124]",qft,189922,4142,8cf0a6fd21d8e33a2b1bde61cd78b5a2e245a93bfdbc61b1a42a78fbf1e18a2d,499570,numeric,4916,4916,532,499,0,0,"{""r"": 4916, ""cz"": 532, ""measure"": 24}",core,5.062591,"[5.062591, 5.404369, 5.190081, 4.972431, 4.927678]",141.6953125,24,138,exported,31.506853,"[31.396964, 31.506853, 31.46122, 31.540949, 31.540805]",iqm_r_cz,90,"{""kind"": ""native_contract_only"", ""passed"": true, ""errors"": [], ""checked_instructions"": 5472, ""bindings"": 1, ""semantic_equivalence"": ""not checked at large width""}"
main,core_qft_24,static: each control-flow region counted once,479,flat circuit,,26.078835,"[26.652022, 26.078835, 25.806977, 26.025394, 27.05172]",qft,189922,4142,8cf0a6fd21d8e33a2b1bde61cd78b5a2e245a93bfdbc61b1a42a78fbf1e18a2d,403722,numeric,4075,1630,532,478,2445,0,"{""rz"": 2445, ""rxpi2"": 1098, ""cz"": 532, ""rxpi"": 532, ""measure"": 24}",core,5.026879,"[5.026879, 4.860446, 5.249937, 5.523042, 4.926927]",141.98828125,24,133,exported,31.980407,"[31.954391, 31.951383, 32.025352, 32.070216, 31.980407]",rigetti_rx_cz,90,"{""kind"": ""native_contract_only"", ""passed"": true, ""errors"": [], ""checked_instructions"": 4631, ""bindings"": 1, ""semantic_equivalence"": ""not checked at large width""}"
main,core_qft_24,static: each control-flow region counted once,455,flat circuit,,13.985383,"[15.019518, 14.042727, 13.977511, 13.985383, 13.872023]",qft,189922,4142,8cf0a6fd21d8e33a2b1bde61cd78b5a2e245a93bfdbc61b1a42a78fbf1e18a2d,342886,numeric,4241,2591,532,454,1650,0,"{""rx"": 2591, ""rz"": 1650, ""rzz"": 532, ""measure"": 24}",core,5.012927,"[5.012927, 5.153696, 5.40293, 4.976975, 4.926111]",136.3046875,24,105,exported,25.644464,"[25.644464, 25.60624, 25.476175, 25.741696, 25.654784]",rxrz_rzz_unbounded,90,"{""kind"": ""native_contract_only"", ""passed"": true, ""errors"": [], ""checked_instructions"": 4797, ""bindings"": 1, ""semantic_equivalence"": ""not checked at large width""}"
main,core_qft_36,,,,"__init__(): incompatible function arguments. The following argument types are supported:
    1. __init__(self, name: str, arity: mqt.core.mlir.CompilerTarget.OperationArity, num_parameters: int, site_tuples: collections.abc.Sequence[mqt.core.mlir.CompilerTarget.SiteTuple] | None = None, duration: int | None = None, fidelity: float | None = None, *, fixed_parameters: collections.abc.Sequence[float | None] = [], canonical_name: str | None = None) -> None
    2. __init__(self, name: str, arity: int, num_parameters: int, site_tuples: collections.abc.Sequence[mqt.core.mlir.CompilerTarget.SiteTuple] | None = None, duration: int | None = None, fidelity: float | None = None, *, fixed_parameters: collections.abc.Sequence[float | None] = [], canonical_name: str | None = None) -> None

Invoked with types: mqt.core.mlir.OperationCapability, kwargs = { name: str, arity: int, num_parameters: int, parameter_bounds: list }",,,qft,424840,9236,d446df6065a0c00a75adf1bbc71a3307505e1ea5c5cdda105fd74f550303fe9a,,numeric,,,,,,,,core,10.452659,"[11.351721, 10.265074, 10.334323, 10.452659, 10.464355]",70.19921875,36,,target_unsupported,,,ibm_fractional_bounded,,
main,core_qft_36,static: each control-flow region counted once,799,flat circuit,,36.239721,"[38.398951, 36.168905, 36.319338, 36.239721, 36.237834]",qft,424840,9236,d446df6065a0c00a75adf1bbc71a3307505e1ea5c5cdda105fd74f550303fe9a,769471,numeric,8540,3510,988,798,5030,0,"{""rz"": 5030, ""sx"": 3510, ""cx"": 988, ""measure"": 36}",core,10.44594,"[11.193224, 10.44594, 10.316642, 10.51306, 10.362962]",153.1171875,36,145,exported,69.320558,"[68.901627, 69.150125, 69.390559, 69.320558, 69.522223]",ibm_sxz_cx,138,"{""kind"": ""native_contract_only"", ""passed"": true, ""errors"": [], ""checked_instructions"": 9564, ""bindings"": 1, ""semantic_equivalence"": ""not checked at large width""}"
main,core_qft_36,static: each control-flow region counted once,731,flat circuit,,33.145653,"[35.072465, 33.083381, 33.160598, 33.123365, 33.145653]",qft,424840,9236,d446df6065a0c00a75adf1bbc71a3307505e1ea5c5cdda105fd74f550303fe9a,714139,numeric,7552,3016,988,730,4536,0,"{""rz"": 4536, ""sx"": 2028, ""cz"": 988, ""x"": 988, ""measure"": 36}",core,10.465875,"[11.321833, 10.323714, 10.431587, 10.538468, 10.465875]",148.51953125,36,169,exported,67.469715,"[67.268657, 67.469715, 67.502818, 67.435762, 67.608787]",ibm_sxz_cz,138,"{""kind"": ""native_contract_only"", ""passed"": true, ""errors"": [], ""checked_instructions"": 8576, ""bindings"": 1, ""semantic_equivalence"": ""not checked at large width""}"
main,core_qft_36,,,,"Target synthesis failed: loc(""/home/nvidia/.codex/experiments/core-synthesis-large-20261004/corpus/core_qft_36.mlir"":1:1): target compilation requires a single-qubit synthesis basis
loc(""/home/nvidia/.codex/experiments/core-synthesis-large-20261004/corpus/core_qft_36.mlir"":1:1): failed to synthesize the QCO program for the target",,,qft,424840,9236,d446df6065a0c00a75adf1bbc71a3307505e1ea5c5cdda105fd74f550303fe9a,,numeric,,,,,,,,core,10.443187,"[11.350601, 10.260786, 10.338418, 10.509044, 10.443187]",70.18359375,36,,synthesis_failed,,,ionq_fixed_r_zz,,
main,core_qft_36,static: each control-flow region counted once,764,flat circuit,,44.80168,"[45.538997, 44.80168, 44.785313, 44.874065, 44.746992]",qft,424840,9236,d446df6065a0c00a75adf1bbc71a3307505e1ea5c5cdda105fd74f550303fe9a,973839,numeric,9812,9812,988,763,0,0,"{""r"": 9812, ""cz"": 988, ""measure"": 36}",core,10.437283,"[11.157816, 10.156897, 10.343059, 10.440435, 10.437283]",161.609375,36,181,exported,68.824795,"[68.270679, 68.785882, 68.824795, 69.143133, 68.945388]",iqm_r_cz,138,"{""kind"": ""native_contract_only"", ""passed"": true, ""errors"": [], ""checked_instructions"": 10836, ""bindings"": 1, ""semantic_equivalence"": ""not checked at large width""}"
main,core_qft_36,static: each control-flow region counted once,731,flat circuit,,50.35874,"[51.293546, 49.592223, 50.35874, 49.404254, 50.652614]",qft,424840,9236,d446df6065a0c00a75adf1bbc71a3307505e1ea5c5cdda105fd74f550303fe9a,745735,numeric,7552,3016,988,730,4536,0,"{""rz"": 4536, ""rxpi2"": 2028, ""cz"": 988, ""rxpi"": 988, ""measure"": 36}",core,10.456323,"[11.13092, 10.272114, 10.399923, 10.511828, 10.456323]",158.14453125,36,169,exported,70.104419,"[69.429983, 70.104419, 69.89325, 70.219348, 70.213892]",rigetti_rx_cz,138,"{""kind"": ""native_contract_only"", ""passed"": true, ""errors"": [], ""checked_instructions"": 8576, ""bindings"": 1, ""semantic_equivalence"": ""not checked at large width""}"
main,core_qft_36,static: each control-flow region counted once,695,flat circuit,,27.839635,"[29.444974, 27.896371, 27.800643, 27.634274, 27.839635]",qft,424840,9236,d446df6065a0c00a75adf1bbc71a3307505e1ea5c5cdda105fd74f550303fe9a,663977,numeric,8231,4943,988,694,3288,0,"{""rx"": 4943, ""rz"": 3288, ""rzz"": 988, ""measure"": 36}",core,10.56602,"[10.644484, 10.814902, 10.428755, 10.466596, 10.56602]",152.73828125,36,148,exported,57.426642,"[57.403186, 57.23232, 57.426642, 57.508594, 57.46557]",rxrz_rzz_unbounded,138,"{""kind"": ""native_contract_only"", ""passed"": true, ""errors"": [], ""checked_instructions"": 9255, ""bindings"": 1, ""semantic_equivalence"": ""not checked at large width""}"
main,core_qft_54,,,,"__init__(): incompatible function arguments. The following argument types are supported:
    1. __init__(self, name: str, arity: mqt.core.mlir.CompilerTarget.OperationArity, num_parameters: int, site_tuples: collections.abc.Sequence[mqt.core.mlir.CompilerTarget.SiteTuple] | None = None, duration: int | None = None, fidelity: float | None = None, *, fixed_parameters: collections.abc.Sequence[float | None] = [], canonical_name: str | None = None) -> None
    2. __init__(self, name: str, arity: int, num_parameters: int, site_tuples: collections.abc.Sequence[mqt.core.mlir.CompilerTarget.SiteTuple] | None = None, duration: int | None = None, fidelity: float | None = None, *, fixed_parameters: collections.abc.Sequence[float | None] = [], canonical_name: str | None = None) -> None

Invoked with types: mqt.core.mlir.OperationCapability, kwargs = { name: str, arity: int, num_parameters: int, parameter_bounds: list }",,,qft,949645,20648,cabc9c18667ab2f1842cee879472a35c9c85464808583b2fcd975bf50b133308,,numeric,,,,,,,,core,24.409756,"[22.715601, 23.789959, 24.409756, 24.830366, 24.962143]",70.1953125,54,,target_unsupported,,,ibm_fractional_bounded,,
main,core_qft_54,static: each control-flow region counted once,1213,flat circuit,,67.625471,"[69.16916, 67.250189, 67.120491, 67.625471, 67.803696]",qft,949645,20648,cabc9c18667ab2f1842cee879472a35c9c85464808583b2fcd975bf50b133308,1312399,numeric,14431,5931,1672,1212,8500,0,"{""rz"": 8500, ""sx"": 5931, ""cx"": 1672, ""measure"": 54}",core,24.351659,"[22.816754, 23.86164, 24.351659, 24.698605, 25.025776]",166.01953125,54,185,exported,155.693328,"[152.641917, 155.890673, 155.693328, 155.432222, 155.800656]",ibm_sxz_cx,210,"{""kind"": ""native_contract_only"", ""passed"": true, ""errors"": [], ""checked_instructions"": 16157, ""bindings"": 1, ""semantic_equivalence"": ""not checked at large width""}"
main,core_qft_54,static: each control-flow region counted once,1109,flat circuit,,61.636825,"[62.963249, 61.578873, 61.405783, 61.636825, 61.809241]",qft,949645,20648,cabc9c18667ab2f1842cee879472a35c9c85464808583b2fcd975bf50b133308,1213415,numeric,12759,5095,1672,1108,7664,0,"{""rz"": 7664, ""sx"": 3423, ""cz"": 1672, ""x"": 1672, ""measure"": 54}",core,24.504573,"[22.948915, 23.820343, 24.504573, 24.900398, 24.849439]",166.20703125,54,209,exported,153.344273,"[150.154605, 153.361857, 152.985246, 153.852068, 153.344273]",ibm_sxz_cz,210,"{""kind"": ""native_contract_only"", ""passed"": true, ""errors"": [], ""checked_instructions"": 14485, ""bindings"": 1, ""semantic_equivalence"": ""not checked at large width""}"
main,core_qft_54,,,,"Target synthesis failed: loc(""/home/nvidia/.codex/experiments/core-synthesis-large-20261004/corpus/core_qft_54.mlir"":1:1): target compilation requires a single-qubit synthesis basis
loc(""/home/nvidia/.codex/experiments/core-synthesis-large-20261004/corpus/core_qft_54.mlir"":1:1): failed to synthesize the QCO program for the target",,,qft,949645,20648,cabc9c18667ab2f1842cee879472a35c9c85464808583b2fcd975bf50b133308,,numeric,,,,,,,,core,24.488188,"[22.762945, 23.835768, 24.488188, 24.663373, 24.768558]",69.26171875,54,,synthesis_failed,,,ionq_fixed_r_zz,,
main,core_qft_54,static: each control-flow region counted once,1160,flat circuit,,93.169266,"[93.5069, 93.021681, 92.374588, 93.169266, 94.207768]",qft,949645,20648,cabc9c18667ab2f1842cee879472a35c9c85464808583b2fcd975bf50b133308,1806061,numeric,18608,18608,1672,1159,0,0,"{""r"": 18608, ""cz"": 1672, ""measure"": 54}",core,24.23561,"[22.862786, 23.816536, 24.23561, 24.777966, 24.774926]",193.13671875,54,213,exported,159.303431,"[156.437317, 158.758532, 159.303431, 160.269133, 160.106636]",iqm_r_cz,210,"{""kind"": ""native_contract_only"", ""passed"": true, ""errors"": [], ""checked_instructions"": 20334, ""bindings"": 1, ""semantic_equivalence"": ""not checked at large width""}"
main,core_qft_54,static: each control-flow region counted once,1109,flat circuit,,89.885244,"[91.074436, 88.958823, 89.885244, 90.032126, 89.414217]",qft,949645,20648,cabc9c18667ab2f1842cee879472a35c9c85464808583b2fcd975bf50b133308,1266486,numeric,12759,5095,1672,1108,7664,0,"{""rz"": 7664, ""rxpi2"": 3423, ""cz"": 1672, ""rxpi"": 1672, ""measure"": 54}",core,24.912606,"[22.791249, 23.782328, 25.821812, 25.00768, 24.912606]",180.28515625,54,209,exported,156.825287,"[154.003349, 155.669839, 156.825287, 157.124504, 157.464747]",rigetti_rx_cz,210,"{""kind"": ""native_contract_only"", ""passed"": true, ""errors"": [], ""checked_instructions"": 14485, ""bindings"": 1, ""semantic_equivalence"": ""not checked at large width""}"
main,core_qft_54,static: each control-flow region counted once,1055,flat circuit,,53.006657,"[54.997342, 52.991666, 53.006657, 53.35418, 52.945745]",qft,949645,20648,cabc9c18667ab2f1842cee879472a35c9c85464808583b2fcd975bf50b133308,1183578,numeric,14790,8561,1672,1054,6229,0,"{""rx"": 8561, ""rz"": 6229, ""rzz"": 1672, ""measure"": 54}",core,24.339403,"[22.759458, 23.704919, 24.339403, 24.790414, 24.719869]",179.42578125,54,180,exported,134.194247,"[133.67474, 134.194247, 134.045638, 134.620426, 134.586138]",rxrz_rzz_unbounded,210,"{""kind"": ""native_contract_only"", ""passed"": true, ""errors"": [], ""checked_instructions"": 16516, ""bindings"": 1, ""semantic_equivalence"": ""not checked at large width""}"
main,core_qft_adder_104,,,,"__init__(): incompatible function arguments. The following argument types are supported:
    1. __init__(self, name: str, arity: mqt.core.mlir.CompilerTarget.OperationArity, num_parameters: int, site_tuples: collections.abc.Sequence[mqt.core.mlir.CompilerTarget.SiteTuple] | None = None, duration: int | None = None, fidelity: float | None = None, *, fixed_parameters: collections.abc.Sequence[float | None] = [], canonical_name: str | None = None) -> None
    2. __init__(self, name: str, arity: int, num_parameters: int, site_tuples: collections.abc.Sequence[mqt.core.mlir.CompilerTarget.SiteTuple] | None = None, duration: int | None = None, fidelity: float | None = None, *, fixed_parameters: collections.abc.Sequence[float | None] = [], canonical_name: str | None = None) -> None

Invoked with types: mqt.core.mlir.OperationCapability, kwargs = { name: str, arity: int, num_parameters: int, parameter_bounds: list }",,,qft_adder,2677182,57620,30d26e33ef32512f1b131cbe967c67c127cd6a9f757b0b64314117d335696e6c,,numeric,,,,,,,,core,87.388199,"[72.141735, 80.78883, 87.59052, 87.388199, 87.999115]",80.49609375,104,,target_unsupported,,,ibm_fractional_bounded,,
main,core_qft_adder_104,static: each control-flow region counted once,11084,flat circuit,,243.586497,"[242.242952, 241.336514, 243.586497, 244.590135, 248.024876]",qft_adder,2677182,57620,30d26e33ef32512f1b131cbe967c67c127cd6a9f757b0b64314117d335696e6c,3847725,numeric,42030,17066,4840,11083,24964,0,"{""x"": 52, ""rz"": 24964, ""sx"": 17014, ""cx"": 4840, ""measure"": 104}",core,85.566299,"[73.752113, 81.707699, 85.566299, 86.410977, 87.726746]",266.74609375,104,421,exported,551.945866,"[531.718394, 548.829942, 551.945866, 554.661851, 553.706181]",ibm_sxz_cx,1838,"{""kind"": ""native_contract_only"", ""passed"": true, ""errors"": [], ""checked_instructions"": 46974, ""bindings"": 1, ""semantic_equivalence"": ""not checked at large width""}"
main,core_qft_adder_104,static: each control-flow region counted once,9444,flat circuit,,223.113055,"[221.789366, 222.164889, 223.113055, 224.885691, 226.246883]",qft_adder,2677182,57620,30d26e33ef32512f1b131cbe967c67c127cd6a9f757b0b64314117d335696e6c,3540627,numeric,36898,14520,4840,9443,22378,0,"{""x"": 4840, ""rz"": 22378, ""sx"": 9680, ""cz"": 4840, ""measure"": 104}",core,84.536822,"[72.500537, 81.014495, 84.536822, 86.854643, 87.135622]",252.03125,104,432,exported,524.449356,"[499.413838, 522.435295, 524.449356, 529.109976, 528.165251]",ibm_sxz_cz,1838,"{""kind"": ""native_contract_only"", ""passed"": true, ""errors"": [], ""checked_instructions"": 41842, ""bindings"": 1, ""semantic_equivalence"": ""not checked at large width""}"
main,core_qft_adder_104,static: each control-flow region counted once,10387,flat circuit,,177.241101,"[181.507049, 176.066454, 176.549098, 177.241101, 177.393199]",qft_adder,2677182,57620,30d26e33ef32512f1b131cbe967c67c127cd6a9f757b0b64314117d335696e6c,3498330,numeric,43600,25950,4840,10386,17650,0,"{""rx"": 25950, ""rz"": 17650, ""rzz"": 4840, ""measure"": 104}",core,84.732934,"[72.568058, 81.185648, 84.732934, 86.021679, 87.601112]",272.70703125,104,283,exported,437.249621,"[430.779996, 435.082583, 437.621384, 437.249621, 438.386717]",rxrz_rzz_unbounded,1838,"{""kind"": ""native_contract_only"", ""passed"": true, ""errors"": [], ""checked_instructions"": 48544, ""bindings"": 1, ""semantic_equivalence"": ""not checked at large width""}"
main,core_qft_adder_156,,,,"__init__(): incompatible function arguments. The following argument types are supported:
    1. __init__(self, name: str, arity: mqt.core.mlir.CompilerTarget.OperationArity, num_parameters: int, site_tuples: collections.abc.Sequence[mqt.core.mlir.CompilerTarget.SiteTuple] | None = None, duration: int | None = None, fidelity: float | None = None, *, fixed_parameters: collections.abc.Sequence[float | None] = [], canonical_name: str | None = None) -> None
    2. __init__(self, name: str, arity: int, num_parameters: int, site_tuples: collections.abc.Sequence[mqt.core.mlir.CompilerTarget.SiteTuple] | None = None, duration: int | None = None, fidelity: float | None = None, *, fixed_parameters: collections.abc.Sequence[float | None] = [], canonical_name: str | None = None) -> None

Invoked with types: mqt.core.mlir.OperationCapability, kwargs = { name: str, arity: int, num_parameters: int, parameter_bounds: list }",,,qft_adder,5973137,125857,be4dc2fe4f6e0100e3aac49682c8970dc5f44ce3e30ef7aee189c5e75f874969,,numeric,,,,,,,,core,238.431003,"[191.406131, 226.022077, 238.431003, 247.104513, 250.490615]",114.984375,156,,target_unsupported,,,ibm_fractional_bounded,,
main,core_qft_adder_156,static: each control-flow region counted once,17662,flat circuit,,475.144381,"[445.768515, 459.437833, 475.144381, 487.958445, 496.138416]",qft_adder,5973137,125857,be4dc2fe4f6e0100e3aac49682c8970dc5f44ce3e30ef7aee189c5e75f874969,6235777,numeric,67978,27596,7830,17661,40382,0,"{""x"": 78, ""rz"": 40382, ""sx"": 27518, ""cx"": 7830, ""measure"": 156}",core,239.462818,"[191.004706, 225.922669, 239.462818, 248.407307, 252.21861]",341.359375,156,473,exported,1332.289644,"[1248.491452, 1322.387981, 1332.289644, 1346.300388, 1338.041568]",ibm_sxz_cx,2930,"{""kind"": ""native_contract_only"", ""passed"": true, ""errors"": [], ""checked_instructions"": 75964, ""bindings"": 1, ""semantic_equivalence"": ""not checked at large width""}"
main,core_qft_adder_156,static: each control-flow region counted once,15034,flat circuit,,412.009999,"[406.450171, 405.576518, 412.009999, 414.598047, 418.155109]",qft_adder,5973137,125857,be4dc2fe4f6e0100e3aac49682c8970dc5f44ce3e30ef7aee189c5e75f874969,5741637,numeric,59726,23490,7830,15033,36236,0,"{""x"": 7830, ""rz"": 36236, ""sx"": 15660, ""cz"": 7830, ""measure"": 156}",core,239.347921,"[189.865098, 224.697797, 239.347921, 249.186975, 248.33097]",336.34375,156,484,exported,1287.274574,"[1191.116721, 1287.274574, 1285.302786, 1299.612044, 1298.649302]",ibm_sxz_cz,2930,"{""kind"": ""native_contract_only"", ""passed"": true, ""errors"": [], ""checked_instructions"": 67712, ""bindings"": 1, ""semantic_equivalence"": ""not checked at large width""}"
main,core_qft_adder_156,static: each control-flow region counted once,17719,flat circuit,,340.753806,"[339.038579, 339.618647, 340.753806, 342.428345, 341.190881]",qft_adder,5973137,125857,be4dc2fe4f6e0100e3aac49682c8970dc5f44ce3e30ef7aee189c5e75f874969,5945658,numeric,74748,43890,7830,17718,30858,0,"{""rx"": 43890, ""rz"": 30858, ""rzz"": 7830, ""measure"": 156}",core,239.390977,"[190.710223, 223.055851, 239.390977, 249.442672, 251.817135]",360.25390625,156,335,exported,1050.227851,"[1059.028786, 1054.886936, 1050.227851, 1046.6633, 1047.381913]",rxrz_rzz_unbounded,2930,"{""kind"": ""native_contract_only"", ""passed"": true, ""errors"": [], ""checked_instructions"": 82734, ""bindings"": 1, ""semantic_equivalence"": ""not checked at large width""}"
main,core_qft_adder_24,,,,"__init__(): incompatible function arguments. The following argument types are supported:
    1. __init__(self, name: str, arity: mqt.core.mlir.CompilerTarget.OperationArity, num_parameters: int, site_tuples: collections.abc.Sequence[mqt.core.mlir.CompilerTarget.SiteTuple] | None = None, duration: int | None = None, fidelity: float | None = None, *, fixed_parameters: collections.abc.Sequence[float | None] = [], canonical_name: str | None = None) -> None
    2. __init__(self, name: str, arity: int, num_parameters: int, site_tuples: collections.abc.Sequence[mqt.core.mlir.CompilerTarget.SiteTuple] | None = None, duration: int | None = None, fidelity: float | None = None, *, fixed_parameters: collections.abc.Sequence[float | None] = [], canonical_name: str | None = None) -> None

Invoked with types: mqt.core.mlir.OperationCapability, kwargs = { name: str, arity: int, num_parameters: int, parameter_bounds: list }",,,qft_adder,147968,3220,9008e35287e6a72ff77ade60f12ca6428204b4494da14186863c47d8733a277d,,numeric,,,,,,,,core,4.123227,"[4.123227, 3.969993, 3.919466, 4.848927, 4.142603]",70.19921875,24,,target_unsupported,,,ibm_fractional_bounded,,
main,core_qft_adder_24,static: each control-flow region counted once,1203,flat circuit,,13.793433,"[14.943936, 13.942346, 13.793433, 13.689448, 13.729817]",qft_adder,147968,3220,9008e35287e6a72ff77ade60f12ca6428204b4494da14186863c47d8733a277d,324234,numeric,3563,1454,408,1202,2109,0,"{""x"": 12, ""rz"": 2109, ""sx"": 1442, ""cx"": 408, ""measure"": 24}",core,4.29646,"[4.222347, 4.29646, 3.97801, 4.651054, 4.418268]",134.23046875,24,136,exported,24.22254,"[24.306941, 24.22254, 24.177868, 24.1975, 24.230556]",ibm_sxz_cx,198,"{""kind"": ""native_contract_only"", ""passed"": true, ""errors"": [], ""checked_instructions"": 3995, ""bindings"": 1, ""semantic_equivalence"": ""not checked at large width""}"
main,core_qft_adder_24,static: each control-flow region counted once,1043,flat circuit,,12.652434,"[13.775913, 12.834883, 12.652434, 12.547617, 12.607601]",qft_adder,147968,3220,9008e35287e6a72ff77ade60f12ca6428204b4494da14186863c47d8733a277d,297722,numeric,3096,1224,408,1042,1872,0,"{""x"": 408, ""rz"": 1872, ""sx"": 816, ""cz"": 408, ""measure"": 24}",core,4.145387,"[4.145387, 3.940522, 4.281499, 4.642542, 3.957722]",135.63671875,24,143,exported,23.062869,"[23.128773, 23.121477, 22.9781, 23.062869, 23.043684]",ibm_sxz_cz,198,"{""kind"": ""native_contract_only"", ""passed"": true, ""errors"": [], ""checked_instructions"": 3528, ""bindings"": 1, ""semantic_equivalence"": ""not checked at large width""}"
main,core_qft_adder_24,,,,"Target synthesis failed: loc(""/home/nvidia/.codex/experiments/core-synthesis-large-20261004/corpus/core_qft_adder_24.mlir"":1:1): target compilation requires a single-qubit synthesis basis
loc(""/home/nvidia/.codex/experiments/core-synthesis-large-20261004/corpus/core_qft_adder_24.mlir"":1:1): failed to synthesize the QCO program for the target",,,qft_adder,147968,3220,9008e35287e6a72ff77ade60f12ca6428204b4494da14186863c47d8733a277d,,numeric,,,,,,,,core,4.210316,"[4.210316, 3.935593, 4.583006, 4.344668, 4.060378]",70.19921875,24,,synthesis_failed,,,ionq_fixed_r_zz,,
main,core_qft_adder_24,static: each control-flow region counted once,1107,flat circuit,,15.274531,"[16.147048, 15.311427, 15.274531, 15.184818, 15.191842]",qft_adder,147968,3220,9008e35287e6a72ff77ade60f12ca6428204b4494da14186863c47d8733a277d,367760,numeric,3624,3624,408,1106,0,0,"{""r"": 3624, ""cz"": 408, ""measure"": 24}",core,4.154715,"[4.149594, 4.29334, 4.437373, 4.154715, 4.01585]",137.453125,24,120,exported,23.350662,"[23.335655, 23.425191, 23.409111, 23.317399, 23.350662]",iqm_r_cz,198,"{""kind"": ""native_contract_only"", ""passed"": true, ""errors"": [], ""checked_instructions"": 4056, ""bindings"": 1, ""semantic_equivalence"": ""not checked at large width""}"
main,core_qft_adder_24,static: each control-flow region counted once,1043,flat circuit,,19.642591,"[22.087086, 19.697024, 19.325004, 19.349197, 19.642591]",qft_adder,147968,3220,9008e35287e6a72ff77ade60f12ca6428204b4494da14186863c47d8733a277d,310821,numeric,3096,1224,408,1042,1872,0,"{""rxpi"": 408, ""rz"": 1872, ""rxpi2"": 816, ""cz"": 408, ""measure"": 24}",core,4.056778,"[4.130538, 4.292364, 3.921657, 4.00865, 4.056778]",140.26171875,24,143,exported,24.154268,"[23.986619, 24.336253, 24.165916, 24.154268, 24.045995]",rigetti_rx_cz,198,"{""kind"": ""native_contract_only"", ""passed"": true, ""errors"": [], ""checked_instructions"": 3528, ""bindings"": 1, ""semantic_equivalence"": ""not checked at large width""}"
main,core_qft_adder_24,static: each control-flow region counted once,965,flat circuit,,10.46026,"[11.40049, 10.601636, 10.46026, 10.385411, 10.436707]",qft_adder,147968,3220,9008e35287e6a72ff77ade60f12ca6428204b4494da14186863c47d8733a277d,259736,numeric,3183,1947,408,964,1236,0,"{""rx"": 1947, ""rz"": 1236, ""rzz"": 408, ""measure"": 24}",core,4.300412,"[4.136042, 3.930026, 4.342332, 4.439964, 4.300412]",137.01171875,24,91,exported,19.217724,"[19.396926, 19.21494, 19.243244, 19.217724, 19.200508]",rxrz_rzz_unbounded,198,"{""kind"": ""native_contract_only"", ""passed"": true, ""errors"": [], ""checked_instructions"": 3615, ""bindings"": 1, ""semantic_equivalence"": ""not checked at large width""}"
main,core_qft_adder_36,,,,"__init__(): incompatible function arguments. The following argument types are supported:
    1. __init__(self, name: str, arity: mqt.core.mlir.CompilerTarget.OperationArity, num_parameters: int, site_tuples: collections.abc.Sequence[mqt.core.mlir.CompilerTarget.SiteTuple] | None = None, duration: int | None = None, fidelity: float | None = None, *, fixed_parameters: collections.abc.Sequence[float | None] = [], canonical_name: str | None = None) -> None
    2. __init__(self, name: str, arity: int, num_parameters: int, site_tuples: collections.abc.Sequence[mqt.core.mlir.CompilerTarget.SiteTuple] | None = None, duration: int | None = None, fidelity: float | None = None, *, fixed_parameters: collections.abc.Sequence[float | None] = [], canonical_name: str | None = None) -> None

Invoked with types: mqt.core.mlir.OperationCapability, kwargs = { name: str, arity: int, num_parameters: int, parameter_bounds: list }",,,qft_adder,326784,7096,cd43e150a57e3ce028cb0a9157c2c567fad375ff5695ae00ae11cc2abf6aa507,,numeric,,,,,,,,core,8.221445,"[8.847, 8.0421, 8.094883, 8.221445, 8.227892]",70.19140625,36,,target_unsupported,,,ibm_fractional_bounded,,
main,core_qft_adder_36,static: each control-flow region counted once,2469,flat circuit,,33.83796,"[35.770436, 33.76972, 33.738103, 33.999769, 33.83796]",qft_adder,326784,7096,cd43e150a57e3ce028cb0a9157c2c567fad375ff5695ae00ae11cc2abf6aa507,736885,numeric,8140,3317,936,2468,4823,0,"{""x"": 18, ""rz"": 4823, ""sx"": 3299, ""cx"": 936, ""measure"": 36}",core,8.148916,"[8.148916, 8.938153, 8.130708, 8.209572, 8.138036]",148.99609375,36,196,exported,56.273175,"[55.919301, 56.273175, 56.309959, 56.487753, 56.01711]",ibm_sxz_cx,408,"{""kind"": ""native_contract_only"", ""passed"": true, ""errors"": [], ""checked_instructions"": 9112, ""bindings"": 1, ""semantic_equivalence"": ""not checked at large width""}"
main,core_qft_adder_36,static: each control-flow region counted once,2123,flat circuit,,30.609811,"[32.018189, 30.609811, 30.700484, 30.549779, 30.589924]",qft_adder,326784,7096,cd43e150a57e3ce028cb0a9157c2c567fad375ff5695ae00ae11cc2abf6aa507,677821,numeric,7109,2808,936,2122,4301,0,"{""x"": 936, ""rz"": 4301, ""sx"": 1872, ""cz"": 936, ""measure"": 36}",core,8.229876,"[8.804232, 8.413446, 8.136996, 8.229876, 8.150516]",141.50390625,36,211,exported,54.465356,"[54.254826, 54.362395, 54.47758, 54.608685, 54.465356]",ibm_sxz_cz,408,"{""kind"": ""native_contract_only"", ""passed"": true, ""errors"": [], ""checked_instructions"": 8081, ""bindings"": 1, ""semantic_equivalence"": ""not checked at large width""}"
main,core_qft_adder_36,,,,"Target synthesis failed: loc(""/home/nvidia/.codex/experiments/core-synthesis-large-20261004/corpus/core_qft_adder_36.mlir"":1:1): target compilation requires a single-qubit synthesis basis
loc(""/home/nvidia/.codex/experiments/core-synthesis-large-20261004/corpus/core_qft_adder_36.mlir"":1:1): failed to synthesize the QCO program for the target",,,qft_adder,326784,7096,cd43e150a57e3ce028cb0a9157c2c567fad375ff5695ae00ae11cc2abf6aa507,,numeric,,,,,,,,core,8.187717,"[8.537159, 8.555222, 8.128612, 8.187717, 8.17874]",69.2578125,36,,synthesis_failed,,,ionq_fixed_r_zz,,
main,core_qft_adder_36,static: each control-flow region counted once,2274,flat circuit,,38.017971,"[39.416172, 38.061619, 37.925586, 37.968322, 38.017971]",qft_adder,326784,7096,cd43e150a57e3ce028cb0a9157c2c567fad375ff5695ae00ae11cc2abf6aa507,855699,numeric,8352,8352,936,2273,0,0,"{""r"": 8352, ""cz"": 936, ""measure"": 36}",core,8.223396,"[9.033178, 8.149876, 8.223396, 8.225237, 8.162756]",156.30859375,36,186,exported,53.710855,"[53.246036, 53.712311, 53.710855, 54.058857, 53.635927]",iqm_r_cz,408,"{""kind"": ""native_contract_only"", ""passed"": true, ""errors"": [], ""checked_instructions"": 9324, ""bindings"": 1, ""semantic_equivalence"": ""not checked at large width""}"
main,core_qft_adder_36,static: each control-flow region counted once,2123,flat circuit,,45.673444,"[46.555337, 45.465426, 46.902652, 45.360209, 45.673444]",qft_adder,326784,7096,cd43e150a57e3ce028cb0a9157c2c567fad375ff5695ae00ae11cc2abf6aa507,707286,numeric,7109,2808,936,2122,4301,0,"{""rxpi"": 936, ""rz"": 4301, ""rxpi2"": 1872, ""cz"": 936, ""measure"": 36}",core,8.169268,"[8.973689, 7.894675, 8.147748, 8.198372, 8.169268]",148.421875,36,211,exported,56.313432,"[55.912533, 56.313432, 56.235399, 56.599274, 56.316791]",rigetti_rx_cz,408,"{""kind"": ""native_contract_only"", ""passed"": true, ""errors"": [], ""checked_instructions"": 8081, ""bindings"": 1, ""semantic_equivalence"": ""not checked at large width""}"
main,core_qft_adder_36,static: each control-flow region counted once,1971,flat circuit,,24.644237,"[26.299528, 24.588301, 24.644237, 24.393116, 24.656589]",qft_adder,326784,7096,cd43e150a57e3ce028cb0a9157c2c567fad375ff5695ae00ae11cc2abf6aa507,590157,numeric,7275,4449,936,1970,2826,0,"{""rx"": 4449, ""rz"": 2826, ""rzz"": 936, ""measure"": 36}",core,8.224836,"[8.842888, 8.275845, 8.122708, 8.224836, 8.215973]",148.76171875,36,134,exported,44.051673,"[44.153018, 44.132377, 44.020841, 44.051673, 43.8838]",rxrz_rzz_unbounded,408,"{""kind"": ""native_contract_only"", ""passed"": true, ""errors"": [], ""checked_instructions"": 8247, ""bindings"": 1, ""semantic_equivalence"": ""not checked at large width""}"
main,core_qft_adder_54,,,,"__init__(): incompatible function arguments. The following argument types are supported:
    1. __init__(self, name: str, arity: mqt.core.mlir.CompilerTarget.OperationArity, num_parameters: int, site_tuples: collections.abc.Sequence[mqt.core.mlir.CompilerTarget.SiteTuple] | None = None, duration: int | None = None, fidelity: float | None = None, *, fixed_parameters: collections.abc.Sequence[float | None] = [], canonical_name: str | None = None) -> None
    2. __init__(self, name: str, arity: int, num_parameters: int, site_tuples: collections.abc.Sequence[mqt.core.mlir.CompilerTarget.SiteTuple] | None = None, duration: int | None = None, fidelity: float | None = None, *, fixed_parameters: collections.abc.Sequence[float | None] = [], canonical_name: str | None = None) -> None

Invoked with types: mqt.core.mlir.OperationCapability, kwargs = { name: str, arity: int, num_parameters: int, parameter_bounds: list }",,,qft_adder,725232,15745,1583a385f792f2ab191d2ba23ea897bf1c3693e294c6213d75358aeef62655fe,,numeric,,,,,,,,core,18.489813,"[18.489813, 18.044514, 18.323844, 18.516677, 18.58575]",69.26171875,54,,target_unsupported,,,ibm_fractional_bounded,,
main,core_qft_adder_54,static: each control-flow region counted once,4758,flat circuit,,80.69467,"[82.785723, 79.921594, 80.69467, 80.320172, 81.079825]",qft_adder,725232,15745,1583a385f792f2ab191d2ba23ea897bf1c3693e294c6213d75358aeef62655fe,1555850,numeric,17061,6941,1965,4757,10120,0,"{""x"": 27, ""rz"": 10120, ""sx"": 6914, ""cx"": 1965, ""measure"": 54}",core,18.335508,"[18.173523, 17.947297, 18.335508, 18.588134, 18.630294]",182.52734375,54,270,exported,130.555642,"[128.272043, 130.212423, 130.555642, 131.259214, 130.599434]",ibm_sxz_cx,788,"{""kind"": ""native_contract_only"", ""passed"": true, ""errors"": [], ""checked_instructions"": 19080, ""bindings"": 1, ""semantic_equivalence"": ""not checked at large width""}"
main,core_qft_adder_54,static: each control-flow region counted once,4069,flat circuit,,72.574987,"[74.956538, 72.295001, 72.547627, 72.574987, 72.743852]",qft_adder,725232,15745,1583a385f792f2ab191d2ba23ea897bf1c3693e294c6213d75358aeef62655fe,1429641,numeric,14948,5895,1965,4068,9053,0,"{""x"": 1965, ""rz"": 9053, ""sx"": 3930, ""cz"": 1965, ""measure"": 54}",core,18.455973,"[18.404149, 18.036674, 18.455973, 18.634373, 18.676423]",179.3203125,54,282,exported,126.011325,"[123.524493, 125.82718, 126.011325, 126.466464, 126.36616]",ibm_sxz_cz,788,"{""kind"": ""native_contract_only"", ""passed"": true, ""errors"": [], ""checked_instructions"": 16967, ""bindings"": 1, ""semantic_equivalence"": ""not checked at large width""}"
main,core_qft_adder_54,,,,"Target synthesis failed: loc(""/home/nvidia/.codex/experiments/core-synthesis-large-20261004/corpus/core_qft_adder_54.mlir"":1:1): target compilation requires a single-qubit synthesis basis
loc(""/home/nvidia/.codex/experiments/core-synthesis-large-20261004/corpus/core_qft_adder_54.mlir"":1:1): failed to synthesize the QCO program for the target",,,qft_adder,725232,15745,1583a385f792f2ab191d2ba23ea897bf1c3693e294c6213d75358aeef62655fe,,numeric,,,,,,,,core,18.173139,"[17.92909, 17.963697, 18.173139, 18.561622, 18.488965]",70.1953125,54,,synthesis_failed,,,ionq_fixed_r_zz,,
main,core_qft_adder_54,static: each control-flow region counted once,4487,flat circuit,,93.185022,"[94.178483, 92.984956, 93.185022, 93.076012, 93.278302]",qft_adder,725232,15745,1583a385f792f2ab191d2ba23ea897bf1c3693e294c6213d75358aeef62655fe,1847145,numeric,18081,18081,1965,4486,0,0,"{""r"": 18081, ""cz"": 1965, ""measure"": 54}",core,18.467349,"[18.156578, 18.084131, 18.467349, 18.535829, 18.695222]",192.27734375,54,237,exported,125.025735,"[123.347132, 125.025735, 124.90631, 125.884941, 125.305432]",iqm_r_cz,788,"{""kind"": ""native_contract_only"", ""passed"": true, ""errors"": [], ""checked_instructions"": 20100, ""bindings"": 1, ""semantic_equivalence"": ""not checked at large width""}"
main,core_qft_adder_54,static: each control-flow region counted once,4069,flat circuit,,106.753779,"[108.632207, 105.791373, 105.433114, 106.753779, 106.758852]",qft_adder,725232,15745,1583a385f792f2ab191d2ba23ea897bf1c3693e294c6213d75358aeef62655fe,1491005,numeric,14948,5895,1965,4068,9053,0,"{""rxpi"": 1965, ""rz"": 9053, ""rxpi2"": 3930, ""cz"": 1965, ""measure"": 54}",core,18.356148,"[17.429759, 17.975185, 18.356148, 18.671991, 18.593573]",194.44921875,54,282,exported,130.026486,"[127.465702, 130.026486, 129.623107, 130.875547, 130.724219]",rigetti_rx_cz,788,"{""kind"": ""native_contract_only"", ""passed"": true, ""errors"": [], ""checked_instructions"": 16967, ""bindings"": 1, ""semantic_equivalence"": ""not checked at large width""}"
main,core_qft_adder_54,static: each control-flow region counted once,3887,flat circuit,,55.65896,"[57.499259, 56.179091, 55.588143, 55.65896, 55.638448]",qft_adder,725232,15745,1583a385f792f2ab191d2ba23ea897bf1c3693e294c6213d75358aeef62655fe,1278550,numeric,15614,9524,1965,3886,6090,0,"{""rx"": 9524, ""rz"": 6090, ""rzz"": 1965, ""measure"": 54}",core,18.291604,"[17.804625, 17.901249, 18.291604, 18.413828, 18.436468]",180.74609375,54,188,exported,102.856346,"[102.505704, 102.553352, 102.856346, 102.964891, 103.085787]",rxrz_rzz_unbounded,788,"{""kind"": ""native_contract_only"", ""passed"": true, ""errors"": [], ""checked_instructions"": 17633, ""bindings"": 1, ""semantic_equivalence"": ""not checked at large width""}"
main,core_qpe_104,,,,"__init__(): incompatible function arguments. The following argument types are supported:
    1. __init__(self, name: str, arity: mqt.core.mlir.CompilerTarget.OperationArity, num_parameters: int, site_tuples: collections.abc.Sequence[mqt.core.mlir.CompilerTarget.SiteTuple] | None = None, duration: int | None = None, fidelity: float | None = None, *, fixed_parameters: collections.abc.Sequence[float | None] = [], canonical_name: str | None = None) -> None
    2. __init__(self, name: str, arity: int, num_parameters: int, site_tuples: collections.abc.Sequence[mqt.core.mlir.CompilerTarget.SiteTuple] | None = None, duration: int | None = None, fidelity: float | None = None, *, fixed_parameters: collections.abc.Sequence[float | None] = [], canonical_name: str | None = None) -> None

Invoked with types: mqt.core.mlir.OperationCapability, kwargs = { name: str, arity: int, num_parameters: int, parameter_bounds: list }",,,qpe,3473950,71951,d48d9f5e3627140da03a5660cb95c35763ac36c287286e6a66be8336c1bd625c,,numeric,,,,,,,,core,119.77738,"[100.279912, 113.312331, 119.77738, 121.663327, 122.821399]",85.88671875,104,,target_unsupported,,,ibm_fractional_bounded,,
main,core_qpe_104,static: each control-flow region counted once,21412,flat circuit,,186.786555,"[185.433395, 185.095472, 187.699185, 187.457487, 186.786555]",qpe,3473950,71951,d48d9f5e3627140da03a5660cb95c35763ac36c287286e6a66be8336c1bd625c,2894438,numeric,32108,12689,3539,21411,19419,0,"{""rz"": 19419, ""sx"": 12688, ""x"": 1, ""cx"": 3539, ""measure"": 103}",core,118.867871,"[99.225427, 111.128605, 118.867871, 119.484002, 121.179805]",242.5859375,104,271,exported,570.808451,"[555.541059, 571.564376, 570.513137, 573.446627, 570.808451]",ibm_sxz_cx,3534,"{""kind"": ""native_contract_only"", ""passed"": true, ""errors"": [], ""checked_instructions"": 35750, ""bindings"": 1, ""semantic_equivalence"": ""not checked at large width""}"
main,core_qpe_104,static: each control-flow region counted once,18080,flat circuit,,168.508359,"[168.508359, 167.134927, 167.866003, 168.62244, 169.878848]",qpe,3473950,71951,d48d9f5e3627140da03a5660cb95c35763ac36c287286e6a66be8336c1bd625c,2664841,numeric,28269,10819,3539,18079,17450,0,"{""rz"": 17450, ""sx"": 7280, ""x"": 3539, ""cz"": 3539, ""measure"": 103}",core,116.838225,"[97.805817, 111.048797, 116.838225, 118.299387, 119.781636]",223.3125,104,287,exported,554.130857,"[547.001835, 554.130857, 562.221948, 554.575083, 553.184115]",ibm_sxz_cz,3534,"{""kind"": ""native_contract_only"", ""passed"": true, ""errors"": [], ""checked_instructions"": 31911, ""bindings"": 1, ""semantic_equivalence"": ""not checked at large width""}"
main,core_qpe_104,static: each control-flow region counted once,22526,flat circuit,,162.063966,"[162.063966, 157.977189, 158.529448, 162.973636, 164.12014]",qpe,3473950,71951,d48d9f5e3627140da03a5660cb95c35763ac36c287286e6a66be8336c1bd625c,2999727,numeric,39136,24536,3539,22525,14600,0,"{""rx"": 24536, ""rz"": 14600, ""rzz"": 3539, ""measure"": 103}",core,116.067709,"[98.223516, 109.721732, 116.067709, 119.820004, 120.326695]",264.66015625,104,236,exported,502.520275,"[503.023414, 502.303793, 502.520275, 502.468802, 503.737867]",rxrz_rzz_unbounded,3534,"{""kind"": ""native_contract_only"", ""passed"": true, ""errors"": [], ""checked_instructions"": 42778, ""bindings"": 1, ""semantic_equivalence"": ""not checked at large width""}"
main,core_qpe_156,,,,"__init__(): incompatible function arguments. The following argument types are supported:
    1. __init__(self, name: str, arity: mqt.core.mlir.CompilerTarget.OperationArity, num_parameters: int, site_tuples: collections.abc.Sequence[mqt.core.mlir.CompilerTarget.SiteTuple] | None = None, duration: int | None = None, fidelity: float | None = None, *, fixed_parameters: collections.abc.Sequence[float | None] = [], canonical_name: str | None = None) -> None
    2. __init__(self, name: str, arity: int, num_parameters: int, site_tuples: collections.abc.Sequence[mqt.core.mlir.CompilerTarget.SiteTuple] | None = None, duration: int | None = None, fidelity: float | None = None, *, fixed_parameters: collections.abc.Sequence[float | None] = [], canonical_name: str | None = None) -> None

Invoked with types: mqt.core.mlir.OperationCapability, kwargs = { name: str, arity: int, num_parameters: int, parameter_bounds: list }",,,qpe,7713224,154605,025be7a9f59f4cf7c1c50778b0bf5fddf52bb53ca0187cdcd8f4a0bc555a32e5,,numeric,,,,,,,,core,334.854906,"[256.36838, 308.200531, 334.854906, 347.165864, 343.293887]",133.51953125,156,,target_unsupported,,,ibm_fractional_bounded,,
main,core_qpe_156,static: each control-flow region counted once,33372,flat circuit,,341.490309,"[343.82394, 336.924201, 341.126163, 341.490309, 343.159744]",qpe,7713224,154605,025be7a9f59f4cf7c1c50778b0bf5fddf52bb53ca0187cdcd8f4a0bc555a32e5,4517503,numeric,49996,19761,5515,33371,30235,0,"{""rz"": 30235, ""sx"": 19760, ""x"": 1, ""cx"": 5515, ""measure"": 155}",core,332.974512,"[257.100291, 313.346532, 332.974512, 343.491698, 349.782794]",299.1796875,156,323,exported,1335.107427,"[1317.894391, 1335.261525, 1334.603408, 1340.216851, 1335.107427]",ibm_sxz_cx,5510,"{""kind"": ""native_contract_only"", ""passed"": true, ""errors"": [], ""checked_instructions"": 55666, ""bindings"": 1, ""semantic_equivalence"": ""not checked at large width""}"
main,core_qpe_156,static: each control-flow region counted once,28168,flat circuit,,324.718235,"[331.211156, 324.718235, 324.958413, 324.114743, 323.152289]",qpe,7713224,154605,025be7a9f59f4cf7c1c50778b0bf5fddf52bb53ca0187cdcd8f4a0bc555a32e5,4159914,numeric,44025,16851,5515,28167,27174,0,"{""rz"": 27174, ""sx"": 11336, ""x"": 5515, ""cz"": 5515, ""measure"": 155}",core,331.758599,"[254.888516, 308.410053, 331.758599, 339.618025, 343.58661]",294.68359375,156,339,exported,1306.893855,"[1307.423251, 1306.893855, 1299.342959, 1306.523245, 1312.148544]",ibm_sxz_cz,5510,"{""kind"": ""native_contract_only"", ""passed"": true, ""errors"": [], ""checked_instructions"": 49695, ""bindings"": 1, ""semantic_equivalence"": ""not checked at large width""}"
main,core_qpe_156,static: each control-flow region counted once,36150,flat circuit,,307.674704,"[307.674704, 306.638377, 305.778484, 307.74232, 309.92835]",qpe,7713224,154605,025be7a9f59f4cf7c1c50778b0bf5fddf52bb53ca0187cdcd8f4a0bc555a32e5,4817254,numeric,63056,39616,5515,36149,23440,0,"{""rx"": 39616, ""rz"": 23440, ""rzz"": 5515, ""measure"": 155}",core,330.487807,"[255.929451, 304.859326, 330.487807, 341.079746, 343.230944]",344.28515625,156,288,exported,1213.311073,"[1213.311073, 1211.450902, 1207.762638, 1214.207399, 1217.259482]",rxrz_rzz_unbounded,5510,"{""kind"": ""native_contract_only"", ""passed"": true, ""errors"": [], ""checked_instructions"": 68726, ""bindings"": 1, ""semantic_equivalence"": ""not checked at large width""}"
main,core_qpe_24,,,,"__init__(): incompatible function arguments. The following argument types are supported:
    1. __init__(self, name: str, arity: mqt.core.mlir.CompilerTarget.OperationArity, num_parameters: int, site_tuples: collections.abc.Sequence[mqt.core.mlir.CompilerTarget.SiteTuple] | None = None, duration: int | None = None, fidelity: float | None = None, *, fixed_parameters: collections.abc.Sequence[float | None] = [], canonical_name: str | None = None) -> None
    2. __init__(self, name: str, arity: int, num_parameters: int, site_tuples: collections.abc.Sequence[mqt.core.mlir.CompilerTarget.SiteTuple] | None = None, duration: int | None = None, fidelity: float | None = None, *, fixed_parameters: collections.abc.Sequence[float | None] = [], canonical_name: str | None = None) -> None

Invoked with types: mqt.core.mlir.OperationCapability, kwargs = { name: str, arity: int, num_parameters: int, parameter_bounds: list }",,,qpe,186767,4089,4107059cad6048b4c6ad89a9570460290ece3a55673ebe23edf96940707bc5ee,,numeric,,,,,,,,core,4.972879,"[4.972879, 4.79763, 5.174848, 5.440514, 4.838318]",70.203125,24,,target_unsupported,,,ibm_fractional_bounded,,
main,core_qpe_24,static: each control-flow region counted once,3012,flat circuit,,18.091441,"[19.660714, 18.28509, 18.091441, 17.99408, 18.040817]",qpe,186767,4089,4107059cad6048b4c6ad89a9570460290ece3a55673ebe23edf96940707bc5ee,408896,numeric,4588,1809,499,3011,2779,0,"{""rz"": 2779, ""sx"": 1808, ""x"": 1, ""cx"": 499, ""measure"": 23}",core,4.966351,"[4.966351, 5.138384, 5.386497, 4.896591, 4.838542]",137.62109375,24,143,exported,31.33778,"[31.324387, 31.621685, 31.33778, 31.325843, 31.392371]",ibm_sxz_cx,494,"{""kind"": ""native_contract_only"", ""passed"": true, ""errors"": [], ""checked_instructions"": 5110, ""bindings"": 1, ""semantic_equivalence"": ""not checked at large width""}"
main,core_qpe_24,static: each control-flow region counted once,2560,flat circuit,,16.445478,"[17.61211, 16.658327, 16.445478, 16.368342, 16.388598]",qpe,186767,4089,4107059cad6048b4c6ad89a9570460290ece3a55673ebe23edf96940707bc5ee,377397,numeric,4029,1539,499,2559,2490,0,"{""rz"": 2490, ""sx"": 1040, ""x"": 499, ""cz"": 499, ""measure"": 23}",core,4.89699,"[5.378273, 5.418882, 4.817934, 4.89699, 4.821183]",138.33203125,24,159,exported,29.877722,"[29.980603, 29.936842, 29.823162, 29.877722, 29.754105]",ibm_sxz_cz,494,"{""kind"": ""native_contract_only"", ""passed"": true, ""errors"": [], ""checked_instructions"": 4551, ""bindings"": 1, ""semantic_equivalence"": ""not checked at large width""}"
main,core_qpe_24,,,,"Target synthesis failed: loc(""/home/nvidia/.codex/experiments/core-synthesis-large-20261004/corpus/core_qpe_24.mlir"":1:1): target compilation requires a single-qubit synthesis basis
loc(""/home/nvidia/.codex/experiments/core-synthesis-large-20261004/corpus/core_qpe_24.mlir"":1:1): failed to synthesize the QCO program for the target",,,qpe,186767,4089,4107059cad6048b4c6ad89a9570460290ece3a55673ebe23edf96940707bc5ee,,numeric,,,,,,,,core,5.010783,"[5.010783, 5.400514, 5.106336, 4.909838, 4.986047]",70.1953125,24,,synthesis_failed,,,ionq_fixed_r_zz,,
main,core_qpe_24,static: each control-flow region counted once,2782,flat circuit,,20.011468,"[20.683793, 20.055213, 20.011468, 19.913565, 19.754011]",qpe,186767,4089,4107059cad6048b4c6ad89a9570460290ece3a55673ebe23edf96940707bc5ee,468795,numeric,4607,4607,499,2781,0,0,"{""r"": 4607, ""cz"": 499, ""measure"": 23}",core,4.963791,"[4.963791, 5.034784, 5.324641, 4.862238, 4.874527]",138.89453125,24,148,exported,29.57668,"[29.434647, 29.55012, 29.583896, 29.663049, 29.57668]",iqm_r_cz,494,"{""kind"": ""native_contract_only"", ""passed"": true, ""errors"": [], ""checked_instructions"": 5129, ""bindings"": 1, ""semantic_equivalence"": ""not checked at large width""}"
main,core_qpe_24,static: each control-flow region counted once,2560,flat circuit,,24.954844,"[26.185491, 24.943643, 25.039692, 24.954844, 24.888779]",qpe,186767,4089,4107059cad6048b4c6ad89a9570460290ece3a55673ebe23edf96940707bc5ee,393761,numeric,4029,1539,499,2559,2490,0,"{""rz"": 2490, ""rxpi2"": 1040, ""rxpi"": 499, ""cz"": 499, ""measure"": 23}",core,5.158608,"[5.281073, 4.730045, 5.208449, 5.158608, 4.82235]",138.51171875,24,159,exported,31.134706,"[31.118146, 31.209603, 31.134706, 31.158355, 31.026209]",rigetti_rx_cz,494,"{""kind"": ""native_contract_only"", ""passed"": true, ""errors"": [], ""checked_instructions"": 4551, ""bindings"": 1, ""semantic_equivalence"": ""not checked at large width""}"
main,core_qpe_24,static: each control-flow region counted once,2394,flat circuit,,13.238834,"[14.18804, 13.230499, 13.238834, 13.250611, 13.181714]",qpe,186767,4089,4107059cad6048b4c6ad89a9570460290ece3a55673ebe23edf96940707bc5ee,322827,numeric,3992,2440,499,2393,1552,0,"{""rx"": 2440, ""rz"": 1552, ""rzz"": 499, ""measure"": 23}",core,5.021999,"[5.021999, 5.398274, 5.134928, 4.893182, 4.944575]",137.953125,24,107,exported,24.359864,"[24.458424, 24.438152, 24.259448, 24.342136, 24.359864]",rxrz_rzz_unbounded,494,"{""kind"": ""native_contract_only"", ""passed"": true, ""errors"": [], ""checked_instructions"": 4514, ""bindings"": 1, ""semantic_equivalence"": ""not checked at large width""}"
main,core_qpe_36,,,,"__init__(): incompatible function arguments. The following argument types are supported:
    1. __init__(self, name: str, arity: mqt.core.mlir.CompilerTarget.OperationArity, num_parameters: int, site_tuples: collections.abc.Sequence[mqt.core.mlir.CompilerTarget.SiteTuple] | None = None, duration: int | None = None, fidelity: float | None = None, *, fixed_parameters: collections.abc.Sequence[float | None] = [], canonical_name: str | None = None) -> None
    2. __init__(self, name: str, arity: int, num_parameters: int, site_tuples: collections.abc.Sequence[mqt.core.mlir.CompilerTarget.SiteTuple] | None = None, duration: int | None = None, fidelity: float | None = None, *, fixed_parameters: collections.abc.Sequence[float | None] = [], canonical_name: str | None = None) -> None

Invoked with types: mqt.core.mlir.OperationCapability, kwargs = { name: str, arity: int, num_parameters: int, parameter_bounds: list }",,,qpe,420128,9153,8b24673292c237ca6efd94c6f4860710dca1226b82c52ec7fa8b98884801d384,,numeric,,,,,,,,core,10.298162,"[11.113255, 10.0948, 10.230754, 10.298162, 10.432147]",69.265625,36,,target_unsupported,,,ibm_fractional_bounded,,
main,core_qpe_36,static: each control-flow region counted once,5772,flat circuit,,37.235919,"[38.703625, 37.019934, 37.3156, 37.235919, 37.171231]",qpe,420128,9153,8b24673292c237ca6efd94c6f4860710dca1226b82c52ec7fa8b98884801d384,775047,numeric,8716,3441,955,5771,5275,0,"{""rz"": 5275, ""sx"": 3440, ""x"": 1, ""cx"": 955, ""measure"": 35}",core,10.307922,"[10.958742, 10.096273, 10.207586, 10.307922, 10.386755]",155.3046875,36,179,exported,69.189581,"[68.932939, 69.358638, 69.159052, 69.27091, 69.189581]",ibm_sxz_cx,950,"{""kind"": ""native_contract_only"", ""passed"": true, ""errors"": [], ""checked_instructions"": 9706, ""bindings"": 1, ""semantic_equivalence"": ""not checked at large width""}"
main,core_qpe_36,static: each control-flow region counted once,4888,flat circuit,,33.599752,"[35.14389, 33.395031, 33.389079, 33.611512, 33.599752]",qpe,420128,9153,8b24673292c237ca6efd94c6f4860710dca1226b82c52ec7fa8b98884801d384,714986,numeric,7665,2931,955,4887,4734,0,"{""rz"": 4734, ""sx"": 1976, ""x"": 955, ""cz"": 955, ""measure"": 35}",core,10.295971,"[11.026103, 10.179409, 10.295971, 10.470835, 10.294322]",152.6015625,36,195,exported,66.777437,"[66.558364, 66.777437, 66.606813, 66.88203, 66.918894]",ibm_sxz_cz,950,"{""kind"": ""native_contract_only"", ""passed"": true, ""errors"": [], ""checked_instructions"": 8655, ""bindings"": 1, ""semantic_equivalence"": ""not checked at large width""}"
main,core_qpe_36,,,,"Target synthesis failed: loc(""/home/nvidia/.codex/experiments/core-synthesis-large-20261004/corpus/core_qpe_36.mlir"":1:1): target compilation requires a single-qubit synthesis basis
loc(""/home/nvidia/.codex/experiments/core-synthesis-large-20261004/corpus/core_qpe_36.mlir"":1:1): failed to synthesize the QCO program for the target",,,qpe,420128,9153,8b24673292c237ca6efd94c6f4860710dca1226b82c52ec7fa8b98884801d384,,numeric,,,,,,,,core,10.268994,"[10.978199, 10.240994, 10.24549, 10.268994, 10.304098]",69.26953125,36,,synthesis_failed,,,ionq_fixed_r_zz,,
main,core_qpe_36,static: each control-flow region counted once,5656,flat circuit,,43.30439,"[43.945114, 43.232326, 42.917797, 43.570264, 43.30439]",qpe,420128,9153,8b24673292c237ca6efd94c6f4860710dca1226b82c52ec7fa8b98884801d384,938002,numeric,9443,9443,955,5655,0,0,"{""r"": 9443, ""cz"": 955, ""measure"": 35}",core,10.399843,"[11.18644, 10.180161, 10.264802, 10.399843, 10.405011]",158.86328125,36,191,exported,66.655805,"[65.932792, 66.655805, 66.632556, 67.094736, 66.697181]",iqm_r_cz,950,"{""kind"": ""native_contract_only"", ""passed"": true, ""errors"": [], ""checked_instructions"": 10433, ""bindings"": 1, ""semantic_equivalence"": ""not checked at large width""}"
main,core_qpe_36,static: each control-flow region counted once,4888,flat circuit,,49.356029,"[50.121266, 49.080444, 49.950689, 48.930523, 49.356029]",qpe,420128,9153,8b24673292c237ca6efd94c6f4860710dca1226b82c52ec7fa8b98884801d384,745707,numeric,7665,2931,955,4887,4734,0,"{""rz"": 4734, ""rxpi2"": 1976, ""rxpi"": 955, ""cz"": 955, ""measure"": 35}",core,10.409203,"[10.81039, 10.477619, 10.283298, 10.409203, 10.384243]",158.171875,36,195,exported,68.884491,"[68.430328, 69.079356, 68.584824, 69.100397, 68.884491]",rigetti_rx_cz,950,"{""kind"": ""native_contract_only"", ""passed"": true, ""errors"": [], ""checked_instructions"": 8655, ""bindings"": 1, ""semantic_equivalence"": ""not checked at large width""}"
main,core_qpe_36,static: each control-flow region counted once,4908,flat circuit,,27.868644,"[29.364204, 27.868644, 27.79101, 27.805811, 28.203382]",qpe,420128,9153,8b24673292c237ca6efd94c6f4860710dca1226b82c52ec7fa8b98884801d384,654851,numeric,8252,5080,955,4907,3172,0,"{""rx"": 5080, ""rz"": 3172, ""rzz"": 955, ""measure"": 35}",core,10.352306,"[10.457427, 10.757893, 10.245202, 10.338211, 10.352306]",152.9296875,36,150,exported,55.578134,"[55.380324, 55.638806, 55.382292, 55.716598, 55.578134]",rxrz_rzz_unbounded,950,"{""kind"": ""native_contract_only"", ""passed"": true, ""errors"": [], ""checked_instructions"": 9242, ""bindings"": 1, ""semantic_equivalence"": ""not checked at large width""}"
main,core_qpe_54,,,,"__init__(): incompatible function arguments. The following argument types are supported:
    1. __init__(self, name: str, arity: mqt.core.mlir.CompilerTarget.OperationArity, num_parameters: int, site_tuples: collections.abc.Sequence[mqt.core.mlir.CompilerTarget.SiteTuple] | None = None, duration: int | None = None, fidelity: float | None = None, *, fixed_parameters: collections.abc.Sequence[float | None] = [], canonical_name: str | None = None) -> None
    2. __init__(self, name: str, arity: int, num_parameters: int, site_tuples: collections.abc.Sequence[mqt.core.mlir.CompilerTarget.SiteTuple] | None = None, duration: int | None = None, fidelity: float | None = None, *, fixed_parameters: collections.abc.Sequence[float | None] = [], canonical_name: str | None = None) -> None

Invoked with types: mqt.core.mlir.OperationCapability, kwargs = { name: str, arity: int, num_parameters: int, parameter_bounds: list }",,,qpe,942863,20526,badc29bda1176dc84b552697e1cc7ff3cb15628659863c1f267f44273034c6be,,numeric,,,,,,,,core,24.263882,"[22.518431, 23.605814, 24.263882, 24.546204, 24.47814]",70.203125,54,,target_unsupported,,,ibm_fractional_bounded,,
main,core_qpe_54,static: each control-flow region counted once,9912,flat circuit,,69.927453,"[71.725785, 69.801404, 69.927453, 69.825389, 70.133822]",qpe,942863,20526,badc29bda1176dc84b552697e1cc7ff3cb15628659863c1f267f44273034c6be,1336898,numeric,14908,5889,1639,9911,9019,0,"{""rz"": 9019, ""sx"": 5888, ""x"": 1, ""cx"": 1639, ""measure"": 53}",core,24.045465,"[22.503999, 23.444565, 24.045465, 24.559421, 24.395835]",178.6015625,54,221,exported,155.365085,"[152.745405, 155.60283, 155.365085, 156.541524, 155.310445]",ibm_sxz_cx,1634,"{""kind"": ""native_contract_only"", ""passed"": true, ""errors"": [], ""checked_instructions"": 16600, ""bindings"": 1, ""semantic_equivalence"": ""not checked at large width""}"
main,core_qpe_54,static: each control-flow region counted once,8380,flat circuit,,62.866064,"[63.994295, 62.660079, 63.081409, 62.854977, 62.866064]",qpe,942863,20526,badc29bda1176dc84b552697e1cc7ff3cb15628659863c1f267f44273034c6be,1230399,numeric,13119,5019,1639,8379,8100,0,"{""rz"": 8100, ""sx"": 3380, ""x"": 1639, ""cz"": 1639, ""measure"": 53}",core,24.179322,"[22.711409, 23.609894, 24.179322, 24.56462, 24.803806]",164.60546875,54,237,exported,151.360996,"[149.128517, 151.442868, 151.051409, 151.721702, 151.360996]",ibm_sxz_cz,1634,"{""kind"": ""native_contract_only"", ""passed"": true, ""errors"": [], ""checked_instructions"": 14811, ""bindings"": 1, ""semantic_equivalence"": ""not checked at large width""}"
main,core_qpe_54,,,,"Target synthesis failed: loc(""/home/nvidia/.codex/experiments/core-synthesis-large-20261004/corpus/core_qpe_54.mlir"":1:1): target compilation requires a single-qubit synthesis basis
loc(""/home/nvidia/.codex/experiments/core-synthesis-large-20261004/corpus/core_qpe_54.mlir"":1:1): failed to synthesize the QCO program for the target",,,qpe,942863,20526,badc29bda1176dc84b552697e1cc7ff3cb15628659863c1f267f44273034c6be,,numeric,,,,,,,,core,24.19769,"[22.655249, 23.612358, 24.19769, 24.491164, 24.686749]",70.1484375,54,,synthesis_failed,,,ionq_fixed_r_zz,,
main,core_qpe_54,static: each control-flow region counted once,10714,flat circuit,,89.661451,"[90.029517, 89.400953, 89.258201, 89.717899, 89.661451]",qpe,942863,20526,badc29bda1176dc84b552697e1cc7ff3cb15628659863c1f267f44273034c6be,1765747,numeric,18191,18191,1639,10713,0,0,"{""r"": 18191, ""cz"": 1639, ""measure"": 53}",core,24.243626,"[22.60568, 23.53607, 24.243626, 24.629501, 24.623597]",194.16796875,54,227,exported,152.656876,"[150.694224, 152.656124, 152.656876, 155.119372, 154.036565]",iqm_r_cz,1634,"{""kind"": ""native_contract_only"", ""passed"": true, ""errors"": [], ""checked_instructions"": 19883, ""bindings"": 1, ""semantic_equivalence"": ""not checked at large width""}"
main,core_qpe_54,static: each control-flow region counted once,8380,flat circuit,,91.778392,"[93.348898, 91.127524, 91.80212, 91.666247, 91.778392]",qpe,942863,20526,badc29bda1176dc84b552697e1cc7ff3cb15628659863c1f267f44273034c6be,1282678,numeric,13119,5019,1639,8379,8100,0,"{""rz"": 8100, ""rxpi2"": 3380, ""rxpi"": 1639, ""cz"": 1639, ""measure"": 53}",core,24.246459,"[22.683329, 23.512901, 24.246459, 24.409499, 24.563148]",180.28515625,54,237,exported,156.19477,"[153.03203, 156.19477, 155.279004, 156.391267, 156.233842]",rigetti_rx_cz,1634,"{""kind"": ""native_contract_only"", ""passed"": true, ""errors"": [], ""checked_instructions"": 14811, ""bindings"": 1, ""semantic_equivalence"": ""not checked at large width""}"
main,core_qpe_54,static: each control-flow region counted once,9426,flat circuit,,56.859354,"[58.707574, 56.639944, 57.15678, 56.561368, 56.859354]",qpe,942863,20526,badc29bda1176dc84b552697e1cc7ff3cb15628659863c1f267f44273034c6be,1255142,numeric,16136,10036,1639,9425,6100,0,"{""rx"": 10036, ""rz"": 6100, ""rzz"": 1639, ""measure"": 53}",core,24.270858,"[22.767729, 23.778055, 24.270858, 24.704253, 24.609149]",181.734375,54,186,exported,133.425793,"[132.856942, 133.65181, 133.519202, 133.300657, 133.425793]",rxrz_rzz_unbounded,1634,"{""kind"": ""native_contract_only"", ""passed"": true, ""errors"": [], ""checked_instructions"": 17828, ""bindings"": 1, ""semantic_equivalence"": ""not checked at large width""}"
main,core_w_state_104,,,,"__init__(): incompatible function arguments. The following argument types are supported:
    1. __init__(self, name: str, arity: mqt.core.mlir.CompilerTarget.OperationArity, num_parameters: int, site_tuples: collections.abc.Sequence[mqt.core.mlir.CompilerTarget.SiteTuple] | None = None, duration: int | None = None, fidelity: float | None = None, *, fixed_parameters: collections.abc.Sequence[float | None] = [], canonical_name: str | None = None) -> None
    2. __init__(self, name: str, arity: int, num_parameters: int, site_tuples: collections.abc.Sequence[mqt.core.mlir.CompilerTarget.SiteTuple] | None = None, duration: int | None = None, fidelity: float | None = None, *, fixed_parameters: collections.abc.Sequence[float | None] = [], canonical_name: str | None = None) -> None

Invoked with types: mqt.core.mlir.OperationCapability, kwargs = { name: str, arity: int, num_parameters: int, parameter_bounds: list }",,,w_state,170789,3307,99423707524487125e9cedcb1f6bb2088807ce1dcc8fbd4b01293e9f126653d5,,numeric,,,,,,,,core,4.656094,"[4.656094, 4.685325, 4.995664, 4.49742, 4.504557]",70.1640625,104,,target_unsupported,,,ibm_fractional_bounded,,
main,core_w_state_104,static: each control-flow region counted once,804,flat circuit,,7.433151,"[8.309508, 7.517504, 7.433151, 7.344526, 7.35219]",w_state,170789,3307,99423707524487125e9cedcb1f6bb2088807ce1dcc8fbd4b01293e9f126653d5,188545,numeric,1542,536,206,803,1006,0,"{""x"": 1, ""rz"": 1006, ""sx"": 535, ""cx"": 206, ""measure"": 104}",core,4.777486,"[4.991999, 4.820079, 4.777486, 4.520396, 4.511517]",126.14453125,104,434,exported,27.008858,"[27.105228, 27.015114, 27.008858, 26.977226, 26.995882]",ibm_sxz_cx,206,"{""kind"": ""native_contract_only"", ""passed"": true, ""errors"": [], ""checked_instructions"": 1852, ""bindings"": 1, ""semantic_equivalence"": ""not checked at large width""}"
main,core_w_state_104,static: each control-flow region counted once,1130,flat circuit,,8.980393,"[10.048207, 9.195226, 8.980393, 8.90812, 8.955705]",w_state,170789,3307,99423707524487125e9cedcb1f6bb2088807ce1dcc8fbd4b01293e9f126653d5,221801,numeric,2045,771,206,1129,1274,0,"{""x"": 55, ""rz"": 1274, ""sx"": 716, ""cz"": 206, ""measure"": 104}",core,4.66795,"[4.66795, 5.061088, 4.76059, 4.576381, 4.517084]",135.5625,104,517,exported,28.597124,"[28.727157, 28.622197, 28.575332, 28.569076, 28.597124]",ibm_sxz_cz,206,"{""kind"": ""native_contract_only"", ""passed"": true, ""errors"": [], ""checked_instructions"": 2355, ""bindings"": 1, ""semantic_equivalence"": ""not checked at large width""}"
main,core_w_state_104,static: each control-flow region counted once,734,flat circuit,,6.211799,"[7.043276, 6.358601, 6.211799, 6.169895, 6.151703]",w_state,170789,3307,99423707524487125e9cedcb1f6bb2088807ce1dcc8fbd4b01293e9f126653d5,175731,numeric,1414,949,206,733,465,0,"{""rx"": 949, ""rz"": 465, ""rzz"": 206, ""measure"": 104}",core,4.673597,"[4.673597, 4.3871, 5.137392, 4.859295, 4.563853]",128.3046875,104,702,exported,25.277391,"[25.367504, 25.277391, 25.269232, 25.282799, 25.168591]",rxrz_rzz_unbounded,206,"{""kind"": ""native_contract_only"", ""passed"": true, ""errors"": [], ""checked_instructions"": 1724, ""bindings"": 1, ""semantic_equivalence"": ""not checked at large width""}"
main,core_w_state_156,,,,"__init__(): incompatible function arguments. The following argument types are supported:
    1. __init__(self, name: str, arity: mqt.core.mlir.CompilerTarget.OperationArity, num_parameters: int, site_tuples: collections.abc.Sequence[mqt.core.mlir.CompilerTarget.SiteTuple] | None = None, duration: int | None = None, fidelity: float | None = None, *, fixed_parameters: collections.abc.Sequence[float | None] = [], canonical_name: str | None = None) -> None
    2. __init__(self, name: str, arity: int, num_parameters: int, site_tuples: collections.abc.Sequence[mqt.core.mlir.CompilerTarget.SiteTuple] | None = None, duration: int | None = None, fidelity: float | None = None, *, fixed_parameters: collections.abc.Sequence[float | None] = [], canonical_name: str | None = None) -> None

Invoked with types: mqt.core.mlir.OperationCapability, kwargs = { name: str, arity: int, num_parameters: int, parameter_bounds: list }",,,w_state,258509,4971,f8cc445f3341f11c52acdf12faa7bf608314457ae027f621b687d95bf6fb9f5d,,numeric,,,,,,,,core,6.706858,"[6.660634, 6.786907, 7.067085, 6.706858, 6.624106]",69.2734375,156,,target_unsupported,,,ibm_fractional_bounded,,
main,core_w_state_156,static: each control-flow region counted once,1209,flat circuit,,11.680121,"[12.774144, 11.868587, 11.680121, 11.592105, 11.640409]",w_state,258509,4971,f8cc445f3341f11c52acdf12faa7bf608314457ae027f621b687d95bf6fb9f5d,283570,numeric,2321,804,310,1208,1517,0,"{""x"": 2, ""rz"": 1517, ""sx"": 802, ""cx"": 310, ""measure"": 156}",core,6.663002,"[6.663002, 6.878236, 7.246045, 6.641818, 6.596282]",137.046875,156,619,exported,44.862251,"[44.872218, 44.862251, 44.81225, 44.982107, 44.851962]",ibm_sxz_cx,310,"{""kind"": ""native_contract_only"", ""passed"": true, ""errors"": [], ""checked_instructions"": 2787, ""bindings"": 1, ""semantic_equivalence"": ""not checked at large width""}"
main,core_w_state_156,static: each control-flow region counted once,1704,flat circuit,,13.826887,"[14.905582, 13.889511, 13.822407, 13.826887, 13.824167]",w_state,258509,4971,f8cc445f3341f11c52acdf12faa7bf608314457ae027f621b687d95bf6fb9f5d,334195,numeric,3083,1162,310,1703,1921,0,"{""x"": 80, ""rz"": 1921, ""sx"": 1082, ""cz"": 310, ""measure"": 156}",core,6.642874,"[6.642874, 6.549033, 7.129773, 6.730442, 6.599754]",138.23828125,156,746,exported,46.992664,"[46.759398, 46.94756, 47.145081, 47.086889, 46.992664]",ibm_sxz_cz,310,"{""kind"": ""native_contract_only"", ""passed"": true, ""errors"": [], ""checked_instructions"": 3549, ""bindings"": 1, ""semantic_equivalence"": ""not checked at large width""}"
main,core_w_state_156,static: each control-flow region counted once,1100,flat circuit,,9.738622,"[10.890276, 9.912159, 9.678973, 9.652716, 9.738622]",w_state,258509,4971,f8cc445f3341f11c52acdf12faa7bf608314457ae027f621b687d95bf6fb9f5d,267028,numeric,2142,1433,310,1099,709,0,"{""rx"": 1433, ""rz"": 709, ""rzz"": 310, ""measure"": 156}",core,6.665498,"[7.114989, 6.904667, 6.542153, 6.665498, 6.58865]",137.515625,156,1051,exported,42.005209,"[41.953752, 42.282234, 42.163161, 41.96452, 42.005209]",rxrz_rzz_unbounded,310,"{""kind"": ""native_contract_only"", ""passed"": true, ""errors"": [], ""checked_instructions"": 2608, ""bindings"": 1, ""semantic_equivalence"": ""not checked at large width""}"
main,core_w_state_24,,,,"__init__(): incompatible function arguments. The following argument types are supported:
    1. __init__(self, name: str, arity: mqt.core.mlir.CompilerTarget.OperationArity, num_parameters: int, site_tuples: collections.abc.Sequence[mqt.core.mlir.CompilerTarget.SiteTuple] | None = None, duration: int | None = None, fidelity: float | None = None, *, fixed_parameters: collections.abc.Sequence[float | None] = [], canonical_name: str | None = None) -> None
    2. __init__(self, name: str, arity: int, num_parameters: int, site_tuples: collections.abc.Sequence[mqt.core.mlir.CompilerTarget.SiteTuple] | None = None, duration: int | None = None, fidelity: float | None = None, *, fixed_parameters: collections.abc.Sequence[float | None] = [], canonical_name: str | None = None) -> None

Invoked with types: mqt.core.mlir.OperationCapability, kwargs = { name: str, arity: int, num_parameters: int, parameter_bounds: list }",,,w_state,37781,747,3b4c2a33880d1adbb09478b58d87fcf116bd6c1c3781a0aa07078ff14e906f7c,,numeric,,,,,,,,core,1.489497,"[1.694266, 1.49961, 1.477065, 1.455289, 1.489497]",69.265625,24,,target_unsupported,,,ibm_fractional_bounded,,
main,core_w_state_24,static: each control-flow region counted once,185,flat circuit,,1.651387,"[2.190542, 1.717482, 1.651387, 1.642346, 1.62465]",w_state,37781,747,3b4c2a33880d1adbb09478b58d87fcf116bd6c1c3781a0aa07078ff14e906f7c,43842,numeric,348,123,46,184,225,0,"{""x"": 2, ""rz"": 225, ""sx"": 121, ""cx"": 46, ""measure"": 24}",core,1.463593,"[1.687883, 1.471945, 1.453033, 1.452361, 1.463593]",124.45703125,24,122,exported,5.418449,"[6.149046, 5.735556, 5.418449, 5.390402, 5.362722]",ibm_sxz_cx,46,"{""kind"": ""native_contract_only"", ""passed"": true, ""errors"": [], ""checked_instructions"": 418, ""bindings"": 1, ""semantic_equivalence"": ""not checked at large width""}"
main,core_w_state_24,static: each control-flow region counted once,266,flat circuit,,1.98518,"[2.609793, 2.055165, 1.98518, 1.966332, 1.958652]",w_state,37781,747,3b4c2a33880d1adbb09478b58d87fcf116bd6c1c3781a0aa07078ff14e906f7c,50896,numeric,464,177,46,265,287,0,"{""x"": 9, ""rz"": 287, ""sx"": 168, ""cz"": 46, ""measure"": 24}",core,1.486841,"[1.688506, 1.486841, 1.504266, 1.477721, 1.456009]",124.79296875,24,134,exported,5.721043,"[6.086406, 5.721043, 5.722708, 5.714164, 5.700979]",ibm_sxz_cz,46,"{""kind"": ""native_contract_only"", ""passed"": true, ""errors"": [], ""checked_instructions"": 534, ""bindings"": 1, ""semantic_equivalence"": ""not checked at large width""}"
main,core_w_state_24,,,,"Target synthesis failed: loc(""/home/nvidia/.codex/experiments/core-synthesis-large-20261004/corpus/core_w_state_24.mlir"":1:1): target compilation requires a single-qubit synthesis basis
loc(""/home/nvidia/.codex/experiments/core-synthesis-large-20261004/corpus/core_w_state_24.mlir"":1:1): failed to synthesize the QCO program for the target",,,w_state,37781,747,3b4c2a33880d1adbb09478b58d87fcf116bd6c1c3781a0aa07078ff14e906f7c,,numeric,,,,,,,,core,1.457817,"[1.69593, 1.481898, 1.438457, 1.456361, 1.457817]",69.3046875,24,,synthesis_failed,,,ionq_fixed_r_zz,,
main,core_w_state_24,static: each control-flow region counted once,189,flat circuit,,1.673995,"[2.23603, 1.72441, 1.673995, 1.660458, 1.658522]",w_state,37781,747,3b4c2a33880d1adbb09478b58d87fcf116bd6c1c3781a0aa07078ff14e906f7c,44593,numeric,307,307,46,188,0,0,"{""r"": 307, ""cz"": 46, ""measure"": 24}",core,1.51793,"[1.707738, 1.51793, 1.523769, 1.454089, 1.461913]",124.58203125,24,120,exported,5.205201,"[5.307793, 5.221409, 5.205201, 5.18216, 5.158465]",iqm_r_cz,46,"{""kind"": ""native_contract_only"", ""passed"": true, ""errors"": [], ""checked_instructions"": 377, ""bindings"": 1, ""semantic_equivalence"": ""not checked at large width""}"
main,core_w_state_24,static: each control-flow region counted once,260,flat circuit,,3.074403,"[3.695719, 3.074403, 3.075556, 2.950274, 2.934562]",w_state,37781,747,3b4c2a33880d1adbb09478b58d87fcf116bd6c1c3781a0aa07078ff14e906f7c,52955,numeric,462,174,46,259,288,0,"{""rxpi"": 12, ""rz"": 288, ""rxpi2"": 162, ""cz"": 46, ""measure"": 24}",core,1.479065,"[1.683419, 1.479065, 1.522409, 1.452666, 1.455449]",125.02734375,24,134,exported,5.926869,"[6.967052, 5.967797, 5.916853, 5.909061, 5.926869]",rigetti_rx_cz,46,"{""kind"": ""native_contract_only"", ""passed"": true, ""errors"": [], ""checked_instructions"": 532, ""bindings"": 1, ""semantic_equivalence"": ""not checked at large width""}"
main,core_w_state_24,static: each control-flow region counted once,175,flat circuit,,1.423897,"[1.936668, 1.498937, 1.423897, 1.415193, 1.417881]",w_state,37781,747,3b4c2a33880d1adbb09478b58d87fcf116bd6c1c3781a0aa07078ff14e906f7c,40692,numeric,321,217,46,174,104,0,"{""rx"": 217, ""rz"": 104, ""rzz"": 46, ""measure"": 24}",core,1.465945,"[1.678011, 1.479465, 1.465945, 1.448057, 1.465241]",122.3359375,24,173,exported,4.989215,"[5.451074, 5.558275, 4.989215, 4.959999, 4.937038]",rxrz_rzz_unbounded,46,"{""kind"": ""native_contract_only"", ""passed"": true, ""errors"": [], ""checked_instructions"": 391, ""bindings"": 1, ""semantic_equivalence"": ""not checked at large width""}"
main,core_w_state_36,,,,"__init__(): incompatible function arguments. The following argument types are supported:
    1. __init__(self, name: str, arity: mqt.core.mlir.CompilerTarget.OperationArity, num_parameters: int, site_tuples: collections.abc.Sequence[mqt.core.mlir.CompilerTarget.SiteTuple] | None = None, duration: int | None = None, fidelity: float | None = None, *, fixed_parameters: collections.abc.Sequence[float | None] = [], canonical_name: str | None = None) -> None
    2. __init__(self, name: str, arity: int, num_parameters: int, site_tuples: collections.abc.Sequence[mqt.core.mlir.CompilerTarget.SiteTuple] | None = None, duration: int | None = None, fidelity: float | None = None, *, fixed_parameters: collections.abc.Sequence[float | None] = [], canonical_name: str | None = None) -> None

Invoked with types: mqt.core.mlir.OperationCapability, kwargs = { name: str, arity: int, num_parameters: int, parameter_bounds: list }",,,w_state,57328,1131,e15637b9748ca47a7cf4430263c22060205043cf61a808a3e4b8fef70d4e3d3d,,numeric,,,,,,,,core,1.945132,"[2.169565, 1.912076, 1.945132, 1.913981, 2.301118]",69.26171875,36,,target_unsupported,,,ibm_fractional_bounded,,
main,core_w_state_36,static: each control-flow region counted once,277,flat circuit,,2.556113,"[3.149748, 2.584225, 2.520384, 2.49232, 2.556113]",w_state,57328,1131,e15637b9748ca47a7cf4430263c22060205043cf61a808a3e4b8fef70d4e3d3d,65659,numeric,526,184,70,276,342,0,"{""x"": 2, ""rz"": 342, ""sx"": 182, ""cx"": 70, ""measure"": 36}",core,1.913324,"[2.153486, 1.913324, 1.86526, 1.901548, 1.930237]",125.0703125,36,176,exported,8.294149,"[8.900714, 8.300789, 8.243813, 8.286454, 8.294149]",ibm_sxz_cx,70,"{""kind"": ""native_contract_only"", ""passed"": true, ""errors"": [], ""checked_instructions"": 632, ""bindings"": 1, ""semantic_equivalence"": ""not checked at large width""}"
main,core_w_state_36,static: each control-flow region counted once,395,flat circuit,,2.997251,"[3.693, 3.089108, 2.997251, 2.952003, 2.956019]",w_state,57328,1131,e15637b9748ca47a7cf4430263c22060205043cf61a808a3e4b8fef70d4e3d3d,76625,numeric,702,266,70,394,436,0,"{""x"": 16, ""rz"": 436, ""sx"": 250, ""cz"": 70, ""measure"": 36}",core,1.966013,"[2.162622, 1.929244, 1.966013, 1.908236, 2.292255]",123.5078125,36,199,exported,8.753112,"[8.823609, 8.753112, 8.74556, 8.7778, 8.741272]",ibm_sxz_cz,70,"{""kind"": ""native_contract_only"", ""passed"": true, ""errors"": [], ""checked_instructions"": 808, ""bindings"": 1, ""semantic_equivalence"": ""not checked at large width""}"
main,core_w_state_36,,,,"Target synthesis failed: loc(""/home/nvidia/.codex/experiments/core-synthesis-large-20261004/corpus/core_w_state_36.mlir"":1:1): target compilation requires a single-qubit synthesis basis
loc(""/home/nvidia/.codex/experiments/core-synthesis-large-20261004/corpus/core_w_state_36.mlir"":1:1): failed to synthesize the QCO program for the target",,,w_state,57328,1131,e15637b9748ca47a7cf4430263c22060205043cf61a808a3e4b8fef70d4e3d3d,,numeric,,,,,,,,core,1.983212,"[2.133038, 1.983212, 1.895741, 1.91446, 2.685313]",70.19140625,36,,synthesis_failed,,,ionq_fixed_r_zz,,
main,core_w_state_36,static: each control-flow region counted once,284,flat circuit,,2.489104,"[3.093908, 2.576656, 2.489104, 2.45616, 2.445856]",w_state,57328,1131,e15637b9748ca47a7cf4430263c22060205043cf61a808a3e4b8fef70d4e3d3d,66680,numeric,463,463,70,283,0,0,"{""r"": 463, ""cz"": 70, ""measure"": 36}",core,1.931965,"[2.153453, 1.931965, 1.87734, 1.918044, 2.002957]",125.2890625,36,160,exported,7.988308,"[8.049412, 7.954868, 7.963843, 7.996467, 7.988308]",iqm_r_cz,70,"{""kind"": ""native_contract_only"", ""passed"": true, ""errors"": [], ""checked_instructions"": 569, ""bindings"": 1, ""semantic_equivalence"": ""not checked at large width""}"
main,core_w_state_36,static: each control-flow region counted once,400,flat circuit,,4.657054,"[5.207394, 4.657054, 4.478925, 6.094279, 4.626318]",w_state,57328,1131,e15637b9748ca47a7cf4430263c22060205043cf61a808a3e4b8fef70d4e3d3d,80470,numeric,710,268,70,399,442,0,"{""rxpi"": 14, ""rz"": 442, ""rxpi2"": 254, ""cz"": 70, ""measure"": 36}",core,1.926973,"[2.149469, 1.926973, 1.914332, 1.915372, 2.050814]",125.67578125,36,204,exported,9.11089,"[9.219915, 9.11089, 9.105019, 9.134715, 9.079018]",rigetti_rx_cz,70,"{""kind"": ""native_contract_only"", ""passed"": true, ""errors"": [], ""checked_instructions"": 816, ""bindings"": 1, ""semantic_equivalence"": ""not checked at large width""}"
main,core_w_state_36,static: each control-flow region counted once,258,flat circuit,,2.153406,"[2.727682, 2.226686, 2.153406, 2.152958, 2.125421]",w_state,57328,1131,e15637b9748ca47a7cf4430263c22060205043cf61a808a3e4b8fef70d4e3d3d,60187,numeric,478,323,70,257,155,0,"{""rx"": 323, ""rz"": 155, ""rzz"": 70, ""measure"": 36}",core,1.928108,"[2.202014, 1.928108, 1.914284, 1.918156, 1.931725]",125.078125,36,251,exported,7.60768,"[7.694386, 7.657313, 7.579137, 7.60768, 7.544513]",rxrz_rzz_unbounded,70,"{""kind"": ""native_contract_only"", ""passed"": true, ""errors"": [], ""checked_instructions"": 584, ""bindings"": 1, ""semantic_equivalence"": ""not checked at large width""}"
main,core_w_state_54,,,,"__init__(): incompatible function arguments. The following argument types are supported:
    1. __init__(self, name: str, arity: mqt.core.mlir.CompilerTarget.OperationArity, num_parameters: int, site_tuples: collections.abc.Sequence[mqt.core.mlir.CompilerTarget.SiteTuple] | None = None, duration: int | None = None, fidelity: float | None = None, *, fixed_parameters: collections.abc.Sequence[float | None] = [], canonical_name: str | None = None) -> None
    2. __init__(self, name: str, arity: int, num_parameters: int, site_tuples: collections.abc.Sequence[mqt.core.mlir.CompilerTarget.SiteTuple] | None = None, duration: int | None = None, fidelity: float | None = None, *, fixed_parameters: collections.abc.Sequence[float | None] = [], canonical_name: str | None = None) -> None

Invoked with types: mqt.core.mlir.OperationCapability, kwargs = { name: str, arity: int, num_parameters: int, parameter_bounds: list }",,,w_state,86648,1707,312de11a6de89c3af0cc49b346efcdcafcc9146b350aefb6507402caf6b59677,,numeric,,,,,,,,core,2.799537,"[2.799537, 2.550753, 2.909202, 2.642161, 3.135316]",69.265625,54,,target_unsupported,,,ibm_fractional_bounded,,
main,core_w_state_54,static: each control-flow region counted once,417,flat circuit,,3.806265,"[4.654446, 3.890408, 3.806265, 3.783816, 3.765272]",w_state,86648,1707,312de11a6de89c3af0cc49b346efcdcafcc9146b350aefb6507402caf6b59677,97970,numeric,796,276,106,416,520,0,"{""x"": 2, ""rz"": 520, ""sx"": 274, ""cx"": 106, ""measure"": 54}",core,2.62784,"[2.848466, 2.549185, 2.735057, 2.591569, 2.62784]",123.80078125,54,248,exported,12.795042,"[12.875346, 12.779906, 12.795042, 12.892482, 12.738161]",ibm_sxz_cx,106,"{""kind"": ""native_contract_only"", ""passed"": true, ""errors"": [], ""checked_instructions"": 956, ""bindings"": 1, ""semantic_equivalence"": ""not checked at large width""}"
main,core_w_state_54,static: each control-flow region counted once,590,flat circuit,,4.556381,"[5.303634, 4.649278, 4.556381, 4.520317, 4.532188]",w_state,86648,1707,312de11a6de89c3af0cc49b346efcdcafcc9146b350aefb6507402caf6b59677,115041,numeric,1058,400,106,589,658,0,"{""x"": 26, ""rz"": 658, ""sx"": 374, ""cz"": 106, ""measure"": 54}",core,2.628161,"[2.794402, 2.627952, 2.537953, 3.365605, 2.628161]",126.50390625,54,289,exported,13.522422,"[13.671335, 13.566742, 13.497222, 13.522422, 13.512822]",ibm_sxz_cz,106,"{""kind"": ""native_contract_only"", ""passed"": true, ""errors"": [], ""checked_instructions"": 1218, ""bindings"": 1, ""semantic_equivalence"": ""not checked at large width""}"
main,core_w_state_54,,,,"Target synthesis failed: loc(""/home/nvidia/.codex/experiments/core-synthesis-large-20261004/corpus/core_w_state_54.mlir"":1:1): target compilation requires a single-qubit synthesis basis
loc(""/home/nvidia/.codex/experiments/core-synthesis-large-20261004/corpus/core_w_state_54.mlir"":1:1): failed to synthesize the QCO program for the target",,,w_state,86648,1707,312de11a6de89c3af0cc49b346efcdcafcc9146b350aefb6507402caf6b59677,,numeric,,,,,,,,core,2.627313,"[2.764018, 2.627313, 2.547216, 2.604321, 2.652272]",69.22265625,54,,synthesis_failed,,,ionq_fixed_r_zz,,
main,core_w_state_54,static: each control-flow region counted once,429,flat circuit,,3.747848,"[4.485292, 3.854089, 3.747848, 3.747336, 3.733432]",w_state,86648,1707,312de11a6de89c3af0cc49b346efcdcafcc9146b350aefb6507402caf6b59677,100308,numeric,700,700,106,428,0,0,"{""r"": 700, ""cz"": 106, ""measure"": 54}",core,2.604225,"[2.817698, 2.549681, 2.601536, 2.604225, 2.60888]",125.99609375,54,237,exported,12.387151,"[12.468783, 12.376255, 12.387151, 12.391663, 12.386559]",iqm_r_cz,106,"{""kind"": ""native_contract_only"", ""passed"": true, ""errors"": [], ""checked_instructions"": 860, ""bindings"": 1, ""semantic_equivalence"": ""not checked at large width""}"
main,core_w_state_54,static: each control-flow region counted once,604,flat circuit,,7.084349,"[7.726481, 6.953645, 8.493318, 7.084349, 6.822155]",w_state,86648,1707,312de11a6de89c3af0cc49b346efcdcafcc9146b350aefb6507402caf6b59677,120923,numeric,1076,407,106,603,669,0,"{""rxpi"": 19, ""rz"": 669, ""rxpi2"": 388, ""cz"": 106, ""measure"": 54}",core,2.634448,"[2.803025, 2.590065, 2.5996, 2.634448, 2.976963]",125.0546875,54,295,exported,14.176346,"[14.246939, 14.176346, 14.16833, 14.202651, 14.151034]",rigetti_rx_cz,106,"{""kind"": ""native_contract_only"", ""passed"": true, ""errors"": [], ""checked_instructions"": 1236, ""bindings"": 1, ""semantic_equivalence"": ""not checked at large width""}"
main,core_w_state_54,static: each control-flow region counted once,389,flat circuit,,3.238773,"[3.950393, 3.332229, 3.238773, 3.223108, 3.190948]",w_state,86648,1707,312de11a6de89c3af0cc49b346efcdcafcc9146b350aefb6507402caf6b59677,90707,numeric,729,491,106,388,238,0,"{""rx"": 491, ""rz"": 238, ""rzz"": 106, ""measure"": 54}",core,2.61776,"[2.825026, 2.532512, 2.920995, 2.605377, 2.61776]",123.9140625,54,374,exported,11.863292,"[12.021949, 11.89558, 11.863292, 11.861116, 11.843804]",rxrz_rzz_unbounded,106,"{""kind"": ""native_contract_only"", ""passed"": true, ""errors"": [], ""checked_instructions"": 889, ""bindings"": 1, ""semantic_equivalence"": ""not checked at large width""}"
main,efficient_su2_104_numeric,,,,"__init__(): incompatible function arguments. The following argument types are supported:
    1. __init__(self, name: str, arity: mqt.core.mlir.CompilerTarget.OperationArity, num_parameters: int, site_tuples: collections.abc.Sequence[mqt.core.mlir.CompilerTarget.SiteTuple] | None = None, duration: int | None = None, fidelity: float | None = None, *, fixed_parameters: collections.abc.Sequence[float | None] = [], canonical_name: str | None = None) -> None
    2. __init__(self, name: str, arity: int, num_parameters: int, site_tuples: collections.abc.Sequence[mqt.core.mlir.CompilerTarget.SiteTuple] | None = None, duration: int | None = None, fidelity: float | None = None, *, fixed_parameters: collections.abc.Sequence[float | None] = [], canonical_name: str | None = None) -> None

Invoked with types: mqt.core.mlir.OperationCapability, kwargs = { name: str, arity: int, num_parameters: int, parameter_bounds: list }",,,efficient_su2,449245,8531,f70c3fa2f7a2840dbac6bade7658c722973b4c3cee4f7d65e9c3865881e5d7b7,,numeric,,,,,,,,synthetic,11.526121,"[12.309598, 11.437624, 11.480936, 11.526121, 11.654457]",70.2109375,104,,target_unsupported,,,ibm_fractional_bounded,,
main,efficient_su2_104_numeric,static: each control-flow region counted once,332,flat circuit,,9.675485,"[10.941029, 9.83291, 9.641404, 9.576061, 9.675485]",efficient_su2,449245,8531,f70c3fa2f7a2840dbac6bade7658c722973b4c3cee4f7d65e9c3865881e5d7b7,244089,numeric,1857,832,312,332,1025,0,"{""rz"": 1025, ""sx"": 832, ""cx"": 312}",synthetic,11.824715,"[12.211565, 11.51316, 11.604201, 11.849099, 11.824715]",135.12109375,104,837,exported,71.063552,"[70.946335, 71.063552, 70.878543, 71.122945, 71.066736]",ibm_sxz_cx,312,"{""kind"": ""native_contract_only"", ""passed"": true, ""errors"": [], ""checked_instructions"": 2169, ""bindings"": 1, ""semantic_equivalence"": ""not checked at large width""}"
main,efficient_su2_104_numeric,static: each control-flow region counted once,1267,flat circuit,,14.079336,"[15.690579, 14.24985, 14.079336, 14.057385, 14.078937]",efficient_su2,449245,8531,f70c3fa2f7a2840dbac6bade7658c722973b4c3cee4f7d65e9c3865881e5d7b7,335218,numeric,3418,1456,312,1267,1962,0,"{""rz"": 1962, ""sx"": 1456, ""cz"": 312}",synthetic,11.725226,"[12.28323, 11.416152, 11.432184, 11.745338, 11.725226]",137.1015625,104,842,exported,77.759162,"[77.549433, 77.759162, 77.597081, 77.894731, 78.150973]",ibm_sxz_cz,312,"{""kind"": ""native_contract_only"", ""passed"": true, ""errors"": [], ""checked_instructions"": 3730, ""bindings"": 1, ""semantic_equivalence"": ""not checked at large width""}"
main,efficient_su2_104_numeric,static: each control-flow region counted once,1263,flat circuit,,14.625164,"[15.985956, 14.683341, 14.563852, 14.625164, 14.561356]",efficient_su2,449245,8531,f70c3fa2f7a2840dbac6bade7658c722973b4c3cee4f7d65e9c3865881e5d7b7,367990,numeric,4056,2704,312,1263,1352,0,"{""rx"": 2704, ""rz"": 1352, ""rzz"": 312}",synthetic,11.689593,"[12.460718, 11.459208, 11.560105, 11.800363, 11.689593]",139.9296875,104,1256,exported,73.705761,"[73.829009, 73.728081, 73.550208, 73.705761, 73.65648]",rxrz_rzz_unbounded,312,"{""kind"": ""native_contract_only"", ""passed"": true, ""errors"": [], ""checked_instructions"": 4368, ""bindings"": 1, ""semantic_equivalence"": ""not checked at large width""}"
main,efficient_su2_104_symbolic,,,,"__init__(): incompatible function arguments. The following argument types are supported:
    1. __init__(self, name: str, arity: mqt.core.mlir.CompilerTarget.OperationArity, num_parameters: int, site_tuples: collections.abc.Sequence[mqt.core.mlir.CompilerTarget.SiteTuple] | None = None, duration: int | None = None, fidelity: float | None = None, *, fixed_parameters: collections.abc.Sequence[float | None] = [], canonical_name: str | None = None) -> None
    2. __init__(self, name: str, arity: int, num_parameters: int, site_tuples: collections.abc.Sequence[mqt.core.mlir.CompilerTarget.SiteTuple] | None = None, duration: int | None = None, fidelity: float | None = None, *, fixed_parameters: collections.abc.Sequence[float | None] = [], canonical_name: str | None = None) -> None

Invoked with types: mqt.core.mlir.OperationCapability, kwargs = { name: str, arity: int, num_parameters: int, parameter_bounds: list }",,,efficient_su2,599201,8531,7f2e35e607b1814db1433865b327f27864338189850c2512d1b4d41a07c30d18,,symbolic,,,,,,,,synthetic,111.655808,"[103.563965, 112.924087, 111.655808, 111.181661, 114.029342]",70.20703125,104,,target_unsupported,,,ibm_fractional_bounded,,
main,efficient_su2_104_symbolic,static: each control-flow region counted once,328,flat circuit,,93.662558,"[93.565726, 95.004615, 93.662558, 93.482141, 95.197801]",efficient_su2,599201,8531,7f2e35e607b1814db1433865b327f27864338189850c2512d1b4d41a07c30d18,543103,symbolic,1664,832,312,328,832,0,"{""sx"": 832, ""rz"": 832, ""cx"": 312}",synthetic,112.249412,"[104.263393, 107.880232, 112.249412, 113.812893, 112.272852]",145.484375,104,4163,exported,845.111711,"[844.009945, 844.635661, 868.7441, 869.520729, 845.111711]",ibm_sxz_cx,312,"{""kind"": ""native_contract_only"", ""passed"": true, ""errors"": [], ""checked_instructions"": 5928, ""bindings"": 3, ""semantic_equivalence"": ""not checked at large width""}"
main,efficient_su2_104_symbolic,static: each control-flow region counted once,1266,flat circuit,,123.794524,"[124.64157, 124.877155, 123.748348, 123.794524, 123.462826]",efficient_su2,599201,8531,7f2e35e607b1814db1433865b327f27864338189850c2512d1b4d41a07c30d18,695389,symbolic,3227,1456,312,1266,1771,0,"{""sx"": 1456, ""rz"": 1771, ""cz"": 312}",synthetic,109.751108,"[104.756884, 109.751108, 109.465266, 112.946008, 114.852756]",158.83984375,104,5712,exported,917.805017,"[915.855181, 917.805017, 918.23022, 919.179618, 917.121364]",ibm_sxz_cz,312,"{""kind"": ""native_contract_only"", ""passed"": true, ""errors"": [], ""checked_instructions"": 10617, ""bindings"": 3, ""semantic_equivalence"": ""not checked at large width""}"
main,efficient_su2_104_symbolic,static: each control-flow region counted once,1267,flat circuit,,89.4237,"[91.257935, 89.424867, 89.4237, 89.168466, 88.918496]",efficient_su2,599201,8531,7f2e35e607b1814db1433865b327f27864338189850c2512d1b4d41a07c30d18,580115,symbolic,4472,2704,312,1267,1768,0,"{""rx"": 2704, ""rz"": 1768, ""rzz"": 312}",synthetic,109.914837,"[105.747515, 107.720486, 113.687532, 109.914837, 113.802701]",147.6171875,104,1678,exported,842.238188,"[840.280432, 840.748595, 864.577017, 865.967506, 842.238188]",rxrz_rzz_unbounded,312,"{""kind"": ""native_contract_only"", ""passed"": true, ""errors"": [], ""checked_instructions"": 14352, ""bindings"": 3, ""semantic_equivalence"": ""not checked at large width""}"
main,efficient_su2_156_numeric,,,,"__init__(): incompatible function arguments. The following argument types are supported:
    1. __init__(self, name: str, arity: mqt.core.mlir.CompilerTarget.OperationArity, num_parameters: int, site_tuples: collections.abc.Sequence[mqt.core.mlir.CompilerTarget.SiteTuple] | None = None, duration: int | None = None, fidelity: float | None = None, *, fixed_parameters: collections.abc.Sequence[float | None] = [], canonical_name: str | None = None) -> None
    2. __init__(self, name: str, arity: int, num_parameters: int, site_tuples: collections.abc.Sequence[mqt.core.mlir.CompilerTarget.SiteTuple] | None = None, duration: int | None = None, fidelity: float | None = None, *, fixed_parameters: collections.abc.Sequence[float | None] = [], canonical_name: str | None = None) -> None

Invoked with types: mqt.core.mlir.OperationCapability, kwargs = { name: str, arity: int, num_parameters: int, parameter_bounds: list }",,,efficient_su2,677619,12795,3de28cf9a65281c593df22b95f69c1ee82288cc0af9a4dda3d7fa28c1d6b11ef,,numeric,,,,,,,,synthetic,17.685023,"[17.191676, 17.47995, 17.685023, 18.051458, 18.099265]",70.2109375,156,,target_unsupported,,,ibm_fractional_bounded,,
main,efficient_su2_156_numeric,static: each control-flow region counted once,486,flat circuit,,15.357088,"[16.646873, 15.403985, 15.121423, 15.357088, 15.231248]",efficient_su2,677619,12795,3de28cf9a65281c593df22b95f69c1ee82288cc0af9a4dda3d7fa28c1d6b11ef,370524,numeric,2823,1248,468,486,1575,0,"{""rz"": 1575, ""sx"": 1248, ""cx"": 468}",synthetic,17.761552,"[17.392029, 17.644431, 17.761552, 18.338707, 18.15093]",136.171875,156,1253,exported,127.515362,"[127.317409, 127.868516, 127.301984, 127.767235, 127.515362]",ibm_sxz_cx,468,"{""kind"": ""native_contract_only"", ""passed"": true, ""errors"": [], ""checked_instructions"": 3291, ""bindings"": 1, ""semantic_equivalence"": ""not checked at large width""}"
main,efficient_su2_156_numeric,static: each control-flow region counted once,1891,flat circuit,,22.782272,"[23.651541, 22.859903, 22.745375, 22.782272, 22.676046]",efficient_su2,677619,12795,3de28cf9a65281c593df22b95f69c1ee82288cc0af9a4dda3d7fa28c1d6b11ef,507067,numeric,5165,2184,468,1891,2981,0,"{""rz"": 2981, ""sx"": 2184, ""cz"": 468}",synthetic,17.902977,"[17.902977, 17.365629, 17.747359, 18.101426, 17.978081]",140.7265625,156,1257,exported,138.238725,"[137.418144, 138.401622, 138.083108, 138.238725, 138.252165]",ibm_sxz_cz,468,"{""kind"": ""native_contract_only"", ""passed"": true, ""errors"": [], ""checked_instructions"": 5633, ""bindings"": 1, ""semantic_equivalence"": ""not checked at large width""}"
main,efficient_su2_156_numeric,static: each control-flow region counted once,1887,flat circuit,,22.551229,"[23.410371, 22.648767, 22.530493, 22.520302, 22.551229]",efficient_su2,677619,12795,3de28cf9a65281c593df22b95f69c1ee82288cc0af9a4dda3d7fa28c1d6b11ef,553674,numeric,6084,4056,468,1887,2028,0,"{""rx"": 4056, ""rz"": 2028, ""rzz"": 468}",synthetic,18.053569,"[18.172818, 17.454318, 17.729375, 18.073698, 18.053569]",143.390625,156,1880,exported,131.409098,"[131.645323, 131.361705, 131.41649, 131.247257, 131.409098]",rxrz_rzz_unbounded,468,"{""kind"": ""native_contract_only"", ""passed"": true, ""errors"": [], ""checked_instructions"": 6552, ""bindings"": 1, ""semantic_equivalence"": ""not checked at large width""}"
main,efficient_su2_156_symbolic,,,,"__init__(): incompatible function arguments. The following argument types are supported:
    1. __init__(self, name: str, arity: mqt.core.mlir.CompilerTarget.OperationArity, num_parameters: int, site_tuples: collections.abc.Sequence[mqt.core.mlir.CompilerTarget.SiteTuple] | None = None, duration: int | None = None, fidelity: float | None = None, *, fixed_parameters: collections.abc.Sequence[float | None] = [], canonical_name: str | None = None) -> None
    2. __init__(self, name: str, arity: int, num_parameters: int, site_tuples: collections.abc.Sequence[mqt.core.mlir.CompilerTarget.SiteTuple] | None = None, duration: int | None = None, fidelity: float | None = None, *, fixed_parameters: collections.abc.Sequence[float | None] = [], canonical_name: str | None = None) -> None

Invoked with types: mqt.core.mlir.OperationCapability, kwargs = { name: str, arity: int, num_parameters: int, parameter_bounds: list }",,,efficient_su2,905901,12795,e48e9e32a3eecd63bcfa23ae967012d415c08bf360c336f9f6e4625736f52e72,,symbolic,,,,,,,,synthetic,248.636603,"[233.40577, 248.636603, 247.007536, 249.409791, 251.018521]",69.265625,156,,target_unsupported,,,ibm_fractional_bounded,,
main,efficient_su2_156_symbolic,static: each control-flow region counted once,484,flat circuit,,195.581853,"[195.661438, 195.972271, 195.572318, 195.52702, 195.581853]",efficient_su2,905901,12795,e48e9e32a3eecd63bcfa23ae967012d415c08bf360c336f9f6e4625736f52e72,818863,symbolic,2496,1248,468,484,1248,0,"{""sx"": 1248, ""rz"": 1248, ""cx"": 468}",synthetic,246.09193,"[234.307665, 242.915799, 246.09193, 250.37447, 250.743688]",164.4375,156,6243,exported,1878.630319,"[1926.087145, 1878.630319, 1875.619308, 1877.89905, 1933.968491]",ibm_sxz_cx,468,"{""kind"": ""native_contract_only"", ""passed"": true, ""errors"": [], ""checked_instructions"": 8892, ""bindings"": 3, ""semantic_equivalence"": ""not checked at large width""}"
main,efficient_su2_156_symbolic,static: each control-flow region counted once,1890,flat circuit,,257.067295,"[256.617501, 257.067295, 261.044825, 257.29784, 256.971071]",efficient_su2,905901,12795,e48e9e32a3eecd63bcfa23ae967012d415c08bf360c336f9f6e4625736f52e72,1055437,symbolic,4839,2184,468,1890,2655,0,"{""sx"": 2184, ""rz"": 2655, ""cz"": 468}",synthetic,250.572615,"[233.374747, 242.760486, 253.937772, 251.318187, 250.572615]",174.3671875,156,8572,exported,2006.609409,"[1995.610717, 2004.611765, 2006.609409, 2009.484259, 2011.154846]",ibm_sxz_cz,468,"{""kind"": ""native_contract_only"", ""passed"": true, ""errors"": [], ""checked_instructions"": 15921, ""bindings"": 3, ""semantic_equivalence"": ""not checked at large width""}"
main,efficient_su2_156_symbolic,static: each control-flow region counted once,1891,flat circuit,,182.392858,"[182.392858, 181.40306, 183.236287, 181.539157, 186.966583]",efficient_su2,905901,12795,e48e9e32a3eecd63bcfa23ae967012d415c08bf360c336f9f6e4625736f52e72,873187,symbolic,6708,4056,468,1891,2652,0,"{""rx"": 4056, ""rz"": 2652, ""rzz"": 468}",synthetic,243.880092,"[239.364016, 239.131791, 243.880092, 255.289604, 271.572747]",160.01171875,156,2510,exported,1893.32953,"[1893.32953, 1891.803039, 1830.827376, 1894.422543, 1899.067085]",rxrz_rzz_unbounded,468,"{""kind"": ""native_contract_only"", ""passed"": true, ""errors"": [], ""checked_instructions"": 21528, ""bindings"": 3, ""semantic_equivalence"": ""not checked at large width""}"
main,efficient_su2_24_numeric,,,,"__init__(): incompatible function arguments. The following argument types are supported:
    1. __init__(self, name: str, arity: mqt.core.mlir.CompilerTarget.OperationArity, num_parameters: int, site_tuples: collections.abc.Sequence[mqt.core.mlir.CompilerTarget.SiteTuple] | None = None, duration: int | None = None, fidelity: float | None = None, *, fixed_parameters: collections.abc.Sequence[float | None] = [], canonical_name: str | None = None) -> None
    2. __init__(self, name: str, arity: int, num_parameters: int, site_tuples: collections.abc.Sequence[mqt.core.mlir.CompilerTarget.SiteTuple] | None = None, duration: int | None = None, fidelity: float | None = None, *, fixed_parameters: collections.abc.Sequence[float | None] = [], canonical_name: str | None = None) -> None

Invoked with types: mqt.core.mlir.OperationCapability, kwargs = { name: str, arity: int, num_parameters: int, parameter_bounds: list }",,,efficient_su2,100361,1971,e7b3f3bd599a6b09090b9f373108ed3d8800b4cf35da0d0d14eb6220309d90f8,,numeric,,,,,,,,synthetic,3.008211,"[3.193029, 2.935331, 3.008211, 3.37879, 3.000611]",70.35546875,24,,target_unsupported,,,ibm_fractional_bounded,,
main,efficient_su2_24_numeric,static: each control-flow region counted once,92,flat circuit,,1.989357,"[2.594881, 2.056525, 1.989357, 1.968077, 1.969725]",efficient_su2,100361,1971,e7b3f3bd599a6b09090b9f373108ed3d8800b4cf35da0d0d14eb6220309d90f8,55944,numeric,425,192,72,92,233,0,"{""rz"": 233, ""sx"": 192, ""cx"": 72}",synthetic,3.169988,"[3.169988, 3.367318, 2.952579, 3.642423, 3.03394]",122.921875,24,196,exported,11.616219,"[11.686955, 11.615451, 11.616219, 11.616843, 11.584683]",ibm_sxz_cx,72,"{""kind"": ""native_contract_only"", ""passed"": true, ""errors"": [], ""checked_instructions"": 497, ""bindings"": 1, ""semantic_equivalence"": ""not checked at large width""}"
main,efficient_su2_24_numeric,static: each control-flow region counted once,307,flat circuit,,2.936179,"[3.629959, 3.046324, 2.936179, 2.928291, 2.926227]",efficient_su2,100361,1971,e7b3f3bd599a6b09090b9f373108ed3d8800b4cf35da0d0d14eb6220309d90f8,76288,numeric,786,336,72,307,450,0,"{""rz"": 450, ""sx"": 336, ""cz"": 72}",synthetic,3.131012,"[3.131012, 2.995668, 3.682919, 3.161557, 3.009363]",125.46484375,24,201,exported,12.947955,"[13.074756, 12.947955, 12.953091, 12.933108, 12.918932]",ibm_sxz_cz,72,"{""kind"": ""native_contract_only"", ""passed"": true, ""errors"": [], ""checked_instructions"": 858, ""bindings"": 1, ""semantic_equivalence"": ""not checked at large width""}"
main,efficient_su2_24_numeric,,,,"Target synthesis failed: loc(""/home/nvidia/.codex/experiments/core-synthesis-large-20261004/corpus/efficient_su2_24_numeric.mlir"":1:1): target compilation requires a single-qubit synthesis basis
loc(""/home/nvidia/.codex/experiments/core-synthesis-large-20261004/corpus/efficient_su2_24_numeric.mlir"":1:1): failed to synthesize the QCO program for the target",,,efficient_su2,100361,1971,e7b3f3bd599a6b09090b9f373108ed3d8800b4cf35da0d0d14eb6220309d90f8,,numeric,,,,,,,,synthetic,3.047396,"[3.217781, 2.969491, 3.044403, 3.814313, 3.047396]",69.265625,24,,synthesis_failed,,,ionq_fixed_r_zz,,
main,efficient_su2_24_numeric,static: each control-flow region counted once,231,flat circuit,,2.948147,"[3.64684, 3.037252, 2.948147, 2.895154, 2.910995]",efficient_su2,100361,1971,e7b3f3bd599a6b09090b9f373108ed3d8800b4cf35da0d0d14eb6220309d90f8,80126,numeric,648,648,72,231,0,0,"{""r"": 648, ""cz"": 72}",synthetic,3.322965,"[3.223877, 3.326934, 3.322965, 3.062244, 3.335685]",123.765625,24,293,exported,12.63333,"[12.671538, 12.68469, 12.63333, 12.619842, 12.586818]",iqm_r_cz,72,"{""kind"": ""native_contract_only"", ""passed"": true, ""errors"": [], ""checked_instructions"": 720, ""bindings"": 1, ""semantic_equivalence"": ""not checked at large width""}"
main,efficient_su2_24_numeric,static: each control-flow region counted once,307,flat circuit,,4.942304,"[5.571508, 4.880432, 6.470697, 4.942304, 4.846288]",efficient_su2,100361,1971,e7b3f3bd599a6b09090b9f373108ed3d8800b4cf35da0d0d14eb6220309d90f8,79817,numeric,786,336,72,307,450,0,"{""rz"": 450, ""rxpi2"": 336, ""cz"": 72}",synthetic,3.183813,"[3.183813, 2.963251, 3.02218, 3.375349, 3.522855]",124.15234375,24,202,exported,13.265973,"[13.330038, 13.24383, 13.265973, 13.225845, 13.275877]",rigetti_rx_cz,72,"{""kind"": ""native_contract_only"", ""passed"": true, ""errors"": [], ""checked_instructions"": 858, ""bindings"": 1, ""semantic_equivalence"": ""not checked at large width""}"
main,efficient_su2_24_numeric,static: each control-flow region counted once,303,flat circuit,,3.168821,"[3.855929, 3.287237, 3.168164, 3.168821, 3.161124]",efficient_su2,100361,1971,e7b3f3bd599a6b09090b9f373108ed3d8800b4cf35da0d0d14eb6220309d90f8,83843,numeric,936,624,72,303,312,0,"{""rx"": 624, ""rz"": 312, ""rzz"": 72}",synthetic,3.078244,"[3.207029, 2.959363, 3.020339, 3.078244, 3.700888]",125.84765625,24,296,exported,12.33232,"[12.43208, 12.33232, 12.337472, 12.274639, 12.301328]",rxrz_rzz_unbounded,72,"{""kind"": ""native_contract_only"", ""passed"": true, ""errors"": [], ""checked_instructions"": 1008, ""bindings"": 1, ""semantic_equivalence"": ""not checked at large width""}"
main,efficient_su2_24_symbolic,,,,"__init__(): incompatible function arguments. The following argument types are supported:
    1. __init__(self, name: str, arity: mqt.core.mlir.CompilerTarget.OperationArity, num_parameters: int, site_tuples: collections.abc.Sequence[mqt.core.mlir.CompilerTarget.SiteTuple] | None = None, duration: int | None = None, fidelity: float | None = None, *, fixed_parameters: collections.abc.Sequence[float | None] = [], canonical_name: str | None = None) -> None
    2. __init__(self, name: str, arity: int, num_parameters: int, site_tuples: collections.abc.Sequence[mqt.core.mlir.CompilerTarget.SiteTuple] | None = None, duration: int | None = None, fidelity: float | None = None, *, fixed_parameters: collections.abc.Sequence[float | None] = [], canonical_name: str | None = None) -> None

Invoked with types: mqt.core.mlir.OperationCapability, kwargs = { name: str, arity: int, num_parameters: int, parameter_bounds: list }",,,efficient_su2,135018,1971,b25357c03cad38d490a854447dafef57f5b1cf14f81c88fb7605d1b1e9891255,,symbolic,,,,,,,,synthetic,8.311877,"[8.804537, 8.891625, 8.129205, 8.311877, 8.109236]",70.18359375,24,,target_unsupported,,,ibm_fractional_bounded,,
main,efficient_su2_24_symbolic,static: each control-flow region counted once,88,flat circuit,,8.349622,"[9.243004, 8.567303, 8.349622, 8.323621, 8.315094]",efficient_su2,135018,1971,b25357c03cad38d490a854447dafef57f5b1cf14f81c88fb7605d1b1e9891255,124046,symbolic,384,192,72,88,192,0,"{""sx"": 192, ""rz"": 192, ""cx"": 72}",synthetic,8.459046,"[8.766009, 8.65284, 8.084388, 8.459046, 8.337094]",128.63671875,24,963,exported,51.773389,"[51.805678, 52.886485, 51.773389, 51.718125, 51.699309]",ibm_sxz_cx,72,"{""kind"": ""native_contract_only"", ""passed"": true, ""errors"": [], ""checked_instructions"": 1368, ""bindings"": 3, ""semantic_equivalence"": ""not checked at large width""}"
main,efficient_su2_24_symbolic,static: each control-flow region counted once,306,flat circuit,,11.548522,"[12.206495, 11.571723, 11.548522, 11.373737, 11.38401]",efficient_su2,135018,1971,b25357c03cad38d490a854447dafef57f5b1cf14f81c88fb7605d1b1e9891255,159052,symbolic,747,336,72,306,411,0,"{""sx"": 336, ""rz"": 411, ""cz"": 72}",synthetic,8.32519,"[9.053306, 8.418854, 8.32519, 8.165604, 8.291254]",129.4609375,24,1312,exported,56.366363,"[56.41502, 56.366363, 56.339755, 56.363019, 57.522659]",ibm_sxz_cz,72,"{""kind"": ""native_contract_only"", ""passed"": true, ""errors"": [], ""checked_instructions"": 2457, ""bindings"": 3, ""semantic_equivalence"": ""not checked at large width""}"
main,efficient_su2_24_symbolic,,,,"Target synthesis failed: loc(""/home/nvidia/.codex/experiments/core-synthesis-large-20261004/corpus/efficient_su2_24_symbolic.mlir"":1:1): target compilation requires a single-qubit synthesis basis
loc(""/home/nvidia/.codex/experiments/core-synthesis-large-20261004/corpus/efficient_su2_24_symbolic.mlir"":1:1): failed to synthesize the QCO program for the target",,,efficient_su2,135018,1971,b25357c03cad38d490a854447dafef57f5b1cf14f81c88fb7605d1b1e9891255,,symbolic,,,,,,,,synthetic,8.195397,"[9.107771, 8.198101, 8.025108, 8.19442, 8.195397]",70.19921875,24,,synthesis_failed,,,ionq_fixed_r_zz,,
main,efficient_su2_24_symbolic,static: each control-flow region counted once,235,flat circuit,,8.327141,"[9.090619, 8.474407, 8.327141, 8.31583, 8.210229]",efficient_su2,135018,1971,b25357c03cad38d490a854447dafef57f5b1cf14f81c88fb7605d1b1e9891255,129327,symbolic,744,744,72,235,0,0,"{""r"": 744, ""cz"": 72}",synthetic,8.198341,"[9.255579, 8.115301, 8.103748, 8.198341, 8.35239]",128.73046875,24,393,exported,49.05006,"[49.05006, 49.07614, 48.969275, 48.925275, 49.079548]",iqm_r_cz,72,"{""kind"": ""native_contract_only"", ""passed"": true, ""errors"": [], ""checked_instructions"": 2448, ""bindings"": 3, ""semantic_equivalence"": ""not checked at large width""}"
main,efficient_su2_24_symbolic,static: each control-flow region counted once,306,flat circuit,,13.622184,"[14.233803, 13.464455, 15.50778, 13.622184, 13.440375]",efficient_su2,135018,1971,b25357c03cad38d490a854447dafef57f5b1cf14f81c88fb7605d1b1e9891255,162246,symbolic,747,336,72,306,411,0,"{""rxpi2"": 336, ""rz"": 411, ""cz"": 72}",synthetic,8.200932,"[9.32158, 8.200932, 7.975828, 8.212245, 8.101524]",130.0,24,1313,exported,51.597549,"[51.597549, 51.661549, 52.882708, 51.52638, 51.5387]",rigetti_rx_cz,72,"{""kind"": ""native_contract_only"", ""passed"": true, ""errors"": [], ""checked_instructions"": 2457, ""bindings"": 3, ""semantic_equivalence"": ""not checked at large width""}"
main,efficient_su2_24_symbolic,static: each control-flow region counted once,307,flat circuit,,9.082314,"[9.703983, 9.082314, 9.389181, 8.962009, 8.752329]",efficient_su2,135018,1971,b25357c03cad38d490a854447dafef57f5b1cf14f81c88fb7605d1b1e9891255,132788,symbolic,1032,624,72,307,408,0,"{""rx"": 624, ""rz"": 408, ""rzz"": 72}",synthetic,8.360358,"[8.989402, 8.465974, 8.155797, 8.191124, 8.360358]",127.3046875,24,398,exported,51.76683,"[53.106166, 51.703069, 51.656077, 51.76683, 53.12983]",rxrz_rzz_unbounded,72,"{""kind"": ""native_contract_only"", ""passed"": true, ""errors"": [], ""checked_instructions"": 3312, ""bindings"": 3, ""semantic_equivalence"": ""not checked at large width""}"
main,efficient_su2_36_numeric,,,,"__init__(): incompatible function arguments. The following argument types are supported:
    1. __init__(self, name: str, arity: mqt.core.mlir.CompilerTarget.OperationArity, num_parameters: int, site_tuples: collections.abc.Sequence[mqt.core.mlir.CompilerTarget.SiteTuple] | None = None, duration: int | None = None, fidelity: float | None = None, *, fixed_parameters: collections.abc.Sequence[float | None] = [], canonical_name: str | None = None) -> None
    2. __init__(self, name: str, arity: int, num_parameters: int, site_tuples: collections.abc.Sequence[mqt.core.mlir.CompilerTarget.SiteTuple] | None = None, duration: int | None = None, fidelity: float | None = None, *, fixed_parameters: collections.abc.Sequence[float | None] = [], canonical_name: str | None = None) -> None

Invoked with types: mqt.core.mlir.OperationCapability, kwargs = { name: str, arity: int, num_parameters: int, parameter_bounds: list }",,,efficient_su2,151821,2955,acc3915c88ad2bc8c35f8ebd0e7c5e1e446d4ef097fdec5edf080bf3e7997892,,numeric,,,,,,,,synthetic,4.39326,"[4.39326, 4.207755, 4.585757, 4.812799, 4.243243]",70.359375,36,,target_unsupported,,,ibm_fractional_bounded,,
main,efficient_su2_36_numeric,static: each control-flow region counted once,127,flat circuit,,3.093188,"[3.774072, 3.176868, 3.093188, 3.072067, 3.061524]",efficient_su2,151821,2955,acc3915c88ad2bc8c35f8ebd0e7c5e1e446d4ef097fdec5edf080bf3e7997892,84544,numeric,654,288,108,127,366,0,"{""sx"": 288, ""rz"": 366, ""cx"": 108}",synthetic,4.539677,"[4.365724, 4.540573, 4.210843, 4.539677, 4.601661]",123.8359375,36,293,exported,18.318277,"[18.460214, 18.296549, 18.310901, 18.318277, 18.371653]",ibm_sxz_cx,108,"{""kind"": ""native_contract_only"", ""passed"": true, ""errors"": [], ""checked_instructions"": 762, ""bindings"": 1, ""semantic_equivalence"": ""not checked at large width""}"
main,efficient_su2_36_numeric,static: each control-flow region counted once,450,flat circuit,,4.602013,"[5.479635, 4.692638, 4.602013, 4.562125, 4.566045]",efficient_su2,151821,2955,acc3915c88ad2bc8c35f8ebd0e7c5e1e446d4ef097fdec5edf080bf3e7997892,115953,numeric,1196,504,108,450,692,0,"{""sx"": 504, ""rz"": 692, ""cz"": 108}",synthetic,4.390188,"[4.390188, 4.231787, 4.546846, 4.828126, 4.247227]",126.66796875,36,298,exported,20.623795,"[20.668292, 20.623795, 20.577251, 20.687972, 20.558179]",ibm_sxz_cz,108,"{""kind"": ""native_contract_only"", ""passed"": true, ""errors"": [], ""checked_instructions"": 1304, ""bindings"": 1, ""semantic_equivalence"": ""not checked at large width""}"
main,efficient_su2_36_numeric,,,,"Target synthesis failed: loc(""/home/nvidia/.codex/experiments/core-synthesis-large-20261004/corpus/efficient_su2_36_numeric.mlir"":1:1): target compilation requires a single-qubit synthesis basis
loc(""/home/nvidia/.codex/experiments/core-synthesis-large-20261004/corpus/efficient_su2_36_numeric.mlir"":1:1): failed to synthesize the QCO program for the target",,,efficient_su2,151821,2955,acc3915c88ad2bc8c35f8ebd0e7c5e1e446d4ef097fdec5edf080bf3e7997892,,numeric,,,,,,,,synthetic,4.382716,"[4.382716, 4.173098, 4.552606, 4.798878, 4.266699]",69.265625,36,,synthesis_failed,,,ionq_fixed_r_zz,,
main,efficient_su2_36_numeric,static: each control-flow region counted once,339,flat circuit,,4.413276,"[5.227217, 4.588781, 4.413276, 4.379116, 4.396108]",efficient_su2,151821,2955,acc3915c88ad2bc8c35f8ebd0e7c5e1e446d4ef097fdec5edf080bf3e7997892,120042,numeric,972,972,108,339,0,0,"{""r"": 972, ""cz"": 108}",synthetic,4.539052,"[4.402316, 4.539052, 4.602925, 4.586381, 4.221035]",126.91015625,36,437,exported,19.767598,"[19.846447, 19.948303, 19.767598, 19.761294, 19.755822]",iqm_r_cz,108,"{""kind"": ""native_contract_only"", ""passed"": true, ""errors"": [], ""checked_instructions"": 1080, ""bindings"": 1, ""semantic_equivalence"": ""not checked at large width""}"
main,efficient_su2_36_numeric,static: each control-flow region counted once,450,flat circuit,,7.628497,"[8.138052, 9.083498, 7.628497, 7.349919, 7.335407]",efficient_su2,151821,2955,acc3915c88ad2bc8c35f8ebd0e7c5e1e446d4ef097fdec5edf080bf3e7997892,121497,numeric,1196,504,108,450,692,0,"{""rxpi2"": 504, ""rz"": 692, ""cz"": 108}",synthetic,4.387196,"[4.387196, 4.236939, 4.581166, 4.809278, 4.257963]",125.65625,36,299,exported,20.731972,"[20.797621, 20.731972, 20.755204, 20.72162, 20.72642]",rigetti_rx_cz,108,"{""kind"": ""native_contract_only"", ""passed"": true, ""errors"": [], ""checked_instructions"": 1304, ""bindings"": 1, ""semantic_equivalence"": ""not checked at large width""}"
main,efficient_su2_36_numeric,static: each control-flow region counted once,447,flat circuit,,4.849327,"[5.692468, 4.979072, 4.849327, 4.776078, 4.792271]",efficient_su2,151821,2955,acc3915c88ad2bc8c35f8ebd0e7c5e1e446d4ef097fdec5edf080bf3e7997892,126088,numeric,1404,936,108,447,468,0,"{""rx"": 936, ""rz"": 468, ""rzz"": 108}",synthetic,4.423388,"[4.423388, 4.139403, 4.817774, 4.617422, 4.224043]",127.34765625,36,440,exported,19.230235,"[19.346412, 19.384428, 19.230235, 19.21857, 19.199898]",rxrz_rzz_unbounded,108,"{""kind"": ""native_contract_only"", ""passed"": true, ""errors"": [], ""checked_instructions"": 1512, ""bindings"": 1, ""semantic_equivalence"": ""not checked at large width""}"
main,efficient_su2_36_symbolic,,,,"__init__(): incompatible function arguments. The following argument types are supported:
    1. __init__(self, name: str, arity: mqt.core.mlir.CompilerTarget.OperationArity, num_parameters: int, site_tuples: collections.abc.Sequence[mqt.core.mlir.CompilerTarget.SiteTuple] | None = None, duration: int | None = None, fidelity: float | None = None, *, fixed_parameters: collections.abc.Sequence[float | None] = [], canonical_name: str | None = None) -> None
    2. __init__(self, name: str, arity: int, num_parameters: int, site_tuples: collections.abc.Sequence[mqt.core.mlir.CompilerTarget.SiteTuple] | None = None, duration: int | None = None, fidelity: float | None = None, *, fixed_parameters: collections.abc.Sequence[float | None] = [], canonical_name: str | None = None) -> None

Invoked with types: mqt.core.mlir.OperationCapability, kwargs = { name: str, arity: int, num_parameters: int, parameter_bounds: list }",,,efficient_su2,203390,2955,e224064445495958e6dae7291b47e60883b96043ca14043d3945c72ee1d01eb9,,symbolic,,,,,,,,synthetic,15.616548,"[16.377704, 15.258321, 15.32709, 15.616548, 15.729668]",69.25,36,,target_unsupported,,,ibm_fractional_bounded,,
main,efficient_su2_36_symbolic,static: each control-flow region counted once,124,flat circuit,,15.413747,"[16.335608, 15.492291, 15.344498, 15.295537, 15.413747]",efficient_su2,203390,2955,e224064445495958e6dae7291b47e60883b96043ca14043d3945c72ee1d01eb9,186902,symbolic,576,288,108,124,288,0,"{""sx"": 288, ""rz"": 288, ""cx"": 108}",synthetic,15.619972,"[15.619972, 15.547251, 15.41997, 15.766373, 15.726692]",131.078125,36,1443,exported,110.786867,"[110.728258, 110.786867, 110.809491, 110.756754, 113.088481]",ibm_sxz_cx,108,"{""kind"": ""native_contract_only"", ""passed"": true, ""errors"": [], ""checked_instructions"": 2052, ""bindings"": 3, ""semantic_equivalence"": ""not checked at large width""}"
main,efficient_su2_36_symbolic,static: each control-flow region counted once,450,flat circuit,,21.007351,"[22.142669, 21.11343, 21.007351, 20.968997, 20.643252]",efficient_su2,203390,2955,e224064445495958e6dae7291b47e60883b96043ca14043d3945c72ee1d01eb9,239500,symbolic,1119,504,108,450,615,0,"{""sx"": 504, ""rz"": 615, ""cz"": 108}",synthetic,15.722372,"[15.949734, 15.654884, 15.722372, 15.871493, 15.585188]",134.390625,36,1972,exported,117.071659,"[116.947994, 120.069518, 117.071659, 120.041582, 116.821497]",ibm_sxz_cz,108,"{""kind"": ""native_contract_only"", ""passed"": true, ""errors"": [], ""checked_instructions"": 3681, ""bindings"": 3, ""semantic_equivalence"": ""not checked at large width""}"
main,efficient_su2_36_symbolic,,,,"Target synthesis failed: loc(""/home/nvidia/.codex/experiments/core-synthesis-large-20261004/corpus/efficient_su2_36_symbolic.mlir"":1:1): target compilation requires a single-qubit synthesis basis
loc(""/home/nvidia/.codex/experiments/core-synthesis-large-20261004/corpus/efficient_su2_36_symbolic.mlir"":1:1): failed to synthesize the QCO program for the target",,,efficient_su2,203390,2955,e224064445495958e6dae7291b47e60883b96043ca14043d3945c72ee1d01eb9,,symbolic,,,,,,,,synthetic,15.688868,"[15.761124, 15.688868, 15.7325, 15.618372, 15.503827]",70.19921875,36,,synthesis_failed,,,ionq_fixed_r_zz,,
main,efficient_su2_36_symbolic,static: each control-flow region counted once,343,flat circuit,,14.760606,"[15.668516, 14.827358, 14.760606, 14.506957, 14.513596]",efficient_su2,203390,2955,e224064445495958e6dae7291b47e60883b96043ca14043d3945c72ee1d01eb9,194763,symbolic,1116,1116,108,343,0,0,"{""r"": 1116, ""cz"": 108}",synthetic,15.672708,"[16.403561, 15.593459, 15.672708, 15.966966, 15.480483]",130.80859375,36,585,exported,103.08213,"[102.963601, 103.149394, 103.08213, 103.187698, 102.748271]",iqm_r_cz,108,"{""kind"": ""native_contract_only"", ""passed"": true, ""errors"": [], ""checked_instructions"": 3672, ""bindings"": 3, ""semantic_equivalence"": ""not checked at large width""}"
main,efficient_su2_36_symbolic,static: each control-flow region counted once,450,flat circuit,,25.626995,"[25.626995, 27.355103, 25.721156, 25.087472, 24.83611]",efficient_su2,203390,2955,e224064445495958e6dae7291b47e60883b96043ca14043d3945c72ee1d01eb9,244038,symbolic,1119,504,108,450,615,0,"{""rxpi2"": 504, ""rz"": 615, ""cz"": 108}",synthetic,15.58402,"[15.863365, 15.58402, 15.461858, 16.129831, 15.522275]",133.7890625,36,1973,exported,108.191394,"[108.319187, 108.399139, 108.109522, 108.095505, 108.191394]",rigetti_rx_cz,108,"{""kind"": ""native_contract_only"", ""passed"": true, ""errors"": [], ""checked_instructions"": 3681, ""bindings"": 3, ""semantic_equivalence"": ""not checked at large width""}"
main,efficient_su2_36_symbolic,static: each control-flow region counted once,451,flat circuit,,15.461267,"[16.265512, 15.499027, 15.284785, 15.36309, 15.461267]",efficient_su2,203390,2955,e224064445495958e6dae7291b47e60883b96043ca14043d3945c72ee1d01eb9,199755,symbolic,1548,936,108,451,612,0,"{""rx"": 936, ""rz"": 612, ""rzz"": 108}",synthetic,15.504579,"[16.243304, 15.323873, 15.372274, 15.504579, 15.523971]",130.94140625,36,590,exported,104.410314,"[104.082408, 104.410314, 106.840857, 104.083512, 104.44401]",rxrz_rzz_unbounded,108,"{""kind"": ""native_contract_only"", ""passed"": true, ""errors"": [], ""checked_instructions"": 4968, ""bindings"": 3, ""semantic_equivalence"": ""not checked at large width""}"
main,efficient_su2_54_numeric,,,,"__init__(): incompatible function arguments. The following argument types are supported:
    1. __init__(self, name: str, arity: mqt.core.mlir.CompilerTarget.OperationArity, num_parameters: int, site_tuples: collections.abc.Sequence[mqt.core.mlir.CompilerTarget.SiteTuple] | None = None, duration: int | None = None, fidelity: float | None = None, *, fixed_parameters: collections.abc.Sequence[float | None] = [], canonical_name: str | None = None) -> None
    2. __init__(self, name: str, arity: int, num_parameters: int, site_tuples: collections.abc.Sequence[mqt.core.mlir.CompilerTarget.SiteTuple] | None = None, duration: int | None = None, fidelity: float | None = None, *, fixed_parameters: collections.abc.Sequence[float | None] = [], canonical_name: str | None = None) -> None

Invoked with types: mqt.core.mlir.OperationCapability, kwargs = { name: str, arity: int, num_parameters: int, parameter_bounds: list }",,,efficient_su2,229583,4431,2bb4f8982727cfdabebbcaf410ce2f75c7c05f531c3de5962259319ead9beefe,,numeric,,,,,,,,synthetic,6.309112,"[6.645834, 6.547369, 6.309112, 6.136663, 6.176007]",69.4140625,54,,target_unsupported,,,ibm_fractional_bounded,,
main,efficient_su2_54_numeric,static: each control-flow region counted once,180,flat circuit,,4.719198,"[5.642788, 4.87107, 4.719198, 4.691038, 4.715358]",efficient_su2,229583,4431,2bb4f8982727cfdabebbcaf410ce2f75c7c05f531c3de5962259319ead9beefe,126282,numeric,974,432,162,180,542,0,"{""sx"": 432, ""rz"": 542, ""cx"": 162}",synthetic,6.195496,"[7.084461, 6.220391, 6.093974, 6.195496, 6.191623]",125.45703125,54,436,exported,30.011997,"[30.102334, 30.061358, 30.00259, 30.011997, 29.859661]",ibm_sxz_cx,162,"{""kind"": ""native_contract_only"", ""passed"": true, ""errors"": [], ""checked_instructions"": 1136, ""bindings"": 1, ""semantic_equivalence"": ""not checked at large width""}"
main,efficient_su2_54_numeric,static: each control-flow region counted once,666,flat circuit,,6.883596,"[7.90341, 7.029436, 6.867915, 6.883596, 6.823835]",efficient_su2,229583,4431,2bb4f8982727cfdabebbcaf410ce2f75c7c05f531c3de5962259319ead9beefe,173847,numeric,1786,756,162,666,1030,0,"{""sx"": 756, ""rz"": 1030, ""cz"": 162}",synthetic,6.173703,"[6.3062, 6.976716, 6.107303, 6.173703, 6.136823]",126.4453125,54,441,exported,33.281715,"[33.353123, 33.281715, 33.334163, 33.23813, 33.279395]",ibm_sxz_cz,162,"{""kind"": ""native_contract_only"", ""passed"": true, ""errors"": [], ""checked_instructions"": 1948, ""bindings"": 1, ""semantic_equivalence"": ""not checked at large width""}"
main,efficient_su2_54_numeric,,,,"Target synthesis failed: loc(""/home/nvidia/.codex/experiments/core-synthesis-large-20261004/corpus/efficient_su2_54_numeric.mlir"":1:1): target compilation requires a single-qubit synthesis basis
loc(""/home/nvidia/.codex/experiments/core-synthesis-large-20261004/corpus/efficient_su2_54_numeric.mlir"":1:1): failed to synthesize the QCO program for the target",,,efficient_su2,229583,4431,2bb4f8982727cfdabebbcaf410ce2f75c7c05f531c3de5962259319ead9beefe,,numeric,,,,,,,,synthetic,6.22116,"[6.649642, 6.530857, 6.218823, 6.22116, 6.200423]",70.20703125,54,,synthesis_failed,,,ionq_fixed_r_zz,,
main,efficient_su2_54_numeric,static: each control-flow region counted once,501,flat circuit,,6.738459,"[7.795041, 6.859851, 6.738459, 6.663194, 6.68257]",efficient_su2,229583,4431,2bb4f8982727cfdabebbcaf410ce2f75c7c05f531c3de5962259319ead9beefe,180705,numeric,1458,1458,162,501,0,0,"{""r"": 1458, ""cz"": 162}",synthetic,6.269608,"[6.269608, 6.326872, 6.713226, 6.152231, 6.161735]",126.7890625,54,653,exported,32.177723,"[32.279116, 32.24782, 32.177723, 32.139307, 32.139611]",iqm_r_cz,162,"{""kind"": ""native_contract_only"", ""passed"": true, ""errors"": [], ""checked_instructions"": 1620, ""bindings"": 1, ""semantic_equivalence"": ""not checked at large width""}"
main,efficient_su2_54_numeric,static: each control-flow region counted once,666,flat circuit,,11.029702,"[13.546597, 11.506985, 11.029702, 10.894309, 10.871556]",efficient_su2,229583,4431,2bb4f8982727cfdabebbcaf410ce2f75c7c05f531c3de5962259319ead9beefe,181886,numeric,1786,756,162,666,1030,0,"{""rxpi2"": 756, ""rz"": 1030, ""cz"": 162}",synthetic,6.217272,"[6.653898, 6.01119, 6.810219, 6.217272, 6.127174]",130.15234375,54,442,exported,33.55698,"[33.645925, 33.536756, 33.507379, 33.653765, 33.55698]",rigetti_rx_cz,162,"{""kind"": ""native_contract_only"", ""passed"": true, ""errors"": [], ""checked_instructions"": 1948, ""bindings"": 1, ""semantic_equivalence"": ""not checked at large width""}"
main,efficient_su2_54_numeric,static: each control-flow region counted once,663,flat circuit,,7.240461,"[8.301221, 7.461199, 7.240461, 7.192702, 7.220734]",efficient_su2,229583,4431,2bb4f8982727cfdabebbcaf410ce2f75c7c05f531c3de5962259319ead9beefe,189683,numeric,2106,1404,162,663,702,0,"{""rx"": 1404, ""rz"": 702, ""rzz"": 162}",synthetic,6.181543,"[7.086125, 6.187223, 6.181543, 6.173879, 6.175159]",131.7578125,54,656,exported,31.424583,"[31.630167, 31.511, 31.420535, 31.392182, 31.424583]",rxrz_rzz_unbounded,162,"{""kind"": ""native_contract_only"", ""passed"": true, ""errors"": [], ""checked_instructions"": 2268, ""bindings"": 1, ""semantic_equivalence"": ""not checked at large width""}"
main,efficient_su2_54_symbolic,,,,"__init__(): incompatible function arguments. The following argument types are supported:
    1. __init__(self, name: str, arity: mqt.core.mlir.CompilerTarget.OperationArity, num_parameters: int, site_tuples: collections.abc.Sequence[mqt.core.mlir.CompilerTarget.SiteTuple] | None = None, duration: int | None = None, fidelity: float | None = None, *, fixed_parameters: collections.abc.Sequence[float | None] = [], canonical_name: str | None = None) -> None
    2. __init__(self, name: str, arity: int, num_parameters: int, site_tuples: collections.abc.Sequence[mqt.core.mlir.CompilerTarget.SiteTuple] | None = None, duration: int | None = None, fidelity: float | None = None, *, fixed_parameters: collections.abc.Sequence[float | None] = [], canonical_name: str | None = None) -> None

Invoked with types: mqt.core.mlir.OperationCapability, kwargs = { name: str, arity: int, num_parameters: int, parameter_bounds: list }",,,efficient_su2,308078,4431,c5437db5a453ec704ddd8594c5a6b46f38693fab95be17016e22296e824b7a98,,symbolic,,,,,,,,synthetic,31.295702,"[31.271957, 31.135877, 31.295702, 32.066427, 32.122219]",70.203125,54,,target_unsupported,,,ibm_fractional_bounded,,
main,efficient_su2_54_symbolic,static: each control-flow region counted once,178,flat circuit,,29.344298,"[29.909837, 29.845148, 28.982551, 28.974855, 29.344298]",efficient_su2,308078,4431,c5437db5a453ec704ddd8594c5a6b46f38693fab95be17016e22296e824b7a98,282050,symbolic,864,432,162,178,432,0,"{""sx"": 432, ""rz"": 432, ""cx"": 162}",synthetic,31.553399,"[31.705945, 31.553399, 31.129909, 31.31895, 32.104523]",135.33984375,54,2163,exported,231.001651,"[237.388077, 230.813698, 230.821202, 231.001651, 231.348662]",ibm_sxz_cx,162,"{""kind"": ""native_contract_only"", ""passed"": true, ""errors"": [], ""checked_instructions"": 3078, ""bindings"": 3, ""semantic_equivalence"": ""not checked at large width""}"
main,efficient_su2_54_symbolic,static: each control-flow region counted once,666,flat circuit,,40.653665,"[41.286213, 40.653665, 40.591041, 40.814994, 40.344958]",efficient_su2,308078,4431,c5437db5a453ec704ddd8594c5a6b46f38693fab95be17016e22296e824b7a98,361059,symbolic,1677,756,162,666,921,0,"{""sx"": 756, ""rz"": 921, ""cz"": 162}",synthetic,31.280534,"[31.280534, 30.99554, 31.238085, 32.019275, 32.095594]",138.21484375,54,2962,exported,259.057349,"[258.935221, 265.660831, 259.140981, 258.976069, 259.057349]",ibm_sxz_cz,162,"{""kind"": ""native_contract_only"", ""passed"": true, ""errors"": [], ""checked_instructions"": 5517, ""bindings"": 3, ""semantic_equivalence"": ""not checked at large width""}"
main,efficient_su2_54_symbolic,,,,"Target synthesis failed: loc(""/home/nvidia/.codex/experiments/core-synthesis-large-20261004/corpus/efficient_su2_54_symbolic.mlir"":1:1): target compilation requires a single-qubit synthesis basis
loc(""/home/nvidia/.codex/experiments/core-synthesis-large-20261004/corpus/efficient_su2_54_symbolic.mlir"":1:1): failed to synthesize the QCO program for the target",,,efficient_su2,308078,4431,c5437db5a453ec704ddd8594c5a6b46f38693fab95be17016e22296e824b7a98,,symbolic,,,,,,,,synthetic,31.5898,"[31.213733, 31.153637, 32.089899, 32.34694, 31.5898]",69.26953125,54,,synthesis_failed,,,ionq_fixed_r_zz,,
main,efficient_su2_54_symbolic,static: each control-flow region counted once,505,flat circuit,,27.145979,"[27.838624, 27.232988, 26.983611, 26.82609, 27.145979]",efficient_su2,308078,4431,c5437db5a453ec704ddd8594c5a6b46f38693fab95be17016e22296e824b7a98,294428,symbolic,1674,1674,162,505,0,0,"{""r"": 1674, ""cz"": 162}",synthetic,31.896745,"[31.287078, 31.673992, 31.896745, 31.926458, 32.062699]",133.16015625,54,873,exported,219.414122,"[219.414122, 219.64838, 219.506555, 219.35537, 219.346731]",iqm_r_cz,162,"{""kind"": ""native_contract_only"", ""passed"": true, ""errors"": [], ""checked_instructions"": 5508, ""bindings"": 3, ""semantic_equivalence"": ""not checked at large width""}"
main,efficient_su2_54_symbolic,static: each control-flow region counted once,666,flat circuit,,44.057046,"[47.247578, 44.334936, 43.920438, 43.99351, 44.057046]",efficient_su2,308078,4431,c5437db5a453ec704ddd8594c5a6b46f38693fab95be17016e22296e824b7a98,367590,symbolic,1677,756,162,666,921,0,"{""rxpi2"": 756, ""rz"": 921, ""cz"": 162}",synthetic,31.210053,"[31.078421, 30.948035, 31.210053, 31.967817, 31.391703]",140.48046875,54,2963,exported,227.332348,"[226.823113, 226.887833, 233.536435, 227.332348, 233.197938]",rigetti_rx_cz,162,"{""kind"": ""native_contract_only"", ""passed"": true, ""errors"": [], ""checked_instructions"": 5517, ""bindings"": 3, ""semantic_equivalence"": ""not checked at large width""}"
main,efficient_su2_54_symbolic,static: each control-flow region counted once,667,flat circuit,,29.120328,"[29.658123, 29.279561, 28.945255, 29.120328, 28.714934]",efficient_su2,308078,4431,c5437db5a453ec704ddd8594c5a6b46f38693fab95be17016e22296e824b7a98,301076,symbolic,2322,1404,162,667,918,0,"{""rx"": 1404, ""rz"": 918, ""rzz"": 162}",synthetic,31.691656,"[31.691656, 31.518919, 31.755913, 31.921465, 31.342614]",142.046875,54,878,exported,224.479147,"[224.276409, 224.479147, 231.544647, 224.39393, 231.260853]",rxrz_rzz_unbounded,162,"{""kind"": ""native_contract_only"", ""passed"": true, ""errors"": [], ""checked_instructions"": 7452, ""bindings"": 3, ""semantic_equivalence"": ""not checked at large width""}"
main,equatorial_frames_104_numeric,,,,"__init__(): incompatible function arguments. The following argument types are supported:
    1. __init__(self, name: str, arity: mqt.core.mlir.CompilerTarget.OperationArity, num_parameters: int, site_tuples: collections.abc.Sequence[mqt.core.mlir.CompilerTarget.SiteTuple] | None = None, duration: int | None = None, fidelity: float | None = None, *, fixed_parameters: collections.abc.Sequence[float | None] = [], canonical_name: str | None = None) -> None
    2. __init__(self, name: str, arity: int, num_parameters: int, site_tuples: collections.abc.Sequence[mqt.core.mlir.CompilerTarget.SiteTuple] | None = None, duration: int | None = None, fidelity: float | None = None, *, fixed_parameters: collections.abc.Sequence[float | None] = [], canonical_name: str | None = None) -> None

Invoked with types: mqt.core.mlir.OperationCapability, kwargs = { name: str, arity: int, num_parameters: int, parameter_bounds: list }",,,equatorial_frames,371189,7491,10964f41c3c481187a48d9bacf0821c9d2a9034a807023a090e145229e593b69,,numeric,,,,,,,,synthetic,9.349179,"[9.992559, 9.188746, 9.172394, 9.459259, 9.349179]",69.2265625,104,,target_unsupported,,,ibm_fractional_bounded,,
main,equatorial_frames_104_numeric,static: each control-flow region counted once,2497,flat circuit,,12.42891,"[13.72287, 12.566816, 12.42891, 12.37779, 12.369102]",equatorial_frames,371189,7491,10964f41c3c481187a48d9bacf0821c9d2a9034a807023a090e145229e593b69,289274,numeric,3121,1248,312,2497,1873,0,"{""rz"": 1873, ""sx"": 1248, ""cx"": 312}",synthetic,9.32081,"[9.974639, 9.205834, 9.231562, 9.461532, 9.32081]",135.68359375,104,321,exported,51.303828,"[51.328355, 51.446853, 51.294323, 51.303828, 51.269075]",ibm_sxz_cx,312,"{""kind"": ""native_contract_only"", ""passed"": true, ""errors"": [], ""checked_instructions"": 3433, ""bindings"": 1, ""semantic_equivalence"": ""not checked at large width""}"
main,equatorial_frames_104_numeric,static: each control-flow region counted once,1872,flat circuit,,8.044755,"[9.051017, 8.096483, 7.877297, 8.044755, 7.832593]",equatorial_frames,371189,7491,10964f41c3c481187a48d9bacf0821c9d2a9034a807023a090e145229e593b69,198438,numeric,1560,624,312,1872,936,0,"{""rz"": 936, ""sx"": 624, ""cz"": 312}",synthetic,9.407724,"[10.336225, 9.278091, 9.262202, 9.558524, 9.407724]",129.203125,104,317,exported,45.90829,"[46.120962, 45.844433, 45.90829, 45.995922, 45.823249]",ibm_sxz_cz,312,"{""kind"": ""native_contract_only"", ""passed"": true, ""errors"": [], ""checked_instructions"": 1872, ""bindings"": 1, ""semantic_equivalence"": ""not checked at large width""}"
main,equatorial_frames_104_numeric,static: each control-flow region counted once,1873,flat circuit,,8.825159,"[10.040544, 9.085321, 8.712743, 8.722071, 8.825159]",equatorial_frames,371189,7491,10964f41c3c481187a48d9bacf0821c9d2a9034a807023a090e145229e593b69,237141,numeric,2184,1248,312,1873,936,0,"{""rx"": 1248, ""rz"": 936, ""rzz"": 312}",synthetic,9.374811,"[10.255809, 9.179129, 9.231099, 9.374811, 9.421211]",137.33984375,104,942,exported,46.1861,"[46.1861, 46.142931, 46.241428, 46.095315, 46.206179]",rxrz_rzz_unbounded,312,"{""kind"": ""native_contract_only"", ""passed"": true, ""errors"": [], ""checked_instructions"": 2496, ""bindings"": 1, ""semantic_equivalence"": ""not checked at large width""}"
main,equatorial_frames_104_symbolic,,,,"__init__(): incompatible function arguments. The following argument types are supported:
    1. __init__(self, name: str, arity: mqt.core.mlir.CompilerTarget.OperationArity, num_parameters: int, site_tuples: collections.abc.Sequence[mqt.core.mlir.CompilerTarget.SiteTuple] | None = None, duration: int | None = None, fidelity: float | None = None, *, fixed_parameters: collections.abc.Sequence[float | None] = [], canonical_name: str | None = None) -> None
    2. __init__(self, name: str, arity: int, num_parameters: int, site_tuples: collections.abc.Sequence[mqt.core.mlir.CompilerTarget.SiteTuple] | None = None, duration: int | None = None, fidelity: float | None = None, *, fixed_parameters: collections.abc.Sequence[float | None] = [], canonical_name: str | None = None) -> None

Invoked with types: mqt.core.mlir.OperationCapability, kwargs = { name: str, arity: int, num_parameters: int, parameter_bounds: list }",,,equatorial_frames,425445,7491,680e63a1a1ed9d1ebf788373934d3bcaa10f7d4a84bc1539d2209f6660d87253,,symbolic,,,,,,,,synthetic,28.646965,"[27.793951, 28.646965, 28.438611, 28.705765, 28.722469]",69.23046875,104,,target_unsupported,,,ibm_fractional_bounded,,
main,equatorial_frames_104_symbolic,static: each control-flow region counted once,2497,flat circuit,,43.392961,"[44.125815, 44.954347, 43.389905, 43.355122, 43.392961]",equatorial_frames,425445,7491,680e63a1a1ed9d1ebf788373934d3bcaa10f7d4a84bc1539d2209f6660d87253,464375,symbolic,3121,1248,312,2497,1873,0,"{""rz"": 1873, ""sx"": 1248, ""cx"": 312}",synthetic,28.828229,"[27.979281, 28.95951, 28.649541, 28.828229, 30.581233]",142.9609375,104,3124,exported,194.553626,"[193.556931, 194.553626, 195.000973, 196.017955, 193.822885]",ibm_sxz_cx,312,"{""kind"": ""native_contract_only"", ""passed"": true, ""errors"": [], ""checked_instructions"": 10299, ""bindings"": 3, ""semantic_equivalence"": ""not checked at large width""}"
main,equatorial_frames_104_symbolic,static: each control-flow region counted once,1872,flat circuit,,25.152078,"[25.784995, 25.814803, 25.152078, 24.862573, 24.954957]",equatorial_frames,425445,7491,680e63a1a1ed9d1ebf788373934d3bcaa10f7d4a84bc1539d2209f6660d87253,314521,symbolic,1560,624,312,1872,936,0,"{""rz"": 936, ""sx"": 624, ""cz"": 312}",synthetic,28.957142,"[28.364003, 29.050471, 28.791094, 29.029511, 28.957142]",136.29296875,104,1565,exported,178.407988,"[178.407988, 178.536293, 177.822433, 181.678393, 178.193811]",ibm_sxz_cz,312,"{""kind"": ""native_contract_only"", ""passed"": true, ""errors"": [], ""checked_instructions"": 5616, ""bindings"": 3, ""semantic_equivalence"": ""not checked at large width""}"
main,equatorial_frames_104_symbolic,static: each control-flow region counted once,2185,flat circuit,,18.879143,"[19.883437, 18.911383, 18.654198, 18.584885, 18.879143]",equatorial_frames,425445,7491,680e63a1a1ed9d1ebf788373934d3bcaa10f7d4a84bc1539d2209f6660d87253,274452,symbolic,2496,1248,312,2185,1248,0,"{""rz"": 1248, ""rx"": 1248, ""rzz"": 312}",synthetic,29.063191,"[28.053761, 28.643557, 29.063191, 29.143319, 29.322153]",141.171875,104,9,exported,165.524835,"[167.759137, 165.062576, 165.524835, 167.434175, 163.856009]",rxrz_rzz_unbounded,312,"{""kind"": ""native_contract_only"", ""passed"": true, ""errors"": [], ""checked_instructions"": 8424, ""bindings"": 3, ""semantic_equivalence"": ""not checked at large width""}"
main,equatorial_frames_156_numeric,,,,"__init__(): incompatible function arguments. The following argument types are supported:
    1. __init__(self, name: str, arity: mqt.core.mlir.CompilerTarget.OperationArity, num_parameters: int, site_tuples: collections.abc.Sequence[mqt.core.mlir.CompilerTarget.SiteTuple] | None = None, duration: int | None = None, fidelity: float | None = None, *, fixed_parameters: collections.abc.Sequence[float | None] = [], canonical_name: str | None = None) -> None
    2. __init__(self, name: str, arity: int, num_parameters: int, site_tuples: collections.abc.Sequence[mqt.core.mlir.CompilerTarget.SiteTuple] | None = None, duration: int | None = None, fidelity: float | None = None, *, fixed_parameters: collections.abc.Sequence[float | None] = [], canonical_name: str | None = None) -> None

Invoked with types: mqt.core.mlir.OperationCapability, kwargs = { name: str, arity: int, num_parameters: int, parameter_bounds: list }",,,equatorial_frames,560264,11235,8e0ec71bb9d9757b881772665e8baf74c25ae2a345d5bfd1d41ddafe7e5a150b,,numeric,,,,,,,,synthetic,14.296986,"[14.668237, 14.038312, 14.239225, 14.484155, 14.296986]",69.26953125,156,,target_unsupported,,,ibm_fractional_bounded,,
main,equatorial_frames_156_numeric,static: each control-flow region counted once,3745,flat circuit,,20.143567,"[21.32839, 20.05731, 19.874493, 20.143567, 20.418976]",equatorial_frames,560264,11235,8e0ec71bb9d9757b881772665e8baf74c25ae2a345d5bfd1d41ddafe7e5a150b,435379,numeric,4681,1872,468,3745,2809,0,"{""rz"": 2809, ""sx"": 1872, ""cx"": 468}",synthetic,14.296106,"[14.939165, 14.131928, 14.270378, 14.468843, 14.296106]",141.89453125,156,477,exported,85.532137,"[85.306952, 85.652203, 85.694539, 85.532137, 85.27596]",ibm_sxz_cx,468,"{""kind"": ""native_contract_only"", ""passed"": true, ""errors"": [], ""checked_instructions"": 5149, ""bindings"": 1, ""semantic_equivalence"": ""not checked at large width""}"
main,equatorial_frames_156_numeric,static: each control-flow region counted once,2808,flat circuit,,12.683136,"[13.863463, 12.806177, 12.644511, 12.683136, 12.585183]",equatorial_frames,560264,11235,8e0ec71bb9d9757b881772665e8baf74c25ae2a345d5bfd1d41ddafe7e5a150b,299264,numeric,2340,936,468,2808,1404,0,"{""rz"": 1404, ""sx"": 936, ""cz"": 468}",synthetic,14.299354,"[14.299354, 13.981336, 14.280778, 14.430474, 14.401739]",136.4453125,156,473,exported,76.919748,"[76.949715, 76.839298, 77.020692, 76.644658, 76.919748]",ibm_sxz_cz,468,"{""kind"": ""native_contract_only"", ""passed"": true, ""errors"": [], ""checked_instructions"": 2808, ""bindings"": 1, ""semantic_equivalence"": ""not checked at large width""}"
main,equatorial_frames_156_numeric,static: each control-flow region counted once,2809,flat circuit,,13.629654,"[14.799549, 13.772087, 13.617221, 13.629654, 13.529397]",equatorial_frames,560264,11235,8e0ec71bb9d9757b881772665e8baf74c25ae2a345d5bfd1d41ddafe7e5a150b,357392,numeric,3276,1872,468,2809,1404,0,"{""rx"": 1872, ""rz"": 1404, ""rzz"": 468}",synthetic,14.243273,"[14.195225, 14.058488, 14.243273, 14.464475, 14.504859]",138.828125,156,1410,exported,76.76053,"[76.76053, 76.825795, 76.635393, 77.083508, 76.709874]",rxrz_rzz_unbounded,468,"{""kind"": ""native_contract_only"", ""passed"": true, ""errors"": [], ""checked_instructions"": 3744, ""bindings"": 1, ""semantic_equivalence"": ""not checked at large width""}"
main,equatorial_frames_156_symbolic,,,,"__init__(): incompatible function arguments. The following argument types are supported:
    1. __init__(self, name: str, arity: mqt.core.mlir.CompilerTarget.OperationArity, num_parameters: int, site_tuples: collections.abc.Sequence[mqt.core.mlir.CompilerTarget.SiteTuple] | None = None, duration: int | None = None, fidelity: float | None = None, *, fixed_parameters: collections.abc.Sequence[float | None] = [], canonical_name: str | None = None) -> None
    2. __init__(self, name: str, arity: int, num_parameters: int, site_tuples: collections.abc.Sequence[mqt.core.mlir.CompilerTarget.SiteTuple] | None = None, duration: int | None = None, fidelity: float | None = None, *, fixed_parameters: collections.abc.Sequence[float | None] = [], canonical_name: str | None = None) -> None

Invoked with types: mqt.core.mlir.OperationCapability, kwargs = { name: str, arity: int, num_parameters: int, parameter_bounds: list }",,,equatorial_frames,641817,11235,8af98b0e4bcfaa51b3e98d40c4a16fdf56af0d2e66702648e0bba82b6525c050,,symbolic,,,,,,,,synthetic,63.336974,"[57.699083, 60.990015, 64.182467, 63.389647, 63.336974]",69.24609375,156,,target_unsupported,,,ibm_fractional_bounded,,
main,equatorial_frames_156_symbolic,static: each control-flow region counted once,3745,flat circuit,,81.45512,"[82.511591, 81.297454, 81.45512, 81.21195, 81.546881]",equatorial_frames,641817,11235,8af98b0e4bcfaa51b3e98d40c4a16fdf56af0d2e66702648e0bba82b6525c050,697491,symbolic,4681,1872,468,3745,2809,0,"{""rz"": 2809, ""sx"": 1872, ""cx"": 468}",synthetic,62.84969,"[58.495775, 62.84969, 61.773813, 63.596847, 64.2489]",156.08984375,156,4684,exported,411.550889,"[408.556823, 411.62329, 411.466473, 412.662225, 411.550889]",ibm_sxz_cx,468,"{""kind"": ""native_contract_only"", ""passed"": true, ""errors"": [], ""checked_instructions"": 15447, ""bindings"": 3, ""semantic_equivalence"": ""not checked at large width""}"
main,equatorial_frames_156_symbolic,static: each control-flow region counted once,2808,flat circuit,,49.282534,"[48.980579, 49.282534, 49.143749, 49.43047, 49.348886]",equatorial_frames,641817,11235,8af98b0e4bcfaa51b3e98d40c4a16fdf56af0d2e66702648e0bba82b6525c050,472757,symbolic,2340,936,468,2808,1404,0,"{""rz"": 1404, ""sx"": 936, ""cz"": 468}",synthetic,63.192285,"[58.604944, 62.961516, 63.301406, 63.192285, 65.002888]",148.55859375,156,2345,exported,395.753591,"[395.753591, 390.72815, 415.572947, 396.314794, 389.169661]",ibm_sxz_cz,468,"{""kind"": ""native_contract_only"", ""passed"": true, ""errors"": [], ""checked_instructions"": 8424, ""bindings"": 3, ""semantic_equivalence"": ""not checked at large width""}"
main,equatorial_frames_156_symbolic,static: each control-flow region counted once,3277,flat circuit,,35.026812,"[36.592534, 35.026812, 34.926011, 35.135277, 34.831371]",equatorial_frames,641817,11235,8af98b0e4bcfaa51b3e98d40c4a16fdf56af0d2e66702648e0bba82b6525c050,412559,symbolic,3744,1872,468,3277,1872,0,"{""rz"": 1872, ""rx"": 1872, ""rzz"": 468}",synthetic,62.206663,"[57.847084, 61.624259, 62.206663, 63.027228, 63.348494]",143.58203125,156,9,exported,350.585418,"[350.200136, 350.585418, 357.660103, 350.578682, 358.46526]",rxrz_rzz_unbounded,468,"{""kind"": ""native_contract_only"", ""passed"": true, ""errors"": [], ""checked_instructions"": 12636, ""bindings"": 3, ""semantic_equivalence"": ""not checked at large width""}"
main,equatorial_frames_24_numeric,,,,"__init__(): incompatible function arguments. The following argument types are supported:
    1. __init__(self, name: str, arity: mqt.core.mlir.CompilerTarget.OperationArity, num_parameters: int, site_tuples: collections.abc.Sequence[mqt.core.mlir.CompilerTarget.SiteTuple] | None = None, duration: int | None = None, fidelity: float | None = None, *, fixed_parameters: collections.abc.Sequence[float | None] = [], canonical_name: str | None = None) -> None
    2. __init__(self, name: str, arity: int, num_parameters: int, site_tuples: collections.abc.Sequence[mqt.core.mlir.CompilerTarget.SiteTuple] | None = None, duration: int | None = None, fidelity: float | None = None, *, fixed_parameters: collections.abc.Sequence[float | None] = [], canonical_name: str | None = None) -> None

Invoked with types: mqt.core.mlir.OperationCapability, kwargs = { name: str, arity: int, num_parameters: int, parameter_bounds: list }",,,equatorial_frames,83039,1731,586b7bcef81b9bc1f69aa9896d41d53c281efb27014b680bf8baed11f34ef08f,,numeric,,,,,,,,synthetic,2.714626,"[2.714626, 2.528896, 2.518208, 2.905843, 2.963827]",70.1953125,24,,target_unsupported,,,ibm_fractional_bounded,,
main,equatorial_frames_24_numeric,static: each control-flow region counted once,577,flat circuit,,2.629217,"[3.292885, 2.75781, 2.629217, 2.609713, 2.625073]",equatorial_frames,83039,1731,586b7bcef81b9bc1f69aa9896d41d53c281efb27014b680bf8baed11f34ef08f,66138,numeric,721,288,72,577,433,0,"{""rz"": 433, ""sx"": 288, ""cx"": 72}",synthetic,2.561376,"[2.724226, 2.51024, 2.561376, 2.549617, 2.905091]",123.1171875,24,81,exported,10.109793,"[10.16093, 10.109793, 10.097425, 10.087249, 10.174257]",ibm_sxz_cx,72,"{""kind"": ""native_contract_only"", ""passed"": true, ""errors"": [], ""checked_instructions"": 793, ""bindings"": 1, ""semantic_equivalence"": ""not checked at large width""}"
main,equatorial_frames_24_numeric,static: each control-flow region counted once,432,flat circuit,,1.714555,"[2.27411, 1.790428, 1.714555, 1.699867, 1.685771]",equatorial_frames,83039,1731,586b7bcef81b9bc1f69aa9896d41d53c281efb27014b680bf8baed11f34ef08f,45879,numeric,360,144,72,432,216,0,"{""rz"": 216, ""sx"": 144, ""cz"": 72}",synthetic,2.71725,"[2.721921, 2.584017, 2.494464, 3.309637, 2.71725]",124.46875,24,77,exported,8.953737,"[9.02465, 8.986233, 8.947177, 8.953737, 8.926889]",ibm_sxz_cz,72,"{""kind"": ""native_contract_only"", ""passed"": true, ""errors"": [], ""checked_instructions"": 432, ""bindings"": 1, ""semantic_equivalence"": ""not checked at large width""}"
main,equatorial_frames_24_numeric,,,,"Target synthesis failed: loc(""/home/nvidia/.codex/experiments/core-synthesis-large-20261004/corpus/equatorial_frames_24_numeric.mlir"":1:1): target compilation requires a single-qubit synthesis basis
loc(""/home/nvidia/.codex/experiments/core-synthesis-large-20261004/corpus/equatorial_frames_24_numeric.mlir"":1:1): failed to synthesize the QCO program for the target",,,equatorial_frames,83039,1731,586b7bcef81b9bc1f69aa9896d41d53c281efb27014b680bf8baed11f34ef08f,,numeric,,,,,,,,synthetic,2.578512,"[2.749393, 2.578512, 2.484768, 2.566593, 3.208724]",70.19921875,24,,synthesis_failed,,,ionq_fixed_r_zz,,
main,equatorial_frames_24_numeric,static: each control-flow region counted once,288,flat circuit,,1.611162,"[2.18147, 1.668299, 1.611162, 1.587674, 1.586651]",equatorial_frames,83039,1731,586b7bcef81b9bc1f69aa9896d41d53c281efb27014b680bf8baed11f34ef08f,48344,numeric,216,216,72,288,0,0,"{""r"": 216, ""cz"": 72}",synthetic,2.627873,"[2.722753, 2.523473, 2.496544, 2.627873, 2.901011]",124.37109375,24,219,exported,8.866601,"[8.947418, 8.866601, 8.858505, 8.826921, 8.872025]",iqm_r_cz,72,"{""kind"": ""native_contract_only"", ""passed"": true, ""errors"": [], ""checked_instructions"": 288, ""bindings"": 1, ""semantic_equivalence"": ""not checked at large width""}"
main,equatorial_frames_24_numeric,static: each control-flow region counted once,432,flat circuit,,2.665185,"[3.173812, 2.67173, 2.582256, 2.665185, 2.542529]",equatorial_frames,83039,1731,586b7bcef81b9bc1f69aa9896d41d53c281efb27014b680bf8baed11f34ef08f,47680,numeric,360,144,72,432,216,0,"{""rz"": 216, ""rxpi2"": 144, ""cz"": 72}",synthetic,2.702018,"[2.702018, 2.567712, 2.463984, 2.893475, 3.101028]",122.76171875,24,78,exported,9.253692,"[9.3199, 9.265787, 9.229403, 9.253692, 9.205788]",rigetti_rx_cz,72,"{""kind"": ""native_contract_only"", ""passed"": true, ""errors"": [], ""checked_instructions"": 432, ""bindings"": 1, ""semantic_equivalence"": ""not checked at large width""}"
main,equatorial_frames_24_numeric,static: each control-flow region counted once,433,flat circuit,,1.950364,"[2.534065, 2.041741, 1.950364, 1.937325, 1.945308]",equatorial_frames,83039,1731,586b7bcef81b9bc1f69aa9896d41d53c281efb27014b680bf8baed11f34ef08f,54558,numeric,504,288,72,433,216,0,"{""rx"": 288, ""rz"": 216, ""rzz"": 72}",synthetic,2.56184,"[2.741506, 2.496944, 2.495824, 2.563393, 2.56184]",123.015625,24,222,exported,9.070331,"[9.127947, 9.074618, 9.070331, 9.05153, 9.037306]",rxrz_rzz_unbounded,72,"{""kind"": ""native_contract_only"", ""passed"": true, ""errors"": [], ""checked_instructions"": 576, ""bindings"": 1, ""semantic_equivalence"": ""not checked at large width""}"
main,equatorial_frames_24_symbolic,,,,"__init__(): incompatible function arguments. The following argument types are supported:
    1. __init__(self, name: str, arity: mqt.core.mlir.CompilerTarget.OperationArity, num_parameters: int, site_tuples: collections.abc.Sequence[mqt.core.mlir.CompilerTarget.SiteTuple] | None = None, duration: int | None = None, fidelity: float | None = None, *, fixed_parameters: collections.abc.Sequence[float | None] = [], canonical_name: str | None = None) -> None
    2. __init__(self, name: str, arity: int, num_parameters: int, site_tuples: collections.abc.Sequence[mqt.core.mlir.CompilerTarget.SiteTuple] | None = None, duration: int | None = None, fidelity: float | None = None, *, fixed_parameters: collections.abc.Sequence[float | None] = [], canonical_name: str | None = None) -> None

Invoked with types: mqt.core.mlir.OperationCapability, kwargs = { name: str, arity: int, num_parameters: int, parameter_bounds: list }",,,equatorial_frames,95410,1731,015689d3fa1e90f687a17c27c6a6e4b1e0f3a5fc91549d65e97d72aed9a66eae,,symbolic,,,,,,,,synthetic,3.675304,"[3.812793, 3.982393, 3.571319, 3.658312, 3.675304]",70.203125,24,,target_unsupported,,,ibm_fractional_bounded,,
main,equatorial_frames_24_symbolic,static: each control-flow region counted once,577,flat circuit,,6.083992,"[7.003517, 6.192008, 6.081351, 6.083992, 6.035463]",equatorial_frames,95410,1731,015689d3fa1e90f687a17c27c6a6e4b1e0f3a5fc91549d65e97d72aed9a66eae,105934,symbolic,721,288,72,577,433,0,"{""rz"": 433, ""sx"": 288, ""cx"": 72}",synthetic,3.864745,"[4.200971, 3.910473, 3.864745, 3.68572, 3.71228]",126.74609375,24,724,exported,18.371127,"[18.371127, 18.343511, 18.515223, 18.322262, 18.503431]",ibm_sxz_cx,72,"{""kind"": ""native_contract_only"", ""passed"": true, ""errors"": [], ""checked_instructions"": 2379, ""bindings"": 3, ""semantic_equivalence"": ""not checked at large width""}"
main,equatorial_frames_24_symbolic,static: each control-flow region counted once,432,flat circuit,,3.618936,"[4.335772, 3.723352, 3.618936, 3.592503, 3.573367]",equatorial_frames,95410,1731,015689d3fa1e90f687a17c27c6a6e4b1e0f3a5fc91549d65e97d72aed9a66eae,71648,symbolic,360,144,72,432,216,0,"{""rz"": 216, ""sx"": 144, ""cz"": 72}",synthetic,3.732904,"[3.899289, 4.32254, 3.732904, 3.70188, 3.721415]",125.4453125,24,365,exported,16.272953,"[16.362521, 16.287672, 16.268953, 16.272953, 16.211785]",ibm_sxz_cz,72,"{""kind"": ""native_contract_only"", ""passed"": true, ""errors"": [], ""checked_instructions"": 1296, ""bindings"": 3, ""semantic_equivalence"": ""not checked at large width""}"
main,equatorial_frames_24_symbolic,,,,"Target synthesis failed: loc(""/home/nvidia/.codex/experiments/core-synthesis-large-20261004/corpus/equatorial_frames_24_symbolic.mlir"":1:1): target compilation requires a single-qubit synthesis basis
loc(""/home/nvidia/.codex/experiments/core-synthesis-large-20261004/corpus/equatorial_frames_24_symbolic.mlir"":1:1): failed to synthesize the QCO program for the target",,,equatorial_frames,95410,1731,015689d3fa1e90f687a17c27c6a6e4b1e0f3a5fc91549d65e97d72aed9a66eae,,symbolic,,,,,,,,synthetic,3.840633,"[3.840633, 3.693095, 3.66644, 4.333996, 4.009802]",70.1953125,24,,synthesis_failed,,,ionq_fixed_r_zz,,
main,equatorial_frames_24_symbolic,static: each control-flow region counted once,360,flat circuit,,3.610151,"[4.29374, 3.700008, 3.610151, 3.599975, 3.58044]",equatorial_frames,95410,1731,015689d3fa1e90f687a17c27c6a6e4b1e0f3a5fc91549d65e97d72aed9a66eae,66887,symbolic,288,288,72,360,0,0,"{""r"": 288, ""cz"": 72}",synthetic,3.854377,"[3.854377, 4.037786, 3.586375, 4.143659, 3.80652]",123.41015625,24,297,exported,14.811935,"[14.811935, 15.461619, 14.763327, 14.90616, 14.746719]",iqm_r_cz,72,"{""kind"": ""native_contract_only"", ""passed"": true, ""errors"": [], ""checked_instructions"": 1080, ""bindings"": 3, ""semantic_equivalence"": ""not checked at large width""}"
main,equatorial_frames_24_symbolic,static: each control-flow region counted once,432,flat circuit,,4.517997,"[5.227442, 4.517997, 4.398412, 4.54843, 4.339116]",equatorial_frames,95410,1731,015689d3fa1e90f687a17c27c6a6e4b1e0f3a5fc91549d65e97d72aed9a66eae,73306,symbolic,360,144,72,432,216,0,"{""rz"": 216, ""rxpi2"": 144, ""cz"": 72}",synthetic,3.703304,"[3.843401, 3.572487, 3.637752, 4.022362, 3.703304]",123.93359375,24,366,exported,16.669627,"[16.75894, 16.669627, 16.457594, 16.698859, 16.456602]",rigetti_rx_cz,72,"{""kind"": ""native_contract_only"", ""passed"": true, ""errors"": [], ""checked_instructions"": 1296, ""bindings"": 3, ""semantic_equivalence"": ""not checked at large width""}"
main,equatorial_frames_24_symbolic,static: each control-flow region counted once,505,flat circuit,,2.86013,"[3.491735, 2.921619, 2.86013, 2.823874, 2.825426]",equatorial_frames,95410,1731,015689d3fa1e90f687a17c27c6a6e4b1e0f3a5fc91549d65e97d72aed9a66eae,63115,symbolic,576,288,72,505,288,0,"{""rz"": 288, ""rx"": 288, ""rzz"": 72}",synthetic,3.86404,"[3.86404, 3.698808, 3.939658, 4.231403, 3.704168]",125.0078125,24,9,exported,14.792703,"[14.881856, 14.792703, 14.811663, 14.784415, 14.757583]",rxrz_rzz_unbounded,72,"{""kind"": ""native_contract_only"", ""passed"": true, ""errors"": [], ""checked_instructions"": 1944, ""bindings"": 3, ""semantic_equivalence"": ""not checked at large width""}"
main,equatorial_frames_36_numeric,,,,"__init__(): incompatible function arguments. The following argument types are supported:
    1. __init__(self, name: str, arity: mqt.core.mlir.CompilerTarget.OperationArity, num_parameters: int, site_tuples: collections.abc.Sequence[mqt.core.mlir.CompilerTarget.SiteTuple] | None = None, duration: int | None = None, fidelity: float | None = None, *, fixed_parameters: collections.abc.Sequence[float | None] = [], canonical_name: str | None = None) -> None
    2. __init__(self, name: str, arity: int, num_parameters: int, site_tuples: collections.abc.Sequence[mqt.core.mlir.CompilerTarget.SiteTuple] | None = None, duration: int | None = None, fidelity: float | None = None, *, fixed_parameters: collections.abc.Sequence[float | None] = [], canonical_name: str | None = None) -> None

Invoked with types: mqt.core.mlir.OperationCapability, kwargs = { name: str, arity: int, num_parameters: int, parameter_bounds: list }",,,equatorial_frames,125310,2595,2ee1d92370426e0089c9c09325898f1b812b06c1456395df1b18f037c1c53fa2,,numeric,,,,,,,,synthetic,3.539414,"[3.761112, 3.518022, 3.466486, 4.238171, 3.539414]",70.16015625,36,,target_unsupported,,,ibm_fractional_bounded,,
main,equatorial_frames_36_numeric,static: each control-flow region counted once,865,flat circuit,,4.037594,"[4.849599, 4.159851, 4.037594, 4.015065, 4.026474]",equatorial_frames,125310,2595,2ee1d92370426e0089c9c09325898f1b812b06c1456395df1b18f037c1c53fa2,99592,numeric,1081,432,108,865,649,0,"{""rz"": 649, ""sx"": 432, ""cx"": 108}",synthetic,3.620727,"[3.719368, 3.569655, 3.495798, 3.620727, 4.295963]",126.26171875,36,117,exported,15.479715,"[15.527251, 15.428963, 15.502707, 15.479715, 15.426578]",ibm_sxz_cx,108,"{""kind"": ""native_contract_only"", ""passed"": true, ""errors"": [], ""checked_instructions"": 1189, ""bindings"": 1, ""semantic_equivalence"": ""not checked at large width""}"
main,equatorial_frames_36_numeric,static: each control-flow region counted once,648,flat circuit,,2.612801,"[3.238437, 2.685089, 2.612801, 2.584672, 2.569649]",equatorial_frames,125310,2595,2ee1d92370426e0089c9c09325898f1b812b06c1456395df1b18f037c1c53fa2,68586,numeric,540,216,108,648,324,0,"{""rz"": 324, ""sx"": 216, ""cz"": 108}",synthetic,3.861336,"[3.753688, 3.861336, 3.896569, 3.911225, 3.554039]",123.34375,36,113,exported,13.802248,"[13.972474, 13.803784, 13.802248, 13.729624, 13.763752]",ibm_sxz_cz,108,"{""kind"": ""native_contract_only"", ""passed"": true, ""errors"": [], ""checked_instructions"": 648, ""bindings"": 1, ""semantic_equivalence"": ""not checked at large width""}"
main,equatorial_frames_36_numeric,,,,"Target synthesis failed: loc(""/home/nvidia/.codex/experiments/core-synthesis-large-20261004/corpus/equatorial_frames_36_numeric.mlir"":1:1): target compilation requires a single-qubit synthesis basis
loc(""/home/nvidia/.codex/experiments/core-synthesis-large-20261004/corpus/equatorial_frames_36_numeric.mlir"":1:1): failed to synthesize the QCO program for the target",,,equatorial_frames,125310,2595,2ee1d92370426e0089c9c09325898f1b812b06c1456395df1b18f037c1c53fa2,,numeric,,,,,,,,synthetic,3.755832,"[3.755832, 3.463718, 3.908041, 4.02441, 3.594487]",70.19921875,36,,synthesis_failed,,,ionq_fixed_r_zz,,
main,equatorial_frames_36_numeric,static: each control-flow region counted once,432,flat circuit,,2.418719,"[3.042435, 2.515857, 2.418719, 2.393695, 2.389759]",equatorial_frames,125310,2595,2ee1d92370426e0089c9c09325898f1b812b06c1456395df1b18f037c1c53fa2,72251,numeric,324,324,108,432,0,0,"{""r"": 324, ""cz"": 108}",synthetic,3.522374,"[3.673959, 3.518438, 3.519398, 4.29822, 3.522374]",125.1015625,36,327,exported,13.579751,"[13.677863, 13.579751, 13.552598, 13.596071, 13.545255]",iqm_r_cz,108,"{""kind"": ""native_contract_only"", ""passed"": true, ""errors"": [], ""checked_instructions"": 432, ""bindings"": 1, ""semantic_equivalence"": ""not checked at large width""}"
main,equatorial_frames_36_numeric,static: each control-flow region counted once,648,flat circuit,,3.869576,"[4.62515, 4.043178, 3.869576, 3.815401, 3.823416]",equatorial_frames,125310,2595,2ee1d92370426e0089c9c09325898f1b812b06c1456395df1b18f037c1c53fa2,71250,numeric,540,216,108,648,324,0,"{""rz"": 324, ""rxpi2"": 216, ""cz"": 108}",synthetic,3.500982,"[3.673704, 3.427046, 3.424998, 3.947433, 3.500982]",125.44921875,36,114,exported,14.255755,"[14.225291, 14.255755, 15.38381, 14.287515, 14.245226]",rigetti_rx_cz,108,"{""kind"": ""native_contract_only"", ""passed"": true, ""errors"": [], ""checked_instructions"": 648, ""bindings"": 1, ""semantic_equivalence"": ""not checked at large width""}"
main,equatorial_frames_36_numeric,static: each control-flow region counted once,649,flat circuit,,2.930835,"[3.643048, 3.043267, 2.930835, 2.909666, 2.905635]",equatorial_frames,125310,2595,2ee1d92370426e0089c9c09325898f1b812b06c1456395df1b18f037c1c53fa2,81382,numeric,756,432,108,649,324,0,"{""rx"": 432, ""rz"": 324, ""rzz"": 108}",synthetic,3.666024,"[3.807544, 3.505623, 4.445612, 3.666024, 3.504358]",125.80078125,36,330,exported,13.892632,"[13.931576, 13.898345, 13.860777, 13.856616, 13.892632]",rxrz_rzz_unbounded,108,"{""kind"": ""native_contract_only"", ""passed"": true, ""errors"": [], ""checked_instructions"": 864, ""bindings"": 1, ""semantic_equivalence"": ""not checked at large width""}"
main,equatorial_frames_36_symbolic,,,,"__init__(): incompatible function arguments. The following argument types are supported:
    1. __init__(self, name: str, arity: mqt.core.mlir.CompilerTarget.OperationArity, num_parameters: int, site_tuples: collections.abc.Sequence[mqt.core.mlir.CompilerTarget.SiteTuple] | None = None, duration: int | None = None, fidelity: float | None = None, *, fixed_parameters: collections.abc.Sequence[float | None] = [], canonical_name: str | None = None) -> None
    2. __init__(self, name: str, arity: int, num_parameters: int, site_tuples: collections.abc.Sequence[mqt.core.mlir.CompilerTarget.SiteTuple] | None = None, duration: int | None = None, fidelity: float | None = None, *, fixed_parameters: collections.abc.Sequence[float | None] = [], canonical_name: str | None = None) -> None

Invoked with types: mqt.core.mlir.OperationCapability, kwargs = { name: str, arity: int, num_parameters: int, parameter_bounds: list }",,,equatorial_frames,143886,2595,003809b829d696edc2c71561c9182f48c86a5465f84bf7a06dcc5fe716cedbcd,,symbolic,,,,,,,,synthetic,6.086359,"[6.086359, 6.199463, 6.520234, 5.99759, 5.95863]",69.26953125,36,,target_unsupported,,,ibm_fractional_bounded,,
main,equatorial_frames_36_symbolic,static: each control-flow region counted once,865,flat circuit,,9.853423,"[10.707076, 10.010512, 9.853423, 9.758638, 9.840447]",equatorial_frames,143886,2595,003809b829d696edc2c71561c9182f48c86a5465f84bf7a06dcc5fe716cedbcd,159894,symbolic,1081,432,108,865,649,0,"{""rz"": 649, ""sx"": 432, ""cx"": 108}",synthetic,6.020614,"[6.459577, 6.484777, 5.889974, 6.020614, 5.917414]",128.09375,36,1084,exported,33.231907,"[32.937858, 32.961458, 33.234036, 33.352836, 33.231907]",ibm_sxz_cx,108,"{""kind"": ""native_contract_only"", ""passed"": true, ""errors"": [], ""checked_instructions"": 3567, ""bindings"": 3, ""semantic_equivalence"": ""not checked at large width""}"
main,equatorial_frames_36_symbolic,static: each control-flow region counted once,648,flat circuit,,5.755813,"[6.554554, 5.889477, 5.755813, 5.736148, 5.729397]",equatorial_frames,143886,2595,003809b829d696edc2c71561c9182f48c86a5465f84bf7a06dcc5fe716cedbcd,107960,symbolic,540,216,108,648,324,0,"{""rz"": 324, ""sx"": 216, ""cz"": 108}",synthetic,6.150007,"[6.150007, 6.482953, 6.155335, 6.059719, 5.921478]",124.7421875,36,545,exported,29.555356,"[29.685261, 29.555356, 29.536237, 29.570972, 29.470828]",ibm_sxz_cz,108,"{""kind"": ""native_contract_only"", ""passed"": true, ""errors"": [], ""checked_instructions"": 1944, ""bindings"": 3, ""semantic_equivalence"": ""not checked at large width""}"
main,equatorial_frames_36_symbolic,,,,"Target synthesis failed: loc(""/home/nvidia/.codex/experiments/core-synthesis-large-20261004/corpus/equatorial_frames_36_symbolic.mlir"":1:1): target compilation requires a single-qubit synthesis basis
loc(""/home/nvidia/.codex/experiments/core-synthesis-large-20261004/corpus/equatorial_frames_36_symbolic.mlir"":1:1): failed to synthesize the QCO program for the target",,,equatorial_frames,143886,2595,003809b829d696edc2c71561c9182f48c86a5465f84bf7a06dcc5fe716cedbcd,,symbolic,,,,,,,,synthetic,6.167944,"[6.173847, 6.313192, 6.167944, 5.99687, 5.879973]",69.265625,36,,synthesis_failed,,,ionq_fixed_r_zz,,
main,equatorial_frames_36_symbolic,static: each control-flow region counted once,540,flat circuit,,5.795989,"[6.67377, 5.87215, 5.780853, 5.795989, 5.783573]",equatorial_frames,143886,2595,003809b829d696edc2c71561c9182f48c86a5465f84bf7a06dcc5fe716cedbcd,100375,symbolic,432,432,108,540,0,0,"{""r"": 432, ""cz"": 108}",synthetic,6.077319,"[6.47169, 6.510985, 5.900934, 6.077319, 5.937205]",126.5625,36,441,exported,27.55544,"[27.55544, 27.561151, 27.894898, 27.504992, 27.484575]",iqm_r_cz,108,"{""kind"": ""native_contract_only"", ""passed"": true, ""errors"": [], ""checked_instructions"": 1620, ""bindings"": 3, ""semantic_equivalence"": ""not checked at large width""}"
main,equatorial_frames_36_symbolic,static: each control-flow region counted once,648,flat circuit,,7.004157,"[7.787809, 7.238174, 7.004157, 6.958812, 6.92478]",equatorial_frames,143886,2595,003809b829d696edc2c71561c9182f48c86a5465f84bf7a06dcc5fe716cedbcd,110194,symbolic,540,216,108,648,324,0,"{""rz"": 324, ""rxpi2"": 216, ""cz"": 108}",synthetic,6.021078,"[6.870492, 6.038086, 5.908486, 6.021078, 5.979638]",128.76953125,36,546,exported,30.499826,"[30.499826, 30.773941, 30.51165, 30.264961, 30.404818]",rigetti_rx_cz,108,"{""kind"": ""native_contract_only"", ""passed"": true, ""errors"": [], ""checked_instructions"": 1944, ""bindings"": 3, ""semantic_equivalence"": ""not checked at large width""}"
main,equatorial_frames_36_symbolic,static: each control-flow region counted once,757,flat circuit,,4.490364,"[5.437715, 4.597053, 4.490364, 4.460461, 4.464076]",equatorial_frames,143886,2595,003809b829d696edc2c71561c9182f48c86a5465f84bf7a06dcc5fe716cedbcd,94402,symbolic,864,432,108,757,432,0,"{""rz"": 432, ""rx"": 432, ""rzz"": 108}",synthetic,6.047606,"[6.174504, 6.744619, 5.926022, 6.047606, 5.919078]",125.94921875,36,9,exported,27.222989,"[27.28755, 27.222989, 27.21771, 27.565856, 27.201325]",rxrz_rzz_unbounded,108,"{""kind"": ""native_contract_only"", ""passed"": true, ""errors"": [], ""checked_instructions"": 2916, ""bindings"": 3, ""semantic_equivalence"": ""not checked at large width""}"
main,equatorial_frames_54_numeric,,,,"__init__(): incompatible function arguments. The following argument types are supported:
    1. __init__(self, name: str, arity: mqt.core.mlir.CompilerTarget.OperationArity, num_parameters: int, site_tuples: collections.abc.Sequence[mqt.core.mlir.CompilerTarget.SiteTuple] | None = None, duration: int | None = None, fidelity: float | None = None, *, fixed_parameters: collections.abc.Sequence[float | None] = [], canonical_name: str | None = None) -> None
    2. __init__(self, name: str, arity: int, num_parameters: int, site_tuples: collections.abc.Sequence[mqt.core.mlir.CompilerTarget.SiteTuple] | None = None, duration: int | None = None, fidelity: float | None = None, *, fixed_parameters: collections.abc.Sequence[float | None] = [], canonical_name: str | None = None) -> None

Invoked with types: mqt.core.mlir.OperationCapability, kwargs = { name: str, arity: int, num_parameters: int, parameter_bounds: list }",,,equatorial_frames,189070,3891,dc812866f4b7684adb699b9b4d52deaccd1e6bdac28269ec588e4d07b5b3b1b5,,numeric,,,,,,,,synthetic,5.032192,"[5.489858, 5.618084, 4.985295, 5.032192, 4.99256]",70.20703125,54,,target_unsupported,,,ibm_fractional_bounded,,
main,equatorial_frames_54_numeric,static: each control-flow region counted once,1297,flat circuit,,6.136679,"[7.059341, 6.219767, 6.136679, 6.095175, 6.074102]",equatorial_frames,189070,3891,dc812866f4b7684adb699b9b4d52deaccd1e6bdac28269ec588e4d07b5b3b1b5,149803,numeric,1621,648,162,1297,973,0,"{""rz"": 973, ""sx"": 648, ""cx"": 162}",synthetic,5.279057,"[5.114784, 5.35893, 5.58138, 5.279057, 5.07248]",125.6328125,54,171,exported,24.077176,"[24.07172, 24.077176, 24.139577, 24.07084, 24.108072]",ibm_sxz_cx,162,"{""kind"": ""native_contract_only"", ""passed"": true, ""errors"": [], ""checked_instructions"": 1783, ""bindings"": 1, ""semantic_equivalence"": ""not checked at large width""}"
main,equatorial_frames_54_numeric,static: each control-flow region counted once,972,flat circuit,,4.05073,"[4.847966, 4.10201, 4.05073, 3.975897, 3.969657]",equatorial_frames,189070,3891,dc812866f4b7684adb699b9b4d52deaccd1e6bdac28269ec588e4d07b5b3b1b5,102513,numeric,810,324,162,972,486,0,"{""rz"": 486, ""sx"": 324, ""cz"": 162}",synthetic,5.171665,"[5.171665, 5.300721, 5.571571, 5.091697, 5.030143]",126.08984375,54,168,exported,21.513544,"[21.595193, 21.557048, 21.503528, 21.446536, 21.513544]",ibm_sxz_cz,162,"{""kind"": ""native_contract_only"", ""passed"": true, ""errors"": [], ""checked_instructions"": 972, ""bindings"": 1, ""semantic_equivalence"": ""not checked at large width""}"
main,equatorial_frames_54_numeric,,,,"Target synthesis failed: loc(""/home/nvidia/.codex/experiments/core-synthesis-large-20261004/corpus/equatorial_frames_54_numeric.mlir"":1:1): target compilation requires a single-qubit synthesis basis
loc(""/home/nvidia/.codex/experiments/core-synthesis-large-20261004/corpus/equatorial_frames_54_numeric.mlir"":1:1): failed to synthesize the QCO program for the target",,,equatorial_frames,189070,3891,dc812866f4b7684adb699b9b4d52deaccd1e6bdac28269ec588e4d07b5b3b1b5,,numeric,,,,,,,,synthetic,5.113984,"[5.113984, 5.269649, 5.61506, 5.062976, 4.969439]",70.203125,54,,synthesis_failed,,,ionq_fixed_r_zz,,
main,equatorial_frames_54_numeric,static: each control-flow region counted once,648,flat circuit,,3.690727,"[4.466892, 3.836232, 3.690727, 3.67316, 3.627207]",equatorial_frames,189070,3891,dc812866f4b7684adb699b9b4d52deaccd1e6bdac28269ec588e4d07b5b3b1b5,108076,numeric,486,486,162,648,0,0,"{""r"": 486, ""cz"": 162}",synthetic,5.174929,"[5.174929, 5.211729, 5.474547, 5.032255, 5.032048]",126.109375,54,489,exported,21.246423,"[21.361767, 21.246423, 21.239734, 21.199894, 21.283126]",iqm_r_cz,162,"{""kind"": ""native_contract_only"", ""passed"": true, ""errors"": [], ""checked_instructions"": 648, ""bindings"": 1, ""semantic_equivalence"": ""not checked at large width""}"
main,equatorial_frames_54_numeric,static: each control-flow region counted once,972,flat circuit,,6.167671,"[6.757482, 5.926086, 7.647792, 6.167671, 5.797589]",equatorial_frames,189070,3891,dc812866f4b7684adb699b9b4d52deaccd1e6bdac28269ec588e4d07b5b3b1b5,106177,numeric,810,324,162,972,486,0,"{""rz"": 486, ""rxpi2"": 324, ""cz"": 162}",synthetic,5.154064,"[5.154064, 5.550964, 5.329393, 5.089904, 4.9812]",126.48046875,54,168,exported,22.107355,"[22.178444, 22.13174, 22.008251, 22.10462, 22.107355]",rigetti_rx_cz,162,"{""kind"": ""native_contract_only"", ""passed"": true, ""errors"": [], ""checked_instructions"": 972, ""bindings"": 1, ""semantic_equivalence"": ""not checked at large width""}"
main,equatorial_frames_54_numeric,static: each control-flow region counted once,973,flat circuit,,4.482332,"[5.370898, 4.574477, 4.482332, 4.474716, 4.4159]",equatorial_frames,189070,3891,dc812866f4b7684adb699b9b4d52deaccd1e6bdac28269ec588e4d07b5b3b1b5,121992,numeric,1134,648,162,973,486,0,"{""rx"": 648, ""rz"": 486, ""rzz"": 162}",synthetic,5.036592,"[5.526995, 5.597252, 4.999871, 5.036592, 4.986688]",127.25,54,492,exported,21.598904,"[21.664057, 21.612633, 21.598904, 21.515736, 21.53548]",rxrz_rzz_unbounded,162,"{""kind"": ""native_contract_only"", ""passed"": true, ""errors"": [], ""checked_instructions"": 1296, ""bindings"": 1, ""semantic_equivalence"": ""not checked at large width""}"
main,equatorial_frames_54_symbolic,,,,"__init__(): incompatible function arguments. The following argument types are supported:
    1. __init__(self, name: str, arity: mqt.core.mlir.CompilerTarget.OperationArity, num_parameters: int, site_tuples: collections.abc.Sequence[mqt.core.mlir.CompilerTarget.SiteTuple] | None = None, duration: int | None = None, fidelity: float | None = None, *, fixed_parameters: collections.abc.Sequence[float | None] = [], canonical_name: str | None = None) -> None
    2. __init__(self, name: str, arity: int, num_parameters: int, site_tuples: collections.abc.Sequence[mqt.core.mlir.CompilerTarget.SiteTuple] | None = None, duration: int | None = None, fidelity: float | None = None, *, fixed_parameters: collections.abc.Sequence[float | None] = [], canonical_name: str | None = None) -> None

Invoked with types: mqt.core.mlir.OperationCapability, kwargs = { name: str, arity: int, num_parameters: int, parameter_bounds: list }",,,equatorial_frames,217182,3891,0bf07086805c6121c6907527e5557b0fafae27353125de752e03cac13ec040a1,,symbolic,,,,,,,,synthetic,10.176432,"[11.152662, 10.07952, 10.176432, 10.258945, 10.140288]",70.19140625,54,,target_unsupported,,,ibm_fractional_bounded,,
main,equatorial_frames_54_symbolic,static: each control-flow region counted once,1297,flat circuit,,16.681129,"[17.752096, 17.345374, 16.681129, 16.555385, 16.527688]",equatorial_frames,217182,3891,0bf07086805c6121c6907527e5557b0fafae27353125de752e03cac13ec040a1,240570,symbolic,1621,648,162,1297,973,0,"{""rz"": 973, ""sx"": 648, ""cx"": 162}",synthetic,10.568451,"[10.7449, 10.739988, 10.389457, 10.454834, 10.568451]",133.171875,54,1624,exported,62.593116,"[62.856909, 62.593116, 63.52837, 61.996039, 62.30769]",ibm_sxz_cx,162,"{""kind"": ""native_contract_only"", ""passed"": true, ""errors"": [], ""checked_instructions"": 5349, ""bindings"": 3, ""semantic_equivalence"": ""not checked at large width""}"
main,equatorial_frames_54_symbolic,static: each control-flow region counted once,972,flat circuit,,9.775342,"[10.554243, 9.877918, 9.775342, 9.678797, 9.650077]",equatorial_frames,217182,3891,0bf07086805c6121c6907527e5557b0fafae27353125de752e03cac13ec040a1,162796,symbolic,810,324,162,972,486,0,"{""rz"": 486, ""sx"": 324, ""cz"": 162}",synthetic,10.281153,"[11.191014, 10.092224, 10.231377, 10.281153, 10.298449]",130.02734375,54,816,exported,56.9978,"[56.9978, 57.011928, 57.028312, 56.987928, 56.98108]",ibm_sxz_cz,162,"{""kind"": ""native_contract_only"", ""passed"": true, ""errors"": [], ""checked_instructions"": 2916, ""bindings"": 3, ""semantic_equivalence"": ""not checked at large width""}"
main,equatorial_frames_54_symbolic,,,,"Target synthesis failed: loc(""/home/nvidia/.codex/experiments/core-synthesis-large-20261004/corpus/equatorial_frames_54_symbolic.mlir"":1:1): target compilation requires a single-qubit synthesis basis
loc(""/home/nvidia/.codex/experiments/core-synthesis-large-20261004/corpus/equatorial_frames_54_symbolic.mlir"":1:1): failed to synthesize the QCO program for the target",,,equatorial_frames,217182,3891,0bf07086805c6121c6907527e5557b0fafae27353125de752e03cac13ec040a1,,symbolic,,,,,,,,synthetic,10.259377,"[11.094454, 10.073728, 10.259377, 10.285633, 10.248753]",69.25,54,,synthesis_failed,,,ionq_fixed_r_zz,,
main,equatorial_frames_54_symbolic,static: each control-flow region counted once,810,flat circuit,,9.571933,"[10.491906, 9.671517, 9.571933, 9.496892, 9.408427]",equatorial_frames,217182,3891,0bf07086805c6121c6907527e5557b0fafae27353125de752e03cac13ec040a1,151371,symbolic,648,648,162,810,0,0,"{""r"": 648, ""cz"": 162}",synthetic,10.225185,"[11.306232, 10.062847, 10.225185, 10.279745, 10.209969]",129.8125,54,657,exported,53.625379,"[54.437464, 53.638163, 53.625379, 53.455361, 53.21976]",iqm_r_cz,162,"{""kind"": ""native_contract_only"", ""passed"": true, ""errors"": [], ""checked_instructions"": 2430, ""bindings"": 3, ""semantic_equivalence"": ""not checked at large width""}"
main,equatorial_frames_54_symbolic,static: each control-flow region counted once,972,flat circuit,,11.919436,"[12.585775, 11.558249, 13.512853, 11.919436, 11.42028]",equatorial_frames,217182,3891,0bf07086805c6121c6907527e5557b0fafae27353125de752e03cac13ec040a1,165814,symbolic,810,324,162,972,486,0,"{""rz"": 486, ""rxpi2"": 324, ""cz"": 162}",synthetic,10.243968,"[11.236599, 10.05832, 10.243968, 10.360706, 10.23648]",130.45703125,54,816,exported,57.449787,"[57.449787, 57.939982, 56.995864, 57.904942, 57.19289]",rigetti_rx_cz,162,"{""kind"": ""native_contract_only"", ""passed"": true, ""errors"": [], ""checked_instructions"": 2916, ""bindings"": 3, ""semantic_equivalence"": ""not checked at large width""}"
main,equatorial_frames_54_symbolic,static: each control-flow region counted once,1135,flat circuit,,7.589248,"[8.42015, 7.658816, 7.589248, 7.522736, 7.494831]",equatorial_frames,217182,3891,0bf07086805c6121c6907527e5557b0fafae27353125de752e03cac13ec040a1,141992,symbolic,1296,648,162,1135,648,0,"{""rz"": 648, ""rx"": 648, ""rzz"": 162}",synthetic,10.074112,"[11.162054, 10.006431, 10.060528, 10.353745, 10.074112]",129.234375,54,9,exported,51.96748,"[51.999145, 51.969784, 51.96748, 51.93492, 51.846839]",rxrz_rzz_unbounded,162,"{""kind"": ""native_contract_only"", ""passed"": true, ""errors"": [], ""checked_instructions"": 4374, ""bindings"": 3, ""semantic_equivalence"": ""not checked at large width""}"
main,pauli_layers_104_numeric,,,,"__init__(): incompatible function arguments. The following argument types are supported:
    1. __init__(self, name: str, arity: mqt.core.mlir.CompilerTarget.OperationArity, num_parameters: int, site_tuples: collections.abc.Sequence[mqt.core.mlir.CompilerTarget.SiteTuple] | None = None, duration: int | None = None, fidelity: float | None = None, *, fixed_parameters: collections.abc.Sequence[float | None] = [], canonical_name: str | None = None) -> None
    2. __init__(self, name: str, arity: int, num_parameters: int, site_tuples: collections.abc.Sequence[mqt.core.mlir.CompilerTarget.SiteTuple] | None = None, duration: int | None = None, fidelity: float | None = None, *, fixed_parameters: collections.abc.Sequence[float | None] = [], canonical_name: str | None = None) -> None

Invoked with types: mqt.core.mlir.OperationCapability, kwargs = { name: str, arity: int, num_parameters: int, parameter_bounds: list }",,,pauli_layers,449227,7179,240d3d21bb97579ecfd17819ba3a505c718f3d6f014eae53f58ae3262956f0a8,,numeric,,,,,,,,synthetic,10.787652,"[11.571737, 10.670132, 10.681699, 10.787652, 10.942517]",70.35546875,104,,target_unsupported,,,ibm_fractional_bounded,,
main,pauli_layers_104_numeric,static: each control-flow region counted once,3298,flat circuit,,23.404276,"[24.556987, 23.689813, 23.332243, 23.293443, 23.404276]",pauli_layers,449227,7179,240d3d21bb97579ecfd17819ba3a505c718f3d6f014eae53f58ae3262956f0a8,546803,numeric,5036,1902,624,3298,3134,0,"{""rz"": 3134, ""sx"": 1850, ""cx"": 624, ""x"": 52}",synthetic,10.870852,"[11.632586, 10.719155, 10.616483, 10.879365, 10.870852]",140.76953125,104,1363,exported,64.13474,"[64.13474, 64.248021, 63.963828, 64.246517, 64.083124]",ibm_sxz_cx,624,"{""kind"": ""native_contract_only"", ""passed"": true, ""errors"": [], ""checked_instructions"": 5660, ""bindings"": 1, ""semantic_equivalence"": ""not checked at large width""}"
main,pauli_layers_104_numeric,static: each control-flow region counted once,3706,flat circuit,,26.122293,"[26.934217, 26.080389, 26.01314, 26.122293, 26.14346]",pauli_layers,449227,7179,240d3d21bb97579ecfd17819ba3a505c718f3d6f014eae53f58ae3262956f0a8,607967,numeric,6046,2397,624,3706,3649,0,"{""rz"": 3649, ""sx"": 2323, ""cz"": 624, ""x"": 74}",synthetic,10.887301,"[11.579529, 10.800036, 10.835205, 11.048181, 10.887301]",141.2734375,104,1432,exported,67.460041,"[67.449577, 67.460393, 67.285657, 67.480922, 67.460041]",ibm_sxz_cz,624,"{""kind"": ""native_contract_only"", ""passed"": true, ""errors"": [], ""checked_instructions"": 6670, ""bindings"": 1, ""semantic_equivalence"": ""not checked at large width""}"
main,pauli_layers_104_numeric,static: each control-flow region counted once,2502,flat circuit,,15.821508,"[17.012491, 16.17631, 15.821508, 15.780739, 15.73122]",pauli_layers,449227,7179,240d3d21bb97579ecfd17819ba3a505c718f3d6f014eae53f58ae3262956f0a8,425866,numeric,3875,2595,624,2502,1280,0,"{""rx"": 2595, ""rz"": 1280, ""rzz"": 624}",synthetic,10.875621,"[11.657929, 10.761316, 10.878005, 10.85258, 10.875621]",138.2734375,104,1507,exported,52.438186,"[52.544251, 52.219017, 52.463195, 52.438186, 52.337642]",rxrz_rzz_unbounded,624,"{""kind"": ""native_contract_only"", ""passed"": true, ""errors"": [], ""checked_instructions"": 4499, ""bindings"": 1, ""semantic_equivalence"": ""not checked at large width""}"
main,pauli_layers_104_symbolic,,,,"__init__(): incompatible function arguments. The following argument types are supported:
    1. __init__(self, name: str, arity: mqt.core.mlir.CompilerTarget.OperationArity, num_parameters: int, site_tuples: collections.abc.Sequence[mqt.core.mlir.CompilerTarget.SiteTuple] | None = None, duration: int | None = None, fidelity: float | None = None, *, fixed_parameters: collections.abc.Sequence[float | None] = [], canonical_name: str | None = None) -> None
    2. __init__(self, name: str, arity: int, num_parameters: int, site_tuples: collections.abc.Sequence[mqt.core.mlir.CompilerTarget.SiteTuple] | None = None, duration: int | None = None, fidelity: float | None = None, *, fixed_parameters: collections.abc.Sequence[float | None] = [], canonical_name: str | None = None) -> None

Invoked with types: mqt.core.mlir.OperationCapability, kwargs = { name: str, arity: int, num_parameters: int, parameter_bounds: list }",,,pauli_layers,493205,7179,a50d7d4e188938e1de2a3bc96b4bbe6e500bbb84f1288c00574332870ad49b7a,,symbolic,,,,,,,,synthetic,36.600199,"[34.560602, 35.752337, 36.600199, 37.480412, 36.815544]",70.203125,104,,target_unsupported,,,ibm_fractional_bounded,,
main,pauli_layers_104_symbolic,,,,"Target synthesis failed: loc(""/home/nvidia/.codex/experiments/core-synthesis-large-20261004/corpus/pauli_layers_104_symbolic.mlir"":4791:42): target-native synthesis cannot lower operation 'qco.rxx': its unitary matrix is not available at compile time
loc(""/home/nvidia/.codex/experiments/core-synthesis-large-20261004/corpus/pauli_layers_104_symbolic.mlir"":1:1): failed to synthesize the QCO program for the target",,,pauli_layers,493205,7179,a50d7d4e188938e1de2a3bc96b4bbe6e500bbb84f1288c00574332870ad49b7a,,symbolic,,,,,,,,synthetic,35.888514,"[33.996934, 35.636481, 35.888514, 36.800472, 36.260885]",69.26953125,104,,synthesis_failed,,,ibm_sxz_cx,,
main,pauli_layers_104_symbolic,,,,"Target synthesis failed: loc(""/home/nvidia/.codex/experiments/core-synthesis-large-20261004/corpus/pauli_layers_104_symbolic.mlir"":4791:42): target-native synthesis cannot lower operation 'qco.rxx': its unitary matrix is not available at compile time
loc(""/home/nvidia/.codex/experiments/core-synthesis-large-20261004/corpus/pauli_layers_104_symbolic.mlir"":1:1): failed to synthesize the QCO program for the target",,,pauli_layers,493205,7179,a50d7d4e188938e1de2a3bc96b4bbe6e500bbb84f1288c00574332870ad49b7a,,symbolic,,,,,,,,synthetic,36.140788,"[33.856133, 35.744194, 36.214916, 36.140788, 36.303492]",69.25390625,104,,synthesis_failed,,,ibm_sxz_cz,,
main,pauli_layers_104_symbolic,,,,"Target synthesis failed: loc(""/home/nvidia/.codex/experiments/core-synthesis-large-20261004/corpus/pauli_layers_104_symbolic.mlir"":4791:42): target-native synthesis cannot lower operation 'qco.rxx': its unitary matrix is not available at compile time
loc(""/home/nvidia/.codex/experiments/core-synthesis-large-20261004/corpus/pauli_layers_104_symbolic.mlir"":1:1): failed to synthesize the QCO program for the target",,,pauli_layers,493205,7179,a50d7d4e188938e1de2a3bc96b4bbe6e500bbb84f1288c00574332870ad49b7a,,symbolic,,,,,,,,synthetic,36.541319,"[33.810485, 35.513568, 36.726199, 36.541319, 36.714967]",69.265625,104,,synthesis_failed,,,rxrz_rzz_unbounded,,
main,pauli_layers_156_numeric,,,,"__init__(): incompatible function arguments. The following argument types are supported:
    1. __init__(self, name: str, arity: mqt.core.mlir.CompilerTarget.OperationArity, num_parameters: int, site_tuples: collections.abc.Sequence[mqt.core.mlir.CompilerTarget.SiteTuple] | None = None, duration: int | None = None, fidelity: float | None = None, *, fixed_parameters: collections.abc.Sequence[float | None] = [], canonical_name: str | None = None) -> None
    2. __init__(self, name: str, arity: int, num_parameters: int, site_tuples: collections.abc.Sequence[mqt.core.mlir.CompilerTarget.SiteTuple] | None = None, duration: int | None = None, fidelity: float | None = None, *, fixed_parameters: collections.abc.Sequence[float | None] = [], canonical_name: str | None = None) -> None

Invoked with types: mqt.core.mlir.OperationCapability, kwargs = { name: str, arity: int, num_parameters: int, parameter_bounds: list }",,,pauli_layers,677798,10767,905e91331e0fb8c12acba82ad71df36377f3e5b23533e35cef4844d66c076e54,,numeric,,,,,,,,synthetic,16.622488,"[16.757098, 16.390183, 16.502055, 16.781962, 16.622488]",70.3046875,156,,target_unsupported,,,ibm_fractional_bounded,,
main,pauli_layers_156_numeric,static: each control-flow region counted once,4947,flat circuit,,38.010783,"[39.214167, 37.620572, 38.010783, 38.140112, 37.792062]",pauli_layers,677798,10767,905e91331e0fb8c12acba82ad71df36377f3e5b23533e35cef4844d66c076e54,824268,numeric,7601,2873,936,4947,4728,0,"{""rz"": 4728, ""sx"": 2791, ""cx"": 936, ""x"": 82}",synthetic,16.431831,"[16.237286, 16.405591, 16.431831, 16.634905, 16.656265]",150.46484375,156,2032,exported,106.528493,"[106.440381, 106.528493, 106.64163, 106.773615, 106.495741]",ibm_sxz_cx,936,"{""kind"": ""native_contract_only"", ""passed"": true, ""errors"": [], ""checked_instructions"": 8537, ""bindings"": 1, ""semantic_equivalence"": ""not checked at large width""}"
main,pauli_layers_156_numeric,static: each control-flow region counted once,5545,flat circuit,,41.492709,"[42.967982, 41.343204, 41.492709, 41.614165, 41.269171]",pauli_layers,677798,10767,905e91331e0fb8c12acba82ad71df36377f3e5b23533e35cef4844d66c076e54,901996,numeric,8979,3558,936,5545,5421,0,"{""rz"": 5421, ""sx"": 3472, ""cz"": 936, ""x"": 86}",synthetic,16.385367,"[16.335863, 16.27567, 16.385367, 16.632025, 16.692425]",152.44921875,156,2029,exported,110.438134,"[110.107268, 110.334086, 110.438134, 110.481526, 110.664103]",ibm_sxz_cz,936,"{""kind"": ""native_contract_only"", ""passed"": true, ""errors"": [], ""checked_instructions"": 9915, ""bindings"": 1, ""semantic_equivalence"": ""not checked at large width""}"
main,pauli_layers_156_numeric,static: each control-flow region counted once,3750,flat circuit,,24.378409,"[25.329071, 24.245145, 24.214088, 24.378409, 24.385257]",pauli_layers,677798,10767,905e91331e0fb8c12acba82ad71df36377f3e5b23533e35cef4844d66c076e54,630921,numeric,5810,3883,936,3750,1927,0,"{""rx"": 3883, ""rz"": 1927, ""rzz"": 936}",synthetic,16.835065,"[17.113196, 16.28591, 16.461144, 16.835065, 16.879931]",141.65625,156,2090,exported,87.444517,"[87.53007, 87.444517, 87.327173, 87.274261, 87.489093]",rxrz_rzz_unbounded,936,"{""kind"": ""native_contract_only"", ""passed"": true, ""errors"": [], ""checked_instructions"": 6746, ""bindings"": 1, ""semantic_equivalence"": ""not checked at large width""}"
main,pauli_layers_156_symbolic,,,,"__init__(): incompatible function arguments. The following argument types are supported:
    1. __init__(self, name: str, arity: mqt.core.mlir.CompilerTarget.OperationArity, num_parameters: int, site_tuples: collections.abc.Sequence[mqt.core.mlir.CompilerTarget.SiteTuple] | None = None, duration: int | None = None, fidelity: float | None = None, *, fixed_parameters: collections.abc.Sequence[float | None] = [], canonical_name: str | None = None) -> None
    2. __init__(self, name: str, arity: int, num_parameters: int, site_tuples: collections.abc.Sequence[mqt.core.mlir.CompilerTarget.SiteTuple] | None = None, duration: int | None = None, fidelity: float | None = None, *, fixed_parameters: collections.abc.Sequence[float | None] = [], canonical_name: str | None = None) -> None

Invoked with types: mqt.core.mlir.OperationCapability, kwargs = { name: str, arity: int, num_parameters: int, parameter_bounds: list }",,,pauli_layers,744365,10767,3fdf0b83917c0306e4ed62394122621c478767896d1a932370ebfbf2f52dfb5b,,symbolic,,,,,,,,synthetic,78.792527,"[72.960618, 75.837053, 78.792527, 80.841436, 78.809263]",70.19921875,156,,target_unsupported,,,ibm_fractional_bounded,,
main,pauli_layers_156_symbolic,,,,"Target synthesis failed: loc(""/home/nvidia/.codex/experiments/core-synthesis-large-20261004/corpus/pauli_layers_156_symbolic.mlir"":7183:42): target-native synthesis cannot lower operation 'qco.rxx': its unitary matrix is not available at compile time
loc(""/home/nvidia/.codex/experiments/core-synthesis-large-20261004/corpus/pauli_layers_156_symbolic.mlir"":1:1): failed to synthesize the QCO program for the target",,,pauli_layers,744365,10767,3fdf0b83917c0306e4ed62394122621c478767896d1a932370ebfbf2f52dfb5b,,symbolic,,,,,,,,synthetic,77.44999,"[74.282899, 76.664594, 77.44999, 77.857321, 78.21806]",69.26953125,156,,synthesis_failed,,,ibm_sxz_cx,,
main,pauli_layers_156_symbolic,,,,"Target synthesis failed: loc(""/home/nvidia/.codex/experiments/core-synthesis-large-20261004/corpus/pauli_layers_156_symbolic.mlir"":7183:42): target-native synthesis cannot lower operation 'qco.rxx': its unitary matrix is not available at compile time
loc(""/home/nvidia/.codex/experiments/core-synthesis-large-20261004/corpus/pauli_layers_156_symbolic.mlir"":1:1): failed to synthesize the QCO program for the target",,,pauli_layers,744365,10767,3fdf0b83917c0306e4ed62394122621c478767896d1a932370ebfbf2f52dfb5b,,symbolic,,,,,,,,synthetic,77.214102,"[73.815071, 77.214102, 76.872419, 78.461373, 77.603431]",70.19921875,156,,synthesis_failed,,,ibm_sxz_cz,,
main,pauli_layers_156_symbolic,,,,"Target synthesis failed: loc(""/home/nvidia/.codex/experiments/core-synthesis-large-20261004/corpus/pauli_layers_156_symbolic.mlir"":7183:42): target-native synthesis cannot lower operation 'qco.rxx': its unitary matrix is not available at compile time
loc(""/home/nvidia/.codex/experiments/core-synthesis-large-20261004/corpus/pauli_layers_156_symbolic.mlir"":1:1): failed to synthesize the QCO program for the target",,,pauli_layers,744365,10767,3fdf0b83917c0306e4ed62394122621c478767896d1a932370ebfbf2f52dfb5b,,symbolic,,,,,,,,synthetic,77.253413,"[74.20085, 76.06707, 77.253413, 77.498391, 78.454365]",69.24609375,156,,synthesis_failed,,,rxrz_rzz_unbounded,,
main,pauli_layers_24_numeric,,,,"__init__(): incompatible function arguments. The following argument types are supported:
    1. __init__(self, name: str, arity: mqt.core.mlir.CompilerTarget.OperationArity, num_parameters: int, site_tuples: collections.abc.Sequence[mqt.core.mlir.CompilerTarget.SiteTuple] | None = None, duration: int | None = None, fidelity: float | None = None, *, fixed_parameters: collections.abc.Sequence[float | None] = [], canonical_name: str | None = None) -> None
    2. __init__(self, name: str, arity: int, num_parameters: int, site_tuples: collections.abc.Sequence[mqt.core.mlir.CompilerTarget.SiteTuple] | None = None, duration: int | None = None, fidelity: float | None = None, *, fixed_parameters: collections.abc.Sequence[float | None] = [], canonical_name: str | None = None) -> None

Invoked with types: mqt.core.mlir.OperationCapability, kwargs = { name: str, arity: int, num_parameters: int, parameter_bounds: list }",,,pauli_layers,100637,1659,b3ee3fbe412143c81b20f2779b6034de07493fbe3ab86b417f99b18d187fd46f,,numeric,,,,,,,,synthetic,2.864467,"[2.985779, 2.801522, 2.830466, 2.864467, 3.204484]",70.36328125,24,,target_unsupported,,,ibm_fractional_bounded,,
main,pauli_layers_24_numeric,static: each control-flow region counted once,777,flat circuit,,4.888016,"[5.700949, 4.949119, 4.888016, 4.852991, 4.810671]",pauli_layers,100637,1659,b3ee3fbe412143c81b20f2779b6034de07493fbe3ab86b417f99b18d187fd46f,127975,numeric,1180,447,144,777,733,0,"{""rz"": 733, ""sx"": 432, ""x"": 15, ""cx"": 144}",synthetic,2.855106,"[3.049396, 2.754386, 2.819202, 3.526343, 2.855106]",124.5625,24,368,exported,12.755714,"[12.880259, 12.78373, 12.707058, 12.755714, 12.749506]",ibm_sxz_cx,144,"{""kind"": ""native_contract_only"", ""passed"": true, ""errors"": [], ""checked_instructions"": 1324, ""bindings"": 1, ""semantic_equivalence"": ""not checked at large width""}"
main,pauli_layers_24_numeric,static: each control-flow region counted once,859,flat circuit,,5.448083,"[6.295288, 5.55674, 5.409267, 5.448083, 5.405555]",pauli_layers,100637,1659,b3ee3fbe412143c81b20f2779b6034de07493fbe3ab86b417f99b18d187fd46f,140827,numeric,1406,562,144,859,844,0,"{""rz"": 844, ""sx"": 546, ""x"": 16, ""cz"": 144}",synthetic,2.852338,"[2.999924, 2.841746, 2.79909, 2.852338, 3.206773]",124.94921875,24,371,exported,13.375782,"[13.487751, 13.375782, 13.488199, 13.313862, 13.333702]",ibm_sxz_cz,144,"{""kind"": ""native_contract_only"", ""passed"": true, ""errors"": [], ""checked_instructions"": 1550, ""bindings"": 1, ""semantic_equivalence"": ""not checked at large width""}"
main,pauli_layers_24_numeric,,,,"Target synthesis failed: loc(""/home/nvidia/.codex/experiments/core-synthesis-large-20261004/corpus/pauli_layers_24_numeric.mlir"":1:1): target compilation requires a single-qubit synthesis basis
loc(""/home/nvidia/.codex/experiments/core-synthesis-large-20261004/corpus/pauli_layers_24_numeric.mlir"":1:1): failed to synthesize the QCO program for the target",,,pauli_layers,100637,1659,b3ee3fbe412143c81b20f2779b6034de07493fbe3ab86b417f99b18d187fd46f,,numeric,,,,,,,,synthetic,2.880787,"[2.977139, 2.783218, 2.879778, 2.880787, 3.618967]",70.19921875,24,,synthesis_failed,,,ionq_fixed_r_zz,,
main,pauli_layers_24_numeric,static: each control-flow region counted once,582,flat circuit,,4.498333,"[5.222289, 4.619966, 4.498333, 4.470653, 4.486301]",pauli_layers,100637,1659,b3ee3fbe412143c81b20f2779b6034de07493fbe3ab86b417f99b18d187fd46f,121243,numeric,909,909,144,582,0,0,"{""r"": 909, ""cz"": 144}",synthetic,2.988436,"[2.988436, 2.851282, 3.586039, 3.000547, 2.832563]",124.49609375,24,328,exported,11.645755,"[11.682603, 11.617499, 11.645755, 11.574315, 11.649564]",iqm_r_cz,144,"{""kind"": ""native_contract_only"", ""passed"": true, ""errors"": [], ""checked_instructions"": 1053, ""bindings"": 1, ""semantic_equivalence"": ""not checked at large width""}"
main,pauli_layers_24_numeric,static: each control-flow region counted once,857,flat circuit,,8.878985,"[9.411149, 10.258354, 8.878985, 8.555544, 8.50375]",pauli_layers,100637,1659,b3ee3fbe412143c81b20f2779b6034de07493fbe3ab86b417f99b18d187fd46f,147136,numeric,1408,562,144,857,846,0,"{""rz"": 846, ""rxpi2"": 551, ""cz"": 144, ""rxpi"": 11}",synthetic,3.172036,"[3.049572, 3.172036, 3.240533, 3.175972, 2.870451]",127.9765625,24,373,exported,14.097611,"[14.226684, 14.106555, 14.070106, 14.097611, 14.043339]",rigetti_rx_cz,144,"{""kind"": ""native_contract_only"", ""passed"": true, ""errors"": [], ""checked_instructions"": 1552, ""bindings"": 1, ""semantic_equivalence"": ""not checked at large width""}"
main,pauli_layers_24_numeric,static: each control-flow region counted once,582,flat circuit,,3.454054,"[4.184987, 3.539847, 3.454054, 3.442294, 3.453111]",pauli_layers,100637,1659,b3ee3fbe412143c81b20f2779b6034de07493fbe3ab86b417f99b18d187fd46f,97454,numeric,912,609,144,582,303,0,"{""rx"": 609, ""rz"": 303, ""rzz"": 144}",synthetic,2.900979,"[3.010803, 2.788194, 2.900979, 2.866114, 3.590471]",124.15234375,24,358,exported,10.356786,"[10.442227, 10.356786, 10.381411, 10.331186, 10.31949]",rxrz_rzz_unbounded,144,"{""kind"": ""native_contract_only"", ""passed"": true, ""errors"": [], ""checked_instructions"": 1056, ""bindings"": 1, ""semantic_equivalence"": ""not checked at large width""}"
main,pauli_layers_24_symbolic,,,,"__init__(): incompatible function arguments. The following argument types are supported:
    1. __init__(self, name: str, arity: mqt.core.mlir.CompilerTarget.OperationArity, num_parameters: int, site_tuples: collections.abc.Sequence[mqt.core.mlir.CompilerTarget.SiteTuple] | None = None, duration: int | None = None, fidelity: float | None = None, *, fixed_parameters: collections.abc.Sequence[float | None] = [], canonical_name: str | None = None) -> None
    2. __init__(self, name: str, arity: int, num_parameters: int, site_tuples: collections.abc.Sequence[mqt.core.mlir.CompilerTarget.SiteTuple] | None = None, duration: int | None = None, fidelity: float | None = None, *, fixed_parameters: collections.abc.Sequence[float | None] = [], canonical_name: str | None = None) -> None

Invoked with types: mqt.core.mlir.OperationCapability, kwargs = { name: str, arity: int, num_parameters: int, parameter_bounds: list }",,,pauli_layers,110246,1659,5a645838571b562e2816e9a8f68f54772b5c3567c7d9abbfc5110c9b748a1424,,symbolic,,,,,,,,synthetic,4.305724,"[4.305724, 4.069258, 4.710607, 4.407436, 4.169723]",69.390625,24,,target_unsupported,,,ibm_fractional_bounded,,
main,pauli_layers_24_symbolic,,,,"Target synthesis failed: loc(""/home/nvidia/.codex/experiments/core-synthesis-large-20261004/corpus/pauli_layers_24_symbolic.mlir"":1111:42): target-native synthesis cannot lower operation 'qco.rxx': its unitary matrix is not available at compile time
loc(""/home/nvidia/.codex/experiments/core-synthesis-large-20261004/corpus/pauli_layers_24_symbolic.mlir"":1:1): failed to synthesize the QCO program for the target",,,pauli_layers,110246,1659,5a645838571b562e2816e9a8f68f54772b5c3567c7d9abbfc5110c9b748a1424,,symbolic,,,,,,,,synthetic,4.264188,"[4.264188, 4.084954, 4.032826, 4.490125, 4.693422]",70.19921875,24,,synthesis_failed,,,ibm_sxz_cx,,
main,pauli_layers_24_symbolic,,,,"Target synthesis failed: loc(""/home/nvidia/.codex/experiments/core-synthesis-large-20261004/corpus/pauli_layers_24_symbolic.mlir"":1111:42): target-native synthesis cannot lower operation 'qco.rxx': its unitary matrix is not available at compile time
loc(""/home/nvidia/.codex/experiments/core-synthesis-large-20261004/corpus/pauli_layers_24_symbolic.mlir"":1:1): failed to synthesize the QCO program for the target",,,pauli_layers,110246,1659,5a645838571b562e2816e9a8f68f54772b5c3567c7d9abbfc5110c9b748a1424,,symbolic,,,,,,,,synthetic,4.305212,"[4.305212, 4.028218, 4.711582, 4.416637, 4.098186]",70.1875,24,,synthesis_failed,,,ibm_sxz_cz,,
main,pauli_layers_24_symbolic,,,,"Target synthesis failed: loc(""/home/nvidia/.codex/experiments/core-synthesis-large-20261004/corpus/pauli_layers_24_symbolic.mlir"":1:1): target compilation requires a single-qubit synthesis basis
loc(""/home/nvidia/.codex/experiments/core-synthesis-large-20261004/corpus/pauli_layers_24_symbolic.mlir"":1:1): failed to synthesize the QCO program for the target",,,pauli_layers,110246,1659,5a645838571b562e2816e9a8f68f54772b5c3567c7d9abbfc5110c9b748a1424,,symbolic,,,,,,,,synthetic,4.377276,"[4.269052, 4.377276, 4.020154, 4.548093, 4.422556]",70.1484375,24,,synthesis_failed,,,ionq_fixed_r_zz,,
main,pauli_layers_24_symbolic,,,,"Target synthesis failed: loc(""/home/nvidia/.codex/experiments/core-synthesis-large-20261004/corpus/pauli_layers_24_symbolic.mlir"":1111:42): target-native synthesis cannot lower operation 'qco.rxx': its unitary matrix is not available at compile time
loc(""/home/nvidia/.codex/experiments/core-synthesis-large-20261004/corpus/pauli_layers_24_symbolic.mlir"":1:1): failed to synthesize the QCO program for the target",,,pauli_layers,110246,1659,5a645838571b562e2816e9a8f68f54772b5c3567c7d9abbfc5110c9b748a1424,,symbolic,,,,,,,,synthetic,4.171019,"[4.314092, 4.084218, 4.970864, 4.171019, 4.166283]",70.19921875,24,,synthesis_failed,,,iqm_r_cz,,
main,pauli_layers_24_symbolic,,,,"Target synthesis failed: loc(""/home/nvidia/.codex/experiments/core-synthesis-large-20261004/corpus/pauli_layers_24_symbolic.mlir"":1111:42): target-native synthesis cannot lower operation 'qco.rxx': its unitary matrix is not available at compile time
loc(""/home/nvidia/.codex/experiments/core-synthesis-large-20261004/corpus/pauli_layers_24_symbolic.mlir"":1:1): failed to synthesize the QCO program for the target",,,pauli_layers,110246,1659,5a645838571b562e2816e9a8f68f54772b5c3567c7d9abbfc5110c9b748a1424,,symbolic,,,,,,,,synthetic,4.296988,"[4.296988, 4.025882, 4.361756, 4.670686, 4.112331]",69.26171875,24,,synthesis_failed,,,rigetti_rx_cz,,
main,pauli_layers_24_symbolic,,,,"Target synthesis failed: loc(""/home/nvidia/.codex/experiments/core-synthesis-large-20261004/corpus/pauli_layers_24_symbolic.mlir"":1111:42): target-native synthesis cannot lower operation 'qco.rxx': its unitary matrix is not available at compile time
loc(""/home/nvidia/.codex/experiments/core-synthesis-large-20261004/corpus/pauli_layers_24_symbolic.mlir"":1:1): failed to synthesize the QCO program for the target",,,pauli_layers,110246,1659,5a645838571b562e2816e9a8f68f54772b5c3567c7d9abbfc5110c9b748a1424,,symbolic,,,,,,,,synthetic,4.31366,"[4.356572, 4.793007, 4.075098, 4.31366, 4.155899]",70.20703125,24,,synthesis_failed,,,rxrz_rzz_unbounded,,
main,pauli_layers_36_numeric,,,,"__init__(): incompatible function arguments. The following argument types are supported:
    1. __init__(self, name: str, arity: mqt.core.mlir.CompilerTarget.OperationArity, num_parameters: int, site_tuples: collections.abc.Sequence[mqt.core.mlir.CompilerTarget.SiteTuple] | None = None, duration: int | None = None, fidelity: float | None = None, *, fixed_parameters: collections.abc.Sequence[float | None] = [], canonical_name: str | None = None) -> None
    2. __init__(self, name: str, arity: int, num_parameters: int, site_tuples: collections.abc.Sequence[mqt.core.mlir.CompilerTarget.SiteTuple] | None = None, duration: int | None = None, fidelity: float | None = None, *, fixed_parameters: collections.abc.Sequence[float | None] = [], canonical_name: str | None = None) -> None

Invoked with types: mqt.core.mlir.OperationCapability, kwargs = { name: str, arity: int, num_parameters: int, parameter_bounds: list }",,,pauli_layers,152234,2487,d943cb4b5413fddd1c099521ad0384268d3e8d081560c2a18eb3b13f4092d0a0,,numeric,,,,,,,,synthetic,4.117386,"[4.085114, 4.301723, 4.464605, 4.117386, 3.997561]",69.421875,36,,target_unsupported,,,ibm_fractional_bounded,,
main,pauli_layers_36_numeric,static: each control-flow region counted once,1153,flat circuit,,7.410191,"[8.423014, 7.505327, 7.40824, 7.380895, 7.410191]",pauli_layers,152234,2487,d943cb4b5413fddd1c099521ad0384268d3e8d081560c2a18eb3b13f4092d0a0,194682,numeric,1792,687,216,1153,1105,0,"{""sx"": 674, ""rz"": 1105, ""cx"": 216, ""x"": 13}",synthetic,4.176619,"[4.471341, 5.7585, 4.026058, 4.176619, 3.986361]",128.140625,36,567,exported,19.447868,"[19.531165, 19.45678, 19.447868, 19.425612, 19.378076]",ibm_sxz_cx,216,"{""kind"": ""native_contract_only"", ""passed"": true, ""errors"": [], ""checked_instructions"": 2008, ""bindings"": 1, ""semantic_equivalence"": ""not checked at large width""}"
main,pauli_layers_36_numeric,static: each control-flow region counted once,1286,flat circuit,,8.418309,"[9.66747, 8.560823, 8.418309, 8.363302, 8.413957]",pauli_layers,152234,2487,d943cb4b5413fddd1c099521ad0384268d3e8d081560c2a18eb3b13f4092d0a0,215028,numeric,2126,843,216,1286,1283,0,"{""sx"": 816, ""rz"": 1283, ""cz"": 216, ""x"": 27}",synthetic,3.975433,"[4.136858, 3.97137, 3.963401, 4.475565, 3.975433]",133.015625,36,593,exported,20.500051,"[20.500051, 20.546243, 20.437315, 20.513058, 20.459539]",ibm_sxz_cz,216,"{""kind"": ""native_contract_only"", ""passed"": true, ""errors"": [], ""checked_instructions"": 2342, ""bindings"": 1, ""semantic_equivalence"": ""not checked at large width""}"
main,pauli_layers_36_numeric,,,,"Target synthesis failed: loc(""/home/nvidia/.codex/experiments/core-synthesis-large-20261004/corpus/pauli_layers_36_numeric.mlir"":1:1): target compilation requires a single-qubit synthesis basis
loc(""/home/nvidia/.codex/experiments/core-synthesis-large-20261004/corpus/pauli_layers_36_numeric.mlir"":1:1): failed to synthesize the QCO program for the target",,,pauli_layers,152234,2487,d943cb4b5413fddd1c099521ad0384268d3e8d081560c2a18eb3b13f4092d0a0,,numeric,,,,,,,,synthetic,4.286363,"[4.502957, 4.338892, 4.286363, 3.988666, 4.004441]",70.203125,36,,synthesis_failed,,,ionq_fixed_r_zz,,
main,pauli_layers_36_numeric,static: each control-flow region counted once,869,flat circuit,,6.645227,"[7.634017, 6.787499, 6.645227, 6.62729, 6.622362]",pauli_layers,152234,2487,d943cb4b5413fddd1c099521ad0384268d3e8d081560c2a18eb3b13f4092d0a0,181901,numeric,1352,1352,216,869,0,0,"{""r"": 1352, ""cz"": 216}",synthetic,4.098283,"[4.446028, 4.4443, 4.098283, 3.972489, 3.914745]",126.09375,36,490,exported,17.661569,"[17.833026, 17.783745, 17.624384, 17.661569, 17.590017]",iqm_r_cz,216,"{""kind"": ""native_contract_only"", ""passed"": true, ""errors"": [], ""checked_instructions"": 1568, ""bindings"": 1, ""semantic_equivalence"": ""not checked at large width""}"
main,pauli_layers_36_numeric,static: each control-flow region counted once,1286,flat circuit,,13.285429,"[15.893077, 13.612551, 13.285429, 13.075443, 13.117444]",pauli_layers,152234,2487,d943cb4b5413fddd1c099521ad0384268d3e8d081560c2a18eb3b13f4092d0a0,223207,numeric,2124,843,216,1286,1281,0,"{""rxpi2"": 826, ""rz"": 1281, ""cz"": 216, ""rxpi"": 17}",synthetic,4.171835,"[4.204411, 3.889081, 4.778558, 4.171835, 3.946009]",134.9609375,36,583,exported,21.731067,"[21.746795, 21.731067, 21.603482, 21.586505, 21.816252]",rigetti_rx_cz,216,"{""kind"": ""native_contract_only"", ""passed"": true, ""errors"": [], ""checked_instructions"": 2340, ""bindings"": 1, ""semantic_equivalence"": ""not checked at large width""}"
main,pauli_layers_36_numeric,static: each control-flow region counted once,870,flat circuit,,5.199969,"[5.983238, 5.362786, 5.199969, 5.173793, 5.167057]",pauli_layers,152234,2487,d943cb4b5413fddd1c099521ad0384268d3e8d081560c2a18eb3b13f4092d0a0,148387,numeric,1355,907,216,870,448,0,"{""rx"": 907, ""rz"": 448, ""rzz"": 216}",synthetic,4.187547,"[4.187547, 3.964953, 4.634654, 3.974057, 4.294924]",127.515625,36,582,exported,15.799541,"[15.879573, 15.817477, 15.799541, 15.777701, 15.790149]",rxrz_rzz_unbounded,216,"{""kind"": ""native_contract_only"", ""passed"": true, ""errors"": [], ""checked_instructions"": 1571, ""bindings"": 1, ""semantic_equivalence"": ""not checked at large width""}"
main,pauli_layers_36_symbolic,,,,"__init__(): incompatible function arguments. The following argument types are supported:
    1. __init__(self, name: str, arity: mqt.core.mlir.CompilerTarget.OperationArity, num_parameters: int, site_tuples: collections.abc.Sequence[mqt.core.mlir.CompilerTarget.SiteTuple] | None = None, duration: int | None = None, fidelity: float | None = None, *, fixed_parameters: collections.abc.Sequence[float | None] = [], canonical_name: str | None = None) -> None
    2. __init__(self, name: str, arity: int, num_parameters: int, site_tuples: collections.abc.Sequence[mqt.core.mlir.CompilerTarget.SiteTuple] | None = None, duration: int | None = None, fidelity: float | None = None, *, fixed_parameters: collections.abc.Sequence[float | None] = [], canonical_name: str | None = None) -> None

Invoked with types: mqt.core.mlir.OperationCapability, kwargs = { name: str, arity: int, num_parameters: int, parameter_bounds: list }",,,pauli_layers,166718,2487,62ba9b0f43804b419df42ad8e7a2deb3e3221e26faf17aead2019daa10bb1110,,symbolic,,,,,,,,synthetic,6.886028,"[6.886028, 7.001885, 7.247118, 6.697243, 6.692587]",69.40625,36,,target_unsupported,,,ibm_fractional_bounded,,
main,pauli_layers_36_symbolic,,,,"Target synthesis failed: loc(""/home/nvidia/.codex/experiments/core-synthesis-large-20261004/corpus/pauli_layers_36_symbolic.mlir"":1663:42): target-native synthesis cannot lower operation 'qco.rxx': its unitary matrix is not available at compile time
loc(""/home/nvidia/.codex/experiments/core-synthesis-large-20261004/corpus/pauli_layers_36_symbolic.mlir"":1:1): failed to synthesize the QCO program for the target",,,pauli_layers,166718,2487,62ba9b0f43804b419df42ad8e7a2deb3e3221e26faf17aead2019daa10bb1110,,symbolic,,,,,,,,synthetic,6.823403,"[7.195982, 7.19595, 6.774731, 6.823403, 6.790588]",70.19921875,36,,synthesis_failed,,,ibm_sxz_cx,,
main,pauli_layers_36_symbolic,,,,"Target synthesis failed: loc(""/home/nvidia/.codex/experiments/core-synthesis-large-20261004/corpus/pauli_layers_36_symbolic.mlir"":1663:42): target-native synthesis cannot lower operation 'qco.rxx': its unitary matrix is not available at compile time
loc(""/home/nvidia/.codex/experiments/core-synthesis-large-20261004/corpus/pauli_layers_36_symbolic.mlir"":1:1): failed to synthesize the QCO program for the target",,,pauli_layers,166718,2487,62ba9b0f43804b419df42ad8e7a2deb3e3221e26faf17aead2019daa10bb1110,,symbolic,,,,,,,,synthetic,6.749003,"[7.581152, 6.972445, 6.749003, 6.731275, 6.683546]",70.19921875,36,,synthesis_failed,,,ibm_sxz_cz,,
main,pauli_layers_36_symbolic,,,,"Target synthesis failed: loc(""/home/nvidia/.codex/experiments/core-synthesis-large-20261004/corpus/pauli_layers_36_symbolic.mlir"":1:1): target compilation requires a single-qubit synthesis basis
loc(""/home/nvidia/.codex/experiments/core-synthesis-large-20261004/corpus/pauli_layers_36_symbolic.mlir"":1:1): failed to synthesize the QCO program for the target",,,pauli_layers,166718,2487,62ba9b0f43804b419df42ad8e7a2deb3e3221e26faf17aead2019daa10bb1110,,symbolic,,,,,,,,synthetic,6.965516,"[6.965516, 7.219566, 7.086381, 6.708427, 6.740299]",70.15625,36,,synthesis_failed,,,ionq_fixed_r_zz,,
main,pauli_layers_36_symbolic,,,,"Target synthesis failed: loc(""/home/nvidia/.codex/experiments/core-synthesis-large-20261004/corpus/pauli_layers_36_symbolic.mlir"":1663:42): target-native synthesis cannot lower operation 'qco.rxx': its unitary matrix is not available at compile time
loc(""/home/nvidia/.codex/experiments/core-synthesis-large-20261004/corpus/pauli_layers_36_symbolic.mlir"":1:1): failed to synthesize the QCO program for the target",,,pauli_layers,166718,2487,62ba9b0f43804b419df42ad8e7a2deb3e3221e26faf17aead2019daa10bb1110,,symbolic,,,,,,,,synthetic,6.771755,"[7.313855, 7.262606, 6.746219, 6.693947, 6.771755]",70.19921875,36,,synthesis_failed,,,iqm_r_cz,,
main,pauli_layers_36_symbolic,,,,"Target synthesis failed: loc(""/home/nvidia/.codex/experiments/core-synthesis-large-20261004/corpus/pauli_layers_36_symbolic.mlir"":1663:42): target-native synthesis cannot lower operation 'qco.rxx': its unitary matrix is not available at compile time
loc(""/home/nvidia/.codex/experiments/core-synthesis-large-20261004/corpus/pauli_layers_36_symbolic.mlir"":1:1): failed to synthesize the QCO program for the target",,,pauli_layers,166718,2487,62ba9b0f43804b419df42ad8e7a2deb3e3221e26faf17aead2019daa10bb1110,,symbolic,,,,,,,,synthetic,6.762043,"[7.659457, 6.782747, 6.762043, 6.689099, 6.747595]",70.1953125,36,,synthesis_failed,,,rigetti_rx_cz,,
main,pauli_layers_36_symbolic,,,,"Target synthesis failed: loc(""/home/nvidia/.codex/experiments/core-synthesis-large-20261004/corpus/pauli_layers_36_symbolic.mlir"":1663:42): target-native synthesis cannot lower operation 'qco.rxx': its unitary matrix is not available at compile time
loc(""/home/nvidia/.codex/experiments/core-synthesis-large-20261004/corpus/pauli_layers_36_symbolic.mlir"":1:1): failed to synthesize the QCO program for the target",,,pauli_layers,166718,2487,62ba9b0f43804b419df42ad8e7a2deb3e3221e26faf17aead2019daa10bb1110,,symbolic,,,,,,,,synthetic,6.777899,"[7.526112, 6.927917, 6.777899, 6.764859, 6.62017]",69.26953125,36,,synthesis_failed,,,rxrz_rzz_unbounded,,
main,pauli_layers_54_numeric,,,,"__init__(): incompatible function arguments. The following argument types are supported:
    1. __init__(self, name: str, arity: mqt.core.mlir.CompilerTarget.OperationArity, num_parameters: int, site_tuples: collections.abc.Sequence[mqt.core.mlir.CompilerTarget.SiteTuple] | None = None, duration: int | None = None, fidelity: float | None = None, *, fixed_parameters: collections.abc.Sequence[float | None] = [], canonical_name: str | None = None) -> None
    2. __init__(self, name: str, arity: int, num_parameters: int, site_tuples: collections.abc.Sequence[mqt.core.mlir.CompilerTarget.SiteTuple] | None = None, duration: int | None = None, fidelity: float | None = None, *, fixed_parameters: collections.abc.Sequence[float | None] = [], canonical_name: str | None = None) -> None

Invoked with types: mqt.core.mlir.OperationCapability, kwargs = { name: str, arity: int, num_parameters: int, parameter_bounds: list }",,,pauli_layers,229526,3729,99fac0fe767254821129571e4c009df2df56569ed7b6e2edba05c190ba22805d,,numeric,,,,,,,,synthetic,5.738436,"[5.80778, 5.62306, 6.568314, 5.738436, 5.717156]",70.36328125,54,,target_unsupported,,,ibm_fractional_bounded,,
main,pauli_layers_54_numeric,static: each control-flow region counted once,1735,flat circuit,,11.638682,"[12.780001, 11.808747, 11.637593, 11.638682, 11.606937]",pauli_layers,229526,3729,99fac0fe767254821129571e4c009df2df56569ed7b6e2edba05c190ba22805d,290254,numeric,2673,1008,324,1735,1665,0,"{""sx"": 981, ""rz"": 1665, ""cx"": 324, ""x"": 27}",synthetic,5.843813,"[5.843813, 6.067718, 6.35156, 5.728533, 5.724228]",134.58984375,54,803,exported,30.335648,"[30.335775, 30.4104, 30.335648, 30.320032, 30.28832]",ibm_sxz_cx,324,"{""kind"": ""native_contract_only"", ""passed"": true, ""errors"": [], ""checked_instructions"": 2997, ""bindings"": 1, ""semantic_equivalence"": ""not checked at large width""}"
main,pauli_layers_54_numeric,static: each control-flow region counted once,1927,flat circuit,,12.850673,"[14.000073, 13.109058, 12.770144, 12.741121, 12.850673]",pauli_layers,229526,3729,99fac0fe767254821129571e4c009df2df56569ed7b6e2edba05c190ba22805d,318969,numeric,3175,1260,324,1927,1915,0,"{""sx"": 1228, ""rz"": 1915, ""cz"": 324, ""x"": 32}",synthetic,5.737028,"[5.816453, 5.68746, 6.674778, 5.704661, 5.737028]",135.63671875,54,813,exported,31.706936,"[31.641304, 31.771768, 31.854697, 31.706936, 31.585688]",ibm_sxz_cz,324,"{""kind"": ""native_contract_only"", ""passed"": true, ""errors"": [], ""checked_instructions"": 3499, ""bindings"": 1, ""semantic_equivalence"": ""not checked at large width""}"
main,pauli_layers_54_numeric,,,,"Target synthesis failed: loc(""/home/nvidia/.codex/experiments/core-synthesis-large-20261004/corpus/pauli_layers_54_numeric.mlir"":1:1): target compilation requires a single-qubit synthesis basis
loc(""/home/nvidia/.codex/experiments/core-synthesis-large-20261004/corpus/pauli_layers_54_numeric.mlir"":1:1): failed to synthesize the QCO program for the target",,,pauli_layers,229526,3729,99fac0fe767254821129571e4c009df2df56569ed7b6e2edba05c190ba22805d,,numeric,,,,,,,,synthetic,5.728389,"[5.835509, 6.578425, 5.728389, 5.701172, 5.710004]",69.2578125,54,,synthesis_failed,,,ionq_fixed_r_zz,,
main,pauli_layers_54_numeric,static: each control-flow region counted once,1300,flat circuit,,10.620851,"[11.597065, 10.740228, 10.620851, 10.47845, 10.498514]",pauli_layers,229526,3729,99fac0fe767254821129571e4c009df2df56569ed7b6e2edba05c190ba22805d,274018,numeric,2036,2036,324,1300,0,0,"{""r"": 2036, ""cz"": 324}",synthetic,5.851461,"[5.883957, 6.420905, 5.851461, 5.67594, 5.72538]",134.41015625,54,718,exported,27.604927,"[27.774495, 27.68176, 27.59211, 27.564638, 27.604927]",iqm_r_cz,324,"{""kind"": ""native_contract_only"", ""passed"": true, ""errors"": [], ""checked_instructions"": 2360, ""bindings"": 1, ""semantic_equivalence"": ""not checked at large width""}"
main,pauli_layers_54_numeric,static: each control-flow region counted once,1927,flat circuit,,19.943358,"[22.786096, 20.259936, 19.864894, 19.873005, 19.943358]",pauli_layers,229526,3729,99fac0fe767254821129571e4c009df2df56569ed7b6e2edba05c190ba22805d,332171,numeric,3178,1267,324,1927,1911,0,"{""rxpi2"": 1236, ""rz"": 1911, ""cz"": 324, ""rxpi"": 31}",synthetic,5.761829,"[5.907525, 5.704068, 6.606234, 5.750644, 5.761829]",138.5,54,811,exported,33.576932,"[33.587669, 33.576932, 33.584852, 33.504035, 33.435635]",rigetti_rx_cz,324,"{""kind"": ""native_contract_only"", ""passed"": true, ""errors"": [], ""checked_instructions"": 3502, ""bindings"": 1, ""semantic_equivalence"": ""not checked at large width""}"
main,pauli_layers_54_numeric,static: each control-flow region counted once,1302,flat circuit,,7.917618,"[8.766439, 7.981267, 7.917618, 7.751937, 7.790321]",pauli_layers,229526,3729,99fac0fe767254821129571e4c009df2df56569ed7b6e2edba05c190ba22805d,220555,numeric,2026,1355,324,1302,671,0,"{""rx"": 1355, ""rz"": 671, ""rzz"": 324}",synthetic,5.850117,"[6.234984, 6.184599, 5.850117, 5.672148, 5.796724]",131.7734375,54,814,exported,24.533067,"[24.629147, 24.533067, 24.500811, 24.525579, 24.539451]",rxrz_rzz_unbounded,324,"{""kind"": ""native_contract_only"", ""passed"": true, ""errors"": [], ""checked_instructions"": 2350, ""bindings"": 1, ""semantic_equivalence"": ""not checked at large width""}"
main,pauli_layers_54_symbolic,,,,"__init__(): incompatible function arguments. The following argument types are supported:
    1. __init__(self, name: str, arity: mqt.core.mlir.CompilerTarget.OperationArity, num_parameters: int, site_tuples: collections.abc.Sequence[mqt.core.mlir.CompilerTarget.SiteTuple] | None = None, duration: int | None = None, fidelity: float | None = None, *, fixed_parameters: collections.abc.Sequence[float | None] = [], canonical_name: str | None = None) -> None
    2. __init__(self, name: str, arity: int, num_parameters: int, site_tuples: collections.abc.Sequence[mqt.core.mlir.CompilerTarget.SiteTuple] | None = None, duration: int | None = None, fidelity: float | None = None, *, fixed_parameters: collections.abc.Sequence[float | None] = [], canonical_name: str | None = None) -> None

Invoked with types: mqt.core.mlir.OperationCapability, kwargs = { name: str, arity: int, num_parameters: int, parameter_bounds: list }",,,pauli_layers,252002,3729,22513b39c1cc9c03635c6298b1c315a46ffa0dc74c76a12d37c8a8e18003197f,,symbolic,,,,,,,,synthetic,11.821642,"[12.751425, 11.678794, 11.950363, 11.759963, 11.821642]",69.40625,54,,target_unsupported,,,ibm_fractional_bounded,,
main,pauli_layers_54_symbolic,,,,"Target synthesis failed: loc(""/home/nvidia/.codex/experiments/core-synthesis-large-20261004/corpus/pauli_layers_54_symbolic.mlir"":2491:42): target-native synthesis cannot lower operation 'qco.rxx': its unitary matrix is not available at compile time
loc(""/home/nvidia/.codex/experiments/core-synthesis-large-20261004/corpus/pauli_layers_54_symbolic.mlir"":1:1): failed to synthesize the QCO program for the target",,,pauli_layers,252002,3729,22513b39c1cc9c03635c6298b1c315a46ffa0dc74c76a12d37c8a8e18003197f,,symbolic,,,,,,,,synthetic,11.853467,"[12.726272, 11.71953, 11.853467, 11.746555, 11.903483]",70.2109375,54,,synthesis_failed,,,ibm_sxz_cx,,
main,pauli_layers_54_symbolic,,,,"Target synthesis failed: loc(""/home/nvidia/.codex/experiments/core-synthesis-large-20261004/corpus/pauli_layers_54_symbolic.mlir"":2491:42): target-native synthesis cannot lower operation 'qco.rxx': its unitary matrix is not available at compile time
loc(""/home/nvidia/.codex/experiments/core-synthesis-large-20261004/corpus/pauli_layers_54_symbolic.mlir"":1:1): failed to synthesize the QCO program for the target",,,pauli_layers,252002,3729,22513b39c1cc9c03635c6298b1c315a46ffa0dc74c76a12d37c8a8e18003197f,,symbolic,,,,,,,,synthetic,11.790555,"[12.731952, 11.752106, 11.68145, 11.790555, 11.795514]",69.25390625,54,,synthesis_failed,,,ibm_sxz_cz,,
main,pauli_layers_54_symbolic,,,,"Target synthesis failed: loc(""/home/nvidia/.codex/experiments/core-synthesis-large-20261004/corpus/pauli_layers_54_symbolic.mlir"":1:1): target compilation requires a single-qubit synthesis basis
loc(""/home/nvidia/.codex/experiments/core-synthesis-large-20261004/corpus/pauli_layers_54_symbolic.mlir"":1:1): failed to synthesize the QCO program for the target",,,pauli_layers,252002,3729,22513b39c1cc9c03635c6298b1c315a46ffa0dc74c76a12d37c8a8e18003197f,,symbolic,,,,,,,,synthetic,11.960587,"[12.674608, 11.754235, 11.745994, 11.960587, 11.964732]",69.2734375,54,,synthesis_failed,,,ionq_fixed_r_zz,,
main,pauli_layers_54_symbolic,,,,"Target synthesis failed: loc(""/home/nvidia/.codex/experiments/core-synthesis-large-20261004/corpus/pauli_layers_54_symbolic.mlir"":2491:42): target-native synthesis cannot lower operation 'qco.rxx': its unitary matrix is not available at compile time
loc(""/home/nvidia/.codex/experiments/core-synthesis-large-20261004/corpus/pauli_layers_54_symbolic.mlir"":1:1): failed to synthesize the QCO program for the target",,,pauli_layers,252002,3729,22513b39c1cc9c03635c6298b1c315a46ffa0dc74c76a12d37c8a8e18003197f,,symbolic,,,,,,,,synthetic,11.757179,"[11.996684, 11.653033, 11.745867, 11.960667, 11.757179]",69.25390625,54,,synthesis_failed,,,iqm_r_cz,,
main,pauli_layers_54_symbolic,,,,"Target synthesis failed: loc(""/home/nvidia/.codex/experiments/core-synthesis-large-20261004/corpus/pauli_layers_54_symbolic.mlir"":2491:42): target-native synthesis cannot lower operation 'qco.rxx': its unitary matrix is not available at compile time
loc(""/home/nvidia/.codex/experiments/core-synthesis-large-20261004/corpus/pauli_layers_54_symbolic.mlir"":1:1): failed to synthesize the QCO program for the target",,,pauli_layers,252002,3729,22513b39c1cc9c03635c6298b1c315a46ffa0dc74c76a12d37c8a8e18003197f,,symbolic,,,,,,,,synthetic,11.72713,"[12.075837, 11.633481, 11.720666, 11.72713, 11.877451]",69.25390625,54,,synthesis_failed,,,rigetti_rx_cz,,
main,pauli_layers_54_symbolic,,,,"Target synthesis failed: loc(""/home/nvidia/.codex/experiments/core-synthesis-large-20261004/corpus/pauli_layers_54_symbolic.mlir"":2491:42): target-native synthesis cannot lower operation 'qco.rxx': its unitary matrix is not available at compile time
loc(""/home/nvidia/.codex/experiments/core-synthesis-large-20261004/corpus/pauli_layers_54_symbolic.mlir"":1:1): failed to synthesize the QCO program for the target",,,pauli_layers,252002,3729,22513b39c1cc9c03635c6298b1c315a46ffa0dc74c76a12d37c8a8e18003197f,,symbolic,,,,,,,,synthetic,11.802187,"[12.551903, 11.736154, 11.802187, 11.754922, 11.923499]",69.2734375,54,,synthesis_failed,,,rxrz_rzz_unbounded,,
pr2578,core_bv_104,static: each control-flow region counted once,59,flat circuit,,2.245614,"[2.89669, 2.342335, 2.245614, 2.231806, 2.223918]",bv,163993,3614,2f87f82eadbe29dc7fdb661e49e8ad43141df5ae5c24fb5a9507c08f2aa745d5,58517,numeric,313,105,52,58,208,0,"{""x"": 1, ""rz"": 208, ""rx"": 104, ""cz"": 52, ""measure"": 103}",core,4.441467,"[4.409611, 4.565533, 4.645774, 4.441467, 4.249291]",122.609375,104,104,exported,19.360154,"[19.416538, 19.329562, 19.360154, 19.360874, 19.287481]",ibm_fractional_bounded,52,"{""kind"": ""native_contract_only"", ""passed"": true, ""errors"": [], ""checked_instructions"": 468, ""bindings"": 1, ""semantic_equivalence"": ""not checked at large width""}"
pr2578,core_bv_104,static: each control-flow region counted once,59,flat circuit,,2.200238,"[2.856819, 2.286206, 2.200238, 2.174478, 2.165821]",bv,163993,3614,2f87f82eadbe29dc7fdb661e49e8ad43141df5ae5c24fb5a9507c08f2aa745d5,58400,numeric,318,106,52,58,212,0,"{""rz"": 212, ""sx"": 106, ""cx"": 52, ""measure"": 103}",core,4.381372,"[4.381372, 4.184922, 4.511373, 4.203482, 4.734078]",122.125,104,105,exported,20.474481,"[20.526513, 20.510898, 20.438769, 20.474481, 20.418336]",ibm_sxz_cx,52,"{""kind"": ""native_contract_only"", ""passed"": true, ""errors"": [], ""checked_instructions"": 473, ""bindings"": 1, ""semantic_equivalence"": ""not checked at large width""}"
pr2578,core_bv_104,static: each control-flow region counted once,59,flat circuit,,2.187502,"[2.802514, 2.294958, 2.187502, 2.173902, 2.170894]",bv,163993,3614,2f87f82eadbe29dc7fdb661e49e8ad43141df5ae5c24fb5a9507c08f2aa745d5,57649,numeric,313,105,52,58,208,0,"{""x"": 1, ""rz"": 208, ""sx"": 104, ""cz"": 52, ""measure"": 103}",core,4.255435,"[4.461916, 4.87627, 4.255435, 4.253787, 4.159402]",122.13671875,104,104,exported,19.539531,"[19.594731, 19.462858, 19.509003, 19.539531, 19.65566]",ibm_sxz_cz,52,"{""kind"": ""native_contract_only"", ""passed"": true, ""errors"": [], ""checked_instructions"": 468, ""bindings"": 1, ""semantic_equivalence"": ""not checked at large width""}"
pr2578,core_bv_104,static: each control-flow region counted once,109,flat circuit,,1.949772,"[2.518704, 2.040813, 1.949772, 1.927676, 1.932492]",bv,163993,3614,2f87f82eadbe29dc7fdb661e49e8ad43141df5ae5c24fb5a9507c08f2aa745d5,52629,numeric,315,105,52,108,210,0,"{""rz"": 210, ""rx"": 105, ""rzz"": 52, ""measure"": 103}",core,4.405227,"[4.405227, 4.190187, 4.477388, 4.772494, 4.190203]",122.61328125,104,107,exported,20.348208,"[20.427169, 20.348208, 20.370544, 20.270528, 20.31696]",rxrz_rzz_unbounded,52,"{""kind"": ""native_contract_only"", ""passed"": true, ""errors"": [], ""checked_instructions"": 470, ""bindings"": 1, ""semantic_equivalence"": ""not checked at large width""}"
pr2578,core_bv_156,static: each control-flow region counted once,85,flat circuit,,3.361781,"[4.144506, 3.641799, 3.361781, 3.360565, 3.324901]",bv,248777,5434,38e2413836e6c5fdc49d5937fd6146ccdca0f49645301e6b446652a95ce33bbe,87689,numeric,469,157,78,84,312,0,"{""x"": 1, ""rz"": 312, ""rx"": 156, ""cz"": 78, ""measure"": 155}",core,6.15615,"[7.03374, 6.28068, 6.093062, 6.128503, 6.15615]",125.28125,156,156,exported,36.173235,"[36.25346, 36.135187, 36.173235, 36.270548, 36.172547]",ibm_fractional_bounded,78,"{""kind"": ""native_contract_only"", ""passed"": true, ""errors"": [], ""checked_instructions"": 702, ""bindings"": 1, ""semantic_equivalence"": ""not checked at large width""}"
pr2578,core_bv_156,static: each control-flow region counted once,85,flat circuit,,3.339365,"[4.179354, 3.44287, 3.339365, 3.285285, 3.28746]",bv,248777,5434,38e2413836e6c5fdc49d5937fd6146ccdca0f49645301e6b446652a95ce33bbe,87548,numeric,474,158,78,84,316,0,"{""rz"": 316, ""sx"": 158, ""cx"": 78, ""measure"": 155}",core,6.160935,"[6.31092, 5.964869, 7.096397, 6.160935, 6.140566]",125.8125,156,158,exported,38.003999,"[38.208912, 37.895166, 38.05592, 38.003999, 37.949038]",ibm_sxz_cx,78,"{""kind"": ""native_contract_only"", ""passed"": true, ""errors"": [], ""checked_instructions"": 707, ""bindings"": 1, ""semantic_equivalence"": ""not checked at large width""}"
pr2578,core_bv_156,static: each control-flow region counted once,85,flat circuit,,3.310261,"[4.100378, 3.432838, 3.310261, 3.287732, 3.278021]",bv,248777,5434,38e2413836e6c5fdc49d5937fd6146ccdca0f49645301e6b446652a95ce33bbe,86589,numeric,469,157,78,84,312,0,"{""x"": 1, ""rz"": 312, ""sx"": 156, ""cz"": 78, ""measure"": 155}",core,6.270696,"[6.270696, 6.359464, 6.737274, 6.144503, 6.144934]",125.78515625,156,157,exported,36.544693,"[36.60407, 36.528117, 36.434469, 36.544693, 36.548118]",ibm_sxz_cz,78,"{""kind"": ""native_contract_only"", ""passed"": true, ""errors"": [], ""checked_instructions"": 702, ""bindings"": 1, ""semantic_equivalence"": ""not checked at large width""}"
pr2578,core_bv_156,static: each control-flow region counted once,161,flat circuit,,2.951187,"[3.663415, 3.040979, 2.951187, 2.922114, 2.908642]",bv,248777,5434,38e2413836e6c5fdc49d5937fd6146ccdca0f49645301e6b446652a95ce33bbe,78862,numeric,471,157,78,160,314,0,"{""rz"": 314, ""rx"": 157, ""rzz"": 78, ""measure"": 155}",core,6.148231,"[6.267943, 6.882155, 6.030134, 6.148231, 6.146438]",125.31640625,156,159,exported,37.924543,"[37.805981, 38.046431, 38.034831, 37.924543, 37.869454]",rxrz_rzz_unbounded,78,"{""kind"": ""native_contract_only"", ""passed"": true, ""errors"": [], ""checked_instructions"": 704, ""bindings"": 1, ""semantic_equivalence"": ""not checked at large width""}"
pr2578,core_bv_24,static: each control-flow region counted once,19,flat circuit,,0.571043,"[0.926694, 0.616612, 0.571043, 0.548132, 0.545747]",bv,36211,814,1e8859888f01df6f3601028324a859e1825aa42dd0ed3a855b9fae474684ac7e,14170,numeric,73,25,12,18,48,0,"{""x"": 1, ""rz"": 48, ""rx"": 24, ""cz"": 12, ""measure"": 23}",core,1.419145,"[1.628859, 1.419145, 1.47697, 1.401113, 1.397097]",119.10546875,24,24,exported,2.954467,"[3.162916, 3.000275, 2.954467, 2.945171, 2.948707]",ibm_fractional_bounded,12,"{""kind"": ""native_contract_only"", ""passed"": true, ""errors"": [], ""checked_instructions"": 108, ""bindings"": 1, ""semantic_equivalence"": ""not checked at large width""}"
pr2578,core_bv_24,static: each control-flow region counted once,19,flat circuit,,0.559284,"[0.947542, 0.614068, 0.559284, 0.558307, 0.548148]",bv,36211,814,1e8859888f01df6f3601028324a859e1825aa42dd0ed3a855b9fae474684ac7e,14231,numeric,78,26,12,18,52,0,"{""rz"": 52, ""sx"": 26, ""cx"": 12, ""measure"": 23}",core,1.420009,"[1.628379, 1.420009, 1.436217, 1.407049, 1.391257]",119.09765625,24,25,exported,3.258101,"[3.258101, 3.938074, 3.507991, 3.227301, 3.20282]",ibm_sxz_cx,12,"{""kind"": ""native_contract_only"", ""passed"": true, ""errors"": [], ""checked_instructions"": 113, ""bindings"": 1, ""semantic_equivalence"": ""not checked at large width""}"
pr2578,core_bv_24,static: each control-flow region counted once,19,flat circuit,,0.561635,"[0.931798, 0.594532, 0.561635, 0.5441, 0.526499]",bv,36211,814,1e8859888f01df6f3601028324a859e1825aa42dd0ed3a855b9fae474684ac7e,13782,numeric,73,25,12,18,48,0,"{""x"": 1, ""rz"": 48, ""sx"": 24, ""cz"": 12, ""measure"": 23}",core,1.403785,"[1.61169, 1.409049, 1.403785, 1.379753, 1.387593]",119.0859375,24,24,exported,3.038371,"[3.433734, 3.038371, 3.560247, 3.01514, 2.997604]",ibm_sxz_cz,12,"{""kind"": ""native_contract_only"", ""passed"": true, ""errors"": [], ""checked_instructions"": 108, ""bindings"": 1, ""semantic_equivalence"": ""not checked at large width""}"
pr2578,core_bv_24,static: each control-flow region counted once,29,flat circuit,,0.877141,"[1.204696, 0.877141, 0.829862, 0.947638, 0.822405]",bv,36211,814,1e8859888f01df6f3601028324a859e1825aa42dd0ed3a855b9fae474684ac7e,13294,numeric,74,25,12,28,49,0,"{""rz"": 49, ""gpi2"": 24, ""rzz"": 12, ""gpi"": 1, ""measure"": 23}",core,1.420265,"[1.62537, 1.488602, 1.386873, 1.409497, 1.420265]",118.82421875,24,29,exported,3.309414,"[3.688168, 3.338198, 3.309414, 3.293797, 3.294741]",ionq_fixed_r_zz,12,"{""kind"": ""native_contract_only"", ""passed"": true, ""errors"": [], ""checked_instructions"": 109, ""bindings"": 1, ""semantic_equivalence"": ""not checked at large width""}"
pr2578,core_bv_24,static: each control-flow region counted once,16,flat circuit,,0.449027,"[0.805125, 0.497539, 0.449027, 0.440899, 0.427443]",bv,36211,814,1e8859888f01df6f3601028324a859e1825aa42dd0ed3a855b9fae474684ac7e,11668,numeric,26,26,12,15,0,0,"{""r"": 26, ""cz"": 12, ""measure"": 23}",core,1.414361,"[1.645595, 1.414361, 1.375817, 1.425529, 1.401929]",118.6328125,24,28,exported,3.037043,"[3.497799, 3.343558, 3.037043, 3.007987, 3.005171]",iqm_r_cz,12,"{""kind"": ""native_contract_only"", ""passed"": true, ""errors"": [], ""checked_instructions"": 61, ""bindings"": 1, ""semantic_equivalence"": ""not checked at large width""}"
pr2578,core_bv_24,static: each control-flow region counted once,19,flat circuit,,0.787253,"[1.192424, 0.839765, 0.787253, 0.763333, 0.765877]",bv,36211,814,1e8859888f01df6f3601028324a859e1825aa42dd0ed3a855b9fae474684ac7e,14604,numeric,73,25,12,18,48,0,"{""rxpi"": 1, ""rz"": 48, ""rxpi2"": 24, ""cz"": 12, ""measure"": 23}",core,1.404297,"[1.630346, 1.416698, 1.389816, 1.390089, 1.404297]",118.6015625,24,25,exported,3.055684,"[3.08498, 3.055684, 3.572807, 3.021652, 2.997588]",rigetti_rx_cz,12,"{""kind"": ""native_contract_only"", ""passed"": true, ""errors"": [], ""checked_instructions"": 108, ""bindings"": 1, ""semantic_equivalence"": ""not checked at large width""}"
pr2578,core_bv_24,static: each control-flow region counted once,29,flat circuit,,0.507076,"[0.888326, 0.560019, 0.507076, 0.494691, 0.488723]",bv,36211,814,1e8859888f01df6f3601028324a859e1825aa42dd0ed3a855b9fae474684ac7e,12816,numeric,75,25,12,28,50,0,"{""rz"": 50, ""rx"": 25, ""rzz"": 12, ""measure"": 23}",core,1.420665,"[1.632603, 1.420665, 1.478538, 1.402681, 1.391721]",118.60546875,24,27,exported,3.280709,"[3.309509, 3.402534, 3.280709, 3.238485, 3.233813]",rxrz_rzz_unbounded,12,"{""kind"": ""native_contract_only"", ""passed"": true, ""errors"": [], ""checked_instructions"": 110, ""bindings"": 1, ""semantic_equivalence"": ""not checked at large width""}"
pr2578,core_bv_36,static: each control-flow region counted once,25,flat circuit,,0.806437,"[1.255032, 0.857478, 0.806437, 0.804037, 0.786053]",bv,55145,1234,1bfa7fac034ddab621396652290226fe562a9444fff85951d792c455ea24e891,20746,numeric,109,37,18,24,72,0,"{""x"": 1, ""rz"": 72, ""rx"": 36, ""cz"": 18, ""measure"": 35}",core,1.83582,"[2.043117, 1.873724, 1.822028, 1.83582, 1.811707]",118.85546875,36,36,exported,4.734062,"[4.855391, 4.769055, 4.734062, 4.711182, 4.72979]",ibm_fractional_bounded,18,"{""kind"": ""native_contract_only"", ""passed"": true, ""errors"": [], ""checked_instructions"": 162, ""bindings"": 1, ""semantic_equivalence"": ""not checked at large width""}"
pr2578,core_bv_36,static: each control-flow region counted once,25,flat circuit,,0.826341,"[1.229608, 0.892646, 0.826341, 0.798725, 0.791301]",bv,55145,1234,1bfa7fac034ddab621396652290226fe562a9444fff85951d792c455ea24e891,20845,numeric,114,38,18,24,76,0,"{""rz"": 76, ""sx"": 38, ""cx"": 18, ""measure"": 35}",core,1.821371,"[2.057117, 1.821371, 1.805932, 1.818268, 1.925932]",119.4765625,36,38,exported,5.111025,"[5.372754, 5.143137, 5.111025, 5.078688, 5.107745]",ibm_sxz_cx,18,"{""kind"": ""native_contract_only"", ""passed"": true, ""errors"": [], ""checked_instructions"": 167, ""bindings"": 1, ""semantic_equivalence"": ""not checked at large width""}"
pr2578,core_bv_36,static: each control-flow region counted once,25,flat circuit,,0.800134,"[1.265224, 0.861733, 0.800134, 0.785861, 0.775269]",bv,55145,1234,1bfa7fac034ddab621396652290226fe562a9444fff85951d792c455ea24e891,20366,numeric,109,37,18,24,72,0,"{""x"": 1, ""rz"": 72, ""sx"": 36, ""cz"": 18, ""measure"": 35}",core,1.87222,"[2.049277, 1.822908, 1.87222, 1.8079, 2.600208]",119.3515625,36,37,exported,4.745822,"[4.840047, 4.815487, 4.745822, 4.743422, 4.734398]",ibm_sxz_cz,18,"{""kind"": ""native_contract_only"", ""passed"": true, ""errors"": [], ""checked_instructions"": 162, ""bindings"": 1, ""semantic_equivalence"": ""not checked at large width""}"
pr2578,core_bv_36,static: each control-flow region counted once,41,flat circuit,,1.293272,"[1.634587, 1.293272, 1.333929, 1.170167, 1.146967]",bv,55145,1234,1bfa7fac034ddab621396652290226fe562a9444fff85951d792c455ea24e891,19280,numeric,110,37,18,40,73,0,"{""rz"": 73, ""gpi2"": 36, ""rzz"": 18, ""gpi"": 1, ""measure"": 35}",core,1.900508,"[2.064877, 1.900508, 1.795788, 1.812315, 2.24667]",121.8671875,36,41,exported,5.182642,"[5.410179, 5.166705, 5.182642, 5.169249, 5.203585]",ionq_fixed_r_zz,18,"{""kind"": ""native_contract_only"", ""passed"": true, ""errors"": [], ""checked_instructions"": 163, ""bindings"": 1, ""semantic_equivalence"": ""not checked at large width""}"
pr2578,core_bv_36,static: each control-flow region counted once,22,flat circuit,,0.634644,"[1.029223, 0.691972, 0.634644, 0.62818, 0.617364]",bv,55145,1234,1bfa7fac034ddab621396652290226fe562a9444fff85951d792c455ea24e891,16924,numeric,38,38,18,21,0,0,"{""r"": 38, ""cz"": 18, ""measure"": 35}",core,1.837068,"[2.071629, 1.837068, 1.799915, 1.804411, 2.392927]",118.8828125,36,40,exported,4.746782,"[4.822703, 4.919279, 4.746782, 4.692238, 4.729598]",iqm_r_cz,18,"{""kind"": ""native_contract_only"", ""passed"": true, ""errors"": [], ""checked_instructions"": 91, ""bindings"": 1, ""semantic_equivalence"": ""not checked at large width""}"
pr2578,core_bv_36,static: each control-flow region counted once,25,flat circuit,,1.090551,"[1.528025, 1.15684, 1.090551, 1.072791, 1.065926]",bv,55145,1234,1bfa7fac034ddab621396652290226fe562a9444fff85951d792c455ea24e891,21254,numeric,109,37,18,24,72,0,"{""rxpi"": 1, ""rz"": 72, ""rxpi2"": 36, ""cz"": 18, ""measure"": 35}",core,1.82342,"[2.042605, 1.82342, 1.81398, 1.805659, 2.206302]",119.51171875,36,37,exported,4.78907,"[5.01616, 4.824175, 4.78907, 4.787455, 4.772942]",rigetti_rx_cz,18,"{""kind"": ""native_contract_only"", ""passed"": true, ""errors"": [], ""checked_instructions"": 162, ""bindings"": 1, ""semantic_equivalence"": ""not checked at large width""}"
pr2578,core_bv_36,static: each control-flow region counted once,41,flat circuit,,0.726388,"[1.142792, 0.771493, 0.726388, 0.701685, 0.693684]",bv,55145,1234,1bfa7fac034ddab621396652290226fe562a9444fff85951d792c455ea24e891,18704,numeric,111,37,18,40,74,0,"{""rz"": 74, ""rx"": 37, ""rzz"": 18, ""measure"": 35}",core,1.823436,"[2.040077, 1.823436, 1.790539, 1.807692, 1.88694]",119.36328125,36,39,exported,5.077233,"[5.759413, 5.092656, 5.044736, 5.042928, 5.077233]",rxrz_rzz_unbounded,18,"{""kind"": ""native_contract_only"", ""passed"": true, ""errors"": [], ""checked_instructions"": 164, ""bindings"": 1, ""semantic_equivalence"": ""not checked at large width""}"
pr2578,core_bv_54,static: each control-flow region counted once,34,flat circuit,,1.179464,"[1.691066, 1.272712, 1.179464, 1.163527, 1.154279]",bv,83691,1864,3a71e1e1581add67c5ab877b6faf9a8579bbbc0060246e54a221faff14bfd8fb,30762,numeric,163,55,27,33,108,0,"{""x"": 1, ""rz"": 108, ""rx"": 54, ""cz"": 27, ""measure"": 53}",core,2.490944,"[2.663537, 2.490944, 2.734193, 2.436912, 2.455343]",121.3125,54,55,exported,7.903426,"[7.932547, 7.903426, 7.925986, 7.889666, 7.830513]",ibm_fractional_bounded,27,"{""kind"": ""native_contract_only"", ""passed"": true, ""errors"": [], ""checked_instructions"": 243, ""bindings"": 1, ""semantic_equivalence"": ""not checked at large width""}"
pr2578,core_bv_54,static: each control-flow region counted once,34,flat circuit,,1.183496,"[1.686394, 1.254264, 1.183496, 1.158407, 1.145031]",bv,83691,1864,3a71e1e1581add67c5ab877b6faf9a8579bbbc0060246e54a221faff14bfd8fb,30686,numeric,168,56,27,33,112,0,"{""rz"": 112, ""sx"": 56, ""cx"": 27, ""measure"": 53}",core,2.459711,"[2.673264, 2.419088, 2.459711, 2.43472, 2.812802]",119.78125,54,55,exported,8.367445,"[8.436949, 8.371221, 8.353941, 8.362117, 8.367445]",ibm_sxz_cx,27,"{""kind"": ""native_contract_only"", ""passed"": true, ""errors"": [], ""checked_instructions"": 248, ""bindings"": 1, ""semantic_equivalence"": ""not checked at large width""}"
pr2578,core_bv_54,static: each control-flow region counted once,34,flat circuit,,1.16012,"[1.657914, 1.225768, 1.16012, 1.151319, 1.141447]",bv,83691,1864,3a71e1e1581add67c5ab877b6faf9a8579bbbc0060246e54a221faff14bfd8fb,30195,numeric,163,55,27,33,108,0,"{""x"": 1, ""rz"": 108, ""sx"": 54, ""cz"": 27, ""measure"": 53}",core,2.693009,"[2.693009, 2.469375, 2.415727, 2.864914, 2.93781]",119.765625,54,55,exported,7.872498,"[7.959074, 7.872498, 7.87125, 7.885394, 7.844113]",ibm_sxz_cz,27,"{""kind"": ""native_contract_only"", ""passed"": true, ""errors"": [], ""checked_instructions"": 243, ""bindings"": 1, ""semantic_equivalence"": ""not checked at large width""}"
pr2578,core_bv_54,static: each control-flow region counted once,59,flat circuit,,1.821835,"[2.233102, 2.000989, 1.821835, 1.699995, 1.672475]",bv,83691,1864,3a71e1e1581add67c5ab877b6faf9a8579bbbc0060246e54a221faff14bfd8fb,28338,numeric,164,55,27,58,109,0,"{""rz"": 109, ""gpi2"": 54, ""rzz"": 27, ""gpi"": 1, ""measure"": 53}",core,2.474847,"[2.674529, 2.433984, 2.446703, 2.474896, 2.474847]",121.7734375,54,59,exported,8.481814,"[8.554678, 8.481814, 8.471478, 8.484598, 8.477301]",ionq_fixed_r_zz,27,"{""kind"": ""native_contract_only"", ""passed"": true, ""errors"": [], ""checked_instructions"": 244, ""bindings"": 1, ""semantic_equivalence"": ""not checked at large width""}"
pr2578,core_bv_54,static: each control-flow region counted once,31,flat circuit,,0.923974,"[1.359977, 1.009062, 0.923974, 0.91839, 0.912005]",bv,83691,1864,3a71e1e1581add67c5ab877b6faf9a8579bbbc0060246e54a221faff14bfd8fb,24974,numeric,56,56,27,30,0,0,"{""r"": 56, ""cz"": 27, ""measure"": 53}",core,2.48856,"[2.698609, 2.529904, 2.416431, 2.48856, 2.474048]",119.671875,54,58,exported,7.845714,"[7.929506, 7.833298, 7.859762, 7.821937, 7.845714]",iqm_r_cz,27,"{""kind"": ""native_contract_only"", ""passed"": true, ""errors"": [], ""checked_instructions"": 136, ""bindings"": 1, ""semantic_equivalence"": ""not checked at large width""}"
pr2578,core_bv_54,static: each control-flow region counted once,34,flat circuit,,1.660426,"[2.063581, 1.660426, 1.587258, 1.545178, 1.700267]",bv,83691,1864,3a71e1e1581add67c5ab877b6faf9a8579bbbc0060246e54a221faff14bfd8fb,31356,numeric,163,55,27,33,108,0,"{""rxpi"": 1, ""rz"": 108, ""rxpi2"": 54, ""cz"": 27, ""measure"": 53}",core,2.443967,"[2.678128, 2.434592, 2.400783, 2.443967, 2.919171]",119.24609375,54,56,exported,7.871665,"[8.128676, 7.938754, 7.86853, 7.863153, 7.871665]",rigetti_rx_cz,27,"{""kind"": ""native_contract_only"", ""passed"": true, ""errors"": [], ""checked_instructions"": 243, ""bindings"": 1, ""semantic_equivalence"": ""not checked at large width""}"
pr2578,core_bv_54,static: each control-flow region counted once,59,flat circuit,,1.062663,"[1.498842, 1.104791, 1.043926, 1.023879, 1.062663]",bv,83691,1864,3a71e1e1581add67c5ab877b6faf9a8579bbbc0060246e54a221faff14bfd8fb,27618,numeric,165,55,27,58,110,0,"{""rz"": 110, ""rx"": 55, ""rzz"": 27, ""measure"": 53}",core,2.65888,"[2.65888, 2.409936, 2.382623, 2.844018, 2.92261]",121.75,54,57,exported,8.303188,"[8.357301, 8.314021, 8.303188, 8.293653, 8.294932]",rxrz_rzz_unbounded,27,"{""kind"": ""native_contract_only"", ""passed"": true, ""errors"": [], ""checked_instructions"": 245, ""bindings"": 1, ""semantic_equivalence"": ""not checked at large width""}"
pr2578,core_ghz_104,static: each control-flow region counted once,313,flat circuit,,3.227972,"[3.943609, 3.327669, 3.227972, 3.212245, 3.198916]",ghz,99145,1865,82927e6907aeecfc4c3fa8bb5234c581d762cd6c227990c35bfb8e05b0ed64f4,84105,numeric,724,310,103,312,414,0,"{""rz"": 414, ""rx"": 310, ""rzz"": 103, ""measure"": 104}",core,3.003987,"[3.003987, 2.741569, 3.181092, 2.848274, 3.295813]",122.48828125,104,109,exported,15.496833,"[15.576898, 15.555042, 15.493618, 15.488914, 15.496833]",ibm_fractional_bounded,103,"{""kind"": ""native_contract_only"", ""passed"": true, ""errors"": [], ""checked_instructions"": 931, ""bindings"": 1, ""semantic_equivalence"": ""not checked at large width""}"
pr2578,core_ghz_104,static: each control-flow region counted once,107,flat circuit,,1.842236,"[2.395631, 1.954204, 1.842236, 1.810267, 1.792316]",ghz,99145,1865,82927e6907aeecfc4c3fa8bb5234c581d762cd6c227990c35bfb8e05b0ed64f4,54527,numeric,3,1,103,106,2,0,"{""rz"": 2, ""sx"": 1, ""cx"": 103, ""measure"": 104}",core,2.835282,"[2.975314, 2.77357, 2.835282, 3.197876, 2.832866]",121.3515625,104,106,exported,12.532303,"[12.631295, 12.580991, 12.507487, 12.458367, 12.532303]",ibm_sxz_cx,103,"{""kind"": ""native_contract_only"", ""passed"": true, ""errors"": [], ""checked_instructions"": 210, ""bindings"": 1, ""semantic_equivalence"": ""not checked at large width""}"
pr2578,core_ghz_104,static: each control-flow region counted once,416,flat circuit,,3.493078,"[4.24065, 3.559767, 3.493078, 3.435078, 3.445317]",ghz,99145,1865,82927e6907aeecfc4c3fa8bb5234c581d762cd6c227990c35bfb8e05b0ed64f4,88372,numeric,621,207,103,415,414,0,"{""rz"": 414, ""sx"": 207, ""cz"": 103, ""measure"": 104}",core,3.068387,"[3.068387, 2.750065, 2.778098, 3.526806, 3.16362]",122.39453125,104,107,exported,14.202441,"[14.292602, 14.199802, 14.21785, 14.202441, 14.175242]",ibm_sxz_cz,103,"{""kind"": ""native_contract_only"", ""passed"": true, ""errors"": [], ""checked_instructions"": 828, ""bindings"": 1, ""semantic_equivalence"": ""not checked at large width""}"
pr2578,core_ghz_104,static: each control-flow region counted once,313,flat circuit,,2.95565,"[3.646167, 3.032275, 2.951011, 2.95565, 2.929635]",ghz,99145,1865,82927e6907aeecfc4c3fa8bb5234c581d762cd6c227990c35bfb8e05b0ed64f4,77537,numeric,621,207,103,312,414,0,"{""rz"": 414, ""rx"": 207, ""rzz"": 103, ""measure"": 104}",core,2.840594,"[2.998835, 2.737089, 2.81597, 3.194276, 2.840594]",122.8125,104,108,exported,13.968712,"[13.987176, 13.937528, 13.999417, 13.935145, 13.968712]",rxrz_rzz_unbounded,103,"{""kind"": ""native_contract_only"", ""passed"": true, ""errors"": [], ""checked_instructions"": 828, ""bindings"": 1, ""semantic_equivalence"": ""not checked at large width""}"
pr2578,core_ghz_156,static: each control-flow region counted once,469,flat circuit,,4.940655,"[5.895253, 5.03992, 4.940655, 4.889679, 4.881135]",ghz,150469,2801,a2956f90b4f44761b1b2ca8ea66492bb0e1d5f303d2fe7eec6943ddcc98467a2,126557,numeric,1088,466,155,468,622,0,"{""rz"": 622, ""rx"": 466, ""rzz"": 155, ""measure"": 156}",core,4.225482,"[4.530461, 4.301323, 4.225482, 4.000218, 4.022473]",126.48828125,156,161,exported,25.352336,"[25.357456, 25.242639, 25.352336, 25.184959, 25.371328]",ibm_fractional_bounded,155,"{""kind"": ""native_contract_only"", ""passed"": true, ""errors"": [], ""checked_instructions"": 1399, ""bindings"": 1, ""semantic_equivalence"": ""not checked at large width""}"
pr2578,core_ghz_156,static: each control-flow region counted once,159,flat circuit,,2.736849,"[3.443638, 2.815538, 2.736849, 2.706993, 2.686785]",ghz,150469,2801,a2956f90b4f44761b1b2ca8ea66492bb0e1d5f303d2fe7eec6943ddcc98467a2,81775,numeric,3,1,155,158,2,0,"{""rz"": 2, ""sx"": 1, ""cx"": 155, ""measure"": 156}",core,4.13753,"[4.13753, 3.950409, 4.005049, 4.380859, 4.589869]",122.0390625,156,158,exported,20.802195,"[20.844019, 20.805123, 20.775891, 20.802195, 20.783091]",ibm_sxz_cx,155,"{""kind"": ""native_contract_only"", ""passed"": true, ""errors"": [], ""checked_instructions"": 314, ""bindings"": 1, ""semantic_equivalence"": ""not checked at large width""}"
pr2578,core_ghz_156,static: each control-flow region counted once,624,flat circuit,,5.322945,"[6.228295, 5.417314, 5.322945, 5.289938, 5.274001]",ghz,150469,2801,a2956f90b4f44761b1b2ca8ea66492bb0e1d5f303d2fe7eec6943ddcc98467a2,133166,numeric,933,311,155,623,622,0,"{""rz"": 622, ""sx"": 311, ""cz"": 155, ""measure"": 156}",core,4.243803,"[4.210634, 4.243803, 4.347339, 4.29366, 4.026249]",126.3125,156,159,exported,23.399523,"[23.459844, 23.503284, 23.399523, 23.335139, 23.309395]",ibm_sxz_cz,155,"{""kind"": ""native_contract_only"", ""passed"": true, ""errors"": [], ""checked_instructions"": 1244, ""bindings"": 1, ""semantic_equivalence"": ""not checked at large width""}"
pr2578,core_ghz_156,static: each control-flow region counted once,469,flat circuit,,4.542684,"[5.396322, 4.624494, 4.542684, 4.521373, 4.5171]",ghz,150469,2801,a2956f90b4f44761b1b2ca8ea66492bb0e1d5f303d2fe7eec6943ddcc98467a2,116563,numeric,933,311,155,468,622,0,"{""rz"": 622, ""rx"": 311, ""rzz"": 155, ""measure"": 156}",core,4.185115,"[4.185115, 4.225403, 4.491612, 4.019641, 3.972729]",125.65234375,156,160,exported,22.856672,"[23.035665, 22.8392, 22.887265, 22.856672, 22.75528]",rxrz_rzz_unbounded,155,"{""kind"": ""native_contract_only"", ""passed"": true, ""errors"": [], ""checked_instructions"": 1244, ""bindings"": 1, ""semantic_equivalence"": ""not checked at large width""}"
pr2578,core_ghz_24,static: each control-flow region counted once,73,flat circuit,,0.779733,"[1.163768, 0.828341, 0.779733, 0.755716, 0.763765]",ghz,22241,425,0126a50ff345d83deae734493df23b170e8fe048ca4fe877a52a74e2d2e611c7,20037,numeric,164,70,23,72,94,0,"{""rz"": 94, ""rx"": 70, ""rzz"": 23, ""measure"": 24}",core,1.085063,"[1.291897, 1.170023, 1.085063, 1.078182, 1.078743]",118.46875,24,29,exported,3.307077,"[3.307077, 3.697975, 3.547206, 3.224052, 3.226756]",ibm_fractional_bounded,23,"{""kind"": ""native_contract_only"", ""passed"": true, ""errors"": [], ""checked_instructions"": 211, ""bindings"": 1, ""semantic_equivalence"": ""not checked at large width""}"
pr2578,core_ghz_24,static: each control-flow region counted once,27,flat circuit,,0.477587,"[0.818997, 0.528419, 0.477587, 0.457347, 0.449043]",ghz,22241,425,0126a50ff345d83deae734493df23b170e8fe048ca4fe877a52a74e2d2e611c7,13203,numeric,3,1,23,26,2,0,"{""rz"": 2, ""sx"": 1, ""cx"": 23, ""measure"": 24}",core,1.128103,"[1.300264, 1.128103, 1.078295, 1.084951, 1.135703]",118.93359375,24,26,exported,2.65856,"[2.65856, 3.286404, 2.826882, 2.593841, 2.551728]",ibm_sxz_cx,23,"{""kind"": ""native_contract_only"", ""passed"": true, ""errors"": [], ""checked_instructions"": 50, ""bindings"": 1, ""semantic_equivalence"": ""not checked at large width""}"
pr2578,core_ghz_24,static: each control-flow region counted once,96,flat circuit,,0.821285,"[1.205031, 0.877606, 0.821285, 0.804725, 0.800021]",ghz,22241,425,0126a50ff345d83deae734493df23b170e8fe048ca4fe877a52a74e2d2e611c7,20708,numeric,141,47,23,95,94,0,"{""rz"": 94, ""sx"": 47, ""cz"": 23, ""measure"": 24}",core,1.122919,"[1.324904, 1.122919, 1.079575, 1.078662, 1.127079]",118.48046875,24,27,exported,3.036355,"[3.036355, 3.373077, 3.23786, 2.950387, 2.936658]",ibm_sxz_cz,23,"{""kind"": ""native_contract_only"", ""passed"": true, ""errors"": [], ""checked_instructions"": 188, ""bindings"": 1, ""semantic_equivalence"": ""not checked at large width""}"
pr2578,core_ghz_24,static: each control-flow region counted once,96,flat circuit,,1.370361,"[1.780843, 1.55337, 1.370361, 1.327368, 1.331656]",ghz,22241,425,0126a50ff345d83deae734493df23b170e8fe048ca4fe877a52a74e2d2e611c7,20214,numeric,164,47,23,95,117,0,"{""rz"": 117, ""gpi2"": 47, ""rzz"": 23, ""measure"": 24}",core,1.108471,"[1.302072, 1.182456, 1.108471, 1.093815, 1.082822]",120.92578125,24,29,exported,3.021475,"[3.767944, 3.329317, 3.021475, 3.000003, 2.990131]",ionq_fixed_r_zz,23,"{""kind"": ""native_contract_only"", ""passed"": true, ""errors"": [], ""checked_instructions"": 211, ""bindings"": 1, ""semantic_equivalence"": ""not checked at large width""}"
pr2578,core_ghz_24,static: each control-flow region counted once,48,flat circuit,,0.6045,"[0.97879, 0.662836, 0.6045, 0.59202, 0.579828]",ghz,22241,425,0126a50ff345d83deae734493df23b170e8fe048ca4fe877a52a74e2d2e611c7,15886,numeric,47,47,23,47,0,0,"{""r"": 47, ""cz"": 23, ""measure"": 24}",core,1.093943,"[1.32212, 1.145575, 1.093319, 1.093943, 1.081895]",118.44921875,24,27,exported,3.223604,"[3.392069, 3.246948, 3.223604, 2.945522, 2.93349]",iqm_r_cz,23,"{""kind"": ""native_contract_only"", ""passed"": true, ""errors"": [], ""checked_instructions"": 94, ""bindings"": 1, ""semantic_equivalence"": ""not checked at large width""}"
pr2578,core_ghz_24,static: each control-flow region counted once,96,flat circuit,,1.232856,"[1.600746, 1.232856, 1.176727, 1.152551, 1.294824]",ghz,22241,425,0126a50ff345d83deae734493df23b170e8fe048ca4fe877a52a74e2d2e611c7,21478,numeric,141,47,23,95,94,0,"{""rz"": 94, ""rxpi2"": 47, ""cz"": 23, ""measure"": 24}",core,1.08023,"[1.299833, 1.133575, 1.08023, 1.079143, 1.076775]",119.23046875,24,26,exported,2.98229,"[3.398949, 3.555462, 2.98229, 2.961747, 2.958803]",rigetti_rx_cz,23,"{""kind"": ""native_contract_only"", ""passed"": true, ""errors"": [], ""checked_instructions"": 188, ""bindings"": 1, ""semantic_equivalence"": ""not checked at large width""}"
pr2578,core_ghz_24,static: each control-flow region counted once,73,flat circuit,,0.711797,"[1.120727, 0.756645, 0.711797, 0.710052, 0.696596]",ghz,22241,425,0126a50ff345d83deae734493df23b170e8fe048ca4fe877a52a74e2d2e611c7,18271,numeric,141,47,23,72,94,0,"{""rz"": 94, ""rx"": 47, ""rzz"": 23, ""measure"": 24}",core,1.093735,"[1.307112, 1.116151, 1.072455, 1.093735, 1.077559]",118.47265625,24,28,exported,2.909074,"[3.305316, 2.909074, 3.414725, 2.885458, 2.908978]",rxrz_rzz_unbounded,23,"{""kind"": ""native_contract_only"", ""passed"": true, ""errors"": [], ""checked_instructions"": 188, ""bindings"": 1, ""semantic_equivalence"": ""not checked at large width""}"
pr2578,core_ghz_36,static: each control-flow region counted once,109,flat circuit,,1.153399,"[1.626939, 1.20252, 1.153399, 1.130631, 1.1278]",ghz,33647,641,59318b9fa04dc94f29ad9faa2807379242b66278f588963937a02790964987f3,29599,numeric,248,106,35,108,142,0,"{""rz"": 142, ""rx"": 106, ""rzz"": 35, ""measure"": 36}",core,1.335352,"[1.576522, 1.353721, 1.330809, 1.335352, 1.334361]",120.91796875,36,41,exported,4.872095,"[5.609156, 5.188913, 4.872095, 4.849567, 4.842031]",ibm_fractional_bounded,35,"{""kind"": ""native_contract_only"", ""passed"": true, ""errors"": [], ""checked_instructions"": 319, ""bindings"": 1, ""semantic_equivalence"": ""not checked at large width""}"
pr2578,core_ghz_36,static: each control-flow region counted once,39,flat circuit,,0.670852,"[1.058263, 0.727221, 0.670852, 0.658484, 0.6577]",ghz,33647,641,59318b9fa04dc94f29ad9faa2807379242b66278f588963937a02790964987f3,19317,numeric,3,1,35,38,2,0,"{""rz"": 2, ""sx"": 1, ""cx"": 35, ""measure"": 36}",core,1.369737,"[1.607114, 1.369737, 1.337449, 1.428329, 1.356073]",119.10546875,36,38,exported,3.840969,"[4.520317, 3.863273, 3.840969, 3.821512, 3.802328]",ibm_sxz_cx,35,"{""kind"": ""native_contract_only"", ""passed"": true, ""errors"": [], ""checked_instructions"": 74, ""bindings"": 1, ""semantic_equivalence"": ""not checked at large width""}"
pr2578,core_ghz_36,static: each control-flow region counted once,144,flat circuit,,1.219448,"[1.668059, 1.26996, 1.219448, 1.205863, 1.195112]",ghz,33647,641,59318b9fa04dc94f29ad9faa2807379242b66278f588963937a02790964987f3,30808,numeric,213,71,35,143,142,0,"{""rz"": 142, ""sx"": 71, ""cz"": 35, ""measure"": 36}",core,1.343208,"[1.581658, 1.358921, 1.324841, 1.343208, 1.334009]",121.4375,36,39,exported,4.4123,"[5.048784, 4.452764, 4.4123, 4.371772, 4.373052]",ibm_sxz_cz,35,"{""kind"": ""native_contract_only"", ""passed"": true, ""errors"": [], ""checked_instructions"": 284, ""bindings"": 1, ""semantic_equivalence"": ""not checked at large width""}"
pr2578,core_ghz_36,static: each control-flow region counted once,144,flat circuit,,2.015133,"[2.669906, 2.045133, 1.981405, 1.957804, 2.015133]",ghz,33647,641,59318b9fa04dc94f29ad9faa2807379242b66278f588963937a02790964987f3,29920,numeric,248,71,35,143,177,0,"{""rz"": 177, ""gpi2"": 71, ""rzz"": 35, ""measure"": 36}",core,1.362185,"[1.579546, 1.362185, 1.330248, 1.412329, 1.340457]",122.140625,36,41,exported,4.471053,"[4.560893, 4.50046, 4.471053, 4.447549, 4.445372]",ionq_fixed_r_zz,35,"{""kind"": ""native_contract_only"", ""passed"": true, ""errors"": [], ""checked_instructions"": 319, ""bindings"": 1, ""semantic_equivalence"": ""not checked at large width""}"
pr2578,core_ghz_36,static: each control-flow region counted once,72,flat circuit,,0.878933,"[1.278488, 0.956295, 0.878933, 0.861542, 0.849925]",ghz,33647,641,59318b9fa04dc94f29ad9faa2807379242b66278f588963937a02790964987f3,23600,numeric,71,71,35,71,0,0,"{""r"": 71, ""cz"": 35, ""measure"": 36}",core,1.3794,"[1.593243, 1.3794, 1.342121, 1.406249, 1.344649]",119.21484375,36,39,exported,4.359484,"[5.418291, 4.420476, 4.359484, 4.334492, 4.330428]",iqm_r_cz,35,"{""kind"": ""native_contract_only"", ""passed"": true, ""errors"": [], ""checked_instructions"": 142, ""bindings"": 1, ""semantic_equivalence"": ""not checked at large width""}"
pr2578,core_ghz_36,static: each control-flow region counted once,144,flat circuit,,1.748491,"[2.155374, 1.748491, 1.822364, 1.677163, 1.655019]",ghz,33647,641,59318b9fa04dc94f29ad9faa2807379242b66278f588963937a02790964987f3,31768,numeric,213,71,35,143,142,0,"{""rz"": 142, ""rxpi2"": 71, ""cz"": 35, ""measure"": 36}",core,1.335241,"[1.604442, 1.366345, 1.312408, 1.335241, 1.329561]",120.9453125,36,38,exported,4.409756,"[5.394371, 4.43422, 4.392124, 4.395644, 4.409756]",rigetti_rx_cz,35,"{""kind"": ""native_contract_only"", ""passed"": true, ""errors"": [], ""checked_instructions"": 284, ""bindings"": 1, ""semantic_equivalence"": ""not checked at large width""}"
pr2578,core_ghz_36,static: each control-flow region counted once,109,flat circuit,,1.058246,"[1.500074, 1.139719, 1.049031, 1.032695, 1.058246]",ghz,33647,641,59318b9fa04dc94f29ad9faa2807379242b66278f588963937a02790964987f3,27115,numeric,213,71,35,108,142,0,"{""rz"": 142, ""rx"": 71, ""rzz"": 35, ""measure"": 36}",core,1.366329,"[1.569146, 1.366329, 1.324776, 1.405033, 1.341321]",121.46875,36,40,exported,4.327308,"[4.714303, 4.935552, 4.319932, 4.327308, 4.28342]",rxrz_rzz_unbounded,35,"{""kind"": ""native_contract_only"", ""passed"": true, ""errors"": [], ""checked_instructions"": 284, ""bindings"": 1, ""semantic_equivalence"": ""not checked at large width""}"
pr2578,core_ghz_54,static: each control-flow region counted once,163,flat circuit,,1.686443,"[2.188094, 1.743675, 1.686443, 1.678939, 1.64857]",ghz,50765,965,10bc6a6378618b5e8af453594576c42594efbed4ae3318d3c49eebbf0907dc3c,43964,numeric,374,160,53,162,214,0,"{""rz"": 214, ""rx"": 160, ""rzz"": 53, ""measure"": 54}",core,1.758123,"[1.928093, 1.717451, 1.772043, 1.715883, 1.758123]",121.1953125,54,59,exported,7.448544,"[7.848482, 7.470111, 7.448544, 7.4408, 7.407759]",ibm_fractional_bounded,53,"{""kind"": ""native_contract_only"", ""passed"": true, ""errors"": [], ""checked_instructions"": 481, ""bindings"": 1, ""semantic_equivalence"": ""not checked at large width""}"
pr2578,core_ghz_54,static: each control-flow region counted once,57,flat circuit,,0.97695,"[1.437977, 1.046215, 0.97695, 0.967798, 0.944598]",ghz,50765,965,10bc6a6378618b5e8af453594576c42594efbed4ae3318d3c49eebbf0907dc3c,28515,numeric,3,1,53,56,2,0,"{""rz"": 2, ""sx"": 1, ""cx"": 53, ""measure"": 54}",core,1.727643,"[1.939981, 1.715243, 1.762955, 1.715451, 1.727643]",118.76171875,54,56,exported,5.895686,"[6.499226, 5.894997, 5.896789, 5.858982, 5.895686]",ibm_sxz_cx,53,"{""kind"": ""native_contract_only"", ""passed"": true, ""errors"": [], ""checked_instructions"": 110, ""bindings"": 1, ""semantic_equivalence"": ""not checked at large width""}"
pr2578,core_ghz_54,static: each control-flow region counted once,216,flat circuit,,1.792988,"[2.366415, 1.856508, 1.792988, 1.763611, 1.757515]",ghz,50765,965,10bc6a6378618b5e8af453594576c42594efbed4ae3318d3c49eebbf0907dc3c,45984,numeric,321,107,53,215,214,0,"{""rz"": 214, ""sx"": 107, ""cz"": 53, ""measure"": 54}",core,1.758027,"[1.925996, 1.720427, 1.758027, 1.720955, 1.76406]",121.765625,54,57,exported,6.714203,"[6.820668, 6.719402, 6.708875, 6.714203, 6.711387]",ibm_sxz_cz,53,"{""kind"": ""native_contract_only"", ""passed"": true, ""errors"": [], ""checked_instructions"": 428, ""bindings"": 1, ""semantic_equivalence"": ""not checked at large width""}"
pr2578,core_ghz_54,static: each control-flow region counted once,216,flat circuit,,2.980003,"[3.610423, 2.980003, 2.985667, 2.876914, 2.956275]",ghz,50765,965,10bc6a6378618b5e8af453594576c42594efbed4ae3318d3c49eebbf0907dc3c,44501,numeric,374,107,53,215,267,0,"{""rz"": 267, ""gpi2"": 107, ""rzz"": 53, ""measure"": 54}",core,1.735515,"[1.950381, 1.717931, 1.781515, 1.726763, 1.735515]",122.92578125,54,59,exported,6.888908,"[7.589088, 6.888908, 6.892364, 6.86838, 6.823755]",ionq_fixed_r_zz,53,"{""kind"": ""native_contract_only"", ""passed"": true, ""errors"": [], ""checked_instructions"": 481, ""bindings"": 1, ""semantic_equivalence"": ""not checked at large width""}"
pr2578,core_ghz_54,static: each control-flow region counted once,108,flat circuit,,1.289624,"[1.796603, 1.400249, 1.289624, 1.278233, 1.266488]",ghz,50765,965,10bc6a6378618b5e8af453594576c42594efbed4ae3318d3c49eebbf0907dc3c,35210,numeric,107,107,53,107,0,0,"{""r"": 107, ""cz"": 53, ""measure"": 54}",core,1.755035,"[1.950748, 1.737963, 1.801292, 1.733691, 1.755035]",121.08984375,54,57,exported,6.726827,"[6.809883, 6.751627, 6.726827, 6.715707, 6.697386]",iqm_r_cz,53,"{""kind"": ""native_contract_only"", ""passed"": true, ""errors"": [], ""checked_instructions"": 214, ""bindings"": 1, ""semantic_equivalence"": ""not checked at large width""}"
pr2578,core_ghz_54,static: each control-flow region counted once,216,flat circuit,,2.47984,"[3.132868, 2.680049, 2.47984, 2.457871, 2.446576]",ghz,50765,965,10bc6a6378618b5e8af453594576c42594efbed4ae3318d3c49eebbf0907dc3c,47230,numeric,321,107,53,215,214,0,"{""rz"": 214, ""rxpi2"": 107, ""cz"": 53, ""measure"": 54}",core,1.728619,"[1.921884, 1.728619, 1.714091, 1.713787, 1.791804]",121.93359375,54,56,exported,6.85054,"[6.931341, 6.85054, 6.863196, 6.849563, 6.838236]",rigetti_rx_cz,53,"{""kind"": ""native_contract_only"", ""passed"": true, ""errors"": [], ""checked_instructions"": 428, ""bindings"": 1, ""semantic_equivalence"": ""not checked at large width""}"
pr2578,core_ghz_54,static: each control-flow region counted once,163,flat circuit,,1.567834,"[2.060109, 1.608378, 1.548506, 1.567834, 1.522826]",ghz,50765,965,10bc6a6378618b5e8af453594576c42594efbed4ae3318d3c49eebbf0907dc3c,40398,numeric,321,107,53,162,214,0,"{""rz"": 214, ""rx"": 107, ""rzz"": 53, ""measure"": 54}",core,1.782443,"[1.949404, 1.79942, 1.720363, 1.730507, 1.782443]",121.29296875,54,58,exported,6.681402,"[6.781291, 6.681402, 6.821019, 6.639418, 6.643163]",rxrz_rzz_unbounded,53,"{""kind"": ""native_contract_only"", ""passed"": true, ""errors"": [], ""checked_instructions"": 428, ""bindings"": 1, ""semantic_equivalence"": ""not checked at large width""}"
pr2578,core_grover_24,static: each control-flow region counted once,8642,flat circuit,,113.960929,"[113.021802, 114.729846, 113.932608, 114.171858, 113.960929]",grover,88603,1826,54d15e00b0f0ece1297e853f0cbdd5fb0579e83ae99b2fa610b79eb12f2fc509,2712598,numeric,22396,7158,4052,8641,15238,0,"{""rz"": 15238, ""rx"": 7158, ""rzz"": 4052, ""measure"": 24}",core,2.707202,"[2.731793, 2.594913, 2.530401, 3.330469, 2.707202]",258.23828125,24,11580,exported,495.679077,"[490.90983, 495.679077, 497.755777, 494.330939, 496.221336]",ibm_fractional_bounded,2288,"{""kind"": ""native_contract_only"", ""passed"": true, ""errors"": [], ""checked_instructions"": 26472, ""bindings"": 1, ""semantic_equivalence"": ""not checked at large width""}"
pr2578,core_grover_24,static: each control-flow region counted once,9208,flat circuit,,136.996694,"[131.806022, 136.68042, 136.996694, 138.83205, 139.363124]",grover,88603,1826,54d15e00b0f0ece1297e853f0cbdd5fb0579e83ae99b2fa610b79eb12f2fc509,2720454,numeric,9367,475,7968,9207,8892,0,"{""rz"": 8892, ""sx"": 464, ""cx"": 7968, ""x"": 11, ""measure"": 24}",core,2.571457,"[2.734497, 2.575056, 2.508607, 2.571457, 2.543215]",238.25,24,106,exported,333.484591,"[333.104173, 333.23307, 334.021123, 333.484591, 333.919778]",ibm_sxz_cx,4508,"{""kind"": ""native_contract_only"", ""passed"": true, ""errors"": [], ""checked_instructions"": 17359, ""bindings"": 1, ""semantic_equivalence"": ""not checked at large width""}"
pr2578,core_grover_24,static: each control-flow region counted once,25874,flat circuit,,288.28026,"[279.472643, 284.345541, 288.28026, 289.180383, 289.906915]",grover,88603,1826,54d15e00b0f0ece1297e853f0cbdd5fb0579e83ae99b2fa610b79eb12f2fc509,4574098,numeric,40553,16065,7968,25873,24488,0,"{""rz"": 24488, ""sx"": 16056, ""cz"": 7968, ""x"": 9, ""measure"": 24}",core,2.595088,"[2.746609, 2.535408, 2.595088, 2.56168, 2.920562]",273.95703125,24,197,exported,559.065293,"[557.696836, 559.065293, 559.939491, 563.312904, 557.943047]",ibm_sxz_cz,4508,"{""kind"": ""native_contract_only"", ""passed"": true, ""errors"": [], ""checked_instructions"": 48545, ""bindings"": 1, ""semantic_equivalence"": ""not checked at large width""}"
pr2578,core_grover_24,static: each control-flow region counted once,13088,flat circuit,,406.962326,"[406.962326, 391.432785, 425.611693, 393.283773, 467.932095]",grover,88603,1826,54d15e00b0f0ece1297e853f0cbdd5fb0579e83ae99b2fa610b79eb12f2fc509,3996363,numeric,38613,15321,4052,13087,23292,0,"{""rz"": 23292, ""gpi2"": 15179, ""rzz"": 4052, ""gpi"": 142, ""measure"": 24}",core,2.583297,"[2.734049, 2.48312, 2.583297, 2.547665, 3.279669]",484.65625,24,12325,exported,902.924811,"[902.924811, 902.031509, 903.228188, 902.560184, 903.523086]",ionq_fixed_r_zz,2288,"{""kind"": ""native_contract_only"", ""passed"": true, ""errors"": [], ""checked_instructions"": 42689, ""bindings"": 1, ""semantic_equivalence"": ""not checked at large width""}"
pr2578,core_grover_24,static: each control-flow region counted once,8774,flat circuit,,152.155508,"[151.312415, 151.560609, 152.155508, 152.647016, 153.338156]",grover,88603,1826,54d15e00b0f0ece1297e853f0cbdd5fb0579e83ae99b2fa610b79eb12f2fc509,2853313,numeric,8104,8104,7968,8773,0,0,"{""r"": 8104, ""cz"": 7968, ""measure"": 24}",core,2.569776,"[2.735489, 2.521056, 2.569776, 2.564576, 2.907378]",232.83203125,24,1969,exported,518.215247,"[517.7811, 517.8527, 519.513143, 518.215247, 519.950249]",iqm_r_cz,4508,"{""kind"": ""native_contract_only"", ""passed"": true, ""errors"": [], ""checked_instructions"": 16096, ""bindings"": 1, ""semantic_equivalence"": ""not checked at large width""}"
pr2578,core_grover_24,static: each control-flow region counted once,25874,flat circuit,,361.026635,"[345.172964, 353.111912, 377.860951, 361.026635, 362.465011]",grover,88603,1826,54d15e00b0f0ece1297e853f0cbdd5fb0579e83ae99b2fa610b79eb12f2fc509,4723628,numeric,40553,16065,7968,25873,24488,0,"{""rz"": 24488, ""rxpi2"": 16056, ""cz"": 7968, ""rxpi"": 9, ""measure"": 24}",core,2.601585,"[2.769825, 2.524401, 2.546896, 2.601585, 2.911283]",289.2890625,24,214,exported,583.296998,"[582.612066, 582.229055, 583.296998, 585.44482, 590.745494]",rigetti_rx_cz,4508,"{""kind"": ""native_contract_only"", ""passed"": true, ""errors"": [], ""checked_instructions"": 48545, ""bindings"": 1, ""semantic_equivalence"": ""not checked at large width""}"
pr2578,core_grover_24,static: each control-flow region counted once,8597,flat circuit,,128.132349,"[128.132349, 127.804746, 127.832635, 128.249166, 129.274436]",grover,88603,1826,54d15e00b0f0ece1297e853f0cbdd5fb0579e83ae99b2fa610b79eb12f2fc509,2726730,numeric,22545,7241,4052,8596,15304,0,"{""rz"": 15304, ""rx"": 7241, ""rzz"": 4052, ""measure"": 24}",core,2.861363,"[2.78885, 2.893427, 2.862211, 2.577568, 2.861363]",259.3046875,24,11663,exported,494.380686,"[489.901089, 494.487391, 494.380686, 495.917352, 491.25921]",rxrz_rzz_unbounded,2288,"{""kind"": ""native_contract_only"", ""passed"": true, ""errors"": [], ""checked_instructions"": 26621, ""bindings"": 1, ""semantic_equivalence"": ""not checked at large width""}"
pr2578,core_grover_36,static: each control-flow region counted once,35282,flat circuit,,309.077385,"[307.530352, 309.077385, 308.826056, 310.177312, 311.483433]",grover,133253,2726,338e20d58451d02a86011549149878cbeb8bd543607de3825fc43d337ce958d7,5456808,numeric,50563,17253,15057,35281,33310,0,"{""rz"": 33310, ""rx"": 17253, ""rzz"": 15057, ""measure"": 36}",core,3.677783,"[4.071754, 3.458774, 3.965978, 3.677783, 3.563175]",433.2578125,36,321,exported,1265.385457,"[1265.555395, 1263.591126, 1265.385457, 1267.851168, 1261.999962]",ibm_fractional_bounded,12817,"{""kind"": ""native_contract_only"", ""passed"": true, ""errors"": [], ""checked_instructions"": 65656, ""bindings"": 1, ""semantic_equivalence"": ""not checked at large width""}"
pr2578,core_grover_36,static: each control-flow region counted once,30951,flat circuit,,398.463438,"[389.702822, 396.508176, 398.463438, 405.047047, 403.636158]",grover,133253,2726,338e20d58451d02a86011549149878cbeb8bd543607de3825fc43d337ce958d7,6153437,numeric,26010,5527,16752,30950,20483,0,"{""rz"": 20483, ""sx"": 4512, ""cx"": 16752, ""x"": 1015, ""measure"": 36}",core,3.683127,"[3.683127, 3.493063, 3.878745, 3.944505, 3.537191]",393.9765625,36,187,exported,823.289029,"[818.797528, 827.175198, 823.978489, 822.003324, 823.289029]",ibm_sxz_cx,13616,"{""kind"": ""native_contract_only"", ""passed"": true, ""errors"": [], ""checked_instructions"": 42798, ""bindings"": 1, ""semantic_equivalence"": ""not checked at large width""}"
pr2578,core_grover_36,static: each control-flow region counted once,62537,flat circuit,,689.637683,"[670.275783, 684.71394, 689.637683, 693.015016, 699.2316]",grover,133253,2726,338e20d58451d02a86011549149878cbeb8bd543607de3825fc43d337ce958d7,9272857,numeric,78896,29029,16752,62536,49867,0,"{""rz"": 49867, ""sx"": 28578, ""cz"": 16752, ""x"": 451, ""measure"": 36}",core,3.687816,"[3.687816, 3.80708, 3.480102, 3.552599, 4.05633]",439.4765625,36,259,exported,1299.426408,"[1285.360463, 1301.012851, 1303.806629, 1299.426408, 1295.432014]",ibm_sxz_cz,13616,"{""kind"": ""native_contract_only"", ""passed"": true, ""errors"": [], ""checked_instructions"": 95684, ""bindings"": 1, ""semantic_equivalence"": ""not checked at large width""}"
pr2578,core_grover_36,static: each control-flow region counted once,52650,flat circuit,,803.7185,"[750.749793, 803.7185, 839.636696, 855.116988, 784.17535]",grover,133253,2726,338e20d58451d02a86011549149878cbeb8bd543607de3825fc43d337ce958d7,6754944,numeric,68707,25141,15057,52649,43566,0,"{""rz"": 43566, ""gpi2"": 23010, ""gpi"": 2131, ""rzz"": 15057, ""measure"": 36}",core,3.71804,"[3.71804, 3.551367, 3.8182, 4.090538, 3.568887]",601.98828125,36,376,exported,1264.993034,"[1263.087247, 1263.820995, 1265.146699, 1266.423539, 1264.993034]",ionq_fixed_r_zz,12817,"{""kind"": ""native_contract_only"", ""passed"": true, ""errors"": [], ""checked_instructions"": 83800, ""bindings"": 1, ""semantic_equivalence"": ""not checked at large width""}"
pr2578,core_grover_36,static: each control-flow region counted once,23321,flat circuit,,448.920914,"[439.349189, 444.257941, 448.920914, 452.265192, 450.992831]",grover,133253,2726,338e20d58451d02a86011549149878cbeb8bd543607de3825fc43d337ce958d7,6192258,numeric,18336,18336,16752,23320,0,0,"{""r"": 18336, ""cz"": 16752, ""measure"": 36}",core,3.740168,"[3.740168, 3.48759, 4.144363, 3.919593, 3.590695]",391.46875,36,4505,exported,1289.744154,"[1284.323753, 1287.40398, 1289.744154, 1291.248276, 1291.022353]",iqm_r_cz,13616,"{""kind"": ""native_contract_only"", ""passed"": true, ""errors"": [], ""checked_instructions"": 35124, ""bindings"": 1, ""semantic_equivalence"": ""not checked at large width""}"
pr2578,core_grover_36,static: each control-flow region counted once,62539,flat circuit,,829.805332,"[829.805332, 823.420571, 827.585574, 875.087364, 841.081612]",grover,133253,2726,338e20d58451d02a86011549149878cbeb8bd543607de3825fc43d337ce958d7,9533557,numeric,78898,29030,16752,62538,49868,0,"{""rz"": 49868, ""rxpi2"": 28579, ""cz"": 16752, ""rxpi"": 451, ""measure"": 36}",core,3.824344,"[4.094906, 3.477206, 3.832505, 3.824344, 3.550039]",478.09375,36,292,exported,1366.473082,"[1362.228287, 1366.473082, 1369.04969, 1368.850728, 1366.34164]",rigetti_rx_cz,13616,"{""kind"": ""native_contract_only"", ""passed"": true, ""errors"": [], ""checked_instructions"": 95686, ""bindings"": 1, ""semantic_equivalence"": ""not checked at large width""}"
pr2578,core_grover_36,static: each control-flow region counted once,39357,flat circuit,,331.771773,"[325.602005, 328.486584, 332.389009, 331.771773, 337.500177]",grover,133253,2726,338e20d58451d02a86011549149878cbeb8bd543607de3825fc43d337ce958d7,5444138,numeric,51002,16455,15057,39356,34547,0,"{""rz"": 34547, ""rx"": 16455, ""rzz"": 15057, ""measure"": 36}",core,3.722728,"[3.722728, 3.570759, 3.832153, 4.149914, 3.487367]",415.27734375,36,401,exported,1115.467113,"[1080.942845, 1117.242085, 1101.937091, 1117.479493, 1115.467113]",rxrz_rzz_unbounded,12817,"{""kind"": ""native_contract_only"", ""passed"": true, ""errors"": [], ""checked_instructions"": 66095, ""bindings"": 1, ""semantic_equivalence"": ""not checked at large width""}"
pr2578,core_grover_54,static: each control-flow region counted once,53498,flat circuit,,498.826888,"[493.801625, 498.071427, 498.826888, 503.114643, 502.41523]",grover,201803,4076,874cea4e1d01f431871dd0bcdc822ecaf552b52d333d1c779ab6da4e3e8592e7,8311971,numeric,76701,26208,22872,53497,50493,0,"{""rz"": 50493, ""rx"": 26208, ""rzz"": 22872, ""measure"": 54}",core,5.181825,"[5.181825, 4.969088, 5.382258, 5.706228, 5.076256]",588.50390625,54,435,exported,2147.721512,"[2157.668536, 2147.721512, 2149.626851, 2145.419096, 2141.316269]",ibm_fractional_bounded,19408,"{""kind"": ""native_contract_only"", ""passed"": true, ""errors"": [], ""checked_instructions"": 99627, ""bindings"": 1, ""semantic_equivalence"": ""not checked at large width""}"
pr2578,core_grover_54,static: each control-flow region counted once,47109,flat circuit,,662.668754,"[643.690233, 659.041339, 662.668754, 675.983926, 677.789762]",grover,201803,4076,874cea4e1d01f431871dd0bcdc822ecaf552b52d333d1c779ab6da4e3e8592e7,9344954,numeric,39384,8314,25392,47108,31070,0,"{""rz"": 31070, ""sx"": 6898, ""cx"": 25392, ""x"": 1416, ""measure"": 54}",core,5.118496,"[5.584259, 5.430483, 5.118496, 5.035328, 5.01736]",528.05859375,54,241,exported,1425.270799,"[1415.291633, 1436.003013, 1452.086266, 1418.446244, 1425.270799]",ibm_sxz_cx,20617,"{""kind"": ""native_contract_only"", ""passed"": true, ""errors"": [], ""checked_instructions"": 64830, ""bindings"": 1, ""semantic_equivalence"": ""not checked at large width""}"
pr2578,core_grover_54,static: each control-flow region counted once,94938,flat circuit,,1110.474804,"[1073.459258, 1097.578098, 1110.474804, 1122.303215, 1126.423625]",grover,201803,4076,874cea4e1d01f431871dd0bcdc822ecaf552b52d333d1c779ab6da4e3e8592e7,14160118,numeric,119497,43911,25392,94937,75586,0,"{""rz"": 75586, ""sx"": 43295, ""cz"": 25392, ""x"": 616, ""measure"": 54}",core,5.142705,"[5.142705, 5.712804, 5.299746, 5.051104, 5.025072]",611.51171875,54,313,exported,2137.232711,"[2134.309063, 2180.158057, 2173.209149, 2137.232711, 2132.559785]",ibm_sxz_cz,20617,"{""kind"": ""native_contract_only"", ""passed"": true, ""errors"": [], ""checked_instructions"": 144943, ""bindings"": 1, ""semantic_equivalence"": ""not checked at large width""}"
pr2578,core_grover_54,static: each control-flow region counted once,80076,flat circuit,,1314.064512,"[1220.279327, 1250.361661, 1401.911357, 1314.064512, 1362.725652]",grover,201803,4076,874cea4e1d01f431871dd0bcdc822ecaf552b52d333d1c779ab6da4e3e8592e7,10306622,numeric,104625,38338,22872,80075,66287,0,"{""rz"": 66287, ""gpi2"": 35132, ""gpi"": 3206, ""rzz"": 22872, ""measure"": 54}",core,5.077616,"[5.231121, 5.786116, 4.967664, 5.077616, 5.00768]",811.109375,54,502,exported,2151.56705,"[2141.692254, 2166.671147, 2147.824579, 2151.56705, 2158.872792]",ionq_fixed_r_zz,19408,"{""kind"": ""native_contract_only"", ""passed"": true, ""errors"": [], ""checked_instructions"": 127551, ""bindings"": 1, ""semantic_equivalence"": ""not checked at large width""}"
pr2578,core_grover_54,static: each control-flow region counted once,35313,flat circuit,,743.649734,"[751.327159, 739.240586, 741.646201, 759.97979, 743.649734]",grover,201803,4076,874cea4e1d01f431871dd0bcdc822ecaf552b52d333d1c779ab6da4e3e8592e7,9371875,numeric,27720,27720,25392,35312,0,0,"{""r"": 27720, ""cz"": 25392, ""measure"": 54}",core,5.184577,"[5.184577, 5.566147, 5.312402, 5.05096, 5.058128]",528.7265625,54,6282,exported,2290.548735,"[2272.341822, 2324.623322, 2274.334105, 2315.243676, 2290.548735]",iqm_r_cz,20617,"{""kind"": ""native_contract_only"", ""passed"": true, ""errors"": [], ""checked_instructions"": 53166, ""bindings"": 1, ""semantic_equivalence"": ""not checked at large width""}"
pr2578,core_grover_54,static: each control-flow region counted once,94938,flat circuit,,1330.552048,"[1305.542003, 1309.218922, 1349.172982, 1330.552048, 1373.727602]",grover,201803,4076,874cea4e1d01f431871dd0bcdc822ecaf552b52d333d1c779ab6da4e3e8592e7,14551668,numeric,119501,43913,25392,94937,75588,0,"{""rz"": 75588, ""rxpi2"": 43297, ""cz"": 25392, ""rxpi"": 616, ""measure"": 54}",core,5.174161,"[5.174161, 5.289922, 4.966127, 5.591283, 5.06312]",534.984375,54,357,exported,2263.158049,"[2263.158049, 2239.501258, 2237.506717, 2267.935149, 2278.142173]",rigetti_rx_cz,20617,"{""kind"": ""native_contract_only"", ""passed"": true, ""errors"": [], ""checked_instructions"": 144947, ""bindings"": 1, ""semantic_equivalence"": ""not checked at large width""}"
pr2578,core_grover_54,static: each control-flow region counted once,59734,flat circuit,,531.475306,"[523.674857, 530.082753, 531.475306, 541.810939, 533.053364]",grover,201803,4076,874cea4e1d01f431871dd0bcdc822ecaf552b52d333d1c779ab6da4e3e8592e7,8292661,numeric,77457,25010,22872,59733,52447,0,"{""rz"": 52447, ""rx"": 25010, ""rzz"": 22872, ""measure"": 54}",core,5.061984,"[5.542051, 5.514147, 5.001999, 5.061984, 4.990608]",568.83984375,54,530,exported,1895.650214,"[1892.221457, 1895.650214, 1883.71057, 1896.200232, 1902.123422]",rxrz_rzz_unbounded,19408,"{""kind"": ""native_contract_only"", ""passed"": true, ""errors"": [], ""checked_instructions"": 100383, ""bindings"": 1, ""semantic_equivalence"": ""not checked at large width""}"
pr2578,core_multiplexer_104,static: each control-flow region counted once,99,flat circuit,,2.568512,"[3.249637, 2.675345, 2.568512, 2.53688, 2.559536]",multiplexer,104776,2015,7d724cfba62b84c6b78bc42c05817c267e6fa09fad9f19478ca7f1dfaeb80a44,69020,numeric,498,152,47,98,346,0,"{""rz"": 346, ""rx"": 152, ""rzz"": 47, ""measure"": 104}",core,3.101635,"[3.169892, 2.924146, 2.975603, 3.101635, 3.389846]",122.88671875,104,198,exported,11.522681,"[11.679882, 11.532137, 11.522681, 11.521448, 11.500904]",ibm_fractional_bounded,47,"{""kind"": ""native_contract_only"", ""passed"": true, ""errors"": [], ""checked_instructions"": 649, ""bindings"": 1, ""semantic_equivalence"": ""not checked at large width""}"
pr2578,core_multiplexer_104,static: each control-flow region counted once,192,flat circuit,,2.955395,"[3.753544, 3.062435, 2.927906, 2.955395, 2.869906]",multiplexer,104776,2015,7d724cfba62b84c6b78bc42c05817c267e6fa09fad9f19478ca7f1dfaeb80a44,80436,numeric,405,105,94,191,300,0,"{""rz"": 300, ""sx"": 105, ""cx"": 94, ""measure"": 104}",core,3.238293,"[3.238293, 3.374309, 2.957763, 3.579302, 3.058868]",122.84765625,104,198,exported,11.563065,"[11.82345, 11.569689, 11.543688, 11.563065, 11.546296]",ibm_sxz_cx,94,"{""kind"": ""native_contract_only"", ""passed"": true, ""errors"": [], ""checked_instructions"": 603, ""bindings"": 1, ""semantic_equivalence"": ""not checked at large width""}"
pr2578,core_multiplexer_104,static: each control-flow region counted once,555,flat circuit,,3.833096,"[4.618669, 3.928649, 3.791944, 3.793592, 3.833096]",multiplexer,104776,2015,7d724cfba62b84c6b78bc42c05817c267e6fa09fad9f19478ca7f1dfaeb80a44,97621,numeric,769,287,94,554,482,0,"{""rz"": 482, ""sx"": 287, ""cz"": 94, ""measure"": 104}",core,3.026547,"[3.18882, 2.94317, 2.962691, 3.095636, 3.026547]",122.68359375,104,156,exported,12.428383,"[13.181139, 12.558608, 12.428383, 12.415583, 12.423566]",ibm_sxz_cz,94,"{""kind"": ""native_contract_only"", ""passed"": true, ""errors"": [], ""checked_instructions"": 967, ""bindings"": 1, ""semantic_equivalence"": ""not checked at large width""}"
pr2578,core_multiplexer_104,static: each control-flow region counted once,97,flat circuit,,2.538,"[3.183332, 2.621361, 2.538, 2.486016, 2.482783]",multiplexer,104776,2015,7d724cfba62b84c6b78bc42c05817c267e6fa09fad9f19478ca7f1dfaeb80a44,61922,numeric,357,105,47,96,252,0,"{""rz"": 252, ""rx"": 105, ""rzz"": 47, ""measure"": 104}",core,3.014995,"[3.227669, 2.925922, 2.951523, 3.058147, 3.014995]",122.06640625,104,244,exported,10.779396,"[10.848149, 10.792036, 10.779396, 10.761636, 10.734851]",rxrz_rzz_unbounded,47,"{""kind"": ""native_contract_only"", ""passed"": true, ""errors"": [], ""checked_instructions"": 508, ""bindings"": 1, ""semantic_equivalence"": ""not checked at large width""}"
pr2578,core_multiplexer_156,static: each control-flow region counted once,99,flat circuit,,3.432309,"[4.193819, 3.568166, 3.427814, 3.432309, 3.414102]",multiplexer,155996,2951,6af5e986dc83533664b8b88395f711a19fe61c66c6d887b93556617cf2007c16,91848,numeric,654,204,47,98,450,0,"{""rz"": 450, ""rx"": 204, ""rzz"": 47, ""measure"": 156}",core,4.269051,"[4.269051, 4.459884, 4.601933, 4.265451, 4.144426]",123.41796875,156,250,exported,15.358001,"[15.531874, 15.326352, 15.316672, 15.358001, 15.405969]",ibm_fractional_bounded,47,"{""kind"": ""native_contract_only"", ""passed"": true, ""errors"": [], ""checked_instructions"": 857, ""bindings"": 1, ""semantic_equivalence"": ""not checked at large width""}"
pr2578,core_multiplexer_156,static: each control-flow region counted once,192,flat circuit,,3.834216,"[4.645437, 3.962441, 3.834216, 3.803976, 3.781032]",multiplexer,155996,2951,6af5e986dc83533664b8b88395f711a19fe61c66c6d887b93556617cf2007c16,102853,numeric,561,157,94,191,404,0,"{""rz"": 404, ""sx"": 157, ""cx"": 94, ""measure"": 156}",core,4.298956,"[4.298956, 4.359691, 4.683869, 4.187451, 4.14049]",122.95703125,156,251,exported,15.282384,"[15.401841, 15.281985, 15.307824, 15.282384, 15.266432]",ibm_sxz_cx,94,"{""kind"": ""native_contract_only"", ""passed"": true, ""errors"": [], ""checked_instructions"": 811, ""bindings"": 1, ""semantic_equivalence"": ""not checked at large width""}"
pr2578,core_multiplexer_156,static: each control-flow region counted once,555,flat circuit,,4.76947,"[5.642771, 4.850143, 4.76947, 4.651677, 4.686797]",multiplexer,155996,2951,6af5e986dc83533664b8b88395f711a19fe61c66c6d887b93556617cf2007c16,120331,numeric,925,339,94,554,586,0,"{""rz"": 586, ""sx"": 339, ""cz"": 94, ""measure"": 156}",core,4.39238,"[4.269274, 4.39238, 4.522621, 4.496956, 4.111866]",123.6796875,156,208,exported,16.269959,"[16.294774, 16.285702, 16.250374, 16.269959, 16.226918]",ibm_sxz_cz,94,"{""kind"": ""native_contract_only"", ""passed"": true, ""errors"": [], ""checked_instructions"": 1175, ""bindings"": 1, ""semantic_equivalence"": ""not checked at large width""}"
pr2578,core_multiplexer_156,static: each control-flow region counted once,97,flat circuit,,3.487062,"[4.261435, 3.616631, 3.487062, 3.486486, 3.449158]",multiplexer,155996,2951,6af5e986dc83533664b8b88395f711a19fe61c66c6d887b93556617cf2007c16,84594,numeric,513,157,47,96,356,0,"{""rz"": 356, ""rx"": 157, ""rzz"": 47, ""measure"": 156}",core,4.314379,"[4.314379, 4.048906, 4.143178, 4.558765, 4.767246]",122.82421875,156,296,exported,14.512555,"[14.616412, 14.564748, 14.512555, 14.506635, 14.486171]",rxrz_rzz_unbounded,47,"{""kind"": ""native_contract_only"", ""passed"": true, ""errors"": [], ""checked_instructions"": 716, ""bindings"": 1, ""semantic_equivalence"": ""not checked at large width""}"
pr2578,core_multiplexer_24,static: each control-flow region counted once,52,flat circuit,,0.833942,"[1.22676, 0.851269, 0.833942, 0.805237, 0.796661]",multiplexer,24528,491,5f5d9a41e065f99a4a9d2fec21fae872911437519e7d73be3e760142580bb623,22610,numeric,163,48,23,51,115,0,"{""rz"": 115, ""rx"": 48, ""rzz"": 23, ""measure"": 24}",core,1.189976,"[1.391017, 1.191784, 1.152983, 1.189976, 1.160088]",118.83203125,24,71,exported,3.691672,"[4.093162, 3.686007, 4.204443, 3.691672, 3.655911]",ibm_fractional_bounded,23,"{""kind"": ""native_contract_only"", ""passed"": true, ""errors"": [], ""checked_instructions"": 210, ""bindings"": 1, ""semantic_equivalence"": ""not checked at large width""}"
pr2578,core_multiplexer_24,static: each control-flow region counted once,98,flat circuit,,1.033447,"[1.461641, 1.096471, 1.033447, 1.010135, 1.01119]",multiplexer,24528,491,5f5d9a41e065f99a4a9d2fec21fae872911437519e7d73be3e760142580bb623,28458,numeric,119,25,46,97,94,0,"{""rz"": 94, ""sx"": 25, ""cx"": 46, ""measure"": 24}",core,1.194135,"[1.377401, 1.194135, 1.156504, 1.250568, 1.170295]",118.73046875,24,72,exported,3.691543,"[3.772745, 3.846809, 3.691543, 3.674888, 3.67644]",ibm_sxz_cx,46,"{""kind"": ""native_contract_only"", ""passed"": true, ""errors"": [], ""checked_instructions"": 189, ""bindings"": 1, ""semantic_equivalence"": ""not checked at large width""}"
pr2578,core_multiplexer_24,static: each control-flow region counted once,277,flat circuit,,1.424233,"[1.93734, 1.472778, 1.424233, 1.403689, 1.415433]",multiplexer,24528,491,5f5d9a41e065f99a4a9d2fec21fae872911437519e7d73be3e760142580bb623,36964,numeric,299,115,46,276,184,0,"{""rz"": 184, ""sx"": 115, ""cz"": 46, ""measure"": 24}",core,1.189831,"[1.401641, 1.189831, 1.157992, 1.23604, 1.158103]",121.08984375,24,51,exported,4.164795,"[4.896255, 4.485229, 4.164795, 4.13001, 4.142458]",ibm_sxz_cz,46,"{""kind"": ""native_contract_only"", ""passed"": true, ""errors"": [], ""checked_instructions"": 369, ""bindings"": 1, ""semantic_equivalence"": ""not checked at large width""}"
pr2578,core_multiplexer_24,static: each control-flow region counted once,52,flat circuit,,1.198904,"[1.480153, 1.198904, 1.117287, 1.249624, 1.084215]",multiplexer,24528,491,5f5d9a41e065f99a4a9d2fec21fae872911437519e7d73be3e760142580bb623,19601,numeric,96,25,23,51,71,0,"{""rz"": 71, ""gpi2"": 25, ""rzz"": 23, ""measure"": 24}",core,1.193928,"[1.389081, 1.193928, 1.161111, 1.231016, 1.160232]",121.5546875,24,95,exported,3.527046,"[4.205531, 3.826472, 3.527046, 3.49591, 3.48655]",ionq_fixed_r_zz,23,"{""kind"": ""native_contract_only"", ""passed"": true, ""errors"": [], ""checked_instructions"": 143, ""bindings"": 1, ""semantic_equivalence"": ""not checked at large width""}"
pr2578,core_multiplexer_24,static: each control-flow region counted once,93,flat circuit,,0.894934,"[1.318248, 0.941286, 0.894934, 0.868902, 0.861477]",multiplexer,24528,491,5f5d9a41e065f99a4a9d2fec21fae872911437519e7d73be3e760142580bb623,24696,numeric,69,69,46,92,0,0,"{""r"": 69, ""cz"": 46, ""measure"": 24}",core,1.194296,"[1.402841, 1.194296, 1.161495, 1.234184, 1.157976]",118.69921875,24,51,exported,3.885881,"[4.300699, 4.503405, 3.885881, 3.870153, 3.851769]",iqm_r_cz,46,"{""kind"": ""native_contract_only"", ""passed"": true, ""errors"": [], ""checked_instructions"": 139, ""bindings"": 1, ""semantic_equivalence"": ""not checked at large width""}"
pr2578,core_multiplexer_24,static: each control-flow region counted once,277,flat circuit,,2.17875,"[2.692609, 2.367488, 2.17875, 2.17067, 2.163054]",multiplexer,24528,491,5f5d9a41e065f99a4a9d2fec21fae872911437519e7d73be3e760142580bb623,40065,numeric,299,115,46,276,184,0,"{""rz"": 184, ""rxpi2"": 115, ""cz"": 46, ""measure"": 24}",core,1.187607,"[1.383033, 1.197976, 1.153687, 1.16492, 1.187607]",121.296875,24,80,exported,4.375756,"[4.808335, 4.952207, 4.375756, 4.344828, 4.352396]",rigetti_rx_cz,46,"{""kind"": ""native_contract_only"", ""passed"": true, ""errors"": [], ""checked_instructions"": 369, ""bindings"": 1, ""semantic_equivalence"": ""not checked at large width""}"
pr2578,core_multiplexer_24,static: each control-flow region counted once,50,flat circuit,,0.764069,"[1.190327, 0.820662, 0.764069, 0.748853, 0.738708]",multiplexer,24528,491,5f5d9a41e065f99a4a9d2fec21fae872911437519e7d73be3e760142580bb623,18975,numeric,94,25,23,49,69,0,"{""rz"": 69, ""rx"": 25, ""rzz"": 23, ""measure"": 24}",core,1.182552,"[1.388441, 1.195896, 1.153543, 1.167208, 1.182552]",119.27734375,24,93,exported,3.36879,"[3.36879, 3.295861, 3.670568, 3.798473, 3.296325]",rxrz_rzz_unbounded,23,"{""kind"": ""native_contract_only"", ""passed"": true, ""errors"": [], ""checked_instructions"": 141, ""bindings"": 1, ""semantic_equivalence"": ""not checked at large width""}"
pr2578,core_multiplexer_36,static: each control-flow region counted once,76,flat circuit,,1.232984,"[1.76366, 1.27308, 1.232984, 1.215128, 1.216599]",multiplexer,37396,743,3cce1dad3e77e1f27af830d7d11f939ccfc32912b3d925def5a681e893bbae47,33707,numeric,247,72,35,75,175,0,"{""rz"": 175, ""rx"": 72, ""rzz"": 35, ""measure"": 36}",core,1.504346,"[1.69961, 1.504346, 1.457769, 1.460026, 1.850315]",121.08203125,36,107,exported,5.458787,"[5.940006, 5.505587, 5.446403, 5.442723, 5.458787]",ibm_fractional_bounded,35,"{""kind"": ""native_contract_only"", ""passed"": true, ""errors"": [], ""checked_instructions"": 318, ""bindings"": 1, ""semantic_equivalence"": ""not checked at large width""}"
pr2578,core_multiplexer_36,static: each control-flow region counted once,146,flat circuit,,1.515994,"[2.049101, 1.58969, 1.515994, 1.484745, 1.491306]",multiplexer,37396,743,3cce1dad3e77e1f27af830d7d11f939ccfc32912b3d925def5a681e893bbae47,42708,numeric,179,37,70,145,142,0,"{""rz"": 142, ""sx"": 37, ""cx"": 70, ""measure"": 36}",core,1.460425,"[1.678923, 1.474201, 1.44665, 1.459977, 1.460425]",121.07421875,36,109,exported,5.614916,"[6.095815, 5.514707, 5.479315, 5.870598, 5.614916]",ibm_sxz_cx,70,"{""kind"": ""native_contract_only"", ""passed"": true, ""errors"": [], ""checked_instructions"": 285, ""bindings"": 1, ""semantic_equivalence"": ""not checked at large width""}"
pr2578,core_multiplexer_36,static: each control-flow region counted once,421,flat circuit,,2.16067,"[2.759506, 2.225614, 2.16067, 2.14331, 2.142269]",multiplexer,37396,743,3cce1dad3e77e1f27af830d7d11f939ccfc32912b3d925def5a681e893bbae47,55690,numeric,455,175,70,420,280,0,"{""rz"": 280, ""sx"": 175, ""cz"": 70, ""measure"": 36}",core,1.475706,"[1.66865, 1.475706, 1.532074, 1.465625, 1.464713]",121.58203125,36,76,exported,6.209224,"[6.495322, 6.242616, 6.209224, 6.156168, 6.193448]",ibm_sxz_cz,70,"{""kind"": ""native_contract_only"", ""passed"": true, ""errors"": [], ""checked_instructions"": 561, ""bindings"": 1, ""semantic_equivalence"": ""not checked at large width""}"
pr2578,core_multiplexer_36,static: each control-flow region counted once,76,flat circuit,,1.715883,"[2.114781, 1.715883, 1.770316, 1.562122, 1.573482]",multiplexer,37396,743,3cce1dad3e77e1f27af830d7d11f939ccfc32912b3d925def5a681e893bbae47,29089,numeric,144,37,35,75,107,0,"{""rz"": 107, ""gpi2"": 37, ""rzz"": 35, ""measure"": 36}",core,1.461866,"[1.708315, 1.473497, 1.439241, 1.461866, 1.458185]",121.88671875,36,143,exported,5.170368,"[5.864341, 5.233649, 5.146065, 5.170368, 5.145377]",ionq_fixed_r_zz,35,"{""kind"": ""native_contract_only"", ""passed"": true, ""errors"": [], ""checked_instructions"": 215, ""bindings"": 1, ""semantic_equivalence"": ""not checked at large width""}"
pr2578,core_multiplexer_36,static: each control-flow region counted once,141,flat circuit,,1.310744,"[1.845243, 1.363545, 1.310744, 1.282393, 1.273896]",multiplexer,37396,743,3cce1dad3e77e1f27af830d7d11f939ccfc32912b3d925def5a681e893bbae47,37192,numeric,105,105,70,140,0,0,"{""r"": 105, ""cz"": 70, ""measure"": 36}",core,1.460521,"[1.659963, 1.48377, 1.442905, 1.446969, 1.460521]",119.4921875,36,75,exported,5.750773,"[6.704459, 5.791621, 5.750757, 5.750773, 5.723444]",iqm_r_cz,70,"{""kind"": ""native_contract_only"", ""passed"": true, ""errors"": [], ""checked_instructions"": 211, ""bindings"": 1, ""semantic_equivalence"": ""not checked at large width""}"
pr2578,core_multiplexer_36,static: each control-flow region counted once,421,flat circuit,,3.327973,"[4.074362, 3.379237, 3.275157, 3.261573, 3.327973]",multiplexer,37396,743,3cce1dad3e77e1f27af830d7d11f939ccfc32912b3d925def5a681e893bbae47,60393,numeric,455,175,70,420,280,0,"{""rz"": 280, ""rxpi2"": 175, ""cz"": 70, ""measure"": 36}",core,1.473849,"[1.712811, 1.479161, 1.463465, 1.452442, 1.473849]",122.55859375,36,124,exported,6.545434,"[6.790796, 6.583962, 6.545434, 6.522985, 6.52601]",rigetti_rx_cz,70,"{""kind"": ""native_contract_only"", ""passed"": true, ""errors"": [], ""checked_instructions"": 561, ""bindings"": 1, ""semantic_equivalence"": ""not checked at large width""}"
pr2578,core_multiplexer_36,static: each control-flow region counted once,74,flat circuit,,1.147239,"[1.571706, 1.199208, 1.130647, 1.104391, 1.147239]",multiplexer,37396,743,3cce1dad3e77e1f27af830d7d11f939ccfc32912b3d925def5a681e893bbae47,28379,numeric,142,37,35,73,105,0,"{""rz"": 105, ""rx"": 37, ""rzz"": 35, ""measure"": 36}",core,1.48577,"[1.706939, 1.48577, 1.522729, 1.458938, 1.456233]",120.97265625,36,141,exported,4.891839,"[4.933247, 4.892415, 4.873183, 4.891839, 4.869471]",rxrz_rzz_unbounded,35,"{""kind"": ""native_contract_only"", ""passed"": true, ""errors"": [], ""checked_instructions"": 213, ""bindings"": 1, ""semantic_equivalence"": ""not checked at large width""}"
pr2578,core_multiplexer_54,static: each control-flow region counted once,99,flat circuit,,1.702843,"[2.231726, 1.764699, 1.702843, 1.68225, 1.673067]",multiplexer,56414,1115,5b1da6348d22308526fab8319c87a94b3eccd66a76dd13a369da82075ea24384,47280,numeric,348,102,47,98,246,0,"{""rz"": 246, ""rx"": 102, ""rzz"": 47, ""measure"": 54}",core,1.933693,"[2.146797, 1.91126, 1.883916, 1.933693, 2.349055]",121.9765625,54,148,exported,7.814786,"[8.073843, 7.830417, 7.814786, 7.80061, 7.812786]",ibm_fractional_bounded,47,"{""kind"": ""native_contract_only"", ""passed"": true, ""errors"": [], ""checked_instructions"": 449, ""bindings"": 1, ""semantic_equivalence"": ""not checked at large width""}"
pr2578,core_multiplexer_54,static: each control-flow region counted once,192,flat circuit,,2.100685,"[2.700673, 2.160078, 2.100685, 2.082125, 2.073981]",multiplexer,56414,1115,5b1da6348d22308526fab8319c87a94b3eccd66a76dd13a369da82075ea24384,59143,numeric,255,55,94,191,200,0,"{""rz"": 200, ""sx"": 55, ""cx"": 94, ""measure"": 54}",core,1.964124,"[2.131406, 1.917756, 1.870764, 1.971468, 1.964124]",121.53125,54,148,exported,7.891362,"[7.957746, 7.861106, 7.900866, 7.891362, 7.851538]",ibm_sxz_cx,94,"{""kind"": ""native_contract_only"", ""passed"": true, ""errors"": [], ""checked_instructions"": 403, ""bindings"": 1, ""semantic_equivalence"": ""not checked at large width""}"
pr2578,core_multiplexer_54,static: each control-flow region counted once,555,flat circuit,,2.973075,"[3.702632, 3.050707, 2.954979, 2.973075, 2.94517]",multiplexer,56414,1115,5b1da6348d22308526fab8319c87a94b3eccd66a76dd13a369da82075ea24384,76270,numeric,619,237,94,554,382,0,"{""rz"": 382, ""sx"": 237, ""cz"": 94, ""measure"": 54}",core,1.915996,"[2.152286, 1.90638, 1.891036, 1.915996, 2.355455]",122.15234375,54,105,exported,8.884456,"[9.011001, 8.89316, 8.884456, 8.871816, 8.842936]",ibm_sxz_cz,94,"{""kind"": ""native_contract_only"", ""passed"": true, ""errors"": [], ""checked_instructions"": 767, ""bindings"": 1, ""semantic_equivalence"": ""not checked at large width""}"
pr2578,core_multiplexer_54,static: each control-flow region counted once,99,flat circuit,,2.29179,"[2.84445, 2.506704, 2.29179, 2.253038, 2.240511]",multiplexer,56414,1115,5b1da6348d22308526fab8319c87a94b3eccd66a76dd13a369da82075ea24384,41226,numeric,209,55,47,98,154,0,"{""rz"": 154, ""gpi2"": 55, ""rzz"": 47, ""measure"": 54}",core,1.928988,"[2.145022, 1.918204, 1.890812, 1.928988, 1.939004]",121.93359375,54,197,exported,7.503696,"[7.754961, 7.547376, 7.501935, 7.496912, 7.503696]",ionq_fixed_r_zz,47,"{""kind"": ""native_contract_only"", ""passed"": true, ""errors"": [], ""checked_instructions"": 310, ""bindings"": 1, ""semantic_equivalence"": ""not checked at large width""}"
pr2578,core_multiplexer_54,static: each control-flow region counted once,187,flat circuit,,1.799771,"[2.384143, 1.879324, 1.799771, 1.771211, 1.764844]",multiplexer,56414,1115,5b1da6348d22308526fab8319c87a94b3eccd66a76dd13a369da82075ea24384,51343,numeric,145,145,94,186,0,0,"{""r"": 145, ""cz"": 94, ""measure"": 54}",core,1.971821,"[2.116573, 1.971821, 1.874412, 1.91206, 2.280014]",121.46484375,54,104,exported,8.24082,"[8.275493, 8.24082, 8.179428, 8.243204, 8.19442]",iqm_r_cz,94,"{""kind"": ""native_contract_only"", ""passed"": true, ""errors"": [], ""checked_instructions"": 293, ""bindings"": 1, ""semantic_equivalence"": ""not checked at large width""}"
pr2578,core_multiplexer_54,static: each control-flow region counted once,555,flat circuit,,4.554061,"[5.271185, 4.554061, 4.558813, 4.419212, 4.393164]",multiplexer,56414,1115,5b1da6348d22308526fab8319c87a94b3eccd66a76dd13a369da82075ea24384,82822,numeric,619,237,94,554,382,0,"{""rz"": 382, ""rxpi2"": 237, ""cz"": 94, ""measure"": 54}",core,1.95366,"[2.151038, 1.923996, 1.91478, 1.963549, 1.95366]",123.26953125,54,176,exported,9.277019,"[9.356619, 9.278283, 9.277019, 9.242538, 9.246059]",rigetti_rx_cz,94,"{""kind"": ""native_contract_only"", ""passed"": true, ""errors"": [], ""checked_instructions"": 767, ""bindings"": 1, ""semantic_equivalence"": ""not checked at large width""}"
pr2578,core_multiplexer_54,static: each control-flow region counted once,97,flat circuit,,1.583482,"[2.133822, 1.672427, 1.583482, 1.564921, 1.555002]",multiplexer,56414,1115,5b1da6348d22308526fab8319c87a94b3eccd66a76dd13a369da82075ea24384,40334,numeric,207,55,47,96,152,0,"{""rz"": 152, ""rx"": 55, ""rzz"": 47, ""measure"": 54}",core,1.957517,"[2.16651, 1.997101, 1.867467, 1.957517, 1.939116]",121.96875,54,194,exported,7.089309,"[7.132717, 7.097053, 7.089309, 7.047292, 7.023084]",rxrz_rzz_unbounded,47,"{""kind"": ""native_contract_only"", ""passed"": true, ""errors"": [], ""checked_instructions"": 308, ""bindings"": 1, ""semantic_equivalence"": ""not checked at large width""}"
pr2578,core_qft_104,static: each control-flow region counted once,416,flat circuit,,56.027474,"[57.245401, 56.027474, 55.684607, 55.954338, 56.092114]",qft,3484620,72048,3eb5be37ef39dd2320a6c6c9d13d9edf236c89f3d2b7828764a6a703326403d4,1053892,numeric,7819,206,3760,415,7613,0,"{""rz"": 7613, ""rx"": 206, ""rzz"": 3760, ""measure"": 104}",core,115.354681,"[97.642121, 110.468474, 115.354681, 119.289329, 119.289297]",191.12109375,104,247,exported,516.347035,"[516.957663, 522.153808, 516.347035, 515.775287, 515.801656]",ibm_fractional_bounded,205,"{""kind"": ""native_contract_only"", ""passed"": true, ""errors"": [], ""checked_instructions"": 11683, ""bindings"": 1, ""semantic_equivalence"": ""not checked at large width""}"
pr2578,core_qft_104,static: each control-flow region counted once,826,flat circuit,,185.863158,"[186.529978, 184.978608, 185.711845, 185.863158, 186.722603]",qft,3484620,72048,3eb5be37ef39dd2320a6c6c9d13d9edf236c89f3d2b7828764a6a703326403d4,2764618,numeric,11366,154,7520,825,11212,0,"{""rz"": 11212, ""sx"": 154, ""cx"": 7520, ""measure"": 104}",core,116.294111,"[99.553365, 113.091194, 116.294111, 119.618947, 119.578691]",210.81640625,104,199,exported,545.263731,"[524.57317, 547.250608, 540.117716, 547.192864, 545.263731]",ibm_sxz_cx,410,"{""kind"": ""native_contract_only"", ""passed"": true, ""errors"": [], ""checked_instructions"": 18990, ""bindings"": 1, ""semantic_equivalence"": ""not checked at large width""}"
pr2578,core_qft_104,static: each control-flow region counted once,2054,flat circuit,,319.123888,"[313.418731, 313.135881, 319.123888, 319.748387, 319.296992]",qft,3484620,72048,3eb5be37ef39dd2320a6c6c9d13d9edf236c89f3d2b7828764a6a703326403d4,4514170,numeric,41093,14966,7520,2053,26127,0,"{""rz"": 26127, ""sx"": 14966, ""cz"": 7520, ""measure"": 104}",core,116.173165,"[97.836714, 110.849756, 116.173165, 119.581748, 119.695715]",274.82421875,104,275,exported,786.543047,"[767.63712, 789.7479, 783.982919, 788.58338, 786.543047]",ibm_sxz_cz,410,"{""kind"": ""native_contract_only"", ""passed"": true, ""errors"": [], ""checked_instructions"": 48717, ""bindings"": 1, ""semantic_equivalence"": ""not checked at large width""}"
pr2578,core_qft_104,static: each control-flow region counted once,416,flat circuit,,60.341533,"[61.009377, 60.121499, 59.919035, 60.341533, 61.191666]",qft,3484620,72048,3eb5be37ef39dd2320a6c6c9d13d9edf236c89f3d2b7828764a6a703326403d4,1027732,numeric,7663,154,3760,415,7509,0,"{""rz"": 7509, ""rx"": 154, ""rzz"": 3760, ""measure"": 104}",core,116.183933,"[98.625166, 111.682113, 116.183933, 119.146608, 119.68714]",191.7109375,104,245,exported,464.869879,"[464.869879, 466.681954, 464.606565, 465.682028, 464.535941]",rxrz_rzz_unbounded,205,"{""kind"": ""native_contract_only"", ""passed"": true, ""errors"": [], ""checked_instructions"": 11527, ""bindings"": 1, ""semantic_equivalence"": ""not checked at large width""}"
pr2578,core_qft_156,static: each control-flow region counted once,624,flat circuit,,114.318112,"[115.578584, 116.336444, 112.960232, 113.817884, 114.318112]",qft,7727534,154676,85d92c0dc719c93279161459568e9dddb7f4fb9a5809e67fd29f006d7a25a400,1737488,numeric,12811,310,6204,623,12501,0,"{""rz"": 12501, ""rx"": 310, ""rzz"": 6204, ""measure"": 156}",core,335.011133,"[256.89685, 311.959772, 335.011133, 344.022662, 346.871464]",255.4296875,156,299,exported,1278.918099,"[1278.918099, 1292.468376, 1280.667887, 1265.01878, 1260.537279]",ibm_fractional_bounded,309,"{""kind"": ""native_contract_only"", ""passed"": true, ""errors"": [], ""checked_instructions"": 19171, ""bindings"": 1, ""semantic_equivalence"": ""not checked at large width""}"
pr2578,core_qft_156,static: each control-flow region counted once,1242,flat circuit,,384.383877,"[380.91312, 376.85975, 389.073715, 387.064982, 384.383877]",qft,7727534,154676,85d92c0dc719c93279161459568e9dddb7f4fb9a5809e67fd29f006d7a25a400,4576813,numeric,18672,232,12408,1241,18440,0,"{""rz"": 18440, ""sx"": 232, ""cx"": 12408, ""measure"": 156}",core,330.977061,"[252.375526, 307.295568, 330.977061, 338.116226, 343.452643]",267.6328125,156,251,exported,1292.356541,"[1248.084487, 1292.356541, 1281.520168, 1298.604965, 1296.631959]",ibm_sxz_cx,618,"{""kind"": ""native_contract_only"", ""passed"": true, ""errors"": [], ""checked_instructions"": 31236, ""bindings"": 1, ""semantic_equivalence"": ""not checked at large width""}"
pr2578,core_qft_156,static: each control-flow region counted once,3094,flat circuit,,625.293283,"[618.741113, 624.398636, 625.293283, 628.48903, 628.258165]",qft,7727534,154676,85d92c0dc719c93279161459568e9dddb7f4fb9a5809e67fd29f006d7a25a400,7452997,numeric,67587,24612,12408,3093,42975,0,"{""rz"": 42975, ""sx"": 24612, ""cz"": 12408, ""measure"": 156}",core,327.182413,"[254.772437, 303.634808, 327.182413, 339.507771, 344.251048]",374.44921875,156,327,exported,1736.679194,"[1685.344583, 1745.687844, 1729.155259, 1740.290081, 1736.679194]",ibm_sxz_cz,618,"{""kind"": ""native_contract_only"", ""passed"": true, ""errors"": [], ""checked_instructions"": 80151, ""bindings"": 1, ""semantic_equivalence"": ""not checked at large width""}"
pr2578,core_qft_156,static: each control-flow region counted once,624,flat circuit,,120.726392,"[123.786891, 120.726392, 120.197829, 120.304805, 122.987751]",qft,7727534,154676,85d92c0dc719c93279161459568e9dddb7f4fb9a5809e67fd29f006d7a25a400,1695854,numeric,12577,232,6204,623,12345,0,"{""rz"": 12345, ""rx"": 232, ""rzz"": 6204, ""measure"": 156}",core,338.982183,"[265.072213, 323.524517, 338.982183, 345.432159, 346.427029]",255.06640625,156,297,exported,1144.521798,"[1144.521798, 1150.914366, 1143.275838, 1153.882625, 1132.588443]",rxrz_rzz_unbounded,309,"{""kind"": ""native_contract_only"", ""passed"": true, ""errors"": [], ""checked_instructions"": 18937, ""bindings"": 1, ""semantic_equivalence"": ""not checked at large width""}"
pr2578,core_qft_24,static: each control-flow region counted once,96,flat circuit,,3.053252,"[3.772263, 3.118323, 3.044131, 3.053252, 3.003234]",qft,189922,4142,8cf0a6fd21d8e33a2b1bde61cd78b5a2e245a93bfdbc61b1a42a78fbf1e18a2d,87994,numeric,645,46,276,95,599,0,"{""rz"": 599, ""rx"": 46, ""rzz"": 276, ""measure"": 24}",core,4.965039,"[5.092816, 5.720275, 4.902431, 4.965039, 4.942127]",123.43359375,24,97,exported,22.74659,"[22.850638, 22.851374, 22.74659, 22.684093, 22.69939]",ibm_fractional_bounded,45,"{""kind"": ""native_contract_only"", ""passed"": true, ""errors"": [], ""checked_instructions"": 945, ""bindings"": 1, ""semantic_equivalence"": ""not checked at large width""}"
pr2578,core_qft_24,static: each control-flow region counted once,186,flat circuit,,7.936274,"[9.040328, 8.001426, 7.936274, 7.892785, 7.877921]",qft,189922,4142,8cf0a6fd21d8e33a2b1bde61cd78b5a2e245a93bfdbc61b1a42a78fbf1e18a2d,206556,numeric,885,34,552,185,851,0,"{""rz"": 851, ""sx"": 34, ""cx"": 552, ""measure"": 24}",core,5.073792,"[5.073792, 5.409058, 5.151616, 4.929743, 4.88915]",127.12109375,24,73,exported,23.543667,"[23.603651, 23.592451, 23.517891, 23.481875, 23.543667]",ibm_sxz_cx,90,"{""kind"": ""native_contract_only"", ""passed"": true, ""errors"": [], ""checked_instructions"": 1461, ""bindings"": 1, ""semantic_equivalence"": ""not checked at large width""}"
pr2578,core_qft_24,static: each control-flow region counted once,454,flat circuit,,14.42465,"[15.617825, 14.432874, 14.162184, 14.186441, 14.42465]",qft,189922,4142,8cf0a6fd21d8e33a2b1bde61cd78b5a2e245a93bfdbc61b1a42a78fbf1e18a2d,335414,numeric,3116,1138,552,453,1978,0,"{""rz"": 1978, ""sx"": 1138, ""cz"": 552, ""measure"": 24}",core,4.930319,"[5.041807, 5.67626, 4.83939, 4.930319, 4.90187]",133.02734375,24,103,exported,32.960254,"[32.960254, 32.96243, 32.884877, 32.982813, 32.908333]",ibm_sxz_cz,90,"{""kind"": ""native_contract_only"", ""passed"": true, ""errors"": [], ""checked_instructions"": 3692, ""bindings"": 1, ""semantic_equivalence"": ""not checked at large width""}"
pr2578,core_qft_24,static: each control-flow region counted once,96,flat circuit,,3.975929,"[4.577421, 3.975929, 4.033673, 3.817992, 3.792711]",qft,189922,4142,8cf0a6fd21d8e33a2b1bde61cd78b5a2e245a93bfdbc61b1a42a78fbf1e18a2d,84433,numeric,609,34,276,95,575,0,"{""rz"": 575, ""gpi2"": 34, ""rzz"": 276, ""measure"": 24}",core,5.046128,"[5.046128, 5.455378, 5.181184, 4.966383, 4.903295]",123.1796875,24,95,exported,20.12243,"[20.262671, 20.12243, 20.043437, 20.153182, 20.088509]",ionq_fixed_r_zz,45,"{""kind"": ""native_contract_only"", ""passed"": true, ""errors"": [], ""checked_instructions"": 909, ""bindings"": 1, ""semantic_equivalence"": ""not checked at large width""}"
pr2578,core_qft_24,static: each control-flow region counted once,160,flat circuit,,7.1863,"[8.155059, 7.26939, 7.1863, 7.116925, 7.167596]",qft,189922,4142,8cf0a6fd21d8e33a2b1bde61cd78b5a2e245a93bfdbc61b1a42a78fbf1e18a2d,197779,numeric,587,587,552,159,0,0,"{""r"": 587, ""cz"": 552, ""measure"": 24}",core,5.053807,"[5.053807, 5.157952, 5.410242, 4.933615, 4.901966]",127.44140625,24,136,exported,30.504014,"[30.54939, 30.487774, 30.464414, 30.504014, 30.510878]",iqm_r_cz,90,"{""kind"": ""native_contract_only"", ""passed"": true, ""errors"": [], ""checked_instructions"": 1163, ""bindings"": 1, ""semantic_equivalence"": ""not checked at large width""}"
pr2578,core_qft_24,static: each control-flow region counted once,454,flat circuit,,20.723633,"[21.88188, 22.624541, 20.723633, 20.46, 20.622257]",qft,189922,4142,8cf0a6fd21d8e33a2b1bde61cd78b5a2e245a93bfdbc61b1a42a78fbf1e18a2d,346125,numeric,3116,1138,552,453,1978,0,"{""rz"": 1978, ""rxpi2"": 1138, ""cz"": 552, ""measure"": 24}",core,4.945151,"[5.053456, 5.635091, 4.847566, 4.945151, 4.876734]",137.38671875,24,103,exported,34.60364,"[34.549703, 34.610023, 34.60364, 34.659273, 34.522919]",rigetti_rx_cz,90,"{""kind"": ""native_contract_only"", ""passed"": true, ""errors"": [], ""checked_instructions"": 3692, ""bindings"": 1, ""semantic_equivalence"": ""not checked at large width""}"
pr2578,core_qft_24,static: each control-flow region counted once,96,flat circuit,,3.333204,"[4.049769, 3.39759, 3.333204, 3.282229, 3.287652]",qft,189922,4142,8cf0a6fd21d8e33a2b1bde61cd78b5a2e245a93bfdbc61b1a42a78fbf1e18a2d,83882,numeric,609,34,276,95,575,0,"{""rz"": 575, ""rx"": 34, ""rzz"": 276, ""measure"": 24}",core,5.047839,"[5.047839, 5.198897, 5.416402, 4.932766, 4.903279]",123.30859375,24,94,exported,19.915692,"[20.102957, 19.89614, 19.895293, 19.987965, 19.915692]",rxrz_rzz_unbounded,45,"{""kind"": ""native_contract_only"", ""passed"": true, ""errors"": [], ""checked_instructions"": 909, ""bindings"": 1, ""semantic_equivalence"": ""not checked at large width""}"
pr2578,core_qft_36,static: each control-flow region counted once,144,flat circuit,,6.890157,"[8.009188, 7.026413, 6.87798, 6.890157, 6.852028]",qft,424840,9236,d446df6065a0c00a75adf1bbc71a3307505e1ea5c5cdda105fd74f550303fe9a,189382,numeric,1401,70,630,143,1331,0,"{""rz"": 1331, ""rx"": 70, ""rzz"": 630, ""measure"": 36}",core,10.409827,"[11.104439, 10.108561, 10.358323, 10.416515, 10.409827]",131.08203125,36,145,exported,52.82986,"[52.82986, 52.51941, 52.840052, 53.042021, 52.785363]",ibm_fractional_bounded,69,"{""kind"": ""native_contract_only"", ""passed"": true, ""errors"": [], ""checked_instructions"": 2067, ""bindings"": 1, ""semantic_equivalence"": ""not checked at large width""}"
pr2578,core_qft_36,static: each control-flow region counted once,282,flat circuit,,19.504814,"[20.746373, 19.554846, 19.504814, 19.256188, 19.404461]",qft,424840,9236,d446df6065a0c00a75adf1bbc71a3307505e1ea5c5cdda105fd74f550303fe9a,468263,numeric,1977,52,1260,281,1925,0,"{""rz"": 1925, ""sx"": 52, ""cx"": 1260, ""measure"": 36}",core,10.456099,"[11.17068, 10.116801, 10.457843, 10.456099, 10.416675]",137.08203125,36,109,exported,55.725655,"[55.503941, 55.801111, 55.63975, 55.834584, 55.725655]",ibm_sxz_cx,138,"{""kind"": ""native_contract_only"", ""passed"": true, ""errors"": [], ""checked_instructions"": 3273, ""bindings"": 1, ""semantic_equivalence"": ""not checked at large width""}"
pr2578,core_qft_36,static: each control-flow region counted once,694,flat circuit,,35.891287,"[37.493745, 35.892087, 35.684742, 35.891287, 35.792918]",qft,424840,9236,d446df6065a0c00a75adf1bbc71a3307505e1ea5c5cdda105fd74f550303fe9a,758601,numeric,7052,2572,1260,693,4480,0,"{""rz"": 4480, ""sx"": 2572, ""cz"": 1260, ""measure"": 36}",core,10.439908,"[10.922694, 10.252226, 10.376915, 10.474371, 10.439908]",148.01171875,36,160,exported,78.394841,"[78.261896, 78.629178, 78.302456, 78.60473, 78.394841]",ibm_sxz_cz,138,"{""kind"": ""native_contract_only"", ""passed"": true, ""errors"": [], ""checked_instructions"": 8348, ""bindings"": 1, ""semantic_equivalence"": ""not checked at large width""}"
pr2578,core_qft_36,static: each control-flow region counted once,144,flat circuit,,8.45087,"[9.410764, 8.599128, 8.45087, 8.34551, 8.248821]",qft,424840,9236,d446df6065a0c00a75adf1bbc71a3307505e1ea5c5cdda105fd74f550303fe9a,183364,numeric,1347,52,630,143,1295,0,"{""rz"": 1295, ""gpi2"": 52, ""rzz"": 630, ""measure"": 36}",core,10.415139,"[10.22309, 11.130375, 10.366723, 10.464819, 10.415139]",128.1796875,36,143,exported,46.707708,"[46.748733, 46.822749, 46.696061, 46.51798, 46.707708]",ionq_fixed_r_zz,69,"{""kind"": ""native_contract_only"", ""passed"": true, ""errors"": [], ""checked_instructions"": 2013, ""bindings"": 1, ""semantic_equivalence"": ""not checked at large width""}"
pr2578,core_qft_36,static: each control-flow region counted once,244,flat circuit,,17.984164,"[18.837529, 18.114933, 17.791954, 17.984164, 17.70661]",qft,424840,9236,d446df6065a0c00a75adf1bbc71a3307505e1ea5c5cdda105fd74f550303fe9a,445545,numeric,1313,1313,1260,243,0,0,"{""r"": 1313, ""cz"": 1260, ""measure"": 36}",core,10.460403,"[11.232248, 10.294786, 10.460403, 10.475812, 10.426819]",135.32421875,36,201,exported,72.108672,"[72.108672, 72.387554, 72.092496, 72.315938, 72.07824]",iqm_r_cz,138,"{""kind"": ""native_contract_only"", ""passed"": true, ""errors"": [], ""checked_instructions"": 2609, ""bindings"": 1, ""semantic_equivalence"": ""not checked at large width""}"
pr2578,core_qft_36,static: each control-flow region counted once,694,flat circuit,,49.909025,"[50.990712, 49.909025, 50.644054, 49.557087, 49.628335]",qft,424840,9236,d446df6065a0c00a75adf1bbc71a3307505e1ea5c5cdda105fd74f550303fe9a,781264,numeric,7052,2572,1260,693,4480,0,"{""rz"": 4480, ""rxpi2"": 2572, ""cz"": 1260, ""measure"": 36}",core,10.51466,"[10.680612, 10.937558, 10.439491, 10.51466, 10.424387]",151.44921875,36,146,exported,82.890197,"[82.65226, 82.888981, 82.890197, 83.118151, 83.357417]",rigetti_rx_cz,138,"{""kind"": ""native_contract_only"", ""passed"": true, ""errors"": [], ""checked_instructions"": 8348, ""bindings"": 1, ""semantic_equivalence"": ""not checked at large width""}"
pr2578,core_qft_36,static: each control-flow region counted once,144,flat circuit,,7.425792,"[8.45863, 7.504512, 7.423392, 7.425792, 7.385007]",qft,424840,9236,d446df6065a0c00a75adf1bbc71a3307505e1ea5c5cdda105fd74f550303fe9a,182667,numeric,1347,52,630,143,1295,0,"{""rz"": 1295, ""rx"": 52, ""rzz"": 630, ""measure"": 36}",core,10.403619,"[11.090008, 10.133457, 10.347346, 10.467587, 10.403619]",127.9296875,36,142,exported,46.754221,"[46.594828, 46.797677, 46.754221, 46.621228, 46.779981]",rxrz_rzz_unbounded,69,"{""kind"": ""native_contract_only"", ""passed"": true, ""errors"": [], ""checked_instructions"": 2013, ""bindings"": 1, ""semantic_equivalence"": ""not checked at large width""}"
pr2578,core_qft_54,static: each control-flow region counted once,216,flat circuit,,16.569033,"[18.065011, 16.684522, 16.443817, 16.443593, 16.569033]",qft,949645,20648,cabc9c18667ab2f1842cee879472a35c9c85464808583b2fcd975bf50b133308,408002,numeric,3019,106,1410,215,2913,0,"{""rz"": 2913, ""rx"": 106, ""rzz"": 1410, ""measure"": 54}",core,24.430859,"[22.807713, 23.809704, 24.430859, 24.82795, 24.909983]",140.578125,54,197,exported,132.382891,"[133.131808, 132.331451, 132.700526, 132.335275, 132.382891]",ibm_fractional_bounded,105,"{""kind"": ""native_contract_only"", ""passed"": true, ""errors"": [], ""checked_instructions"": 4483, ""bindings"": 1, ""semantic_equivalence"": ""not checked at large width""}"
pr2578,core_qft_54,static: each control-flow region counted once,426,flat circuit,,50.037343,"[51.585625, 49.740045, 50.085887, 50.037343, 49.842061]",qft,949645,20648,cabc9c18667ab2f1842cee879472a35c9c85464808583b2fcd975bf50b133308,1036215,numeric,4341,79,2820,425,4262,0,"{""rz"": 4262, ""sx"": 79, ""cx"": 2820, ""measure"": 54}",core,24.318203,"[22.578656, 23.720375, 24.318203, 24.598604, 24.672941]",148.55078125,54,149,exported,140.047196,"[138.011951, 140.752737, 139.736586, 140.655632, 140.047196]",ibm_sxz_cx,210,"{""kind"": ""native_contract_only"", ""passed"": true, ""errors"": [], ""checked_instructions"": 7215, ""bindings"": 1, ""semantic_equivalence"": ""not checked at large width""}"
pr2578,core_qft_54,static: each control-flow region counted once,1054,flat circuit,,94.773388,"[96.874441, 94.391209, 94.432378, 94.773388, 95.030509]",qft,949645,20648,cabc9c18667ab2f1842cee879472a35c9c85464808583b2fcd975bf50b133308,1696747,numeric,15618,5691,2820,1053,9927,0,"{""rz"": 9927, ""sx"": 5691, ""cz"": 2820, ""measure"": 54}",core,24.663054,"[22.852721, 24.041161, 24.663054, 25.188128, 25.187617]",183.609375,54,225,exported,197.259337,"[196.346227, 197.999213, 197.259337, 198.503552, 197.029336]",ibm_sxz_cz,210,"{""kind"": ""native_contract_only"", ""passed"": true, ""errors"": [], ""checked_instructions"": 18492, ""bindings"": 1, ""semantic_equivalence"": ""not checked at large width""}"
pr2578,core_qft_54,static: each control-flow region counted once,216,flat circuit,,19.826526,"[21.003302, 19.704398, 19.624717, 19.826526, 20.071584]",qft,949645,20648,cabc9c18667ab2f1842cee879472a35c9c85464808583b2fcd975bf50b133308,397180,numeric,2938,79,1410,215,2859,0,"{""rz"": 2859, ""gpi2"": 79, ""rzz"": 1410, ""measure"": 54}",core,24.293146,"[22.712352, 23.737496, 24.293146, 24.677918, 24.79747]",139.34375,54,196,exported,117.399611,"[117.399611, 117.197723, 117.408748, 117.446028, 117.362636]",ionq_fixed_r_zz,105,"{""kind"": ""native_contract_only"", ""passed"": true, ""errors"": [], ""checked_instructions"": 4402, ""bindings"": 1, ""semantic_equivalence"": ""not checked at large width""}"
pr2578,core_qft_54,static: each control-flow region counted once,370,flat circuit,,47.151965,"[47.802801, 47.466766, 46.649466, 47.147388, 47.151965]",qft,949645,20648,cabc9c18667ab2f1842cee879472a35c9c85464808583b2fcd975bf50b133308,982518,numeric,2886,2886,2820,369,0,0,"{""r"": 2886, ""cz"": 2820, ""measure"": 54}",core,24.189738,"[22.719377, 23.694503, 24.189738, 24.772302, 24.624253]",147.125,54,270,exported,183.799684,"[183.773603, 183.788595, 184.21903, 184.162469, 183.799684]",iqm_r_cz,210,"{""kind"": ""native_contract_only"", ""passed"": true, ""errors"": [], ""checked_instructions"": 5760, ""bindings"": 1, ""semantic_equivalence"": ""not checked at large width""}"
pr2578,core_qft_54,static: each control-flow region counted once,1054,flat circuit,,124.215495,"[126.920616, 124.215495, 124.02351, 125.023724, 124.038054]",qft,949645,20648,cabc9c18667ab2f1842cee879472a35c9c85464808583b2fcd975bf50b133308,1746106,numeric,15618,5691,2820,1053,9927,0,"{""rz"": 9927, ""rxpi2"": 5691, ""cz"": 2820, ""measure"": 54}",core,24.13265,"[22.701904, 23.802647, 24.13265, 24.805294, 24.793646]",201.4765625,54,194,exported,205.211483,"[205.211483, 206.058049, 205.001785, 206.227073, 204.832632]",rigetti_rx_cz,210,"{""kind"": ""native_contract_only"", ""passed"": true, ""errors"": [], ""checked_instructions"": 18492, ""bindings"": 1, ""semantic_equivalence"": ""not checked at large width""}"
pr2578,core_qft_54,static: each control-flow region counted once,216,flat circuit,,18.030083,"[18.963993, 18.030083, 18.035635, 17.892674, 17.846977]",qft,949645,20648,cabc9c18667ab2f1842cee879472a35c9c85464808583b2fcd975bf50b133308,396267,numeric,2938,79,1410,215,2859,0,"{""rz"": 2859, ""rx"": 79, ""rzz"": 1410, ""measure"": 54}",core,24.348683,"[22.815441, 23.756072, 24.348683, 24.729821, 24.942847]",140.296875,54,195,exported,116.970217,"[117.403259, 116.970217, 116.910537, 117.074586, 116.695]",rxrz_rzz_unbounded,105,"{""kind"": ""native_contract_only"", ""passed"": true, ""errors"": [], ""checked_instructions"": 4402, ""bindings"": 1, ""semantic_equivalence"": ""not checked at large width""}"
pr2578,core_qft_adder_104,static: each control-flow region counted once,3066,flat circuit,,55.016731,"[55.189612, 55.016731, 55.435086, 54.89873, 54.715193]",qft_adder,2677182,57620,30d26e33ef32512f1b131cbe967c67c127cd6a9f757b0b64314117d335696e6c,1130584,numeric,8519,309,3964,3065,8210,0,"{""rz"": 8210, ""rx"": 309, ""rzz"": 3964, ""measure"": 104}",core,85.581724,"[73.681152, 83.0675, 85.581724, 87.86913, 87.024581]",190.90234375,104,303,exported,419.539125,"[421.925509, 418.873489, 419.994024, 419.405285, 419.539125]",ibm_fractional_bounded,1430,"{""kind"": ""native_contract_only"", ""passed"": true, ""errors"": [], ""checked_instructions"": 12587, ""bindings"": 1, ""semantic_equivalence"": ""not checked at large width""}"
pr2578,core_qft_adder_104,static: each control-flow region counted once,4366,flat circuit,,168.158949,"[169.821759, 166.011991, 166.834732, 168.158949, 169.973184]",qft_adder,2677182,57620,30d26e33ef32512f1b131cbe967c67c127cd6a9f757b0b64314117d335696e6c,2647070,numeric,11128,273,7136,4365,10855,0,"{""x"": 54, ""rz"": 10855, ""sx"": 219, ""cx"": 7136, ""measure"": 104}",core,85.815566,"[72.337737, 80.950526, 85.815566, 86.962532, 86.774212]",203.17578125,104,280,exported,450.386377,"[426.542994, 450.058327, 450.386377, 466.038364, 451.365631]",ibm_sxz_cx,2118,"{""kind"": ""native_contract_only"", ""passed"": true, ""errors"": [], ""checked_instructions"": 18368, ""bindings"": 1, ""semantic_equivalence"": ""not checked at large width""}"
pr2578,core_qft_adder_104,static: each control-flow region counted once,12362,flat circuit,,293.230761,"[290.084341, 291.501998, 293.230761, 294.580658, 296.271149]",qft_adder,2677182,57620,30d26e33ef32512f1b131cbe967c67c127cd6a9f757b0b64314117d335696e6c,4310823,numeric,39029,14245,7136,12361,24784,0,"{""x"": 75, ""rz"": 24784, ""sx"": 14170, ""cz"": 7136, ""measure"": 104}",core,86.218864,"[72.56985, 81.22448, 86.218864, 87.995051, 87.399719]",270.32421875,104,469,exported,677.54661,"[659.844657, 679.49131, 674.380862, 681.347945, 677.54661]",ibm_sxz_cz,2118,"{""kind"": ""native_contract_only"", ""passed"": true, ""errors"": [], ""checked_instructions"": 46269, ""bindings"": 1, ""semantic_equivalence"": ""not checked at large width""}"
pr2578,core_qft_adder_104,static: each control-flow region counted once,3066,flat circuit,,59.953866,"[59.918298, 59.959082, 60.370061, 59.953866, 59.67852]",qft_adder,2677182,57620,30d26e33ef32512f1b131cbe967c67c127cd6a9f757b0b64314117d335696e6c,1111180,numeric,8364,258,3964,3065,8106,0,"{""rz"": 8106, ""rx"": 258, ""rzz"": 3964, ""measure"": 104}",core,85.439083,"[72.516249, 81.144272, 85.439083, 86.544338, 87.205173]",191.08984375,104,406,exported,382.147594,"[381.742072, 382.522316, 381.932904, 382.147594, 382.355979]",rxrz_rzz_unbounded,1430,"{""kind"": ""native_contract_only"", ""passed"": true, ""errors"": [], ""checked_instructions"": 12432, ""bindings"": 1, ""semantic_equivalence"": ""not checked at large width""}"
pr2578,core_qft_adder_156,static: each control-flow region counted once,5692,flat circuit,,131.35577,"[131.35577, 130.549829, 131.605035, 131.177401, 131.572971]",qft_adder,5973137,125857,be4dc2fe4f6e0100e3aac49682c8970dc5f44ce3e30ef7aee189c5e75f874969,2164413,numeric,16059,465,7656,5691,15594,0,"{""rz"": 15594, ""rx"": 465, ""rzz"": 7656, ""measure"": 156}",core,239.8985,"[189.536919, 224.212274, 239.8985, 246.981617, 250.192292]",268.5078125,156,355,exported,1077.727287,"[1074.163233, 1074.651188, 1078.336427, 1077.727287, 1079.467794]",ibm_fractional_bounded,2704,"{""kind"": ""native_contract_only"", ""passed"": true, ""errors"": [], ""checked_instructions"": 23871, ""bindings"": 1, ""semantic_equivalence"": ""not checked at large width""}"
pr2578,core_qft_adder_156,static: each control-flow region counted once,9462,flat circuit,,424.800752,"[414.183613, 421.267241, 424.800752, 426.973533, 427.890611]",qft_adder,5973137,125857,be4dc2fe4f6e0100e3aac49682c8970dc5f44ce3e30ef7aee189c5e75f874969,5369505,numeric,22152,403,14494,9461,21749,0,"{""x"": 80, ""rz"": 21749, ""sx"": 323, ""cx"": 14494, ""measure"": 156}",core,239.065264,"[190.102316, 222.152869, 239.065264, 246.20678, 249.686275]",284.82421875,156,332,exported,1194.298296,"[1081.839876, 1194.298296, 1191.598758, 1223.298285, 1207.963661]",ibm_sxz_cx,4666,"{""kind"": ""native_contract_only"", ""passed"": true, ""errors"": [], ""checked_instructions"": 36802, ""bindings"": 1, ""semantic_equivalence"": ""not checked at large width""}"
pr2578,core_qft_adder_156,static: each control-flow region counted once,27182,flat circuit,,681.687999,"[666.921554, 673.551899, 681.687999, 685.461702, 691.611293]",qft_adder,5973137,125857,be4dc2fe4f6e0100e3aac49682c8970dc5f44ce3e30ef7aee189c5e75f874969,8722142,numeric,78549,28649,14494,27181,49900,0,"{""x"": 127, ""rz"": 49900, ""sx"": 28522, ""cz"": 14494, ""measure"": 156}",core,238.82483,"[192.1186, 225.614395, 238.82483, 246.625343, 251.666223]",389.40234375,156,521,exported,1746.572135,"[1667.829208, 1764.091141, 1742.771055, 1746.572135, 1749.586554]",ibm_sxz_cz,4666,"{""kind"": ""native_contract_only"", ""passed"": true, ""errors"": [], ""checked_instructions"": 93199, ""bindings"": 1, ""semantic_equivalence"": ""not checked at large width""}"
pr2578,core_qft_adder_156,static: each control-flow region counted once,5692,flat circuit,,142.485072,"[142.867058, 142.364879, 142.485072, 142.182094, 142.761697]",qft_adder,5973137,125857,be4dc2fe4f6e0100e3aac49682c8970dc5f44ce3e30ef7aee189c5e75f874969,2127186,numeric,15826,388,7656,5691,15438,0,"{""rz"": 15438, ""rx"": 388, ""rzz"": 7656, ""measure"": 156}",core,238.165209,"[189.164549, 223.466813, 238.165209, 247.09749, 252.075776]",270.7109375,156,458,exported,1003.195587,"[999.20969, 994.728414, 1012.61123, 1004.116873, 1003.195587]",rxrz_rzz_unbounded,2704,"{""kind"": ""native_contract_only"", ""passed"": true, ""errors"": [], ""checked_instructions"": 23638, ""bindings"": 1, ""semantic_equivalence"": ""not checked at large width""}"
pr2578,core_qft_adder_24,static: each control-flow region counted once,251,flat circuit,,2.559296,"[3.249957, 2.601585, 2.559296, 2.510017, 2.521248]",qft_adder,147968,3220,9008e35287e6a72ff77ade60f12ca6428204b4494da14186863c47d8733a277d,72088,numeric,559,69,210,250,490,0,"{""rz"": 490, ""rx"": 69, ""rzz"": 210, ""measure"": 24}",core,4.042426,"[4.191787, 4.631982, 4.042426, 4.03873, 3.991082]",122.453125,24,72,exported,16.503722,"[16.605755, 16.505051, 16.463098, 16.480107, 16.503722]",ibm_fractional_bounded,100,"{""kind"": ""native_contract_only"", ""passed"": true, ""errors"": [], ""checked_instructions"": 793, ""bindings"": 1, ""semantic_equivalence"": ""not checked at large width""}"
pr2578,core_qft_adder_24,static: each control-flow region counted once,426,flat circuit,,5.954711,"[6.92566, 6.035255, 5.954711, 5.921734, 5.874758]",qft_adder,147968,3220,9008e35287e6a72ff77ade60f12ca6428204b4494da14186863c47d8733a277d,156076,numeric,708,58,408,425,650,0,"{""x"": 14, ""rz"": 650, ""sx"": 44, ""cx"": 408, ""measure"": 24}",core,4.107098,"[4.107098, 3.929034, 4.271643, 4.613342, 3.946378]",123.8828125,24,51,exported,17.688482,"[17.724962, 17.758147, 17.66845, 17.688434, 17.688482]",ibm_sxz_cx,198,"{""kind"": ""native_contract_only"", ""passed"": true, ""errors"": [], ""checked_instructions"": 1140, ""bindings"": 1, ""semantic_equivalence"": ""not checked at large width""}"
pr2578,core_qft_adder_24,static: each control-flow region counted once,1100,flat circuit,,10.234482,"[11.365769, 10.474884, 10.234482, 10.099985, 10.188642]",qft_adder,147968,3220,9008e35287e6a72ff77ade60f12ca6428204b4494da14186863c47d8733a277d,243416,numeric,2207,817,408,1099,1390,0,"{""x"": 23, ""rz"": 1390, ""sx"": 794, ""cz"": 408, ""measure"": 24}",core,4.244939,"[4.550157, 4.244939, 4.051098, 4.308444, 4.062586]",131.18359375,24,89,exported,24.136284,"[24.245884, 24.195516, 24.11678, 24.135564, 24.136284]",ibm_sxz_cz,198,"{""kind"": ""native_contract_only"", ""passed"": true, ""errors"": [], ""checked_instructions"": 2639, ""bindings"": 1, ""semantic_equivalence"": ""not checked at large width""}"
pr2578,core_qft_adder_24,static: each control-flow region counted once,240,flat circuit,,3.587687,"[4.235196, 3.778792, 3.587687, 3.527143, 3.500535]",qft_adder,147968,3220,9008e35287e6a72ff77ade60f12ca6428204b4494da14186863c47d8733a277d,68585,numeric,491,58,210,239,433,0,"{""gpi"": 34, ""rz"": 433, ""gpi2"": 24, ""rzz"": 210, ""measure"": 24}",core,4.207163,"[4.222587, 3.896473, 4.711407, 4.207163, 4.004298]",125.63671875,24,94,exported,15.301379,"[15.352323, 15.289779, 15.301379, 15.258322, 15.308835]",ionq_fixed_r_zz,100,"{""kind"": ""native_contract_only"", ""passed"": true, ""errors"": [], ""checked_instructions"": 725, ""bindings"": 1, ""semantic_equivalence"": ""not checked at large width""}"
pr2578,core_qft_adder_24,static: each control-flow region counted once,387,flat circuit,,5.24877,"[6.267241, 5.371122, 5.24877, 5.206642, 5.163057]",qft_adder,147968,3220,9008e35287e6a72ff77ade60f12ca6428204b4494da14186863c47d8733a277d,148919,numeric,432,432,408,386,0,0,"{""r"": 432, ""cz"": 408, ""measure"": 24}",core,4.142091,"[4.142091, 3.969577, 3.93417, 4.646446, 4.264987]",124.17578125,24,135,exported,22.321616,"[22.450832, 22.325856, 22.243503, 22.321616, 22.276639]",iqm_r_cz,198,"{""kind"": ""native_contract_only"", ""passed"": true, ""errors"": [], ""checked_instructions"": 864, ""bindings"": 1, ""semantic_equivalence"": ""not checked at large width""}"
pr2578,core_qft_adder_24,static: each control-flow region counted once,1100,flat circuit,,15.028545,"[15.951815, 16.637131, 15.028545, 14.701967, 14.756495]",qft_adder,147968,3220,9008e35287e6a72ff77ade60f12ca6428204b4494da14186863c47d8733a277d,251679,numeric,2207,817,408,1099,1390,0,"{""rxpi"": 23, ""rz"": 1390, ""rxpi2"": 794, ""cz"": 408, ""measure"": 24}",core,4.184955,"[4.244348, 4.66115, 3.919129, 4.184955, 4.041242]",132.890625,24,96,exported,25.343187,"[25.534181, 25.425636, 25.343187, 25.327747, 25.298276]",rigetti_rx_cz,198,"{""kind"": ""native_contract_only"", ""passed"": true, ""errors"": [], ""checked_instructions"": 2639, ""bindings"": 1, ""semantic_equivalence"": ""not checked at large width""}"
pr2578,core_qft_adder_24,static: each control-flow region counted once,251,flat circuit,,2.829331,"[3.545927, 2.927603, 2.825698, 2.829331, 2.815954]",qft_adder,147968,3220,9008e35287e6a72ff77ade60f12ca6428204b4494da14186863c47d8733a277d,69712,numeric,524,58,210,250,466,0,"{""rz"": 466, ""rx"": 58, ""rzz"": 210, ""measure"": 24}",core,4.269355,"[4.185147, 4.269355, 4.390189, 4.346924, 4.036634]",123.02734375,24,92,exported,15.359779,"[15.385204, 15.359779, 15.366435, 15.314834, 15.299186]",rxrz_rzz_unbounded,100,"{""kind"": ""native_contract_only"", ""passed"": true, ""errors"": [], ""checked_instructions"": 758, ""bindings"": 1, ""semantic_equivalence"": ""not checked at large width""}"
pr2578,core_qft_adder_36,static: each control-flow region counted once,485,flat circuit,,5.5389,"[6.329384, 5.5389, 5.540035, 5.432979, 5.454723]",qft_adder,326784,7096,cd43e150a57e3ce028cb0a9157c2c567fad375ff5695ae00ae11cc2abf6aa507,150179,numeric,1165,105,477,484,1060,0,"{""rz"": 1060, ""rx"": 105, ""rzz"": 477, ""measure"": 36}",core,8.110804,"[9.029482, 7.863746, 8.110804, 8.052067, 8.114116]",125.1796875,36,106,exported,36.751579,"[36.849036, 36.796747, 36.72321, 36.733818, 36.751579]",ibm_fractional_bounded,205,"{""kind"": ""native_contract_only"", ""passed"": true, ""errors"": [], ""checked_instructions"": 1678, ""bindings"": 1, ""semantic_equivalence"": ""not checked at large width""}"
pr2578,core_qft_adder_36,static: each control-flow region counted once,858,flat circuit,,14.239659,"[15.96103, 14.40126, 14.169659, 14.239659, 14.200874]",qft_adder,326784,7096,cd43e150a57e3ce028cb0a9157c2c567fad375ff5695ae00ae11cc2abf6aa507,352336,numeric,1551,88,936,857,1463,0,"{""x"": 20, ""rz"": 1463, ""sx"": 68, ""cx"": 936, ""measure"": 36}",core,8.173764,"[8.173764, 8.698952, 8.086835, 8.218965, 8.114708]",132.953125,36,75,exported,39.865503,"[39.753406, 40.01896, 39.751406, 39.865503, 39.947039]",ibm_sxz_cx,408,"{""kind"": ""native_contract_only"", ""passed"": true, ""errors"": [], ""checked_instructions"": 2523, ""bindings"": 1, ""semantic_equivalence"": ""not checked at large width""}"
pr2578,core_qft_adder_36,static: each control-flow region counted once,2312,flat circuit,,25.170865,"[26.540618, 25.231633, 25.158913, 25.148272, 25.170865]",qft_adder,326784,7096,cd43e150a57e3ce028cb0a9157c2c567fad375ff5695ae00ae11cc2abf6aa507,556407,numeric,5090,1873,936,2311,3217,0,"{""x"": 35, ""rz"": 3217, ""sx"": 1838, ""cz"": 936, ""measure"": 36}",core,8.323557,"[8.930905, 8.389526, 8.108084, 8.323557, 8.254564]",140.16015625,36,133,exported,56.725834,"[56.674186, 56.963564, 56.681578, 56.884619, 56.725834]",ibm_sxz_cz,408,"{""kind"": ""native_contract_only"", ""passed"": true, ""errors"": [], ""checked_instructions"": 6062, ""bindings"": 1, ""semantic_equivalence"": ""not checked at large width""}"
pr2578,core_qft_adder_36,static: each control-flow region counted once,468,flat circuit,,7.252191,"[8.131204, 7.305199, 7.165357, 7.252191, 7.151885]",qft_adder,326784,7096,cd43e150a57e3ce028cb0a9157c2c567fad375ff5695ae00ae11cc2abf6aa507,144342,numeric,1061,88,477,467,973,0,"{""gpi"": 52, ""rz"": 973, ""gpi2"": 36, ""rzz"": 477, ""measure"": 36}",core,8.202212,"[8.530183, 8.475286, 8.10626, 8.154532, 8.202212]",128.06640625,36,142,exported,34.009001,"[34.489004, 34.046953, 34.005273, 34.009001, 33.86708]",ionq_fixed_r_zz,205,"{""kind"": ""native_contract_only"", ""passed"": true, ""errors"": [], ""checked_instructions"": 1574, ""bindings"": 1, ""semantic_equivalence"": ""not checked at large width""}"
pr2578,core_qft_adder_36,static: each control-flow region counted once,801,flat circuit,,12.590832,"[13.784089, 12.708017, 12.545408, 12.590832, 12.581344]",qft_adder,326784,7096,cd43e150a57e3ce028cb0a9157c2c567fad375ff5695ae00ae11cc2abf6aa507,335373,numeric,972,972,936,800,0,0,"{""r"": 972, ""cz"": 936, ""measure"": 36}",core,8.300981,"[8.537798, 8.497862, 8.13866, 8.300981, 8.158101]",127.6484375,36,212,exported,51.735498,"[51.68833, 51.735498, 51.856459, 51.795147, 51.613561]",iqm_r_cz,408,"{""kind"": ""native_contract_only"", ""passed"": true, ""errors"": [], ""checked_instructions"": 1944, ""bindings"": 1, ""semantic_equivalence"": ""not checked at large width""}"
pr2578,core_qft_adder_36,static: each control-flow region counted once,2312,flat circuit,,36.005238,"[38.109619, 36.005238, 35.432386, 35.436322, 36.267336]",qft_adder,326784,7096,cd43e150a57e3ce028cb0a9157c2c567fad375ff5695ae00ae11cc2abf6aa507,574770,numeric,5090,1873,936,2311,3217,0,"{""rxpi"": 35, ""rz"": 3217, ""rxpi2"": 1838, ""cz"": 936, ""measure"": 36}",core,8.111764,"[9.143322, 8.241925, 8.111764, 8.102916, 8.092483]",142.7734375,36,147,exported,59.386027,"[59.386027, 59.428299, 59.271578, 59.417291, 59.370186]",rigetti_rx_cz,408,"{""kind"": ""native_contract_only"", ""passed"": true, ""errors"": [], ""checked_instructions"": 6062, ""bindings"": 1, ""semantic_equivalence"": ""not checked at large width""}"
pr2578,core_qft_adder_36,static: each control-flow region counted once,485,flat circuit,,6.024086,"[7.093262, 6.197399, 6.024086, 5.983943, 5.988214]",qft_adder,326784,7096,cd43e150a57e3ce028cb0a9157c2c567fad375ff5695ae00ae11cc2abf6aa507,146636,numeric,1112,88,477,484,1024,0,"{""rz"": 1024, ""rx"": 88, ""rzz"": 477, ""measure"": 36}",core,8.209892,"[9.127114, 8.083956, 8.209892, 8.32967, 8.201076]",124.92578125,36,140,exported,34.08737,"[34.115866, 34.08737, 34.06977, 33.962649, 34.115258]",rxrz_rzz_unbounded,205,"{""kind"": ""native_contract_only"", ""passed"": true, ""errors"": [], ""checked_instructions"": 1625, ""bindings"": 1, ""semantic_equivalence"": ""not checked at large width""}"
pr2578,core_qft_adder_54,static: each control-flow region counted once,971,flat circuit,,12.550239,"[13.625686, 12.550239, 12.554944, 12.460014, 12.306286]",qft_adder,725232,15745,1583a385f792f2ab191d2ba23ea897bf1c3693e294c6213d75358aeef62655fe,324190,numeric,2479,159,1080,970,2320,0,"{""rz"": 2320, ""rx"": 159, ""rzz"": 1080, ""measure"": 54}",core,18.198547,"[17.557119, 17.841601, 18.198547, 18.639286, 18.517125]",134.87890625,54,158,exported,87.987964,"[87.938668, 88.11651, 87.987964, 88.238174, 87.712971]",ibm_fractional_bounded,430,"{""kind"": ""native_contract_only"", ""passed"": true, ""errors"": [], ""checked_instructions"": 3613, ""bindings"": 1, ""semantic_equivalence"": ""not checked at large width""}"
pr2578,core_qft_adder_54,static: each control-flow region counted once,1672,flat circuit,,35.382287,"[37.124411, 35.474816, 35.131263, 35.382287, 35.182607]",qft_adder,725232,15745,1583a385f792f2ab191d2ba23ea897bf1c3693e294c6213d75358aeef62655fe,774798,numeric,3347,137,2077,1671,3210,0,"{""x"": 29, ""rz"": 3210, ""sx"": 108, ""cx"": 2077, ""measure"": 54}",core,18.289732,"[18.066882, 18.006338, 18.289732, 18.560661, 18.624598]",145.75390625,54,131,exported,96.846596,"[96.494114, 97.551369, 96.834277, 97.503385, 96.846596]",ibm_sxz_cx,802,"{""kind"": ""native_contract_only"", ""passed"": true, ""errors"": [], ""checked_instructions"": 5478, ""bindings"": 1, ""semantic_equivalence"": ""not checked at large width""}"
pr2578,core_qft_adder_54,static: each control-flow region counted once,4632,flat circuit,,63.232704,"[65.583886, 63.207328, 63.232704, 62.900814, 63.467201]",qft_adder,725232,15745,1583a385f792f2ab191d2ba23ea897bf1c3693e294c6213d75358aeef62655fe,1240061,numeric,11362,4162,2077,4631,7200,0,"{""x"": 46, ""rz"": 7200, ""sx"": 4116, ""cz"": 2077, ""measure"": 54}",core,18.263268,"[17.438127, 17.788944, 18.263268, 18.408244, 18.701126]",161.296875,54,207,exported,135.632666,"[135.511833, 136.340926, 135.526617, 136.31635, 135.632666]",ibm_sxz_cz,802,"{""kind"": ""native_contract_only"", ""passed"": true, ""errors"": [], ""checked_instructions"": 13493, ""bindings"": 1, ""semantic_equivalence"": ""not checked at large width""}"
pr2578,core_qft_adder_54,static: each control-flow region counted once,945,flat circuit,,15.642211,"[16.847243, 16.036965, 15.642211, 15.628915, 15.504722]",qft_adder,725232,15745,1583a385f792f2ab191d2ba23ea897bf1c3693e294c6213d75358aeef62655fe,314760,numeric,2321,133,1080,944,2188,0,"{""gpi"": 79, ""rz"": 2188, ""gpi2"": 54, ""rzz"": 1080, ""measure"": 54}",core,18.349764,"[17.731232, 18.07333, 18.349764, 18.515205, 18.553189]",136.40234375,54,214,exported,81.054592,"[81.472355, 81.432131, 80.850959, 81.054592, 80.644574]",ionq_fixed_r_zz,430,"{""kind"": ""native_contract_only"", ""passed"": true, ""errors"": [], ""checked_instructions"": 3455, ""bindings"": 1, ""semantic_equivalence"": ""not checked at large width""}"
pr2578,core_qft_adder_54,static: each control-flow region counted once,1580,flat circuit,,32.856576,"[33.299747, 32.621598, 32.501214, 32.856576, 33.085297]",qft_adder,725232,15745,1583a385f792f2ab191d2ba23ea897bf1c3693e294c6213d75358aeef62655fe,734830,numeric,2135,2135,2077,1579,0,0,"{""r"": 2135, ""cz"": 2077, ""measure"": 54}",core,18.352532,"[17.826784, 18.059827, 18.352532, 18.637958, 18.574613]",143.2890625,54,339,exported,127.534054,"[127.360422, 127.798584, 127.534054, 127.532359, 127.572998]",iqm_r_cz,802,"{""kind"": ""native_contract_only"", ""passed"": true, ""errors"": [], ""checked_instructions"": 4266, ""bindings"": 1, ""semantic_equivalence"": ""not checked at large width""}"
pr2578,core_qft_adder_54,static: each control-flow region counted once,4632,flat circuit,,86.397922,"[87.083367, 87.124214, 86.151921, 86.397922, 86.102576]",qft_adder,725232,15745,1583a385f792f2ab191d2ba23ea897bf1c3693e294c6213d75358aeef62655fe,1279297,numeric,11362,4162,2077,4631,7200,0,"{""rxpi"": 46, ""rz"": 7200, ""rxpi2"": 4116, ""cz"": 2077, ""measure"": 54}",core,18.359796,"[17.576271, 17.901441, 18.359796, 18.566293, 18.698822]",173.9453125,54,222,exported,143.478859,"[142.898167, 143.651772, 143.478859, 143.827102, 143.396667]",rigetti_rx_cz,802,"{""kind"": ""native_contract_only"", ""passed"": true, ""errors"": [], ""checked_instructions"": 13493, ""bindings"": 1, ""semantic_equivalence"": ""not checked at large width""}"
pr2578,core_qft_adder_54,static: each control-flow region counted once,971,flat circuit,,13.81108,"[14.85451, 13.843223, 13.81108, 13.773991, 13.67831]",qft_adder,725232,15745,1583a385f792f2ab191d2ba23ea897bf1c3693e294c6213d75358aeef62655fe,318402,numeric,2399,133,1080,970,2266,0,"{""rz"": 2266, ""rx"": 133, ""rzz"": 1080, ""measure"": 54}",core,18.551141,"[18.551141, 18.102627, 18.35098, 18.552309, 18.694439]",134.203125,54,212,exported,81.262354,"[81.65626, 81.262354, 81.429267, 80.848255, 81.00552]",rxrz_rzz_unbounded,430,"{""kind"": ""native_contract_only"", ""passed"": true, ""errors"": [], ""checked_instructions"": 3533, ""bindings"": 1, ""semantic_equivalence"": ""not checked at large width""}"
pr2578,core_qpe_104,static: each control-flow region counted once,7507,flat circuit,,54.813626,"[55.683104, 55.273196, 54.813626, 54.467224, 54.602168]",qpe,3473950,71951,d48d9f5e3627140da03a5660cb95c35763ac36c287286e6a66be8336c1bd625c,1034381,numeric,7768,209,3680,7506,7559,0,"{""rz"": 7559, ""rx"": 208, ""x"": 1, ""rzz"": 3680, ""measure"": 103}",core,119.901973,"[100.672331, 113.872926, 119.901973, 121.593935, 122.588037]",189.328125,104,227,exported,463.800526,"[464.435122, 466.267166, 463.800526, 461.998659, 462.772087]",ibm_fractional_bounded,3677,"{""kind"": ""native_contract_only"", ""passed"": true, ""errors"": [], ""checked_instructions"": 11551, ""bindings"": 1, ""semantic_equivalence"": ""not checked at large width""}"
pr2578,core_qpe_104,static: each control-flow region counted once,13356,flat circuit,,164.206397,"[166.530827, 163.460776, 164.034155, 164.206397, 164.847424]",qpe,3473950,71951,d48d9f5e3627140da03a5660cb95c35763ac36c287286e6a66be8336c1bd625c,2456023,numeric,10310,222,6619,13355,10088,0,"{""rz"": 10088, ""sx"": 221, ""x"": 1, ""cx"": 6619, ""measure"": 103}",core,116.632208,"[98.523118, 111.228798, 116.632208, 120.812154, 120.726042]",199.8046875,104,283,exported,518.259335,"[500.745544, 517.319217, 518.259335, 521.503483, 519.17774]",ibm_sxz_cx,6614,"{""kind"": ""native_contract_only"", ""passed"": true, ""errors"": [], ""checked_instructions"": 17032, ""bindings"": 1, ""semantic_equivalence"": ""not checked at large width""}"
pr2578,core_qpe_104,static: each control-flow region counted once,38844,flat circuit,,275.207848,"[275.49009, 272.890074, 274.688518, 275.207848, 276.344943]",qpe,3473950,71951,d48d9f5e3627140da03a5660cb95c35763ac36c287286e6a66be8336c1bd625c,3969216,numeric,36009,13146,6619,38843,22863,0,"{""rz"": 22863, ""sx"": 13072, ""cz"": 6619, ""x"": 74, ""measure"": 103}",core,117.653686,"[98.400701, 112.087732, 117.653686, 119.266385, 119.088799]",261.328125,104,351,exported,730.730067,"[713.00034, 730.711187, 733.011666, 730.730067, 737.815168]",ibm_sxz_cz,6614,"{""kind"": ""native_contract_only"", ""passed"": true, ""errors"": [], ""checked_instructions"": 42731, ""bindings"": 1, ""semantic_equivalence"": ""not checked at large width""}"
pr2578,core_qpe_104,static: each control-flow region counted once,7507,flat circuit,,60.408957,"[61.424531, 60.935841, 60.239452, 60.408957, 59.90801]",qpe,3473950,71951,d48d9f5e3627140da03a5660cb95c35763ac36c287286e6a66be8336c1bd625c,1026102,numeric,7765,207,3680,7506,7558,0,"{""rz"": 7558, ""rx"": 207, ""rzz"": 3680, ""measure"": 103}",core,118.730429,"[99.973734, 113.654702, 118.730429, 121.063484, 123.190345]",189.95703125,104,272,exported,466.816225,"[471.036364, 466.564432, 466.816225, 469.250673, 459.097968]",rxrz_rzz_unbounded,3677,"{""kind"": ""native_contract_only"", ""passed"": true, ""errors"": [], ""checked_instructions"": 11548, ""bindings"": 1, ""semantic_equivalence"": ""not checked at large width""}"
pr2578,core_qpe_156,static: each control-flow region counted once,12447,flat circuit,,110.025204,"[112.111729, 109.539889, 109.309904, 110.025204, 111.970448]",qpe,7713224,154605,025be7a9f59f4cf7c1c50778b0bf5fddf52bb53ca0187cdcd8f4a0bc555a32e5,1718762,numeric,12812,313,6124,12446,12499,0,"{""rz"": 12499, ""rx"": 312, ""x"": 1, ""rzz"": 6124, ""measure"": 155}",core,333.92042,"[255.473751, 306.066998, 333.92042, 346.211074, 344.922298]",254.11328125,156,279,exported,1117.354885,"[1123.856558, 1125.86881, 1117.354885, 1116.923426, 1116.148221]",ibm_fractional_bounded,6121,"{""kind"": ""native_contract_only"", ""passed"": true, ""errors"": [], ""checked_instructions"": 19091, ""bindings"": 1, ""semantic_equivalence"": ""not checked at large width""}"
pr2578,core_qpe_156,static: each control-flow region counted once,23132,flat circuit,,348.325088,"[350.997937, 345.805024, 348.332736, 348.325088, 347.969198]",qpe,7713224,154605,025be7a9f59f4cf7c1c50778b0bf5fddf52bb53ca0187cdcd8f4a0bc555a32e5,4276751,numeric,17746,326,11507,23131,17420,0,"{""rz"": 17420, ""sx"": 325, ""x"": 1, ""cx"": 11507, ""measure"": 155}",core,341.949369,"[256.687648, 307.997603, 345.682527, 341.949369, 342.559132]",258.04296875,156,335,exported,1256.303491,"[1246.938456, 1256.980407, 1256.303491, 1255.02985, 1259.268021]",ibm_sxz_cx,11502,"{""kind"": ""native_contract_only"", ""passed"": true, ""errors"": [], ""checked_instructions"": 29408, ""bindings"": 1, ""semantic_equivalence"": ""not checked at large width""}"
pr2578,core_qpe_156,static: each control-flow region counted once,67444,flat circuit,,569.270494,"[568.804076, 569.000716, 571.40006, 569.270494, 572.46165]",qpe,7713224,154605,025be7a9f59f4cf7c1c50778b0bf5fddf52bb53ca0187cdcd8f4a0bc555a32e5,6902174,numeric,62373,22766,11507,67443,39607,0,"{""rz"": 39607, ""sx"": 22640, ""cz"": 11507, ""x"": 126, ""measure"": 155}",core,329.451865,"[254.553922, 308.012578, 329.451865, 340.701745, 342.148505]",358.86328125,156,403,exported,1708.654657,"[1642.249503, 1708.654657, 1696.232658, 1709.804951, 1711.524642]",ibm_sxz_cz,11502,"{""kind"": ""native_contract_only"", ""passed"": true, ""errors"": [], ""checked_instructions"": 74035, ""bindings"": 1, ""semantic_equivalence"": ""not checked at large width""}"
pr2578,core_qpe_156,static: each control-flow region counted once,12447,flat circuit,,120.70948,"[120.70948, 120.994649, 120.299253, 122.13704, 120.694583]",qpe,7713224,154605,025be7a9f59f4cf7c1c50778b0bf5fddf52bb53ca0187cdcd8f4a0bc555a32e5,1704945,numeric,12809,311,6124,12446,12498,0,"{""rz"": 12498, ""rx"": 311, ""rzz"": 6124, ""measure"": 155}",core,330.189358,"[255.760105, 306.697353, 330.189358, 341.960535, 347.306681]",254.13671875,156,324,exported,1126.506494,"[1126.506494, 1133.402506, 1126.707008, 1119.063663, 1121.670736]",rxrz_rzz_unbounded,6121,"{""kind"": ""native_contract_only"", ""passed"": true, ""errors"": [], ""checked_instructions"": 19088, ""bindings"": 1, ""semantic_equivalence"": ""not checked at large width""}"
pr2578,core_qpe_24,static: each control-flow region counted once,554,flat circuit,,2.941762,"[3.656567, 3.023779, 2.941762, 2.90149, 2.911922]",qpe,186767,4089,4107059cad6048b4c6ad89a9570460290ece3a55673ebe23edf96940707bc5ee,82892,numeric,630,49,256,553,581,0,"{""rz"": 581, ""rx"": 48, ""x"": 1, ""rzz"": 256, ""measure"": 23}",core,4.85115,"[5.011551, 5.614739, 4.783006, 4.85115, 4.834639]",122.640625,24,78,exported,19.162424,"[19.307241, 19.091975, 19.215384, 19.04943, 19.162424]",ibm_fractional_bounded,253,"{""kind"": ""native_contract_only"", ""passed"": true, ""errors"": [], ""checked_instructions"": 909, ""bindings"": 1, ""semantic_equivalence"": ""not checked at large width""}"
pr2578,core_qpe_24,static: each control-flow region counted once,1036,flat circuit,,7.408686,"[8.288692, 7.408686, 7.33067, 7.270061, 7.452223]",qpe,186767,4089,4107059cad6048b4c6ad89a9570460290ece3a55673ebe23edf96940707bc5ee,191176,numeric,865,47,499,1035,818,0,"{""rz"": 818, ""sx"": 46, ""x"": 1, ""cx"": 499, ""measure"": 23}",core,4.933679,"[4.933679, 5.10496, 5.352193, 4.898831, 4.856734]",126.75,24,78,exported,22.44542,"[22.44542, 22.457628, 22.342027, 22.468221, 22.354043]",ibm_sxz_cx,494,"{""kind"": ""native_contract_only"", ""passed"": true, ""errors"": [], ""checked_instructions"": 1387, ""bindings"": 1, ""semantic_equivalence"": ""not checked at large width""}"
pr2578,core_qpe_24,static: each control-flow region counted once,2894,flat circuit,,12.699663,"[14.054887, 12.799168, 12.602271, 12.526446, 12.699663]",qpe,186767,4089,4107059cad6048b4c6ad89a9570460290ece3a55673ebe23edf96940707bc5ee,300791,numeric,2774,1021,499,2893,1753,0,"{""rz"": 1753, ""sx"": 1002, ""cz"": 499, ""x"": 19, ""measure"": 23}",core,5.074448,"[5.074448, 4.754014, 4.857118, 5.54821, 5.136911]",132.91796875,24,96,exported,30.821856,"[30.756224, 30.834496, 30.7432, 30.830576, 30.821856]",ibm_sxz_cz,494,"{""kind"": ""native_contract_only"", ""passed"": true, ""errors"": [], ""checked_instructions"": 3296, ""bindings"": 1, ""semantic_equivalence"": ""not checked at large width""}"
pr2578,core_qpe_24,static: each control-flow region counted once,554,flat circuit,,4.022841,"[4.758286, 4.238058, 4.022841, 3.978857, 3.977593]",qpe,186767,4089,4107059cad6048b4c6ad89a9570460290ece3a55673ebe23edf96940707bc5ee,83060,numeric,625,47,256,553,578,0,"{""rz"": 578, ""gpi2"": 44, ""gpi"": 3, ""rzz"": 256, ""measure"": 23}",core,5.01584,"[5.01584, 5.063599, 5.406578, 4.905502, 4.835055]",125.38671875,24,100,exported,19.042855,"[19.150455, 19.039159, 19.148728, 19.042855, 19.00087]",ionq_fixed_r_zz,253,"{""kind"": ""native_contract_only"", ""passed"": true, ""errors"": [], ""checked_instructions"": 904, ""bindings"": 1, ""semantic_equivalence"": ""not checked at large width""}"
pr2578,core_qpe_24,static: each control-flow region counted once,990,flat circuit,,6.318904,"[7.230973, 6.489096, 6.318904, 6.306247, 6.290887]",qpe,186767,4089,4107059cad6048b4c6ad89a9570460290ece3a55673ebe23edf96940707bc5ee,175419,numeric,525,525,499,989,0,0,"{""r"": 525, ""cz"": 499, ""measure"": 23}",core,4.92659,"[4.990831, 5.607395, 4.780798, 4.92659, 4.770766]",124.20703125,24,76,exported,27.990894,"[27.969822, 28.043071, 28.087775, 27.990894, 27.974303]",iqm_r_cz,494,"{""kind"": ""native_contract_only"", ""passed"": true, ""errors"": [], ""checked_instructions"": 1047, ""bindings"": 1, ""semantic_equivalence"": ""not checked at large width""}"
pr2578,core_qpe_24,static: each control-flow region counted once,2894,flat circuit,,18.966855,"[19.225703, 20.359967, 18.966855, 18.415922, 18.499908]",qpe,186767,4089,4107059cad6048b4c6ad89a9570460290ece3a55673ebe23edf96940707bc5ee,311672,numeric,2774,1021,499,2893,1753,0,"{""rz"": 1753, ""rxpi2"": 1002, ""cz"": 499, ""rxpi"": 19, ""measure"": 23}",core,4.986831,"[4.986831, 5.107392, 5.324065, 4.882591, 4.857934]",134.98046875,24,114,exported,32.232889,"[32.271962, 32.284041, 32.12148, 32.232889, 32.197193]",rigetti_rx_cz,494,"{""kind"": ""native_contract_only"", ""passed"": true, ""errors"": [], ""checked_instructions"": 3296, ""bindings"": 1, ""semantic_equivalence"": ""not checked at large width""}"
pr2578,core_qpe_24,static: each control-flow region counted once,554,flat circuit,,3.327189,"[4.099049, 3.396613, 3.327189, 3.294901, 3.293812]",qpe,186767,4089,4107059cad6048b4c6ad89a9570460290ece3a55673ebe23edf96940707bc5ee,82405,numeric,627,47,256,553,580,0,"{""rz"": 580, ""rx"": 47, ""rzz"": 256, ""measure"": 23}",core,4.942735,"[4.942735, 5.138624, 5.330225, 4.866574, 4.843374]",123.3046875,24,98,exported,19.066743,"[19.1506, 19.066743, 19.054454, 19.112551, 19.035223]",rxrz_rzz_unbounded,253,"{""kind"": ""native_contract_only"", ""passed"": true, ""errors"": [], ""checked_instructions"": 906, ""bindings"": 1, ""semantic_equivalence"": ""not checked at large width""}"
pr2578,core_qpe_36,static: each control-flow region counted once,1262,flat circuit,,6.558042,"[7.538768, 6.657643, 6.491786, 6.558042, 6.480954]",qpe,420128,9153,8b24673292c237ca6efd94c6f4860710dca1226b82c52ec7fa8b98884801d384,180535,numeric,1374,73,598,1261,1301,0,"{""rz"": 1301, ""rx"": 72, ""x"": 1, ""rzz"": 598, ""measure"": 35}",core,10.34085,"[11.163448, 10.149857, 10.236386, 10.345619, 10.34085]",128.38671875,36,114,exported,44.627983,"[44.954401, 44.627983, 44.766784, 44.499342, 44.604175]",ibm_fractional_bounded,595,"{""kind"": ""native_contract_only"", ""passed"": true, ""errors"": [], ""checked_instructions"": 2007, ""bindings"": 1, ""semantic_equivalence"": ""not checked at large width""}"
pr2578,core_qpe_36,static: each control-flow region counted once,1980,flat circuit,,15.098257,"[16.314713, 15.098257, 14.88568, 14.889008, 15.100145]",qpe,420128,9153,8b24673292c237ca6efd94c6f4860710dca1226b82c52ec7fa8b98884801d384,364856,numeric,1617,75,955,1979,1542,0,"{""rz"": 1542, ""sx"": 74, ""x"": 1, ""cx"": 955, ""measure"": 35}",core,10.362099,"[11.248712, 10.148129, 10.256114, 10.362099, 10.415763]",135.0390625,36,125,exported,49.387294,"[49.363197, 49.442574, 49.387294, 49.449854, 49.199213]",ibm_sxz_cx,950,"{""kind"": ""native_contract_only"", ""passed"": true, ""errors"": [], ""checked_instructions"": 2607, ""bindings"": 1, ""semantic_equivalence"": ""not checked at large width""}"
pr2578,core_qpe_36,static: each control-flow region counted once,5630,flat circuit,,26.329689,"[27.515537, 26.329689, 26.021256, 26.364713, 26.168985]",qpe,420128,9153,8b24673292c237ca6efd94c6f4860710dca1226b82c52ec7fa8b98884801d384,576736,numeric,5342,1957,955,5629,3385,0,"{""rz"": 3385, ""sx"": 1938, ""cz"": 955, ""x"": 19, ""measure"": 35}",core,10.435427,"[11.268664, 10.189922, 10.259186, 10.435427, 10.52602]",137.88671875,36,147,exported,67.549234,"[67.403377, 67.622706, 67.47661, 67.614371, 67.549234]",ibm_sxz_cz,950,"{""kind"": ""native_contract_only"", ""passed"": true, ""errors"": [], ""checked_instructions"": 6332, ""bindings"": 1, ""semantic_equivalence"": ""not checked at large width""}"
pr2578,core_qpe_36,static: each control-flow region counted once,1262,flat circuit,,8.585847,"[9.771982, 8.671064, 8.536711, 8.497799, 8.585847]",qpe,420128,9153,8b24673292c237ca6efd94c6f4860710dca1226b82c52ec7fa8b98884801d384,180474,numeric,1369,71,598,1261,1298,0,"{""rz"": 1298, ""gpi2"": 68, ""gpi"": 3, ""rzz"": 598, ""measure"": 35}",core,10.299282,"[11.073511, 10.146833, 10.21869, 10.299282, 10.439283]",129.08203125,36,148,exported,45.004001,"[44.897569, 45.295875, 45.004001, 45.167267, 44.998065]",ionq_fixed_r_zz,595,"{""kind"": ""native_contract_only"", ""passed"": true, ""errors"": [], ""checked_instructions"": 2002, ""bindings"": 1, ""semantic_equivalence"": ""not checked at large width""}"
pr2578,core_qpe_36,static: each control-flow region counted once,1902,flat circuit,,12.932003,"[14.144571, 12.932003, 12.770227, 13.012579, 12.727314]",qpe,420128,9153,8b24673292c237ca6efd94c6f4860710dca1226b82c52ec7fa8b98884801d384,336491,numeric,1003,1003,955,1901,0,0,"{""r"": 1003, ""cz"": 955, ""measure"": 35}",core,10.305139,"[11.239865, 10.119073, 10.152737, 10.311026, 10.305139]",130.72265625,36,131,exported,61.875678,"[61.875678, 61.987759, 61.840382, 61.87827, 61.739149]",iqm_r_cz,950,"{""kind"": ""native_contract_only"", ""passed"": true, ""errors"": [], ""checked_instructions"": 1993, ""bindings"": 1, ""semantic_equivalence"": ""not checked at large width""}"
pr2578,core_qpe_36,static: each control-flow region counted once,5630,flat circuit,,37.297439,"[39.513566, 37.117327, 37.297439, 37.146303, 37.927476]",qpe,420128,9153,8b24673292c237ca6efd94c6f4860710dca1226b82c52ec7fa8b98884801d384,596547,numeric,5342,1957,955,5629,3385,0,"{""rz"": 3385, ""rxpi2"": 1938, ""cz"": 955, ""rxpi"": 19, ""measure"": 35}",core,10.28261,"[11.136888, 10.102689, 10.156065, 10.28261, 10.360195]",141.1171875,36,171,exported,70.138387,"[70.002594, 70.200947, 69.913282, 70.307268, 70.138387]",rigetti_rx_cz,950,"{""kind"": ""native_contract_only"", ""passed"": true, ""errors"": [], ""checked_instructions"": 6332, ""bindings"": 1, ""semantic_equivalence"": ""not checked at large width""}"
pr2578,core_qpe_36,static: each control-flow region counted once,1262,flat circuit,,7.440847,"[8.44559, 7.542769, 7.440847, 7.435984, 7.396208]",qpe,420128,9153,8b24673292c237ca6efd94c6f4860710dca1226b82c52ec7fa8b98884801d384,179579,numeric,1371,71,598,1261,1300,0,"{""rz"": 1300, ""rx"": 71, ""rzz"": 598, ""measure"": 35}",core,10.549892,"[10.549892, 10.839366, 10.445795, 10.545828, 10.606132]",127.87109375,36,146,exported,45.166098,"[45.337699, 45.248403, 45.166098, 45.119778, 45.033137]",rxrz_rzz_unbounded,595,"{""kind"": ""native_contract_only"", ""passed"": true, ""errors"": [], ""checked_instructions"": 2004, ""bindings"": 1, ""semantic_equivalence"": ""not checked at large width""}"
pr2578,core_qpe_54,static: each control-flow region counted once,2757,flat circuit,,15.526675,"[16.440728, 15.605924, 15.482386, 15.496083, 15.526675]",qpe,942863,20526,badc29bda1176dc84b552697e1cc7ff3cb15628659863c1f267f44273034c6be,387397,numeric,2918,109,1330,2756,2809,0,"{""rz"": 2809, ""rx"": 108, ""x"": 1, ""rzz"": 1330, ""measure"": 53}",core,23.894456,"[22.586288, 23.433541, 23.894456, 24.350939, 24.313035]",139.40234375,54,177,exported,112.347115,"[112.307419, 112.231514, 112.539548, 112.347115, 112.482748]",ibm_fractional_bounded,1327,"{""kind"": ""native_contract_only"", ""passed"": true, ""errors"": [], ""checked_instructions"": 4301, ""bindings"": 1, ""semantic_equivalence"": ""not checked at large width""}"
pr2578,core_qpe_54,static: each control-flow region counted once,3956,flat circuit,,33.615831,"[35.408642, 34.036057, 33.604213, 33.615831, 33.595045]",qpe,942863,20526,badc29bda1176dc84b552697e1cc7ff3cb15628659863c1f267f44273034c6be,727032,numeric,3160,122,1919,3955,3038,0,"{""rz"": 3038, ""sx"": 121, ""x"": 1, ""cx"": 1919, ""measure"": 53}",core,24.256954,"[22.626608, 23.52543, 24.256954, 24.831678, 24.903519]",145.1640625,54,233,exported,119.864235,"[118.791268, 120.577248, 119.649658, 120.247021, 119.864235]",ibm_sxz_cx,1914,"{""kind"": ""native_contract_only"", ""passed"": true, ""errors"": [], ""checked_instructions"": 5132, ""bindings"": 1, ""semantic_equivalence"": ""not checked at large width""}"
pr2578,core_qpe_54,static: each control-flow region counted once,11344,flat circuit,,59.437067,"[61.204437, 59.437067, 58.904582, 59.161705, 59.611132]",qpe,942863,20526,badc29bda1176dc84b552697e1cc7ff3cb15628659863c1f267f44273034c6be,1160908,numeric,10659,3896,1919,11343,6763,0,"{""rz"": 6763, ""sx"": 3872, ""cz"": 1919, ""x"": 24, ""measure"": 53}",core,24.149258,"[22.604784, 23.608646, 24.149258, 24.573436, 24.607181]",160.92578125,54,301,exported,158.827683,"[156.72407, 159.179542, 158.435553, 159.160389, 158.827683]",ibm_sxz_cz,1914,"{""kind"": ""native_contract_only"", ""passed"": true, ""errors"": [], ""checked_instructions"": 12631, ""bindings"": 1, ""semantic_equivalence"": ""not checked at large width""}"
pr2578,core_qpe_54,static: each control-flow region counted once,2757,flat circuit,,19.658461,"[20.799221, 19.572428, 19.776574, 19.658461, 19.46774]",qpe,942863,20526,badc29bda1176dc84b552697e1cc7ff3cb15628659863c1f267f44273034c6be,386165,numeric,2913,107,1330,2756,2806,0,"{""rz"": 2806, ""gpi2"": 104, ""gpi"": 3, ""rzz"": 1330, ""measure"": 53}",core,24.292234,"[22.5932, 23.552006, 24.292234, 24.53982, 24.75211]",141.52734375,54,223,exported,113.386673,"[113.554371, 113.386673, 113.048768, 113.258785, 113.600131]",ionq_fixed_r_zz,1327,"{""kind"": ""native_contract_only"", ""passed"": true, ""errors"": [], ""checked_instructions"": 4296, ""bindings"": 1, ""semantic_equivalence"": ""not checked at large width""}"
pr2578,core_qpe_54,static: each control-flow region counted once,3820,flat circuit,,30.069071,"[30.942533, 30.493618, 29.511964, 30.069071, 29.921231]",qpe,942863,20526,badc29bda1176dc84b552697e1cc7ff3cb15628659863c1f267f44273034c6be,674268,numeric,1989,1989,1919,3819,0,0,"{""r"": 1989, ""cz"": 1919, ""measure"": 53}",core,24.138394,"[22.486719, 23.317252, 24.138394, 24.453068, 24.482268]",142.265625,54,232,exported,150.092428,"[149.927851, 150.333789, 150.28654, 150.092428, 150.015675]",iqm_r_cz,1914,"{""kind"": ""native_contract_only"", ""passed"": true, ""errors"": [], ""checked_instructions"": 3961, ""bindings"": 1, ""semantic_equivalence"": ""not checked at large width""}"
pr2578,core_qpe_54,static: each control-flow region counted once,11344,flat circuit,,81.08306,"[82.295404, 81.601655, 81.08306, 80.921283, 80.729794]",qpe,942863,20526,badc29bda1176dc84b552697e1cc7ff3cb15628659863c1f267f44273034c6be,1199114,numeric,10659,3896,1919,11343,6763,0,"{""rz"": 6763, ""rxpi2"": 3872, ""cz"": 1919, ""rxpi"": 24, ""measure"": 53}",core,24.150922,"[22.795601, 23.531622, 24.150922, 24.512444, 24.559292]",172.74609375,54,336,exported,163.73757,"[162.838765, 164.130325, 163.428192, 163.73757, 163.800658]",rigetti_rx_cz,1914,"{""kind"": ""native_contract_only"", ""passed"": true, ""errors"": [], ""checked_instructions"": 12631, ""bindings"": 1, ""semantic_equivalence"": ""not checked at large width""}"
pr2578,core_qpe_54,static: each control-flow region counted once,2757,flat circuit,,17.638848,"[18.641127, 17.638848, 17.56888, 17.428335, 17.668496]",qpe,942863,20526,badc29bda1176dc84b552697e1cc7ff3cb15628659863c1f267f44273034c6be,385058,numeric,2915,107,1330,2756,2808,0,"{""rz"": 2808, ""rx"": 107, ""rzz"": 1330, ""measure"": 53}",core,23.976136,"[22.651776, 23.523334, 23.976136, 24.384524, 24.502092]",140.06640625,54,222,exported,112.608285,"[112.608285, 112.601485, 112.444235, 112.786798, 112.886079]",rxrz_rzz_unbounded,1327,"{""kind"": ""native_contract_only"", ""passed"": true, ""errors"": [], ""checked_instructions"": 4298, ""bindings"": 1, ""semantic_equivalence"": ""not checked at large width""}"
pr2578,core_w_state_104,static: each control-flow region counted once,622,flat circuit,,4.483564,"[5.348402, 4.556717, 4.467212, 4.483564, 4.463756]",w_state,170789,3307,99423707524487125e9cedcb1f6bb2088807ce1dcc8fbd4b01293e9f126653d5,122551,numeric,928,413,206,621,515,0,"{""rx"": 413, ""rz"": 515, ""rzz"": 206, ""measure"": 104}",core,4.620637,"[4.620637, 4.380092, 4.882079, 5.097104, 4.489596]",126.44921875,104,291,exported,27.55555,"[27.651663, 27.520526, 27.58443, 27.524557, 27.55555]",ibm_fractional_bounded,206,"{""kind"": ""native_contract_only"", ""passed"": true, ""errors"": [], ""checked_instructions"": 1238, ""bindings"": 1, ""semantic_equivalence"": ""not checked at large width""}"
pr2578,core_w_state_104,static: each control-flow region counted once,742,flat circuit,,6.884844,"[7.689808, 6.884844, 6.763819, 6.922747, 6.712203]",w_state,170789,3307,99423707524487125e9cedcb1f6bb2088807ce1dcc8fbd4b01293e9f126653d5,174480,numeric,1357,517,206,741,840,0,"{""rz"": 840, ""sx"": 517, ""cx"": 206, ""measure"": 104}",core,4.640765,"[4.633341, 4.814559, 5.000415, 4.640765, 4.539149]",124.546875,104,384,exported,26.807865,"[26.948298, 26.772729, 26.807865, 26.684169, 26.875353]",ibm_sxz_cx,206,"{""kind"": ""native_contract_only"", ""passed"": true, ""errors"": [], ""checked_instructions"": 1667, ""bindings"": 1, ""semantic_equivalence"": ""not checked at large width""}"
pr2578,core_w_state_104,static: each control-flow region counted once,1096,flat circuit,,8.420005,"[9.435932, 8.603222, 8.329957, 8.420005, 8.385685]",w_state,170789,3307,99423707524487125e9cedcb1f6bb2088807ce1dcc8fbd4b01293e9f126653d5,205764,numeric,1882,775,206,1095,1107,0,"{""rz"": 1107, ""sx"": 730, ""cz"": 206, ""x"": 45, ""measure"": 104}",core,4.639485,"[4.71243, 5.160961, 4.639485, 4.536317, 4.497996]",131.8828125,104,409,exported,27.653182,"[27.759887, 27.667935, 27.60203, 27.653182, 27.440621]",ibm_sxz_cz,206,"{""kind"": ""native_contract_only"", ""passed"": true, ""errors"": [], ""checked_instructions"": 2192, ""bindings"": 1, ""semantic_equivalence"": ""not checked at large width""}"
pr2578,core_w_state_104,static: each control-flow region counted once,623,flat circuit,,5.265425,"[6.144743, 5.357794, 5.265425, 5.220065, 5.228129]",w_state,170789,3307,99423707524487125e9cedcb1f6bb2088807ce1dcc8fbd4b01293e9f126653d5,126318,numeric,930,413,206,622,517,0,"{""rz"": 517, ""rx"": 413, ""rzz"": 206, ""measure"": 104}",core,4.603965,"[4.715438, 5.197377, 4.603965, 4.528812, 4.521085]",126.13671875,104,419,exported,25.498432,"[25.559841, 25.537649, 25.446561, 25.422161, 25.498432]",rxrz_rzz_unbounded,206,"{""kind"": ""native_contract_only"", ""passed"": true, ""errors"": [], ""checked_instructions"": 1240, ""bindings"": 1, ""semantic_equivalence"": ""not checked at large width""}"
pr2578,core_w_state_156,static: each control-flow region counted once,934,flat circuit,,6.851979,"[7.849745, 7.008604, 6.838027, 6.851979, 6.835467]",w_state,258509,4971,f8cc445f3341f11c52acdf12faa7bf608314457ae027f621b687d95bf6fb9f5d,185430,numeric,1396,621,310,933,775,0,"{""rx"": 621, ""rz"": 775, ""rzz"": 310, ""measure"": 156}",core,6.690602,"[6.792651, 7.380798, 6.629914, 6.690602, 6.555898]",128.04296875,156,435,exported,45.711776,"[45.76016, 45.6848, 45.711776, 45.77136, 45.682047]",ibm_fractional_bounded,310,"{""kind"": ""native_contract_only"", ""passed"": true, ""errors"": [], ""checked_instructions"": 1862, ""bindings"": 1, ""semantic_equivalence"": ""not checked at large width""}"
pr2578,core_w_state_156,static: each control-flow region counted once,1114,flat circuit,,10.868068,"[11.713129, 10.970757, 10.764932, 10.726404, 10.868068]",w_state,258509,4971,f8cc445f3341f11c52acdf12faa7bf608314457ae027f621b687d95bf6fb9f5d,262672,numeric,2042,779,310,1113,1263,0,"{""rz"": 1263, ""sx"": 779, ""cx"": 310, ""measure"": 156}",core,6.618489,"[6.709066, 6.458761, 7.140285, 6.618489, 6.515065]",133.203125,156,552,exported,44.288967,"[44.335879, 44.244182, 44.353943, 44.274391, 44.288967]",ibm_sxz_cx,310,"{""kind"": ""native_contract_only"", ""passed"": true, ""errors"": [], ""checked_instructions"": 2508, ""bindings"": 1, ""semantic_equivalence"": ""not checked at large width""}"
pr2578,core_w_state_156,static: each control-flow region counted once,1637,flat circuit,,13.084642,"[14.217466, 13.084642, 12.864657, 12.828385, 13.270851]",w_state,258509,4971,f8cc445f3341f11c52acdf12faa7bf608314457ae027f621b687d95bf6fb9f5d,309062,numeric,2821,1164,310,1636,1657,0,"{""rz"": 1657, ""sx"": 1092, ""cz"": 310, ""x"": 72, ""measure"": 156}",core,6.656489,"[6.666682, 6.971516, 6.512969, 6.656489, 6.57561]",134.88671875,156,588,exported,45.711807,"[45.585839, 45.729168, 45.764688, 45.332846, 45.711807]",ibm_sxz_cz,310,"{""kind"": ""native_contract_only"", ""passed"": true, ""errors"": [], ""checked_instructions"": 3287, ""bindings"": 1, ""semantic_equivalence"": ""not checked at large width""}"
pr2578,core_w_state_156,static: each control-flow region counted once,935,flat circuit,,7.968738,"[9.021929, 8.180612, 7.968738, 7.91557, 7.954562]",w_state,258509,4971,f8cc445f3341f11c52acdf12faa7bf608314457ae027f621b687d95bf6fb9f5d,191221,numeric,1398,621,310,934,777,0,"{""rz"": 777, ""rx"": 621, ""rzz"": 310, ""measure"": 156}",core,6.676026,"[6.662394, 7.118653, 6.916508, 6.676026, 6.583225]",128.26171875,156,627,exported,42.18193,"[42.415739, 42.281562, 42.036249, 42.116601, 42.18193]",rxrz_rzz_unbounded,310,"{""kind"": ""native_contract_only"", ""passed"": true, ""errors"": [], ""checked_instructions"": 1864, ""bindings"": 1, ""semantic_equivalence"": ""not checked at large width""}"
pr2578,core_w_state_24,static: each control-flow region counted once,142,flat circuit,,1.07415,"[1.478377, 1.094839, 1.07415, 1.029479, 1.017206]",w_state,37781,747,3b4c2a33880d1adbb09478b58d87fcf116bd6c1c3781a0aa07078ff14e906f7c,28315,numeric,208,93,46,141,115,0,"{""rx"": 93, ""rz"": 115, ""rzz"": 46, ""measure"": 24}",core,1.451881,"[1.691675, 1.473129, 1.437705, 1.451881, 1.440665]",121.546875,24,70,exported,5.49509,"[5.74642, 5.522963, 5.46141, 5.49509, 5.46981]",ibm_fractional_bounded,46,"{""kind"": ""native_contract_only"", ""passed"": true, ""errors"": [], ""checked_instructions"": 278, ""bindings"": 1, ""semantic_equivalence"": ""not checked at large width""}"
pr2578,core_w_state_24,static: each control-flow region counted once,172,flat circuit,,1.531193,"[2.046333, 1.60057, 1.531193, 1.511562, 1.504921]",w_state,37781,747,3b4c2a33880d1adbb09478b58d87fcf116bd6c1c3781a0aa07078ff14e906f7c,40342,numeric,308,117,46,171,191,0,"{""rz"": 191, ""sx"": 117, ""cx"": 46, ""measure"": 24}",core,1.476633,"[1.69833, 1.496202, 1.437129, 1.476633, 1.469993]",121.6484375,24,101,exported,5.214848,"[5.849188, 5.255297, 5.196768, 5.214848, 5.188624]",ibm_sxz_cx,46,"{""kind"": ""native_contract_only"", ""passed"": true, ""errors"": [], ""checked_instructions"": 378, ""bindings"": 1, ""semantic_equivalence"": ""not checked at large width""}"
pr2578,core_w_state_24,static: each control-flow region counted once,254,flat circuit,,1.8459,"[2.375167, 1.886379, 1.8459, 1.803931, 1.792075]",w_state,37781,747,3b4c2a33880d1adbb09478b58d87fcf116bd6c1c3781a0aa07078ff14e906f7c,46882,numeric,419,173,46,253,246,0,"{""rz"": 246, ""sx"": 166, ""cz"": 46, ""x"": 7, ""measure"": 24}",core,1.453145,"[1.67353, 1.461946, 1.446137, 1.449113, 1.453145]",121.7265625,24,110,exported,5.504995,"[6.086694, 5.540339, 5.504995, 5.482547, 5.464674]",ibm_sxz_cz,46,"{""kind"": ""native_contract_only"", ""passed"": true, ""errors"": [], ""checked_instructions"": 489, ""bindings"": 1, ""semantic_equivalence"": ""not checked at large width""}"
pr2578,core_w_state_24,static: each control-flow region counted once,143,flat circuit,,2.5492,"[3.10218, 2.55584, 2.5492, 2.467663, 2.457999]",w_state,37781,747,3b4c2a33880d1adbb09478b58d87fcf116bd6c1c3781a0aa07078ff14e906f7c,33987,numeric,277,93,46,142,184,0,"{""gpi"": 1, ""gpi2"": 92, ""rz"": 184, ""rzz"": 46, ""measure"": 24}",core,1.485353,"[1.692506, 1.485353, 1.489242, 1.483145, 1.457641]",122.625,24,100,exported,5.485347,"[5.603059, 5.485347, 5.516179, 5.461138, 5.466034]",ionq_fixed_r_zz,46,"{""kind"": ""native_contract_only"", ""passed"": true, ""errors"": [], ""checked_instructions"": 347, ""bindings"": 1, ""semantic_equivalence"": ""not checked at large width""}"
pr2578,core_w_state_24,static: each control-flow region counted once,93,flat circuit,,1.113127,"[1.606506, 1.189863, 1.113127, 1.094039, 1.105143]",w_state,37781,747,3b4c2a33880d1adbb09478b58d87fcf116bd6c1c3781a0aa07078ff14e906f7c,32563,numeric,113,113,46,92,0,0,"{""r"": 113, ""cz"": 46, ""measure"": 24}",core,1.482489,"[1.675067, 1.482489, 1.486441, 1.47393, 1.457225]",119.41796875,24,136,exported,6.334584,"[7.384254, 6.374136, 6.334584, 6.309463, 6.323335]",iqm_r_cz,46,"{""kind"": ""native_contract_only"", ""passed"": true, ""errors"": [], ""checked_instructions"": 183, ""bindings"": 1, ""semantic_equivalence"": ""not checked at large width""}"
pr2578,core_w_state_24,static: each control-flow region counted once,249,flat circuit,,2.859089,"[3.540086, 2.927746, 2.852962, 2.812274, 2.859089]",w_state,37781,747,3b4c2a33880d1adbb09478b58d87fcf116bd6c1c3781a0aa07078ff14e906f7c,48664,numeric,418,173,46,248,245,0,"{""rz"": 245, ""rxpi2"": 164, ""cz"": 46, ""rxpi"": 9, ""measure"": 24}",core,1.491738,"[1.696123, 1.500553, 1.491738, 1.483913, 1.487193]",121.55078125,24,107,exported,5.734547,"[6.3926, 5.755028, 5.73034, 5.7033, 5.734547]",rigetti_rx_cz,46,"{""kind"": ""native_contract_only"", ""passed"": true, ""errors"": [], ""checked_instructions"": 488, ""bindings"": 1, ""semantic_equivalence"": ""not checked at large width""}"
pr2578,core_w_state_24,static: each control-flow region counted once,143,flat circuit,,1.217224,"[1.675322, 1.287688, 1.215512, 1.200151, 1.217224]",w_state,37781,747,3b4c2a33880d1adbb09478b58d87fcf116bd6c1c3781a0aa07078ff14e906f7c,29174,numeric,210,93,46,142,117,0,"{""rz"": 117, ""rx"": 93, ""rzz"": 46, ""measure"": 24}",core,1.478682,"[1.681834, 1.47425, 1.558249, 1.460889, 1.478682]",121.09765625,24,99,exported,5.013455,"[5.1244, 5.059312, 5.013455, 5.004191, 5.000719]",rxrz_rzz_unbounded,46,"{""kind"": ""native_contract_only"", ""passed"": true, ""errors"": [], ""checked_instructions"": 280, ""bindings"": 1, ""semantic_equivalence"": ""not checked at large width""}"
pr2578,core_w_state_36,static: each control-flow region counted once,214,flat circuit,,1.531002,"[2.071437, 1.58473, 1.531002, 1.50929, 1.511658]",w_state,57328,1131,e15637b9748ca47a7cf4430263c22060205043cf61a808a3e4b8fef70d4e3d3d,42315,numeric,316,141,70,213,175,0,"{""rx"": 141, ""rz"": 175, ""rzz"": 70, ""measure"": 36}",core,1.965549,"[2.159965, 1.925405, 1.965549, 1.902108, 2.706433]",121.8828125,36,104,exported,8.372854,"[8.466071, 8.379398, 8.344357, 8.348982, 8.372854]",ibm_fractional_bounded,70,"{""kind"": ""native_contract_only"", ""passed"": true, ""errors"": [], ""checked_instructions"": 422, ""bindings"": 1, ""semantic_equivalence"": ""not checked at large width""}"
pr2578,core_w_state_36,static: each control-flow region counted once,258,flat circuit,,2.316495,"[2.923491, 2.393775, 2.316495, 2.291199, 2.290847]",w_state,57328,1131,e15637b9748ca47a7cf4430263c22060205043cf61a808a3e4b8fef70d4e3d3d,60159,numeric,466,177,70,257,289,0,"{""rz"": 289, ""sx"": 177, ""cx"": 70, ""measure"": 36}",core,1.939677,"[2.19579, 1.939677, 1.879852, 1.912876, 2.339535]",122.24609375,36,142,exported,8.157605,"[8.274773, 8.157605, 8.188613, 8.140628, 8.146644]",ibm_sxz_cx,70,"{""kind"": ""native_contract_only"", ""passed"": true, ""errors"": [], ""checked_instructions"": 572, ""bindings"": 1, ""semantic_equivalence"": ""not checked at large width""}"
pr2578,core_w_state_36,static: each control-flow region counted once,383,flat circuit,,2.752194,"[3.422326, 2.826178, 2.752194, 2.721665, 2.730258]",w_state,57328,1131,e15637b9748ca47a7cf4430263c22060205043cf61a808a3e4b8fef70d4e3d3d,70256,numeric,638,264,70,382,374,0,"{""rz"": 374, ""sx"": 252, ""cz"": 70, ""x"": 12, ""measure"": 36}",core,1.984589,"[2.119869, 1.984589, 1.872908, 1.894684, 2.698946]",121.828125,36,153,exported,8.382725,"[8.446342, 8.382725, 8.38647, 8.379606, 8.363237]",ibm_sxz_cz,70,"{""kind"": ""native_contract_only"", ""passed"": true, ""errors"": [], ""checked_instructions"": 744, ""bindings"": 1, ""semantic_equivalence"": ""not checked at large width""}"
pr2578,core_w_state_36,static: each control-flow region counted once,215,flat circuit,,3.730504,"[4.293531, 3.834649, 3.716728, 3.730504, 3.722392]",w_state,57328,1131,e15637b9748ca47a7cf4430263c22060205043cf61a808a3e4b8fef70d4e3d3d,50908,numeric,421,141,70,214,280,0,"{""gpi"": 1, ""gpi2"": 140, ""rz"": 280, ""rzz"": 70, ""measure"": 36}",core,1.913437,"[2.140878, 1.913437, 1.869228, 1.906108, 1.990493]",125.53515625,36,148,exported,8.37255,"[8.490838, 8.400086, 8.35311, 8.37255, 8.347078]",ionq_fixed_r_zz,70,"{""kind"": ""native_contract_only"", ""passed"": true, ""errors"": [], ""checked_instructions"": 527, ""bindings"": 1, ""semantic_equivalence"": ""not checked at large width""}"
pr2578,core_w_state_36,static: each control-flow region counted once,141,flat circuit,,1.669979,"[2.228174, 1.745195, 1.669979, 1.645515, 1.643114]",w_state,57328,1131,e15637b9748ca47a7cf4430263c22060205043cf61a808a3e4b8fef70d4e3d3d,48451,numeric,173,173,70,140,0,0,"{""r"": 173, ""cz"": 70, ""measure"": 36}",core,1.942877,"[2.130717, 1.942877, 1.897036, 2.272511, 1.914716]",121.375,36,193,exported,9.675742,"[9.776431, 9.675742, 9.683198, 9.638206, 9.619518]",iqm_r_cz,70,"{""kind"": ""native_contract_only"", ""passed"": true, ""errors"": [], ""checked_instructions"": 279, ""bindings"": 1, ""semantic_equivalence"": ""not checked at large width""}"
pr2578,core_w_state_36,static: each control-flow region counted once,377,flat circuit,,4.263164,"[5.042336, 4.299003, 4.263164, 4.191291, 4.159642]",w_state,57328,1131,e15637b9748ca47a7cf4430263c22060205043cf61a808a3e4b8fef70d4e3d3d,72969,numeric,638,262,70,376,376,0,"{""rz"": 376, ""rxpi2"": 248, ""cz"": 70, ""rxpi"": 14, ""measure"": 36}",core,1.911996,"[2.16131, 1.911996, 1.88382, 1.904189, 2.349967]",122.4453125,36,147,exported,8.72884,"[8.835961, 8.745064, 8.6974, 8.72732, 8.72884]",rigetti_rx_cz,70,"{""kind"": ""native_contract_only"", ""passed"": true, ""errors"": [], ""checked_instructions"": 744, ""bindings"": 1, ""semantic_equivalence"": ""not checked at large width""}"
pr2578,core_w_state_36,static: each control-flow region counted once,215,flat circuit,,1.800667,"[2.340911, 1.865628, 1.800667, 1.778956, 1.768331]",w_state,57328,1131,e15637b9748ca47a7cf4430263c22060205043cf61a808a3e4b8fef70d4e3d3d,43667,numeric,318,141,70,214,177,0,"{""rz"": 177, ""rx"": 141, ""rzz"": 70, ""measure"": 36}",core,1.93782,"[2.125214, 1.93782, 1.875836, 1.973661, 1.937117]",121.98828125,36,147,exported,7.676737,"[7.720674, 7.645345, 7.633089, 7.676737, 7.76733]",rxrz_rzz_unbounded,70,"{""kind"": ""native_contract_only"", ""passed"": true, ""errors"": [], ""checked_instructions"": 424, ""bindings"": 1, ""semantic_equivalence"": ""not checked at large width""}"
pr2578,core_w_state_54,static: each control-flow region counted once,322,flat circuit,,2.31251,"[2.920018, 2.410848, 2.31251, 2.281039, 2.277935]",w_state,86648,1707,312de11a6de89c3af0cc49b346efcdcafcc9146b350aefb6507402caf6b59677,63087,numeric,478,213,106,321,265,0,"{""rx"": 213, ""rz"": 265, ""rzz"": 106, ""measure"": 54}",core,2.809218,"[2.809218, 2.63072, 2.911891, 2.636897, 3.192052]",122.5390625,54,151,exported,13.12898,"[13.215124, 13.171187, 13.107299, 13.076227, 13.12898]",ibm_fractional_bounded,106,"{""kind"": ""native_contract_only"", ""passed"": true, ""errors"": [], ""checked_instructions"": 638, ""bindings"": 1, ""semantic_equivalence"": ""not checked at large width""}"
pr2578,core_w_state_54,static: each control-flow region counted once,386,flat circuit,,3.452086,"[4.229851, 3.562087, 3.451606, 3.452086, 3.426886]",w_state,86648,1707,312de11a6de89c3af0cc49b346efcdcafcc9146b350aefb6507402caf6b59677,89967,numeric,702,267,106,385,435,0,"{""rz"": 435, ""sx"": 267, ""cx"": 106, ""measure"": 54}",core,2.809586,"[2.809586, 2.565104, 2.532976, 3.164148, 2.906403]",122.92578125,54,204,exported,12.563008,"[12.65328, 12.563008, 12.574576, 12.535952, 12.53904]",ibm_sxz_cx,106,"{""kind"": ""native_contract_only"", ""passed"": true, ""errors"": [], ""checked_instructions"": 862, ""bindings"": 1, ""semantic_equivalence"": ""not checked at large width""}"
pr2578,core_w_state_54,static: each control-flow region counted once,565,flat circuit,,4.344972,"[5.107441, 4.443452, 4.344972, 4.315531, 4.331308]",w_state,86648,1707,312de11a6de89c3af0cc49b346efcdcafcc9146b350aefb6507402caf6b59677,105122,numeric,959,397,106,564,562,0,"{""rz"": 562, ""sx"": 374, ""cz"": 106, ""x"": 23, ""measure"": 54}",core,2.739601,"[2.786545, 2.657969, 2.531377, 3.326773, 2.739601]",122.9375,54,219,exported,13.029571,"[13.049267, 13.037507, 12.997283, 13.029571, 12.948322]",ibm_sxz_cz,106,"{""kind"": ""native_contract_only"", ""passed"": true, ""errors"": [], ""checked_instructions"": 1119, ""bindings"": 1, ""semantic_equivalence"": ""not checked at large width""}"
pr2578,core_w_state_54,static: each control-flow region counted once,323,flat circuit,,5.826933,"[6.282184, 5.685109, 5.65986, 7.270926, 5.826933]",w_state,86648,1707,312de11a6de89c3af0cc49b346efcdcafcc9146b350aefb6507402caf6b59677,76284,numeric,637,213,106,322,424,0,"{""gpi"": 1, ""gpi2"": 212, ""rz"": 424, ""rzz"": 106, ""measure"": 54}",core,2.667921,"[2.870323, 2.565696, 2.586032, 3.231205, 2.667921]",126.30859375,54,220,exported,13.065395,"[13.164356, 13.065395, 13.061299, 13.061571, 13.094947]",ionq_fixed_r_zz,106,"{""kind"": ""native_contract_only"", ""passed"": true, ""errors"": [], ""checked_instructions"": 797, ""bindings"": 1, ""semantic_equivalence"": ""not checked at large width""}"
pr2578,core_w_state_54,static: each control-flow region counted once,213,flat circuit,,2.51088,"[3.182949, 2.590448, 2.51088, 2.48512, 2.475536]",w_state,86648,1707,312de11a6de89c3af0cc49b346efcdcafcc9146b350aefb6507402caf6b59677,72941,numeric,264,264,106,212,0,0,"{""r"": 264, ""cz"": 106, ""measure"": 54}",core,2.842146,"[2.842146, 2.589744, 2.510128, 3.216917, 2.906354]",122.48828125,54,286,exported,14.958703,"[15.074049, 14.981887, 14.958703, 14.95608, 14.944783]",iqm_r_cz,106,"{""kind"": ""native_contract_only"", ""passed"": true, ""errors"": [], ""checked_instructions"": 424, ""bindings"": 1, ""semantic_equivalence"": ""not checked at large width""}"
pr2578,core_w_state_54,static: each control-flow region counted once,559,flat circuit,,6.540778,"[7.250974, 6.540778, 6.388537, 6.391209, 7.969106]",w_state,86648,1707,312de11a6de89c3af0cc49b346efcdcafcc9146b350aefb6507402caf6b59677,109283,numeric,959,395,106,558,564,0,"{""rz"": 564, ""rxpi2"": 370, ""cz"": 106, ""rxpi"": 25, ""measure"": 54}",core,2.77437,"[2.77437, 2.602688, 2.906979, 2.617025, 3.1353]",123.41015625,54,214,exported,13.645014,"[13.702167, 13.691015, 13.645014, 13.636327, 13.594791]",rigetti_rx_cz,106,"{""kind"": ""native_contract_only"", ""passed"": true, ""errors"": [], ""checked_instructions"": 1119, ""bindings"": 1, ""semantic_equivalence"": ""not checked at large width""}"
pr2578,core_w_state_54,static: each control-flow region counted once,323,flat circuit,,2.902546,"[3.464518, 3.010276, 2.902546, 2.807458, 2.79349]",w_state,86648,1707,312de11a6de89c3af0cc49b346efcdcafcc9146b350aefb6507402caf6b59677,65353,numeric,480,213,106,322,267,0,"{""rz"": 267, ""rx"": 213, ""rzz"": 106, ""measure"": 54}",core,2.682049,"[2.805025, 2.565025, 2.555408, 2.682049, 3.007251]",122.6796875,54,218,exported,12.006604,"[12.117341, 12.010413, 12.006604, 11.974124, 11.975117]",rxrz_rzz_unbounded,106,"{""kind"": ""native_contract_only"", ""passed"": true, ""errors"": [], ""checked_instructions"": 640, ""bindings"": 1, ""semantic_equivalence"": ""not checked at large width""}"
pr2578,efficient_su2_104_numeric,static: each control-flow region counted once,941,flat circuit,,8.091891,"[9.218778, 8.28914, 8.071843, 8.028451, 8.091891]",efficient_su2,449245,8531,f70c3fa2f7a2840dbac6bade7658c722973b4c3cee4f7d65e9c3865881e5d7b7,225108,numeric,1773,728,312,941,1045,0,"{""rz"": 1045, ""rx"": 728, ""rzz"": 312}",synthetic,11.637769,"[12.363982, 11.315495, 11.38556, 11.637769, 11.722266]",133.5703125,104,1151,exported,76.22376,"[76.473458, 76.22376, 76.170624, 76.17648, 76.399666]",ibm_fractional_bounded,312,"{""kind"": ""native_contract_only"", ""passed"": true, ""errors"": [], ""checked_instructions"": 2085, ""bindings"": 1, ""semantic_equivalence"": ""not checked at large width""}"
pr2578,efficient_su2_104_numeric,static: each control-flow region counted once,328,flat circuit,,8.801816,"[10.067583, 8.918104, 8.801816, 8.773703, 8.763063]",efficient_su2,449245,8531,f70c3fa2f7a2840dbac6bade7658c722973b4c3cee4f7d65e9c3865881e5d7b7,232595,numeric,1664,832,312,328,832,0,"{""sx"": 832, ""rz"": 832, ""cx"": 312}",synthetic,11.699065,"[11.809242, 11.954316, 11.40196, 11.699065, 11.674186]",127.234375,104,834,exported,70.029082,"[70.096186, 70.029082, 70.004794, 69.986297, 70.108314]",ibm_sxz_cx,312,"{""kind"": ""native_contract_only"", ""passed"": true, ""errors"": [], ""checked_instructions"": 1976, ""bindings"": 1, ""semantic_equivalence"": ""not checked at large width""}"
pr2578,efficient_su2_104_numeric,static: each control-flow region counted once,1256,flat circuit,,13.098466,"[14.516027, 13.341829, 13.098466, 13.086739, 13.061986]",efficient_su2,449245,8531,f70c3fa2f7a2840dbac6bade7658c722973b4c3cee4f7d65e9c3865881e5d7b7,323523,numeric,2909,1144,312,1256,1765,0,"{""rz"": 1765, ""sx"": 1144, ""cz"": 312}",synthetic,11.592313,"[12.30443, 11.325751, 11.341144, 11.663577, 11.592313]",135.7578125,104,1145,exported,77.949147,"[77.949147, 77.851259, 78.003564, 78.12846, 77.863787]",ibm_sxz_cz,312,"{""kind"": ""native_contract_only"", ""passed"": true, ""errors"": [], ""checked_instructions"": 3221, ""bindings"": 1, ""semantic_equivalence"": ""not checked at large width""}"
pr2578,efficient_su2_104_numeric,static: each control-flow region counted once,940,flat circuit,,8.081747,"[9.217018, 8.320005, 8.073187, 8.026082, 8.081747]",efficient_su2,449245,8531,f70c3fa2f7a2840dbac6bade7658c722973b4c3cee4f7d65e9c3865881e5d7b7,224230,numeric,1767,728,312,940,1039,0,"{""rz"": 1039, ""rx"": 728, ""rzz"": 312}",synthetic,11.668441,"[11.895883, 12.01998, 11.534824, 11.668441, 11.623513]",134.015625,104,1147,exported,73.974035,"[74.042627, 73.923186, 73.928003, 74.040099, 73.974035]",rxrz_rzz_unbounded,312,"{""kind"": ""native_contract_only"", ""passed"": true, ""errors"": [], ""checked_instructions"": 2079, ""bindings"": 1, ""semantic_equivalence"": ""not checked at large width""}"
pr2578,efficient_su2_104_symbolic,static: each control-flow region counted once,948,flat circuit,,28.44714,"[28.808422, 28.517443, 28.44714, 28.391763, 28.391427]",efficient_su2,599201,8531,7f2e35e607b1814db1433865b327f27864338189850c2512d1b4d41a07c30d18,579745,symbolic,3111,1349,312,948,1762,0,"{""rz"": 1762, ""rx"": 1349, ""rzz"": 312}",synthetic,13.469749,"[14.031225, 13.140083, 13.43282, 13.499189, 13.469749]",152.21875,104,3662,exported,86.209695,"[85.930637, 86.437537, 86.335936, 86.13339, 86.209695]",ibm_fractional_bounded,312,"{""kind"": ""native_contract_only"", ""passed"": true, ""errors"": [], ""checked_instructions"": 10269, ""bindings"": 3, ""semantic_equivalence"": ""not checked at large width""}"
pr2578,efficient_su2_104_symbolic,static: each control-flow region counted once,328,flat circuit,,24.432394,"[24.915277, 24.449195, 24.432394, 24.211288, 24.205353]",efficient_su2,599201,8531,7f2e35e607b1814db1433865b327f27864338189850c2512d1b4d41a07c30d18,545657,symbolic,1664,832,312,328,832,0,"{""sx"": 832, ""rz"": 832, ""cx"": 312}",synthetic,13.535413,"[14.351499, 13.157939, 13.535413, 13.486277, 13.64295]",142.76953125,104,4164,exported,76.400545,"[75.748285, 76.223313, 76.504306, 76.400545, 76.453762]",ibm_sxz_cx,312,"{""kind"": ""native_contract_only"", ""passed"": true, ""errors"": [], ""checked_instructions"": 5928, ""bindings"": 3, ""semantic_equivalence"": ""not checked at large width""}"
pr2578,efficient_su2_104_symbolic,static: each control-flow region counted once,1257,flat circuit,,30.917667,"[30.968851, 30.917667, 31.029364, 30.641441, 30.856866]",efficient_su2,599201,8531,7f2e35e607b1814db1433865b327f27864338189850c2512d1b4d41a07c30d18,647589,symbolic,3218,1453,312,1257,1765,0,"{""sx"": 1453, ""rz"": 1765, ""cz"": 312}",synthetic,13.423765,"[13.557477, 13.087842, 13.366084, 13.568805, 13.423765]",154.734375,104,4491,exported,83.811521,"[83.432558, 83.811521, 83.766352, 84.028738, 83.936337]",ibm_sxz_cz,312,"{""kind"": ""native_contract_only"", ""passed"": true, ""errors"": [], ""checked_instructions"": 10590, ""bindings"": 3, ""semantic_equivalence"": ""not checked at large width""}"
pr2578,efficient_su2_104_symbolic,static: each control-flow region counted once,942,flat circuit,,26.149525,"[26.842121, 26.824074, 26.131604, 26.149525, 26.022212]",efficient_su2,599201,8531,7f2e35e607b1814db1433865b327f27864338189850c2512d1b4d41a07c30d18,541299,symbolic,2487,1037,312,942,1450,0,"{""rz"": 1450, ""rx"": 1037, ""rzz"": 312}",synthetic,13.441588,"[14.196489, 13.111811, 13.39034, 13.553206, 13.441588]",150.74609375,104,3646,exported,82.422008,"[82.348103, 82.571208, 82.394391, 82.422008, 82.56324]",rxrz_rzz_unbounded,312,"{""kind"": ""native_contract_only"", ""passed"": true, ""errors"": [], ""checked_instructions"": 8397, ""bindings"": 3, ""semantic_equivalence"": ""not checked at large width""}"
pr2578,efficient_su2_156_numeric,static: each control-flow region counted once,1407,flat circuit,,12.913377,"[14.032552, 13.098803, 12.772112, 12.842497, 12.913377]",efficient_su2,677619,12795,3de28cf9a65281c593df22b95f69c1ee82288cc0af9a4dda3d7fa28c1d6b11ef,339027,numeric,2656,1092,468,1407,1564,0,"{""rz"": 1564, ""rx"": 1092, ""rzz"": 468}",synthetic,18.18325,"[17.218908, 18.43594, 18.352611, 18.18325, 18.14189]",137.8359375,156,1723,exported,134.774847,"[135.787973, 135.829957, 134.774847, 134.500541, 134.708478]",ibm_fractional_bounded,468,"{""kind"": ""native_contract_only"", ""passed"": true, ""errors"": [], ""checked_instructions"": 3124, ""bindings"": 1, ""semantic_equivalence"": ""not checked at large width""}"
pr2578,efficient_su2_156_numeric,static: each control-flow region counted once,484,flat circuit,,14.268794,"[15.469793, 14.428667, 14.210425, 14.234841, 14.268794]",efficient_su2,677619,12795,3de28cf9a65281c593df22b95f69c1ee82288cc0af9a4dda3d7fa28c1d6b11ef,350595,numeric,2496,1248,468,484,1248,0,"{""sx"": 1248, ""rz"": 1248, ""cx"": 468}",synthetic,17.720223,"[17.198748, 17.328301, 17.720223, 17.990258, 18.127681]",136.6015625,156,1249,exported,125.380132,"[124.957329, 125.586101, 125.380132, 125.462901, 125.322179]",ibm_sxz_cx,468,"{""kind"": ""native_contract_only"", ""passed"": true, ""errors"": [], ""checked_instructions"": 2964, ""bindings"": 1, ""semantic_equivalence"": ""not checked at large width""}"
pr2578,efficient_su2_156_numeric,static: each control-flow region counted once,1881,flat circuit,,21.385606,"[22.669455, 21.653768, 21.38143, 21.385606, 21.23599]",efficient_su2,677619,12795,3de28cf9a65281c593df22b95f69c1ee82288cc0af9a4dda3d7fa28c1d6b11ef,487305,numeric,4366,1716,468,1881,2650,0,"{""rz"": 2650, ""sx"": 1716, ""cz"": 468}",synthetic,17.847536,"[17.847536, 17.480702, 17.641055, 17.975505, 18.095649]",140.8984375,156,1718,exported,138.539927,"[137.914083, 139.22646, 138.607768, 138.539927, 138.252565]",ibm_sxz_cz,468,"{""kind"": ""native_contract_only"", ""passed"": true, ""errors"": [], ""checked_instructions"": 4834, ""bindings"": 1, ""semantic_equivalence"": ""not checked at large width""}"
pr2578,efficient_su2_156_numeric,static: each control-flow region counted once,1407,flat circuit,,12.826305,"[13.821095, 12.889473, 12.645247, 12.722144, 12.826305]",efficient_su2,677619,12795,3de28cf9a65281c593df22b95f69c1ee82288cc0af9a4dda3d7fa28c1d6b11ef,338040,numeric,2650,1092,468,1407,1558,0,"{""rz"": 1558, ""rx"": 1092, ""rzz"": 468}",synthetic,17.609647,"[17.479918, 17.285405, 17.609647, 17.968753, 17.968753]",137.1875,156,1718,exported,130.901127,"[131.035639, 131.025863, 130.685637, 130.901127, 130.897831]",rxrz_rzz_unbounded,468,"{""kind"": ""native_contract_only"", ""passed"": true, ""errors"": [], ""checked_instructions"": 3118, ""bindings"": 1, ""semantic_equivalence"": ""not checked at large width""}"
pr2578,efficient_su2_156_symbolic,static: each control-flow region counted once,1416,flat circuit,,44.158421,"[45.248829, 44.158421, 44.791129, 43.874932, 44.093269]",efficient_su2,905901,12795,e48e9e32a3eecd63bcfa23ae967012d415c08bf360c336f9f6e4625736f52e72,873214,symbolic,4671,2025,468,1416,2646,0,"{""rz"": 2646, ""rx"": 2025, ""rzz"": 468}",synthetic,20.381888,"[19.74318, 19.925629, 20.381888, 20.534257, 20.600354]",174.30078125,156,5482,exported,150.279856,"[149.923838, 150.238736, 150.568706, 150.697826, 150.279856]",ibm_fractional_bounded,468,"{""kind"": ""native_contract_only"", ""passed"": true, ""errors"": [], ""checked_instructions"": 15417, ""bindings"": 3, ""semantic_equivalence"": ""not checked at large width""}"
pr2578,efficient_su2_156_symbolic,static: each control-flow region counted once,484,flat circuit,,37.862782,"[38.781043, 37.647965, 37.862782, 37.706461, 37.873854]",efficient_su2,905901,12795,e48e9e32a3eecd63bcfa23ae967012d415c08bf360c336f9f6e4625736f52e72,822665,symbolic,2496,1248,468,484,1248,0,"{""sx"": 1248, ""rz"": 1248, ""cx"": 468}",synthetic,20.529761,"[19.78254, 20.114815, 20.529761, 22.418396, 21.264885]",165.05078125,156,6244,exported,135.883094,"[133.92745, 135.631332, 135.883094, 136.150776, 136.304168]",ibm_sxz_cx,468,"{""kind"": ""native_contract_only"", ""passed"": true, ""errors"": [], ""checked_instructions"": 8892, ""bindings"": 3, ""semantic_equivalence"": ""not checked at large width""}"
pr2578,efficient_su2_156_symbolic,static: each control-flow region counted once,1881,flat circuit,,48.475585,"[49.791417, 48.475585, 48.181086, 49.378327, 48.392416]",efficient_su2,905901,12795,e48e9e32a3eecd63bcfa23ae967012d415c08bf360c336f9f6e4625736f52e72,979749,symbolic,4830,2181,468,1881,2649,0,"{""sx"": 2181, ""rz"": 2649, ""cz"": 468}",synthetic,20.426545,"[19.814189, 19.78326, 20.426545, 20.441168, 20.477569]",176.20703125,156,6727,exported,147.197469,"[146.12511, 147.107245, 147.688384, 147.197469, 147.769072]",ibm_sxz_cz,468,"{""kind"": ""native_contract_only"", ""passed"": true, ""errors"": [], ""checked_instructions"": 15894, ""bindings"": 3, ""semantic_equivalence"": ""not checked at large width""}"
pr2578,efficient_su2_156_symbolic,static: each control-flow region counted once,1410,flat circuit,,40.81336,"[41.556358, 40.719647, 41.247155, 40.747824, 40.81336]",efficient_su2,905901,12795,e48e9e32a3eecd63bcfa23ae967012d415c08bf360c336f9f6e4625736f52e72,815527,symbolic,3735,1557,468,1410,2178,0,"{""rz"": 2178, ""rx"": 1557, ""rzz"": 468}",synthetic,20.461472,"[20.756451, 20.00771, 20.35608, 20.461472, 20.547025]",168.40625,156,5467,exported,145.155584,"[144.5939, 145.155584, 145.239136, 144.359707, 145.46989]",rxrz_rzz_unbounded,468,"{""kind"": ""native_contract_only"", ""passed"": true, ""errors"": [], ""checked_instructions"": 12609, ""bindings"": 3, ""semantic_equivalence"": ""not checked at large width""}"
pr2578,efficient_su2_24_numeric,static: each control-flow region counted once,219,flat circuit,,1.772715,"[2.308975, 1.822188, 1.772715, 1.746267, 1.732364]",efficient_su2,100361,1971,e7b3f3bd599a6b09090b9f373108ed3d8800b4cf35da0d0d14eb6220309d90f8,51584,numeric,406,168,72,219,238,0,"{""rz"": 238, ""rx"": 168, ""rzz"": 72}",synthetic,3.025316,"[3.157205, 2.887506, 2.966931, 3.025316, 3.696088]",121.515625,24,265,exported,12.797858,"[12.850019, 12.784162, 12.804066, 12.797858, 12.77469]",ibm_fractional_bounded,72,"{""kind"": ""native_contract_only"", ""passed"": true, ""errors"": [], ""checked_instructions"": 478, ""bindings"": 1, ""semantic_equivalence"": ""not checked at large width""}"
pr2578,efficient_su2_24_numeric,static: each control-flow region counted once,88,flat circuit,,1.888044,"[2.501601, 1.94678, 1.888044, 1.852076, 1.863532]",efficient_su2,100361,1971,e7b3f3bd599a6b09090b9f373108ed3d8800b4cf35da0d0d14eb6220309d90f8,53549,numeric,384,192,72,88,192,0,"{""sx"": 192, ""rz"": 192, ""cx"": 72}",synthetic,3.034451,"[3.216165, 2.998532, 3.322181, 3.032164, 3.034451]",121.46484375,24,194,exported,11.412361,"[11.482986, 11.42457, 11.408969, 11.383433, 11.412361]",ibm_sxz_cx,72,"{""kind"": ""native_contract_only"", ""passed"": true, ""errors"": [], ""checked_instructions"": 456, ""bindings"": 1, ""semantic_equivalence"": ""not checked at large width""}"
pr2578,efficient_su2_24_numeric,static: each control-flow region counted once,296,flat circuit,,2.751202,"[3.42615, 2.841442, 2.751202, 2.744209, 2.725186]",efficient_su2,100361,1971,e7b3f3bd599a6b09090b9f373108ed3d8800b4cf35da0d0d14eb6220309d90f8,73557,numeric,669,264,72,296,405,0,"{""rz"": 405, ""sx"": 264, ""cz"": 72}",synthetic,3.024739,"[3.16114, 2.906067, 3.024739, 3.021556, 3.747272]",122.0625,24,265,exported,13.084516,"[13.20815, 13.309878, 13.084516, 13.051124, 13.081973]",ibm_sxz_cz,72,"{""kind"": ""native_contract_only"", ""passed"": true, ""errors"": [], ""checked_instructions"": 741, ""bindings"": 1, ""semantic_equivalence"": ""not checked at large width""}"
pr2578,efficient_su2_24_numeric,static: each control-flow region counted once,299,flat circuit,,5.633924,"[6.095783, 5.61474, 7.019934, 5.633924, 5.508067]",efficient_su2,100361,1971,e7b3f3bd599a6b09090b9f373108ed3d8800b4cf35da0d0d14eb6220309d90f8,71016,numeric,695,264,72,299,431,0,"{""rz"": 431, ""gpi2"": 264, ""rzz"": 72}",synthetic,3.238917,"[3.238917, 2.927154, 3.268838, 3.562967, 2.999059]",126.51171875,24,269,exported,13.903465,"[14.004938, 13.898906, 13.903465, 13.933418, 13.896842]",ionq_fixed_r_zz,72,"{""kind"": ""native_contract_only"", ""passed"": true, ""errors"": [], ""checked_instructions"": 767, ""bindings"": 1, ""semantic_equivalence"": ""not checked at large width""}"
pr2578,efficient_su2_24_numeric,static: each control-flow region counted once,146,flat circuit,,1.605082,"[2.148318, 1.660139, 1.605082, 1.591562, 1.591211]",efficient_su2,100361,1971,e7b3f3bd599a6b09090b9f373108ed3d8800b4cf35da0d0d14eb6220309d90f8,50157,numeric,192,192,72,146,0,0,"{""r"": 192, ""cz"": 72}",synthetic,3.171972,"[3.171972, 2.877443, 2.992403, 3.366022, 3.545623]",121.44921875,24,280,exported,12.447488,"[12.545729, 12.4844, 12.447488, 12.410832, 12.423008]",iqm_r_cz,72,"{""kind"": ""native_contract_only"", ""passed"": true, ""errors"": [], ""checked_instructions"": 264, ""bindings"": 1, ""semantic_equivalence"": ""not checked at large width""}"
pr2578,efficient_su2_24_numeric,static: each control-flow region counted once,296,flat circuit,,4.273387,"[5.123873, 4.328684, 4.273387, 4.201468, 4.198283]",efficient_su2,100361,1971,e7b3f3bd599a6b09090b9f373108ed3d8800b4cf35da0d0d14eb6220309d90f8,76378,numeric,669,264,72,296,405,0,"{""rz"": 405, ""rxpi2"": 264, ""cz"": 72}",synthetic,3.02514,"[3.163236, 2.950067, 3.001203, 3.02514, 3.346886]",123.18359375,24,265,exported,13.668952,"[13.719128, 13.674216, 13.64924, 13.668952, 13.64844]",rigetti_rx_cz,72,"{""kind"": ""native_contract_only"", ""passed"": true, ""errors"": [], ""checked_instructions"": 741, ""bindings"": 1, ""semantic_equivalence"": ""not checked at large width""}"
pr2578,efficient_su2_24_numeric,static: each control-flow region counted once,219,flat circuit,,1.741147,"[2.326463, 1.805772, 1.741147, 1.735947, 1.723035]",efficient_su2,100361,1971,e7b3f3bd599a6b09090b9f373108ed3d8800b4cf35da0d0d14eb6220309d90f8,51369,numeric,406,168,72,219,238,0,"{""rz"": 238, ""rx"": 168, ""rzz"": 72}",synthetic,3.184213,"[3.184213, 2.949795, 3.301605, 3.399206, 3.010803]",122.078125,24,266,exported,12.277583,"[12.387087, 12.250575, 12.336303, 12.23235, 12.277583]",rxrz_rzz_unbounded,72,"{""kind"": ""native_contract_only"", ""passed"": true, ""errors"": [], ""checked_instructions"": 478, ""bindings"": 1, ""semantic_equivalence"": ""not checked at large width""}"
pr2578,efficient_su2_24_symbolic,static: each control-flow region counted once,228,flat circuit,,5.832981,"[6.764444, 6.217128, 5.832981, 5.793558, 5.769669]",efficient_su2,135018,1971,b25357c03cad38d490a854447dafef57f5b1cf14f81c88fb7605d1b1e9891255,132926,symbolic,711,309,72,228,402,0,"{""rz"": 402, ""rx"": 309, ""rzz"": 72}",synthetic,3.443766,"[3.568887, 3.278357, 3.344198, 3.443766, 3.745192]",126.4921875,24,862,exported,14.680655,"[14.777167, 14.728383, 14.664542, 14.680655, 14.665487]",ibm_fractional_bounded,72,"{""kind"": ""native_contract_only"", ""passed"": true, ""errors"": [], ""checked_instructions"": 2349, ""bindings"": 3, ""semantic_equivalence"": ""not checked at large width""}"
pr2578,efficient_su2_24_symbolic,static: each control-flow region counted once,88,flat circuit,,4.994176,"[5.749221, 5.106545, 4.919824, 4.994176, 4.9144]",efficient_su2,135018,1971,b25357c03cad38d490a854447dafef57f5b1cf14f81c88fb7605d1b1e9891255,124680,symbolic,384,192,72,88,192,0,"{""sx"": 192, ""rz"": 192, ""cx"": 72}",synthetic,3.499831,"[3.647831, 3.290085, 4.008058, 3.499831, 3.400102]",126.06640625,24,964,exported,12.607473,"[12.67549, 12.607473, 12.538656, 12.540401, 12.640065]",ibm_sxz_cx,72,"{""kind"": ""native_contract_only"", ""passed"": true, ""errors"": [], ""checked_instructions"": 1368, ""bindings"": 3, ""semantic_equivalence"": ""not checked at large width""}"
pr2578,efficient_su2_24_symbolic,static: each control-flow region counted once,297,flat circuit,,6.20084,"[7.181934, 6.495354, 6.1622, 6.20084, 6.19988]",efficient_su2,135018,1971,b25357c03cad38d490a854447dafef57f5b1cf14f81c88fb7605d1b1e9891255,148452,symbolic,738,333,72,297,405,0,"{""sx"": 333, ""rz"": 405, ""cz"": 72}",synthetic,3.607735,"[3.607735, 3.283798, 3.394806, 3.782968, 3.954377]",126.265625,24,1051,exported,14.143787,"[14.212572, 14.167403, 14.133611, 14.124475, 14.143787]",ibm_sxz_cz,72,"{""kind"": ""native_contract_only"", ""passed"": true, ""errors"": [], ""checked_instructions"": 2430, ""bindings"": 3, ""semantic_equivalence"": ""not checked at large width""}"
pr2578,efficient_su2_24_symbolic,static: each control-flow region counted once,300,flat circuit,,10.432083,"[10.952807, 12.05739, 10.432083, 10.210418, 10.336002]",efficient_su2,135018,1971,b25357c03cad38d490a854447dafef57f5b1cf14f81c88fb7605d1b1e9891255,148449,symbolic,810,333,72,300,477,0,"{""gpi2"": 333, ""rz"": 477, ""rzz"": 72}",synthetic,3.566999,"[3.566999, 3.325333, 3.328405, 3.744681, 3.960985]",134.80078125,24,1053,exported,14.798479,"[14.874544, 14.806847, 14.798479, 14.775695, 14.737759]",ionq_fixed_r_zz,72,"{""kind"": ""native_contract_only"", ""passed"": true, ""errors"": [], ""checked_instructions"": 2646, ""bindings"": 3, ""semantic_equivalence"": ""not checked at large width""}"
pr2578,efficient_su2_24_symbolic,static: each control-flow region counted once,150,flat circuit,,5.470084,"[6.21796, 5.588308, 5.470084, 5.368994, 5.374547]",efficient_su2,135018,1971,b25357c03cad38d490a854447dafef57f5b1cf14f81c88fb7605d1b1e9891255,114594,symbolic,264,264,72,150,0,0,"{""r"": 264, ""cz"": 72}",synthetic,3.629943,"[3.629943, 3.33223, 3.959913, 3.687208, 3.395382]",125.34375,24,799,exported,11.868413,"[11.886637, 11.828972, 11.868413, 11.872541, 11.86398]",iqm_r_cz,72,"{""kind"": ""native_contract_only"", ""passed"": true, ""errors"": [], ""checked_instructions"": 1008, ""bindings"": 3, ""semantic_equivalence"": ""not checked at large width""}"
pr2578,efficient_su2_24_symbolic,static: each control-flow region counted once,297,flat circuit,,8.134021,"[8.912729, 8.382006, 8.134021, 8.130404, 8.037812]",efficient_su2,135018,1971,b25357c03cad38d490a854447dafef57f5b1cf14f81c88fb7605d1b1e9891255,151485,symbolic,738,333,72,297,405,0,"{""rxpi2"": 333, ""rz"": 405, ""cz"": 72}",synthetic,3.662199,"[3.662199, 3.322453, 3.953609, 3.704536, 3.43919]",127.30078125,24,1050,exported,14.525326,"[14.544462, 14.547086, 14.525326, 14.474493, 14.51299]",rigetti_rx_cz,72,"{""kind"": ""native_contract_only"", ""passed"": true, ""errors"": [], ""checked_instructions"": 2430, ""bindings"": 3, ""semantic_equivalence"": ""not checked at large width""}"
pr2578,efficient_su2_24_symbolic,static: each control-flow region counted once,222,flat circuit,,5.342915,"[6.212359, 5.566467, 5.342915, 5.315234, 5.292098]",efficient_su2,135018,1971,b25357c03cad38d490a854447dafef57f5b1cf14f81c88fb7605d1b1e9891255,123282,symbolic,567,237,72,222,330,0,"{""rz"": 330, ""rx"": 237, ""rzz"": 72}",synthetic,3.520647,"[3.635528, 3.279797, 4.06417, 3.520647, 3.407734]",125.76171875,24,846,exported,14.031771,"[14.059946, 14.044523, 13.98161, 14.031771, 13.960138]",rxrz_rzz_unbounded,72,"{""kind"": ""native_contract_only"", ""passed"": true, ""errors"": [], ""checked_instructions"": 1917, ""bindings"": 3, ""semantic_equivalence"": ""not checked at large width""}"
pr2578,efficient_su2_36_numeric,static: each control-flow region counted once,327,flat circuit,,2.649729,"[3.32199, 2.757121, 2.649729, 2.630449, 2.615457]",efficient_su2,151821,2955,acc3915c88ad2bc8c35f8ebd0e7c5e1e446d4ef097fdec5edf080bf3e7997892,77197,numeric,611,252,108,327,359,0,"{""rz"": 359, ""rx"": 252, ""rzz"": 108}",synthetic,4.261724,"[4.398412, 4.103722, 5.049568, 4.261724, 4.221354]",122.4609375,36,399,exported,20.042416,"[20.180721, 20.019808, 20.044944, 20.006416, 20.042416]",ibm_fractional_bounded,108,"{""kind"": ""native_contract_only"", ""passed"": true, ""errors"": [], ""checked_instructions"": 719, ""bindings"": 1, ""semantic_equivalence"": ""not checked at large width""}"
pr2578,efficient_su2_36_numeric,static: each control-flow region counted once,124,flat circuit,,2.819138,"[3.542695, 2.914658, 2.819138, 2.81501, 2.793266]",efficient_su2,151821,2955,acc3915c88ad2bc8c35f8ebd0e7c5e1e446d4ef097fdec5edf080bf3e7997892,79903,numeric,576,288,108,124,288,0,"{""sx"": 288, ""rz"": 288, ""cx"": 108}",synthetic,4.325275,"[4.325275, 4.149691, 4.548829, 4.72659, 4.212251]",122.19140625,36,290,exported,17.81773,"[17.982467, 17.78949, 17.818658, 17.777138, 17.81773]",ibm_sxz_cx,108,"{""kind"": ""native_contract_only"", ""passed"": true, ""errors"": [], ""checked_instructions"": 684, ""bindings"": 1, ""semantic_equivalence"": ""not checked at large width""}"
pr2578,efficient_su2_36_numeric,static: each control-flow region counted once,440,flat circuit,,4.229515,"[5.067409, 4.328891, 4.229515, 4.199755, 4.185659]",efficient_su2,151821,2955,acc3915c88ad2bc8c35f8ebd0e7c5e1e446d4ef097fdec5edf080bf3e7997892,110369,numeric,1005,396,108,440,609,0,"{""rz"": 609, ""sx"": 396, ""cz"": 108}",synthetic,4.345692,"[4.345692, 4.151114, 4.512444, 4.778751, 4.279659]",123.92578125,36,397,exported,20.62906,"[20.688516, 20.6345, 20.592547, 20.620836, 20.62906]",ibm_sxz_cz,108,"{""kind"": ""native_contract_only"", ""passed"": true, ""errors"": [], ""checked_instructions"": 1113, ""bindings"": 1, ""semantic_equivalence"": ""not checked at large width""}"
pr2578,efficient_su2_36_numeric,static: each control-flow region counted once,443,flat circuit,,8.543175,"[8.850328, 10.030448, 8.543175, 8.299797, 8.325029]",efficient_su2,151821,2955,acc3915c88ad2bc8c35f8ebd0e7c5e1e446d4ef097fdec5edf080bf3e7997892,106275,numeric,1043,396,108,443,647,0,"{""rz"": 647, ""gpi2"": 396, ""rzz"": 108}",synthetic,4.410988,"[4.410988, 4.444845, 4.67899, 4.249867, 4.210891]",131.91015625,36,403,exported,21.66393,"[21.744122, 21.66393, 21.788523, 21.572506, 21.548458]",ionq_fixed_r_zz,108,"{""kind"": ""native_contract_only"", ""passed"": true, ""errors"": [], ""checked_instructions"": 1151, ""bindings"": 1, ""semantic_equivalence"": ""not checked at large width""}"
pr2578,efficient_su2_36_numeric,static: each control-flow region counted once,218,flat circuit,,2.415375,"[3.063076, 2.50112, 2.415375, 2.399328, 2.391967]",efficient_su2,151821,2955,acc3915c88ad2bc8c35f8ebd0e7c5e1e446d4ef097fdec5edf080bf3e7997892,75031,numeric,288,288,108,218,0,0,"{""r"": 288, ""cz"": 108}",synthetic,4.337932,"[4.427788, 4.887055, 4.337932, 4.236731, 4.220587]",122.171875,36,420,exported,19.67971,"[19.760958, 19.700158, 19.626093, 19.665918, 19.67971]",iqm_r_cz,108,"{""kind"": ""native_contract_only"", ""passed"": true, ""errors"": [], ""checked_instructions"": 396, ""bindings"": 1, ""semantic_equivalence"": ""not checked at large width""}"
pr2578,efficient_su2_36_numeric,static: each control-flow region counted once,440,flat circuit,,6.539338,"[7.207054, 6.539338, 6.403353, 6.449993, 7.937954]",efficient_su2,151821,2955,acc3915c88ad2bc8c35f8ebd0e7c5e1e446d4ef097fdec5edf080bf3e7997892,114391,numeric,1005,396,108,440,609,0,"{""rz"": 609, ""rxpi2"": 396, ""cz"": 108}",synthetic,4.410844,"[4.32766, 4.531884, 4.702415, 4.410844, 4.247563]",124.2734375,36,397,exported,21.304632,"[21.304632, 21.247368, 21.31356, 21.318424, 21.192519]",rigetti_rx_cz,108,"{""kind"": ""native_contract_only"", ""passed"": true, ""errors"": [], ""checked_instructions"": 1113, ""bindings"": 1, ""semantic_equivalence"": ""not checked at large width""}"
pr2578,efficient_su2_36_numeric,static: each control-flow region counted once,327,flat circuit,,2.651233,"[3.310358, 2.745025, 2.650737, 2.651233, 2.637377]",efficient_su2,151821,2955,acc3915c88ad2bc8c35f8ebd0e7c5e1e446d4ef097fdec5edf080bf3e7997892,76714,numeric,610,252,108,327,358,0,"{""rz"": 358, ""rx"": 252, ""rzz"": 108}",synthetic,4.500189,"[4.327211, 4.502589, 4.500189, 4.648093, 4.226139]",122.4609375,36,397,exported,19.108026,"[19.261723, 19.131786, 19.108026, 19.086346, 19.055706]",rxrz_rzz_unbounded,108,"{""kind"": ""native_contract_only"", ""passed"": true, ""errors"": [], ""checked_instructions"": 718, ""bindings"": 1, ""semantic_equivalence"": ""not checked at large width""}"
pr2578,efficient_su2_36_symbolic,static: each control-flow region counted once,336,flat circuit,,8.901897,"[10.019344, 9.039593, 8.855881, 8.807704, 8.901897]",efficient_su2,203390,2955,e224064445495958e6dae7291b47e60883b96043ca14043d3945c72ee1d01eb9,199943,symbolic,1071,465,108,336,606,0,"{""rz"": 606, ""rx"": 465, ""rzz"": 108}",synthetic,5.009584,"[5.009584, 5.544948, 5.092032, 4.793535, 4.971839]",130.91015625,36,1282,exported,23.145796,"[23.237172, 23.290069, 23.141779, 23.145796, 23.070275]",ibm_fractional_bounded,108,"{""kind"": ""native_contract_only"", ""passed"": true, ""errors"": [], ""checked_instructions"": 3537, ""bindings"": 3, ""semantic_equivalence"": ""not checked at large width""}"
pr2578,efficient_su2_36_symbolic,static: each control-flow region counted once,124,flat circuit,,7.594368,"[8.457094, 7.700769, 7.538464, 7.482784, 7.594368]",efficient_su2,203390,2955,e224064445495958e6dae7291b47e60883b96043ca14043d3945c72ee1d01eb9,187824,symbolic,576,288,108,124,288,0,"{""sx"": 288, ""rz"": 288, ""cx"": 108}",synthetic,4.978432,"[4.978432, 5.105392, 5.349778, 4.803375, 4.779358]",129.56640625,36,1444,exported,19.745294,"[19.858655, 19.803038, 19.729069, 19.674846, 19.745294]",ibm_sxz_cx,108,"{""kind"": ""native_contract_only"", ""passed"": true, ""errors"": [], ""checked_instructions"": 2052, ""bindings"": 3, ""semantic_equivalence"": ""not checked at large width""}"
pr2578,efficient_su2_36_symbolic,static: each control-flow region counted once,441,flat circuit,,9.73859,"[10.7245, 9.948512, 9.686797, 9.609374, 9.73859]",efficient_su2,203390,2955,e224064445495958e6dae7291b47e60883b96043ca14043d3945c72ee1d01eb9,223320,symbolic,1110,501,108,441,609,0,"{""sx"": 501, ""rz"": 609, ""cz"": 108}",synthetic,5.117489,"[5.346882, 5.117489, 5.126241, 4.76163, 4.814303]",131.3046875,36,1567,exported,22.200189,"[22.329311, 22.200189, 22.145293, 22.218622, 22.192685]",ibm_sxz_cz,108,"{""kind"": ""native_contract_only"", ""passed"": true, ""errors"": [], ""checked_instructions"": 3654, ""bindings"": 3, ""semantic_equivalence"": ""not checked at large width""}"
pr2578,efficient_su2_36_symbolic,static: each control-flow region counted once,444,flat circuit,,15.73818,"[17.963138, 16.156663, 15.54562, 15.73818, 15.460803]",efficient_su2,203390,2955,e224064445495958e6dae7291b47e60883b96043ca14043d3945c72ee1d01eb9,223214,symbolic,1218,501,108,444,717,0,"{""gpi2"": 501, ""rz"": 717, ""rzz"": 108}",synthetic,5.049344,"[5.362546, 5.134625, 5.049344, 4.854223, 4.793566]",142.703125,36,1569,exported,23.134019,"[23.212869, 23.218708, 23.134019, 23.078563, 23.080339]",ionq_fixed_r_zz,108,"{""kind"": ""native_contract_only"", ""passed"": true, ""errors"": [], ""checked_instructions"": 3978, ""bindings"": 3, ""semantic_equivalence"": ""not checked at large width""}"
pr2578,efficient_su2_36_symbolic,static: each control-flow region counted once,222,flat circuit,,8.094756,"[8.927657, 8.370309, 8.084756, 8.054195, 8.094756]",efficient_su2,203390,2955,e224064445495958e6dae7291b47e60883b96043ca14043d3945c72ee1d01eb9,172764,symbolic,396,396,108,222,0,0,"{""r"": 396, ""cz"": 108}",synthetic,5.046528,"[5.046528, 5.070385, 5.283873, 4.759727, 4.806974]",128.94921875,36,1195,exported,18.689095,"[18.82436, 18.700392, 18.684776, 18.676391, 18.689095]",iqm_r_cz,108,"{""kind"": ""native_contract_only"", ""passed"": true, ""errors"": [], ""checked_instructions"": 1512, ""bindings"": 3, ""semantic_equivalence"": ""not checked at large width""}"
pr2578,efficient_su2_36_symbolic,static: each control-flow region counted once,441,flat circuit,,12.884834,"[13.583782, 12.642417, 12.479104, 14.654477, 12.884834]",efficient_su2,203390,2955,e224064445495958e6dae7291b47e60883b96043ca14043d3945c72ee1d01eb9,227697,symbolic,1110,501,108,441,609,0,"{""rxpi2"": 501, ""rz"": 609, ""cz"": 108}",synthetic,4.826415,"[5.372834, 5.419987, 4.826415, 4.79811, 4.788767]",132.0078125,36,1566,exported,22.736401,"[22.806721, 22.777378, 22.68288, 22.718353, 22.736401]",rigetti_rx_cz,108,"{""kind"": ""native_contract_only"", ""passed"": true, ""errors"": [], ""checked_instructions"": 3654, ""bindings"": 3, ""semantic_equivalence"": ""not checked at large width""}"
pr2578,efficient_su2_36_symbolic,static: each control-flow region counted once,330,flat circuit,,8.189989,"[9.294604, 8.391637, 8.165668, 8.182308, 8.189989]",efficient_su2,203390,2955,e224064445495958e6dae7291b47e60883b96043ca14043d3945c72ee1d01eb9,186062,symbolic,855,357,108,330,498,0,"{""rz"": 498, ""rx"": 357, ""rzz"": 108}",synthetic,5.096769,"[5.026096, 5.096769, 5.244097, 5.116721, 4.839727]",129.76953125,36,1267,exported,21.9203,"[22.005724, 21.85774, 21.943291, 21.862491, 21.9203]",rxrz_rzz_unbounded,108,"{""kind"": ""native_contract_only"", ""passed"": true, ""errors"": [], ""checked_instructions"": 2889, ""bindings"": 3, ""semantic_equivalence"": ""not checked at large width""}"
pr2578,efficient_su2_54_numeric,static: each control-flow region counted once,489,flat circuit,,4.06481,"[4.811423, 4.176538, 4.06481, 4.040425, 4.016634]",efficient_su2,229583,4431,2bb4f8982727cfdabebbcaf410ce2f75c7c05f531c3de5962259319ead9beefe,115389,numeric,918,378,162,489,540,0,"{""rz"": 540, ""rx"": 378, ""rzz"": 162}",synthetic,6.152727,"[6.664362, 5.954502, 6.795803, 6.143302, 6.152727]",124.30078125,54,597,exported,32.737326,"[32.865968, 32.737326, 32.69731, 32.740335, 32.696751]",ibm_fractional_bounded,162,"{""kind"": ""native_contract_only"", ""passed"": true, ""errors"": [], ""checked_instructions"": 1080, ""bindings"": 1, ""semantic_equivalence"": ""not checked at large width""}"
pr2578,efficient_su2_54_numeric,static: each control-flow region counted once,178,flat circuit,,4.410972,"[5.198161, 4.512173, 4.410972, 4.376219, 4.40686]",efficient_su2,229583,4431,2bb4f8982727cfdabebbcaf410ce2f75c7c05f531c3de5962259319ead9beefe,119519,numeric,864,432,162,178,432,0,"{""sx"": 432, ""rz"": 432, ""cx"": 162}",synthetic,6.213303,"[6.252536, 6.919659, 6.123351, 6.213303, 6.119735]",124.328125,54,434,exported,29.509051,"[29.53553, 29.401546, 29.425658, 29.586139, 29.509051]",ibm_sxz_cx,162,"{""kind"": ""native_contract_only"", ""passed"": true, ""errors"": [], ""checked_instructions"": 1026, ""bindings"": 1, ""semantic_equivalence"": ""not checked at large width""}"
pr2578,efficient_su2_54_numeric,static: each control-flow region counted once,656,flat circuit,,6.434441,"[7.510783, 6.589578, 6.368088, 6.434441, 6.419272]",efficient_su2,229583,4431,2bb4f8982727cfdabebbcaf410ce2f75c7c05f531c3de5962259319ead9beefe,166432,numeric,1509,594,162,656,915,0,"{""rz"": 915, ""sx"": 594, ""cz"": 162}",synthetic,6.147079,"[6.989788, 6.147079, 6.088263, 6.156247, 6.12439]",125.28125,54,595,exported,33.491988,"[33.598436, 33.491988, 33.468643, 33.513396, 33.446627]",ibm_sxz_cz,162,"{""kind"": ""native_contract_only"", ""passed"": true, ""errors"": [], ""checked_instructions"": 1671, ""bindings"": 1, ""semantic_equivalence"": ""not checked at large width""}"
pr2578,efficient_su2_54_numeric,static: each control-flow region counted once,659,flat circuit,,12.717409,"[14.835806, 12.994738, 12.717409, 12.370862, 12.374206]",efficient_su2,229583,4431,2bb4f8982727cfdabebbcaf410ce2f75c7c05f531c3de5962259319ead9beefe,161000,numeric,1565,594,162,659,971,0,"{""rz"": 971, ""gpi2"": 594, ""rzz"": 162}",synthetic,6.174104,"[6.288424, 6.92574, 6.112727, 6.139126, 6.174104]",134.87109375,54,600,exported,35.237086,"[35.401296, 35.288783, 35.237086, 35.112814, 35.10739]",ionq_fixed_r_zz,162,"{""kind"": ""native_contract_only"", ""passed"": true, ""errors"": [], ""checked_instructions"": 1727, ""bindings"": 1, ""semantic_equivalence"": ""not checked at large width""}"
pr2578,efficient_su2_54_numeric,static: each control-flow region counted once,326,flat circuit,,3.674903,"[4.487965, 3.750583, 3.674903, 3.641735, 3.625191]",efficient_su2,229583,4431,2bb4f8982727cfdabebbcaf410ce2f75c7c05f531c3de5962259319ead9beefe,111960,numeric,432,432,162,326,0,0,"{""r"": 432, ""cz"": 162}",synthetic,6.264135,"[6.264135, 6.308408, 6.686602, 6.218504, 6.108662]",123.83203125,54,623,exported,32.126315,"[32.154395, 32.126315, 32.142908, 32.097083, 32.080571]",iqm_r_cz,162,"{""kind"": ""native_contract_only"", ""passed"": true, ""errors"": [], ""checked_instructions"": 594, ""bindings"": 1, ""semantic_equivalence"": ""not checked at large width""}"
pr2578,efficient_su2_54_numeric,static: each control-flow region counted once,657,flat circuit,,9.995151,"[10.619283, 9.82203, 11.272616, 9.995151, 9.657117]",efficient_su2,229583,4431,2bb4f8982727cfdabebbcaf410ce2f75c7c05f531c3de5962259319ead9beefe,172954,numeric,1510,594,162,657,916,0,"{""rz"": 916, ""rxpi2"": 594, ""cz"": 162}",synthetic,6.146279,"[6.565785, 6.693739, 6.090038, 6.146279, 6.107655]",125.7734375,54,596,exported,34.358297,"[34.468938, 34.306505, 34.394506, 34.355849, 34.358297]",rigetti_rx_cz,162,"{""kind"": ""native_contract_only"", ""passed"": true, ""errors"": [], ""checked_instructions"": 1672, ""bindings"": 1, ""semantic_equivalence"": ""not checked at large width""}"
pr2578,efficient_su2_54_numeric,static: each control-flow region counted once,489,flat circuit,,4.031689,"[4.800847, 4.153098, 4.031689, 3.976089, 4.001738]",efficient_su2,229583,4431,2bb4f8982727cfdabebbcaf410ce2f75c7c05f531c3de5962259319ead9beefe,114926,numeric,916,378,162,489,538,0,"{""rz"": 538, ""rx"": 378, ""rzz"": 162}",synthetic,6.239912,"[6.239912, 6.750282, 6.439369, 6.223208, 6.15263]",123.71875,54,596,exported,31.392246,"[31.435079, 31.458375, 31.392246, 31.355702, 31.388887]",rxrz_rzz_unbounded,162,"{""kind"": ""native_contract_only"", ""passed"": true, ""errors"": [], ""checked_instructions"": 1078, ""bindings"": 1, ""semantic_equivalence"": ""not checked at large width""}"
pr2578,efficient_su2_54_symbolic,static: each control-flow region counted once,498,flat circuit,,13.887879,"[14.754413, 13.887879, 13.776263, 13.845799, 13.901576]",efficient_su2,308078,4431,c5437db5a453ec704ddd8594c5a6b46f38693fab95be17016e22296e824b7a98,301339,symbolic,1611,699,162,498,912,0,"{""rz"": 912, ""rx"": 699, ""rzz"": 162}",synthetic,7.04478,"[8.055523, 6.910412, 7.040396, 7.04478, 7.071533]",133.14453125,54,1912,exported,37.226668,"[37.253403, 37.270044, 37.201627, 37.16593, 37.226668]",ibm_fractional_bounded,162,"{""kind"": ""native_contract_only"", ""passed"": true, ""errors"": [], ""checked_instructions"": 5319, ""bindings"": 3, ""semantic_equivalence"": ""not checked at large width""}"
pr2578,efficient_su2_54_symbolic,static: each control-flow region counted once,178,flat circuit,,11.956971,"[12.551167, 12.046157, 11.956971, 11.753354, 11.737931]",efficient_su2,308078,4431,c5437db5a453ec704ddd8594c5a6b46f38693fab95be17016e22296e824b7a98,283404,symbolic,864,432,162,178,432,0,"{""sx"": 432, ""rz"": 432, ""cx"": 162}",synthetic,7.020508,"[8.045746, 6.831163, 7.020508, 7.00486, 7.031469]",132.484375,54,2164,exported,32.380077,"[32.412044, 32.464094, 32.36894, 32.334013, 32.380077]",ibm_sxz_cx,162,"{""kind"": ""native_contract_only"", ""passed"": true, ""errors"": [], ""checked_instructions"": 3078, ""bindings"": 3, ""semantic_equivalence"": ""not checked at large width""}"
pr2578,efficient_su2_54_symbolic,static: each control-flow region counted once,657,flat circuit,,15.005423,"[15.527891, 15.438177, 14.899838, 15.005423, 14.901374]",efficient_su2,308078,4431,c5437db5a453ec704ddd8594c5a6b46f38693fab95be17016e22296e824b7a98,336488,symbolic,1668,753,162,657,915,0,"{""sx"": 753, ""rz"": 915, ""cz"": 162}",synthetic,7.012973,"[8.179604, 7.001884, 6.951356, 7.012973, 7.06574]",132.74609375,54,2341,exported,35.912115,"[35.914403, 35.912115, 35.816706, 35.981188, 35.898771]",ibm_sxz_cz,162,"{""kind"": ""native_contract_only"", ""passed"": true, ""errors"": [], ""checked_instructions"": 5490, ""bindings"": 3, ""semantic_equivalence"": ""not checked at large width""}"
pr2578,efficient_su2_54_symbolic,static: each control-flow region counted once,660,flat circuit,,24.368762,"[26.646952, 24.368762, 24.10756, 24.121225, 25.609826]",efficient_su2,308078,4431,c5437db5a453ec704ddd8594c5a6b46f38693fab95be17016e22296e824b7a98,336213,symbolic,1830,753,162,660,1077,0,"{""gpi2"": 753, ""rz"": 1077, ""rzz"": 162}",synthetic,7.085677,"[7.883057, 6.967964, 7.054412, 7.085677, 7.283342]",152.64453125,54,2343,exported,37.429117,"[37.429117, 37.57019, 37.476125, 37.329852, 37.398364]",ionq_fixed_r_zz,162,"{""kind"": ""native_contract_only"", ""passed"": true, ""errors"": [], ""checked_instructions"": 5976, ""bindings"": 3, ""semantic_equivalence"": ""not checked at large width""}"
pr2578,efficient_su2_54_symbolic,static: each control-flow region counted once,330,flat circuit,,12.6924,"[13.112835, 12.874066, 12.515743, 12.562223, 12.6924]",efficient_su2,308078,4431,c5437db5a453ec704ddd8594c5a6b46f38693fab95be17016e22296e824b7a98,261017,symbolic,594,594,162,330,0,0,"{""r"": 594, ""cz"": 162}",synthetic,7.059885,"[7.647473, 7.438687, 6.986156, 7.059885, 6.992332]",133.05859375,54,1789,exported,30.612162,"[30.615185, 30.581089, 30.570241, 30.612162, 30.643089]",iqm_r_cz,162,"{""kind"": ""native_contract_only"", ""passed"": true, ""errors"": [], ""checked_instructions"": 2268, ""bindings"": 3, ""semantic_equivalence"": ""not checked at large width""}"
pr2578,efficient_su2_54_symbolic,static: each control-flow region counted once,657,flat circuit,,19.398443,"[19.874334, 19.283417, 21.5238, 19.398443, 19.286906]",efficient_su2,308078,4431,c5437db5a453ec704ddd8594c5a6b46f38693fab95be17016e22296e824b7a98,342879,symbolic,1668,753,162,657,915,0,"{""rxpi2"": 753, ""rz"": 915, ""cz"": 162}",synthetic,7.218925,"[7.608496, 7.706849, 7.121117, 7.218925, 7.107389]",134.5703125,54,2340,exported,36.682919,"[36.667144, 36.735384, 36.671512, 36.774344, 36.682919]",rigetti_rx_cz,162,"{""kind"": ""native_contract_only"", ""passed"": true, ""errors"": [], ""checked_instructions"": 5490, ""bindings"": 3, ""semantic_equivalence"": ""not checked at large width""}"
pr2578,efficient_su2_54_symbolic,static: each control-flow region counted once,492,flat circuit,,12.889009,"[13.711975, 12.889009, 12.91917, 12.787281, 12.731024]",efficient_su2,308078,4431,c5437db5a453ec704ddd8594c5a6b46f38693fab95be17016e22296e824b7a98,280919,symbolic,1287,537,162,492,750,0,"{""rz"": 750, ""rx"": 537, ""rzz"": 162}",synthetic,7.112013,"[8.090883, 7.112013, 6.966636, 7.087709, 7.152605]",134.51953125,54,1896,exported,35.415535,"[35.415535, 35.400096, 35.455328, 35.392336, 35.534689]",rxrz_rzz_unbounded,162,"{""kind"": ""native_contract_only"", ""passed"": true, ""errors"": [], ""checked_instructions"": 4347, ""bindings"": 3, ""semantic_equivalence"": ""not checked at large width""}"
pr2578,equatorial_frames_104_numeric,static: each control-flow region counted once,1248,flat circuit,,6.33668,"[7.393566, 6.488729, 6.33668, 6.305624, 6.313544]",equatorial_frames,371189,7491,10964f41c3c481187a48d9bacf0821c9d2a9034a807023a090e145229e593b69,166329,numeric,936,312,312,1248,624,0,"{""rz"": 624, ""rx"": 312, ""cz"": 312}",synthetic,9.449339,"[9.291851, 10.149152, 9.23689, 9.455788, 9.449339]",124.86328125,104,317,exported,43.741636,"[43.940485, 43.741636, 43.365841, 43.558275, 44.045366]",ibm_fractional_bounded,312,"{""kind"": ""native_contract_only"", ""passed"": true, ""errors"": [], ""checked_instructions"": 1248, ""bindings"": 1, ""semantic_equivalence"": ""not checked at large width""}"
pr2578,equatorial_frames_104_numeric,static: each control-flow region counted once,1875,flat circuit,,11.815162,"[13.366292, 11.94094, 11.600937, 11.815162, 11.654442]",equatorial_frames,371189,7491,10964f41c3c481187a48d9bacf0821c9d2a9034a807023a090e145229e593b69,288202,numeric,2499,937,312,1875,1562,0,"{""rz"": 1562, ""sx"": 937, ""cx"": 312}",synthetic,9.51502,"[9.75547, 9.777597, 9.369499, 9.509868, 9.51502]",132.67578125,104,941,exported,53.781443,"[53.845411, 53.836372, 53.738659, 53.781443, 53.72077]",ibm_sxz_cx,312,"{""kind"": ""native_contract_only"", ""passed"": true, ""errors"": [], ""checked_instructions"": 2811, ""bindings"": 1, ""semantic_equivalence"": ""not checked at large width""}"
pr2578,equatorial_frames_104_numeric,static: each control-flow region counted once,1872,flat circuit,,7.997139,"[9.179114, 8.103747, 7.997139, 7.871457, 7.946498]",equatorial_frames,371189,7491,10964f41c3c481187a48d9bacf0821c9d2a9034a807023a090e145229e593b69,198545,numeric,1560,624,312,1872,936,0,"{""rz"": 936, ""sx"": 624, ""cz"": 312}",synthetic,9.480156,"[10.318097, 9.230411, 9.30305, 9.480156, 9.483836]",125.72265625,104,317,exported,45.646816,"[45.705888, 45.692272, 45.593248, 45.646816, 45.623456]",ibm_sxz_cz,312,"{""kind"": ""native_contract_only"", ""passed"": true, ""errors"": [], ""checked_instructions"": 1872, ""bindings"": 1, ""semantic_equivalence"": ""not checked at large width""}"
pr2578,equatorial_frames_104_numeric,static: each control-flow region counted once,1251,flat circuit,,6.217511,"[7.300046, 6.363816, 6.217511, 6.195511, 6.206183]",equatorial_frames,371189,7491,10964f41c3c481187a48d9bacf0821c9d2a9034a807023a090e145229e593b69,164090,numeric,1563,625,312,1251,938,0,"{""rz"": 938, ""rx"": 625, ""rzz"": 312}",synthetic,9.378539,"[9.754702, 9.482556, 9.378539, 9.339163, 9.328331]",125.4375,104,324,exported,48.655938,"[48.756211, 48.611618, 48.694051, 48.576914, 48.655938]",rxrz_rzz_unbounded,312,"{""kind"": ""native_contract_only"", ""passed"": true, ""errors"": [], ""checked_instructions"": 1875, ""bindings"": 1, ""semantic_equivalence"": ""not checked at large width""}"
pr2578,equatorial_frames_104_symbolic,static: each control-flow region counted once,1248,flat circuit,,12.36147,"[13.220483, 12.451295, 12.0471, 12.36147, 12.117388]",equatorial_frames,425445,7491,680e63a1a1ed9d1ebf788373934d3bcaa10f7d4a84bc1539d2209f6660d87253,282321,symbolic,936,312,312,1248,624,0,"{""rz"": 624, ""rx"": 312, ""cz"": 312}",synthetic,10.037407,"[10.804468, 9.803853, 9.954991, 10.073872, 10.037407]",133.05859375,104,1565,exported,45.141404,"[45.232109, 45.1387, 45.141404, 44.954379, 45.167901]",ibm_fractional_bounded,312,"{""kind"": ""native_contract_only"", ""passed"": true, ""errors"": [], ""checked_instructions"": 3744, ""bindings"": 3, ""semantic_equivalence"": ""not checked at large width""}"
pr2578,equatorial_frames_104_symbolic,static: each control-flow region counted once,2497,flat circuit,,19.843693,"[20.606274, 19.848317, 19.843693, 19.708861, 19.628171]",equatorial_frames,425445,7491,680e63a1a1ed9d1ebf788373934d3bcaa10f7d4a84bc1539d2209f6660d87253,416736,symbolic,3121,1248,312,2497,1873,0,"{""rz"": 1873, ""sx"": 1248, ""cx"": 312}",synthetic,10.121872,"[10.370753, 10.345505, 9.937038, 10.121872, 10.047711]",137.91015625,104,1879,exported,53.881203,"[53.711698, 53.951028, 53.768563, 53.881203, 54.682456]",ibm_sxz_cx,312,"{""kind"": ""native_contract_only"", ""passed"": true, ""errors"": [], ""checked_instructions"": 10299, ""bindings"": 3, ""semantic_equivalence"": ""not checked at large width""}"
pr2578,equatorial_frames_104_symbolic,static: each control-flow region counted once,1872,flat circuit,,14.130169,"[14.832445, 14.392843, 14.045897, 14.130169, 14.127161]",equatorial_frames,425445,7491,680e63a1a1ed9d1ebf788373934d3bcaa10f7d4a84bc1539d2209f6660d87253,314522,symbolic,1560,624,312,1872,936,0,"{""rz"": 936, ""sx"": 624, ""cz"": 312}",synthetic,10.49141,"[10.569443, 11.037637, 10.49141, 10.287009, 10.129152]",133.328125,104,1565,exported,46.791751,"[46.736583, 46.760326, 46.803063, 46.871431, 46.791751]",ibm_sxz_cz,312,"{""kind"": ""native_contract_only"", ""passed"": true, ""errors"": [], ""checked_instructions"": 5616, ""bindings"": 3, ""semantic_equivalence"": ""not checked at large width""}"
pr2578,equatorial_frames_104_symbolic,static: each control-flow region counted once,1873,flat circuit,,15.264816,"[16.277718, 15.321713, 15.264816, 15.236144, 15.040895]",equatorial_frames,425445,7491,680e63a1a1ed9d1ebf788373934d3bcaa10f7d4a84bc1539d2209f6660d87253,330314,symbolic,2185,936,312,1873,1249,0,"{""rz"": 1249, ""rx"": 936, ""rzz"": 312}",synthetic,10.12464,"[10.333649, 10.444738, 10.12464, 10.094432, 10.103087]",141.5078125,104,1880,exported,51.821126,"[51.821126, 51.785046, 51.67935, 51.895239, 51.858231]",rxrz_rzz_unbounded,312,"{""kind"": ""native_contract_only"", ""passed"": true, ""errors"": [], ""checked_instructions"": 7491, ""bindings"": 3, ""semantic_equivalence"": ""not checked at large width""}"
pr2578,equatorial_frames_156_numeric,static: each control-flow region counted once,1872,flat circuit,,10.108064,"[11.259702, 10.236065, 10.011183, 9.942158, 10.108064]",equatorial_frames,560264,11235,8e0ec71bb9d9757b881772665e8baf74c25ae2a345d5bfd1d41ddafe7e5a150b,250887,numeric,1404,468,468,1872,936,0,"{""rz"": 936, ""rx"": 468, ""cz"": 468}",synthetic,14.437466,"[14.744237, 14.155977, 14.118729, 14.437466, 14.514444]",129.3671875,156,472,exported,72.682313,"[72.732329, 72.679929, 72.789801, 72.633352, 72.682313]",ibm_fractional_bounded,468,"{""kind"": ""native_contract_only"", ""passed"": true, ""errors"": [], ""checked_instructions"": 1872, ""bindings"": 1, ""semantic_equivalence"": ""not checked at large width""}"
pr2578,equatorial_frames_156_numeric,static: each control-flow region counted once,2811,flat circuit,,18.953927,"[20.108975, 18.848374, 18.953927, 18.996776, 18.833654]",equatorial_frames,560264,11235,8e0ec71bb9d9757b881772665e8baf74c25ae2a345d5bfd1d41ddafe7e5a150b,433984,numeric,3747,1405,468,2811,2342,0,"{""rz"": 2342, ""sx"": 1405, ""cx"": 468}",synthetic,14.294666,"[14.183657, 14.130121, 14.294666, 14.495915, 14.384954]",139.0859375,156,1409,exported,88.844766,"[88.844766, 89.113777, 88.750542, 89.006111, 88.830671]",ibm_sxz_cx,468,"{""kind"": ""native_contract_only"", ""passed"": true, ""errors"": [], ""checked_instructions"": 4215, ""bindings"": 1, ""semantic_equivalence"": ""not checked at large width""}"
pr2578,equatorial_frames_156_numeric,static: each control-flow region counted once,2808,flat circuit,,12.7724,"[14.187545, 12.751696, 12.79096, 12.517055, 12.7724]",equatorial_frames,560264,11235,8e0ec71bb9d9757b881772665e8baf74c25ae2a345d5bfd1d41ddafe7e5a150b,299378,numeric,2340,936,468,2808,1404,0,"{""rz"": 1404, ""sx"": 936, ""cz"": 468}",synthetic,14.244362,"[14.244362, 14.0282, 14.146937, 14.417003, 14.304249]",133.70703125,156,473,exported,76.32752,"[76.32752, 76.696418, 76.268432, 76.253391, 76.361728]",ibm_sxz_cz,468,"{""kind"": ""native_contract_only"", ""passed"": true, ""errors"": [], ""checked_instructions"": 2808, ""bindings"": 1, ""semantic_equivalence"": ""not checked at large width""}"
pr2578,equatorial_frames_156_numeric,static: each control-flow region counted once,1875,flat circuit,,9.900254,"[11.111206, 9.964766, 9.84419, 9.836078, 9.900254]",equatorial_frames,560264,11235,8e0ec71bb9d9757b881772665e8baf74c25ae2a345d5bfd1d41ddafe7e5a150b,247425,numeric,2343,937,468,1875,1406,0,"{""rz"": 1406, ""rx"": 937, ""rzz"": 468}",synthetic,14.315834,"[14.866733, 14.033032, 14.285194, 14.315834, 14.33169]",134.71875,156,480,exported,80.861628,"[81.073854, 80.861628, 80.857868, 80.812988, 80.991933]",rxrz_rzz_unbounded,468,"{""kind"": ""native_contract_only"", ""passed"": true, ""errors"": [], ""checked_instructions"": 2811, ""bindings"": 1, ""semantic_equivalence"": ""not checked at large width""}"
pr2578,equatorial_frames_156_symbolic,static: each control-flow region counted once,1872,flat circuit,,19.437818,"[19.733884, 19.537067, 19.406394, 19.437818, 19.260569]",equatorial_frames,641817,11235,8af98b0e4bcfaa51b3e98d40c4a16fdf56af0d2e66702648e0bba82b6525c050,424333,symbolic,1404,468,468,1872,936,0,"{""rz"": 936, ""rx"": 468, ""cz"": 468}",synthetic,15.262336,"[15.262336, 15.058543, 15.214927, 15.458849, 15.384241]",140.35546875,156,2345,exported,76.131246,"[75.76646, 76.195183, 76.172126, 76.131246, 75.893965]",ibm_fractional_bounded,468,"{""kind"": ""native_contract_only"", ""passed"": true, ""errors"": [], ""checked_instructions"": 5616, ""bindings"": 3, ""semantic_equivalence"": ""not checked at large width""}"
pr2578,equatorial_frames_156_symbolic,static: each control-flow region counted once,3745,flat circuit,,31.236948,"[31.787784, 31.236948, 31.219061, 31.206036, 31.392629]",equatorial_frames,641817,11235,8af98b0e4bcfaa51b3e98d40c4a16fdf56af0d2e66702648e0bba82b6525c050,625984,symbolic,4681,1872,468,3745,2809,0,"{""rz"": 2809, ""sx"": 1872, ""cx"": 468}",synthetic,15.275616,"[15.651138, 15.030462, 15.275616, 15.324449, 15.259583]",148.734375,156,2815,exported,90.43644,"[89.921573, 90.43644, 90.220679, 90.861611, 90.539688]",ibm_sxz_cx,468,"{""kind"": ""native_contract_only"", ""passed"": true, ""errors"": [], ""checked_instructions"": 15447, ""bindings"": 3, ""semantic_equivalence"": ""not checked at large width""}"
pr2578,equatorial_frames_156_symbolic,static: each control-flow region counted once,2808,flat circuit,,22.323452,"[22.714847, 22.724431, 22.320476, 22.2179, 22.323452]",equatorial_frames,641817,11235,8af98b0e4bcfaa51b3e98d40c4a16fdf56af0d2e66702648e0bba82b6525c050,472758,symbolic,2340,936,468,2808,1404,0,"{""rz"": 1404, ""sx"": 936, ""cz"": 468}",synthetic,15.380641,"[15.915412, 15.053279, 15.209471, 15.391601, 15.380641]",145.51171875,156,2345,exported,78.50155,"[77.974346, 78.807967, 78.50155, 78.59987, 78.353676]",ibm_sxz_cz,468,"{""kind"": ""native_contract_only"", ""passed"": true, ""errors"": [], ""checked_instructions"": 8424, ""bindings"": 3, ""semantic_equivalence"": ""not checked at large width""}"
pr2578,equatorial_frames_156_symbolic,static: each control-flow region counted once,2809,flat circuit,,23.535444,"[24.381321, 24.229208, 23.478452, 23.366467, 23.535444]",equatorial_frames,641817,11235,8af98b0e4bcfaa51b3e98d40c4a16fdf56af0d2e66702648e0bba82b6525c050,496345,symbolic,3277,1404,468,2809,1873,0,"{""rz"": 1873, ""rx"": 1404, ""rzz"": 468}",synthetic,15.350849,"[15.634274, 15.028063, 15.25592, 15.360944, 15.350849]",151.3984375,156,2816,exported,86.207774,"[86.068493, 86.003964, 86.207774, 86.25147, 86.231518]",rxrz_rzz_unbounded,468,"{""kind"": ""native_contract_only"", ""passed"": true, ""errors"": [], ""checked_instructions"": 11235, ""bindings"": 3, ""semantic_equivalence"": ""not checked at large width""}"
pr2578,equatorial_frames_24_numeric,static: each control-flow region counted once,288,flat circuit,,1.406537,"[1.915293, 1.490313, 1.406537, 1.388089, 1.366265]",equatorial_frames,83039,1731,586b7bcef81b9bc1f69aa9896d41d53c281efb27014b680bf8baed11f34ef08f,38897,numeric,216,72,72,288,144,0,"{""rz"": 144, ""rx"": 72, ""cz"": 72}",synthetic,2.545313,"[2.751186, 2.479856, 2.545313, 2.53272, 2.885443]",121.66015625,24,76,exported,8.402726,"[8.476999, 8.38031, 8.414998, 8.402726, 8.348101]",ibm_fractional_bounded,72,"{""kind"": ""native_contract_only"", ""passed"": true, ""errors"": [], ""checked_instructions"": 288, ""bindings"": 1, ""semantic_equivalence"": ""not checked at large width""}"
pr2578,equatorial_frames_24_numeric,static: each control-flow region counted once,435,flat circuit,,2.488832,"[3.130788, 2.567584, 2.488832, 2.476928, 2.474848]",equatorial_frames,83039,1731,586b7bcef81b9bc1f69aa9896d41d53c281efb27014b680bf8baed11f34ef08f,66192,numeric,579,217,72,435,362,0,"{""rz"": 362, ""sx"": 217, ""cx"": 72}",synthetic,2.558625,"[2.730961, 2.558625, 2.504736, 2.539136, 3.183461]",121.7421875,24,221,exported,10.670213,"[10.743605, 10.604885, 10.645557, 10.670213, 10.676277]",ibm_sxz_cx,72,"{""kind"": ""native_contract_only"", ""passed"": true, ""errors"": [], ""checked_instructions"": 651, ""bindings"": 1, ""semantic_equivalence"": ""not checked at large width""}"
pr2578,equatorial_frames_24_numeric,static: each control-flow region counted once,432,flat circuit,,1.715371,"[2.289135, 1.81038, 1.715371, 1.702155, 1.702939]",equatorial_frames,83039,1731,586b7bcef81b9bc1f69aa9896d41d53c281efb27014b680bf8baed11f34ef08f,45923,numeric,360,144,72,432,216,0,"{""rz"": 216, ""sx"": 144, ""cz"": 72}",synthetic,2.576673,"[2.732546, 2.503648, 2.51784, 2.576673, 2.602913]",121.69140625,24,77,exported,8.895865,"[9.003962, 8.953802, 8.88817, 8.895865, 8.870713]",ibm_sxz_cz,72,"{""kind"": ""native_contract_only"", ""passed"": true, ""errors"": [], ""checked_instructions"": 432, ""bindings"": 1, ""semantic_equivalence"": ""not checked at large width""}"
pr2578,equatorial_frames_24_numeric,static: each control-flow region counted once,434,flat circuit,,4.386412,"[4.833663, 4.386412, 5.784902, 4.350972, 4.302763]",equatorial_frames,83039,1731,586b7bcef81b9bc1f69aa9896d41d53c281efb27014b680bf8baed11f34ef08f,48777,numeric,506,217,72,434,289,0,"{""rz"": 289, ""gpi2"": 144, ""gpi"": 73, ""rzz"": 72}",synthetic,2.714593,"[2.714593, 2.493424, 2.467808, 2.952995, 2.967427]",126.19140625,24,86,exported,10.862566,"[10.931734, 10.88223, 10.862566, 10.796342, 10.801381]",ionq_fixed_r_zz,72,"{""kind"": ""native_contract_only"", ""passed"": true, ""errors"": [], ""checked_instructions"": 578, ""bindings"": 1, ""semantic_equivalence"": ""not checked at large width""}"
pr2578,equatorial_frames_24_numeric,static: each control-flow region counted once,168,flat circuit,,1.143943,"[1.626075, 1.201336, 1.143943, 1.132231, 1.123432]",equatorial_frames,83039,1731,586b7bcef81b9bc1f69aa9896d41d53c281efb27014b680bf8baed11f34ef08f,33629,numeric,96,96,72,168,0,0,"{""r"": 96, ""cz"": 72}",synthetic,2.56416,"[2.701457, 2.537008, 2.520161, 2.56416, 3.218821]",119.546875,24,102,exported,8.825657,"[8.935914, 8.874953, 8.825353, 8.791593, 8.825657]",iqm_r_cz,72,"{""kind"": ""native_contract_only"", ""passed"": true, ""errors"": [], ""checked_instructions"": 168, ""bindings"": 1, ""semantic_equivalence"": ""not checked at large width""}"
pr2578,equatorial_frames_24_numeric,static: each control-flow region counted once,432,flat circuit,,2.597713,"[3.174868, 2.811986, 2.597713, 2.564656, 2.585505]",equatorial_frames,83039,1731,586b7bcef81b9bc1f69aa9896d41d53c281efb27014b680bf8baed11f34ef08f,47640,numeric,360,144,72,432,216,0,"{""rz"": 216, ""rxpi2"": 144, ""cz"": 72}",synthetic,2.565409,"[2.701617, 2.565409, 2.527888, 2.554705, 3.246805]",121.87109375,24,77,exported,9.110395,"[9.382188, 9.133723, 9.103979, 9.110395, 9.106027]",rigetti_rx_cz,72,"{""kind"": ""native_contract_only"", ""passed"": true, ""errors"": [], ""checked_instructions"": 432, ""bindings"": 1, ""semantic_equivalence"": ""not checked at large width""}"
pr2578,equatorial_frames_24_numeric,static: each control-flow region counted once,291,flat circuit,,1.435129,"[1.928508, 1.507642, 1.435129, 1.416345, 1.401273]",equatorial_frames,83039,1731,586b7bcef81b9bc1f69aa9896d41d53c281efb27014b680bf8baed11f34ef08f,38659,numeric,363,145,72,291,218,0,"{""rz"": 218, ""rx"": 145, ""rzz"": 72}",synthetic,2.609745,"[2.722466, 2.491376, 2.476432, 2.609745, 2.911635]",121.234375,24,84,exported,9.654398,"[9.73939, 9.654398, 9.613582, 9.737167, 9.634126]",rxrz_rzz_unbounded,72,"{""kind"": ""native_contract_only"", ""passed"": true, ""errors"": [], ""checked_instructions"": 435, ""bindings"": 1, ""semantic_equivalence"": ""not checked at large width""}"
pr2578,equatorial_frames_24_symbolic,static: each control-flow region counted once,288,flat circuit,,2.700433,"[3.35119, 2.812818, 2.700433, 2.653425, 2.653538]",equatorial_frames,95410,1731,015689d3fa1e90f687a17c27c6a6e4b1e0f3a5fc91549d65e97d72aed9a66eae,64696,symbolic,216,72,72,288,144,0,"{""rz"": 144, ""rx"": 72, ""cz"": 72}",synthetic,2.698113,"[2.873458, 2.619249, 2.679665, 3.006548, 2.698113]",122.0625,24,365,exported,8.744952,"[8.823656, 8.788392, 8.739912, 8.694216, 8.744952]",ibm_fractional_bounded,72,"{""kind"": ""native_contract_only"", ""passed"": true, ""errors"": [], ""checked_instructions"": 864, ""bindings"": 3, ""semantic_equivalence"": ""not checked at large width""}"
pr2578,equatorial_frames_24_symbolic,static: each control-flow region counted once,577,flat circuit,,4.155211,"[4.867424, 4.219035, 4.155211, 4.082794, 4.068218]",equatorial_frames,95410,1731,015689d3fa1e90f687a17c27c6a6e4b1e0f3a5fc91549d65e97d72aed9a66eae,95015,symbolic,721,288,72,577,433,0,"{""rz"": 433, ""sx"": 288, ""cx"": 72}",synthetic,2.698049,"[2.849698, 2.639265, 2.702034, 2.670433, 2.698049]",123.40625,24,439,exported,10.663428,"[10.746053, 10.658212, 10.663428, 10.643412, 10.674053]",ibm_sxz_cx,72,"{""kind"": ""native_contract_only"", ""passed"": true, ""errors"": [], ""checked_instructions"": 2379, ""bindings"": 3, ""semantic_equivalence"": ""not checked at large width""}"
pr2578,equatorial_frames_24_symbolic,static: each control-flow region counted once,432,flat circuit,,3.019107,"[3.680295, 3.122724, 3.01666, 3.019107, 2.998596]",equatorial_frames,95410,1731,015689d3fa1e90f687a17c27c6a6e4b1e0f3a5fc91549d65e97d72aed9a66eae,71649,symbolic,360,144,72,432,216,0,"{""rz"": 216, ""sx"": 144, ""cz"": 72}",synthetic,2.684386,"[2.863186, 2.613729, 2.648993, 2.684386, 3.059571]",122.20703125,24,365,exported,9.061499,"[9.131883, 9.078122, 9.061499, 9.061403, 9.042122]",ibm_sxz_cz,72,"{""kind"": ""native_contract_only"", ""passed"": true, ""errors"": [], ""checked_instructions"": 1296, ""bindings"": 3, ""semantic_equivalence"": ""not checked at large width""}"
pr2578,equatorial_frames_24_symbolic,static: each control-flow region counted once,505,flat circuit,,7.154271,"[7.401408, 8.590727, 7.154271, 6.886892, 6.78958]",equatorial_frames,95410,1731,015689d3fa1e90f687a17c27c6a6e4b1e0f3a5fc91549d65e97d72aed9a66eae,81888,symbolic,577,288,72,505,289,0,"{""rz"": 289, ""gpi2"": 144, ""gpi"": 144, ""rzz"": 72}",synthetic,2.693234,"[2.872419, 2.674305, 2.971075, 2.688737, 2.693234]",131.0859375,24,442,exported,11.034983,"[11.113336, 11.088056, 11.027479, 11.033351, 11.034983]",ionq_fixed_r_zz,72,"{""kind"": ""native_contract_only"", ""passed"": true, ""errors"": [], ""checked_instructions"": 1947, ""bindings"": 3, ""semantic_equivalence"": ""not checked at large width""}"
pr2578,equatorial_frames_24_symbolic,static: each control-flow region counted once,168,flat circuit,,3.011139,"[3.687912, 3.112084, 3.011139, 2.982068, 2.953011]",equatorial_frames,95410,1731,015689d3fa1e90f687a17c27c6a6e4b1e0f3a5fc91549d65e97d72aed9a66eae,61908,symbolic,96,96,72,168,0,0,"{""r"": 96, ""cz"": 72}",synthetic,2.693537,"[2.905075, 2.602913, 2.643985, 3.342789, 2.693537]",122.1796875,24,463,exported,7.874994,"[7.947411, 7.923747, 7.861618, 7.874994, 7.87061]",iqm_r_cz,72,"{""kind"": ""native_contract_only"", ""passed"": true, ""errors"": [], ""checked_instructions"": 504, ""bindings"": 3, ""semantic_equivalence"": ""not checked at large width""}"
pr2578,equatorial_frames_24_symbolic,static: each control-flow region counted once,432,flat circuit,,3.823049,"[4.552734, 4.081722, 3.823049, 3.802232, 3.806537]",equatorial_frames,95410,1731,015689d3fa1e90f687a17c27c6a6e4b1e0f3a5fc91549d65e97d72aed9a66eae,73307,symbolic,360,144,72,432,216,0,"{""rz"": 216, ""rxpi2"": 144, ""cz"": 72}",synthetic,2.767186,"[2.911763, 2.661089, 2.663249, 3.346006, 2.767186]",122.5859375,24,366,exported,9.187355,"[9.281035, 9.239691, 9.187355, 9.170091, 9.169867]",rigetti_rx_cz,72,"{""kind"": ""native_contract_only"", ""passed"": true, ""errors"": [], ""checked_instructions"": 1296, ""bindings"": 3, ""semantic_equivalence"": ""not checked at large width""}"
pr2578,equatorial_frames_24_symbolic,static: each control-flow region counted once,433,flat circuit,,3.243845,"[3.961578, 3.337717, 3.243845, 3.222149, 3.205941]",equatorial_frames,95410,1731,015689d3fa1e90f687a17c27c6a6e4b1e0f3a5fc91549d65e97d72aed9a66eae,75297,symbolic,505,216,72,433,289,0,"{""rz"": 289, ""rx"": 216, ""rzz"": 72}",synthetic,2.862594,"[2.862594, 2.610577, 3.030804, 2.677489, 3.226677]",125.30859375,24,440,exported,10.23437,"[10.342307, 10.23437, 10.25693, 10.204721, 10.226354]",rxrz_rzz_unbounded,72,"{""kind"": ""native_contract_only"", ""passed"": true, ""errors"": [], ""checked_instructions"": 1731, ""bindings"": 3, ""semantic_equivalence"": ""not checked at large width""}"
pr2578,equatorial_frames_36_numeric,static: each control-flow region counted once,432,flat circuit,,2.106974,"[2.695217, 2.161918, 2.106974, 2.080845, 2.086461]",equatorial_frames,125310,2595,2ee1d92370426e0089c9c09325898f1b812b06c1456395df1b18f037c1c53fa2,58013,numeric,324,108,108,432,216,0,"{""rz"": 216, ""rx"": 108, ""cz"": 108}",synthetic,3.75548,"[3.75548, 3.486134, 4.165402, 3.907417, 3.508487]",121.4921875,36,112,exported,12.849474,"[12.947299, 12.914242, 12.849474, 12.841602, 12.828018]",ibm_fractional_bounded,108,"{""kind"": ""native_contract_only"", ""passed"": true, ""errors"": [], ""checked_instructions"": 432, ""bindings"": 1, ""semantic_equivalence"": ""not checked at large width""}"
pr2578,equatorial_frames_36_numeric,static: each control-flow region counted once,651,flat circuit,,3.810137,"[4.526493, 3.877016, 3.810137, 3.77036, 3.761528]",equatorial_frames,125310,2595,2ee1d92370426e0089c9c09325898f1b812b06c1456395df1b18f037c1c53fa2,98765,numeric,867,325,108,651,542,0,"{""rz"": 542, ""sx"": 325, ""cx"": 108}",synthetic,3.761352,"[3.761352, 3.472438, 4.188779, 3.877673, 3.585303]",123.1171875,36,329,exported,16.217383,"[16.26644, 16.274584, 16.217383, 16.204216, 16.193543]",ibm_sxz_cx,108,"{""kind"": ""native_contract_only"", ""passed"": true, ""errors"": [], ""checked_instructions"": 975, ""bindings"": 1, ""semantic_equivalence"": ""not checked at large width""}"
pr2578,equatorial_frames_36_numeric,static: each control-flow region counted once,648,flat circuit,,2.613424,"[3.272277, 2.702321, 2.613424, 2.597153, 2.580881]",equatorial_frames,125310,2595,2ee1d92370426e0089c9c09325898f1b812b06c1456395df1b18f037c1c53fa2,68627,numeric,540,216,108,648,324,0,"{""rz"": 324, ""sx"": 216, ""cz"": 108}",synthetic,3.863769,"[3.701544, 3.492054, 3.863769, 3.943529, 3.889305]",122.484375,36,113,exported,13.636039,"[13.725944, 13.636039, 13.651959, 13.585639, 13.612822]",ibm_sxz_cz,108,"{""kind"": ""native_contract_only"", ""passed"": true, ""errors"": [], ""checked_instructions"": 648, ""bindings"": 1, ""semantic_equivalence"": ""not checked at large width""}"
pr2578,equatorial_frames_36_numeric,static: each control-flow region counted once,650,flat circuit,,6.606298,"[6.960924, 7.968915, 6.606298, 6.458697, 6.353545]",equatorial_frames,125310,2595,2ee1d92370426e0089c9c09325898f1b812b06c1456395df1b18f037c1c53fa2,72281,numeric,758,325,108,650,433,0,"{""rz"": 433, ""gpi2"": 216, ""gpi"": 109, ""rzz"": 108}",synthetic,3.830088,"[3.737976, 3.469622, 3.971401, 4.014106, 3.830088]",128.15234375,36,122,exported,16.535898,"[16.622602, 16.535898, 16.519322, 16.537017, 16.472889]",ionq_fixed_r_zz,108,"{""kind"": ""native_contract_only"", ""passed"": true, ""errors"": [], ""checked_instructions"": 866, ""bindings"": 1, ""semantic_equivalence"": ""not checked at large width""}"
pr2578,equatorial_frames_36_numeric,static: each control-flow region counted once,252,flat circuit,,1.687467,"[2.278974, 1.760363, 1.687467, 1.662699, 1.652506]",equatorial_frames,125310,2595,2ee1d92370426e0089c9c09325898f1b812b06c1456395df1b18f037c1c53fa2,50212,numeric,144,144,108,252,0,0,"{""r"": 144, ""cz"": 108}",synthetic,3.667127,"[3.769368, 3.429078, 4.205771, 3.605287, 3.667127]",120.0625,36,151,exported,13.562903,"[13.656503, 13.58871, 13.562903, 13.535814, 13.545574]",iqm_r_cz,108,"{""kind"": ""native_contract_only"", ""passed"": true, ""errors"": [], ""checked_instructions"": 252, ""bindings"": 1, ""semantic_equivalence"": ""not checked at large width""}"
pr2578,equatorial_frames_36_numeric,static: each control-flow region counted once,648,flat circuit,,3.898201,"[4.75195, 4.075434, 3.898201, 3.895177, 3.8122]",equatorial_frames,125310,2595,2ee1d92370426e0089c9c09325898f1b812b06c1456395df1b18f037c1c53fa2,71291,numeric,540,216,108,648,324,0,"{""rz"": 324, ""rxpi2"": 216, ""cz"": 108}",synthetic,3.686743,"[3.686743, 3.527943, 3.799016, 4.172075, 3.518534]",122.2890625,36,114,exported,13.899273,"[14.037994, 13.907208, 13.895785, 13.899273, 13.879496]",rigetti_rx_cz,108,"{""kind"": ""native_contract_only"", ""passed"": true, ""errors"": [], ""checked_instructions"": 648, ""bindings"": 1, ""semantic_equivalence"": ""not checked at large width""}"
pr2578,equatorial_frames_36_numeric,static: each control-flow region counted once,435,flat circuit,,2.140445,"[2.723698, 2.177838, 2.140445, 2.096366, 2.083389]",equatorial_frames,125310,2595,2ee1d92370426e0089c9c09325898f1b812b06c1456395df1b18f037c1c53fa2,57289,numeric,543,217,108,435,326,0,"{""rz"": 326, ""rx"": 217, ""rzz"": 108}",synthetic,3.708663,"[3.708663, 3.509815, 3.85068, 4.087882, 3.582919]",121.796875,36,120,exported,14.713774,"[14.837502, 14.71267, 14.713774, 14.731934, 14.698062]",rxrz_rzz_unbounded,108,"{""kind"": ""native_contract_only"", ""passed"": true, ""errors"": [], ""checked_instructions"": 651, ""bindings"": 1, ""semantic_equivalence"": ""not checked at large width""}"
pr2578,equatorial_frames_36_symbolic,static: each control-flow region counted once,432,flat circuit,,3.954841,"[4.722223, 4.104842, 3.954841, 3.947145, 3.923289]",equatorial_frames,143886,2595,003809b829d696edc2c71561c9182f48c86a5465f84bf7a06dcc5fe716cedbcd,96960,symbolic,324,108,108,432,216,0,"{""rz"": 216, ""rx"": 108, ""cz"": 108}",synthetic,4.08265,"[3.974729, 4.08265, 4.092026, 4.121691, 3.745368]",123.30859375,36,545,exported,13.610487,"[13.658151, 13.568327, 13.610487, 13.672504, 13.573958]",ibm_fractional_bounded,108,"{""kind"": ""native_contract_only"", ""passed"": true, ""errors"": [], ""checked_instructions"": 1296, ""bindings"": 3, ""semantic_equivalence"": ""not checked at large width""}"
pr2578,equatorial_frames_36_symbolic,static: each control-flow region counted once,865,flat circuit,,6.201928,"[7.067869, 6.32348, 6.201928, 6.137943, 6.113607]",equatorial_frames,143886,2595,003809b829d696edc2c71561c9182f48c86a5465f84bf7a06dcc5fe716cedbcd,143467,symbolic,1081,432,108,865,649,0,"{""rz"": 649, ""sx"": 432, ""cx"": 108}",synthetic,3.941785,"[3.941785, 3.678455, 3.759592, 4.177163, 4.345756]",126.3046875,36,655,exported,16.271832,"[16.346296, 16.271832, 16.224728, 16.25676, 16.283784]",ibm_sxz_cx,108,"{""kind"": ""native_contract_only"", ""passed"": true, ""errors"": [], ""checked_instructions"": 3567, ""bindings"": 3, ""semantic_equivalence"": ""not checked at large width""}"
pr2578,equatorial_frames_36_symbolic,static: each control-flow region counted once,648,flat circuit,,4.476861,"[5.31253, 4.624701, 4.476861, 4.453084, 4.443629]",equatorial_frames,143886,2595,003809b829d696edc2c71561c9182f48c86a5465f84bf7a06dcc5fe716cedbcd,107961,symbolic,540,216,108,648,324,0,"{""rz"": 324, ""sx"": 216, ""cz"": 108}",synthetic,4.005833,"[4.299339, 4.111563, 4.005833, 3.849353, 3.737895]",125.4140625,36,545,exported,13.996905,"[14.10833, 14.033273, 13.975049, 13.996905, 13.946344]",ibm_sxz_cz,108,"{""kind"": ""native_contract_only"", ""passed"": true, ""errors"": [], ""checked_instructions"": 1944, ""bindings"": 3, ""semantic_equivalence"": ""not checked at large width""}"
pr2578,equatorial_frames_36_symbolic,static: each control-flow region counted once,757,flat circuit,,10.456979,"[12.571537, 10.631619, 10.321842, 10.238801, 10.456979]",equatorial_frames,143886,2595,003809b829d696edc2c71561c9182f48c86a5465f84bf7a06dcc5fe716cedbcd,123387,symbolic,865,432,108,757,433,0,"{""rz"": 433, ""gpi2"": 216, ""gpi"": 216, ""rzz"": 108}",synthetic,3.959929,"[3.959929, 3.743304, 4.06993, 4.384652, 3.736296]",135.21875,36,658,exported,16.933036,"[16.969628, 16.933036, 16.895099, 16.960652, 16.864539]",ionq_fixed_r_zz,108,"{""kind"": ""native_contract_only"", ""passed"": true, ""errors"": [], ""checked_instructions"": 2919, ""bindings"": 3, ""semantic_equivalence"": ""not checked at large width""}"
pr2578,equatorial_frames_36_symbolic,static: each control-flow region counted once,252,flat circuit,,4.465164,"[5.199937, 4.569438, 4.465164, 4.40646, 4.382428]",equatorial_frames,143886,2595,003809b829d696edc2c71561c9182f48c86a5465f84bf7a06dcc5fe716cedbcd,92950,symbolic,144,144,108,252,0,0,"{""r"": 144, ""cz"": 108}",synthetic,3.831912,"[4.341596, 3.712712, 4.241675, 3.831912, 3.704904]",123.16015625,36,691,exported,12.228494,"[12.247086, 12.228494, 12.251166, 12.222174, 12.220574]",iqm_r_cz,108,"{""kind"": ""native_contract_only"", ""passed"": true, ""errors"": [], ""checked_instructions"": 756, ""bindings"": 3, ""semantic_equivalence"": ""not checked at large width""}"
pr2578,equatorial_frames_36_symbolic,static: each control-flow region counted once,648,flat circuit,,5.771284,"[6.592698, 5.815317, 5.702789, 5.771284, 5.636292]",equatorial_frames,143886,2595,003809b829d696edc2c71561c9182f48c86a5465f84bf7a06dcc5fe716cedbcd,110195,symbolic,540,216,108,648,324,0,"{""rz"": 324, ""rxpi2"": 216, ""cz"": 108}",synthetic,3.968809,"[3.968809, 3.749016, 4.061594, 3.847929, 4.276139]",126.33984375,36,546,exported,14.141242,"[14.165306, 14.241675, 14.141242, 14.113994, 14.115162]",rigetti_rx_cz,108,"{""kind"": ""native_contract_only"", ""passed"": true, ""errors"": [], ""checked_instructions"": 1944, ""bindings"": 3, ""semantic_equivalence"": ""not checked at large width""}"
pr2578,equatorial_frames_36_symbolic,static: each control-flow region counted once,649,flat circuit,,4.850863,"[5.6453, 4.972816, 4.850863, 4.78491, 4.841583]",equatorial_frames,143886,2595,003809b829d696edc2c71561c9182f48c86a5465f84bf7a06dcc5fe716cedbcd,113548,symbolic,757,324,108,649,433,0,"{""rz"": 433, ""rx"": 324, ""rzz"": 108}",synthetic,3.7826,"[3.980393, 3.671336, 3.692647, 4.177995, 3.7826]",126.4609375,36,656,exported,15.748021,"[15.828677, 15.768933, 15.718644, 15.746436, 15.748021]",rxrz_rzz_unbounded,108,"{""kind"": ""native_contract_only"", ""passed"": true, ""errors"": [], ""checked_instructions"": 2595, ""bindings"": 3, ""semantic_equivalence"": ""not checked at large width""}"
pr2578,equatorial_frames_54_numeric,static: each control-flow region counted once,648,flat circuit,,3.224373,"[3.935416, 3.308069, 3.224373, 3.186452, 3.163364]",equatorial_frames,189070,3891,dc812866f4b7684adb699b9b4d52deaccd1e6bdac28269ec588e4d07b5b3b1b5,86554,numeric,486,162,162,648,324,0,"{""rz"": 324, ""rx"": 162, ""cz"": 162}",synthetic,5.051616,"[5.189745, 5.865365, 5.003104, 5.051616, 5.005839]",122.296875,54,167,exported,20.226016,"[20.367665, 20.226016, 20.144287, 20.243424, 20.101391]",ibm_fractional_bounded,162,"{""kind"": ""native_contract_only"", ""passed"": true, ""errors"": [], ""checked_instructions"": 648, ""bindings"": 1, ""semantic_equivalence"": ""not checked at large width""}"
pr2578,equatorial_frames_54_numeric,static: each control-flow region counted once,975,flat circuit,,5.786548,"[6.674714, 5.881749, 5.756469, 5.786548, 5.746389]",equatorial_frames,189070,3891,dc812866f4b7684adb699b9b4d52deaccd1e6bdac28269ec588e4d07b5b3b1b5,148606,numeric,1299,487,162,975,812,0,"{""rz"": 812, ""sx"": 487, ""cx"": 162}",synthetic,5.187505,"[5.187505, 5.279313, 5.544515, 5.044224, 5.011536]",124.11328125,54,491,exported,25.151407,"[25.224047, 25.21304, 25.07923, 25.046878, 25.151407]",ibm_sxz_cx,162,"{""kind"": ""native_contract_only"", ""passed"": true, ""errors"": [], ""checked_instructions"": 1461, ""bindings"": 1, ""semantic_equivalence"": ""not checked at large width""}"
pr2578,equatorial_frames_54_numeric,static: each control-flow region counted once,972,flat circuit,,4.003545,"[4.737086, 4.070186, 4.003545, 3.960185, 3.937609]",equatorial_frames,189070,3891,dc812866f4b7684adb699b9b4d52deaccd1e6bdac28269ec588e4d07b5b3b1b5,102494,numeric,810,324,162,972,486,0,"{""rz"": 486, ""sx"": 324, ""cz"": 162}",synthetic,5.104001,"[5.532147, 5.562915, 4.980239, 5.104001, 5.050928]",123.44140625,54,167,exported,21.26023,"[21.360743, 21.303223, 21.26023, 21.174358, 21.184054]",ibm_sxz_cz,162,"{""kind"": ""native_contract_only"", ""passed"": true, ""errors"": [], ""checked_instructions"": 972, ""bindings"": 1, ""semantic_equivalence"": ""not checked at large width""}"
pr2578,equatorial_frames_54_numeric,static: each control-flow region counted once,974,flat circuit,,9.771821,"[11.719146, 10.064816, 9.771821, 9.629453, 9.730094]",equatorial_frames,189070,3891,dc812866f4b7684adb699b9b4d52deaccd1e6bdac28269ec588e4d07b5b3b1b5,107956,numeric,1136,487,162,974,649,0,"{""rz"": 649, ""gpi2"": 324, ""gpi"": 163, ""rzz"": 162}",synthetic,5.164641,"[5.164641, 5.296097, 5.509619, 5.062224, 5.026416]",133.10546875,54,176,exported,25.558786,"[25.65445, 25.628242, 25.558786, 25.478065, 25.502801]",ionq_fixed_r_zz,162,"{""kind"": ""native_contract_only"", ""passed"": true, ""errors"": [], ""checked_instructions"": 1298, ""bindings"": 1, ""semantic_equivalence"": ""not checked at large width""}"
pr2578,equatorial_frames_54_numeric,static: each control-flow region counted once,378,flat circuit,,2.529728,"[3.254804, 2.616993, 2.529728, 2.508848, 2.490047]",equatorial_frames,189070,3891,dc812866f4b7684adb699b9b4d52deaccd1e6bdac28269ec588e4d07b5b3b1b5,74913,numeric,216,216,162,378,0,0,"{""r"": 216, ""cz"": 162}",synthetic,5.169953,"[5.169953, 5.234609, 5.536019, 5.033936, 4.98864]",122.7265625,54,223,exported,21.051238,"[21.183142, 21.051238, 21.025013, 21.059973, 21.030725]",iqm_r_cz,162,"{""kind"": ""native_contract_only"", ""passed"": true, ""errors"": [], ""checked_instructions"": 378, ""bindings"": 1, ""semantic_equivalence"": ""not checked at large width""}"
pr2578,equatorial_frames_54_numeric,static: each control-flow region counted once,972,flat circuit,,5.941782,"[6.686106, 5.971558, 5.789364, 5.941782, 5.759572]",equatorial_frames,189070,3891,dc812866f4b7684adb699b9b4d52deaccd1e6bdac28269ec588e4d07b5b3b1b5,106157,numeric,810,324,162,972,486,0,"{""rz"": 486, ""rxpi2"": 324, ""cz"": 162}",synthetic,5.152368,"[5.152368, 5.548147, 5.233249, 5.036336, 4.912223]",123.29296875,54,167,exported,21.629449,"[21.646377, 21.620088, 21.629449, 21.665161, 21.581496]",rigetti_rx_cz,162,"{""kind"": ""native_contract_only"", ""passed"": true, ""errors"": [], ""checked_instructions"": 972, ""bindings"": 1, ""semantic_equivalence"": ""not checked at large width""}"
pr2578,equatorial_frames_54_numeric,static: each control-flow region counted once,651,flat circuit,,3.187684,"[3.928585, 3.283173, 3.187684, 3.162372, 3.128308]",equatorial_frames,189070,3891,dc812866f4b7684adb699b9b4d52deaccd1e6bdac28269ec588e4d07b5b3b1b5,85253,numeric,813,325,162,651,488,0,"{""rz"": 488, ""rx"": 325, ""rzz"": 162}",synthetic,5.169361,"[5.169361, 5.286049, 5.562964, 5.111248, 5.0192]",123.23828125,54,174,exported,22.808385,"[22.969281, 22.814096, 22.740496, 22.808385, 22.804736]",rxrz_rzz_unbounded,162,"{""kind"": ""native_contract_only"", ""passed"": true, ""errors"": [], ""checked_instructions"": 975, ""bindings"": 1, ""semantic_equivalence"": ""not checked at large width""}"
pr2578,equatorial_frames_54_symbolic,static: each control-flow region counted once,648,flat circuit,,6.013798,"[6.958364, 6.168759, 6.013798, 5.930326, 5.844101]",equatorial_frames,217182,3891,0bf07086805c6121c6907527e5557b0fafae27353125de752e03cac13ec040a1,146116,symbolic,486,162,162,648,324,0,"{""rz"": 324, ""rx"": 162, ""cz"": 162}",synthetic,5.42453,"[5.843989, 5.738628, 5.42453, 5.361106, 5.307298]",126.2890625,54,815,exported,20.958981,"[21.042228, 21.037429, 20.958981, 20.94138, 20.930165]",ibm_fractional_bounded,162,"{""kind"": ""native_contract_only"", ""passed"": true, ""errors"": [], ""checked_instructions"": 1944, ""bindings"": 3, ""semantic_equivalence"": ""not checked at large width""}"
pr2578,equatorial_frames_54_symbolic,static: each control-flow region counted once,1297,flat circuit,,9.484699,"[10.390273, 9.825967, 9.484699, 9.438956, 9.390939]",equatorial_frames,217182,3891,0bf07086805c6121c6907527e5557b0fafae27353125de752e03cac13ec040a1,215881,symbolic,1621,648,162,1297,973,0,"{""rz"": 973, ""sx"": 648, ""cx"": 162}",synthetic,5.430354,"[5.461043, 6.10711, 5.277714, 5.430354, 5.320354]",128.7578125,54,979,exported,25.280384,"[25.300991, 25.257135, 25.280384, 25.349552, 25.255488]",ibm_sxz_cx,162,"{""kind"": ""native_contract_only"", ""passed"": true, ""errors"": [], ""checked_instructions"": 5349, ""bindings"": 3, ""semantic_equivalence"": ""not checked at large width""}"
pr2578,equatorial_frames_54_symbolic,static: each control-flow region counted once,972,flat circuit,,6.783323,"[7.883506, 6.937004, 6.783323, 6.61417, 6.670298]",equatorial_frames,217182,3891,0bf07086805c6121c6907527e5557b0fafae27353125de752e03cac13ec040a1,162797,symbolic,810,324,162,972,486,0,"{""rz"": 486, ""sx"": 324, ""cz"": 162}",synthetic,5.499635,"[5.499635, 6.037302, 5.269905, 5.518851, 5.300209]",126.7890625,54,816,exported,21.522712,"[21.577608, 21.489863, 21.568201, 21.522712, 21.495576]",ibm_sxz_cz,162,"{""kind"": ""native_contract_only"", ""passed"": true, ""errors"": [], ""checked_instructions"": 2916, ""bindings"": 3, ""semantic_equivalence"": ""not checked at large width""}"
pr2578,equatorial_frames_54_symbolic,static: each control-flow region counted once,1135,flat circuit,,16.158886,"[17.676048, 16.158886, 15.443473, 15.41773, 16.658281]",equatorial_frames,217182,3891,0bf07086805c6121c6907527e5557b0fafae27353125de752e03cac13ec040a1,185596,symbolic,1297,648,162,1135,649,0,"{""rz"": 649, ""gpi2"": 324, ""gpi"": 324, ""rzz"": 162}",synthetic,5.496755,"[5.496755, 5.821701, 5.628531, 5.391539, 5.303297]",144.3046875,54,982,exported,25.937188,"[25.937188, 26.015909, 25.905092, 25.97506, 25.909444]",ionq_fixed_r_zz,162,"{""kind"": ""native_contract_only"", ""passed"": true, ""errors"": [], ""checked_instructions"": 4377, ""bindings"": 3, ""semantic_equivalence"": ""not checked at large width""}"
pr2578,equatorial_frames_54_symbolic,static: each control-flow region counted once,378,flat circuit,,6.61257,"[7.466095, 6.765275, 6.61257, 6.518665, 6.506489]",equatorial_frames,217182,3891,0bf07086805c6121c6907527e5557b0fafae27353125de752e03cac13ec040a1,140225,symbolic,216,216,162,378,0,0,"{""r"": 216, ""cz"": 162}",synthetic,5.328961,"[5.850933, 5.729045, 5.260417, 5.328961, 5.289346]",126.23828125,54,1033,exported,19.119001,"[19.216185, 19.160345, 19.117817, 19.119001, 19.075112]",iqm_r_cz,162,"{""kind"": ""native_contract_only"", ""passed"": true, ""errors"": [], ""checked_instructions"": 1134, ""bindings"": 3, ""semantic_equivalence"": ""not checked at large width""}"
pr2578,equatorial_frames_54_symbolic,static: each control-flow region counted once,972,flat circuit,,8.530918,"[9.758254, 8.876584, 8.530918, 8.49495, 8.448213]",equatorial_frames,217182,3891,0bf07086805c6121c6907527e5557b0fafae27353125de752e03cac13ec040a1,165815,symbolic,810,324,162,972,486,0,"{""rz"": 486, ""rxpi2"": 324, ""cz"": 162}",synthetic,5.353746,"[5.48173, 6.104215, 5.302257, 5.353746, 5.281073]",127.4921875,54,816,exported,21.901562,"[21.951403, 21.901562, 21.931083, 21.844746, 21.739002]",rigetti_rx_cz,162,"{""kind"": ""native_contract_only"", ""passed"": true, ""errors"": [], ""checked_instructions"": 2916, ""bindings"": 3, ""semantic_equivalence"": ""not checked at large width""}"
pr2578,equatorial_frames_54_symbolic,static: each control-flow region counted once,973,flat circuit,,7.366702,"[8.156916, 7.408831, 7.366702, 7.214878, 7.180557]",equatorial_frames,217182,3891,0bf07086805c6121c6907527e5557b0fafae27353125de752e03cac13ec040a1,171005,symbolic,1135,486,162,973,649,0,"{""rz"": 649, ""rx"": 486, ""rzz"": 162}",synthetic,5.351042,"[5.484722, 6.105719, 5.291569, 5.351042, 5.322434]",128.30859375,54,980,exported,24.115176,"[24.250297, 24.106696, 24.171096, 24.069352, 24.115176]",rxrz_rzz_unbounded,162,"{""kind"": ""native_contract_only"", ""passed"": true, ""errors"": [], ""checked_instructions"": 3891, ""bindings"": 3, ""semantic_equivalence"": ""not checked at large width""}"
pr2578,pauli_layers_104_numeric,static: each control-flow region counted once,2499,flat circuit,,14.768653,"[16.095541, 15.001951, 14.747437, 14.6619, 14.768653]",pauli_layers,449227,7179,240d3d21bb97579ecfd17819ba3a505c718f3d6f014eae53f58ae3262956f0a8,383440,numeric,3747,1249,624,2499,2498,0,"{""rz"": 2498, ""rx"": 1249, ""rzz"": 624}",synthetic,10.787556,"[11.642729, 10.607683, 10.717476, 10.883076, 10.787556]",136.78125,104,946,exported,57.542811,"[57.595963, 57.449146, 57.542811, 57.319466, 57.629451]",ibm_fractional_bounded,624,"{""kind"": ""native_contract_only"", ""passed"": true, ""errors"": [], ""checked_instructions"": 4371, ""bindings"": 1, ""semantic_equivalence"": ""not checked at large width""}"
pr2578,pauli_layers_104_numeric,static: each control-flow region counted once,3162,flat circuit,,22.429117,"[23.140642, 22.538926, 22.053387, 22.429117, 22.139036]",pauli_layers,449227,7179,240d3d21bb97579ecfd17819ba3a505c718f3d6f014eae53f58ae3262956f0a8,519070,numeric,4726,1826,624,3162,2900,0,"{""sx"": 1777, ""rz"": 2900, ""cx"": 624, ""x"": 49}",synthetic,10.865508,"[11.675786, 10.634515, 10.652275, 10.901509, 10.865508]",137.83984375,104,1195,exported,61.381971,"[61.487491, 61.444163, 61.268082, 61.381971, 61.241362]",ibm_sxz_cx,624,"{""kind"": ""native_contract_only"", ""passed"": true, ""errors"": [], ""checked_instructions"": 5350, ""bindings"": 1, ""semantic_equivalence"": ""not checked at large width""}"
pr2578,pauli_layers_104_numeric,static: each control-flow region counted once,3640,flat circuit,,25.387696,"[26.491191, 25.387696, 25.980084, 25.366208, 25.257343]",pauli_layers,449227,7179,240d3d21bb97579ecfd17819ba3a505c718f3d6f014eae53f58ae3262956f0a8,577384,numeric,5724,2324,624,3640,3400,0,"{""sx"": 2246, ""rz"": 3400, ""x"": 78, ""cz"": 624}",synthetic,10.76898,"[11.708042, 10.76898, 10.720867, 10.712596, 10.816276]",140.375,104,1209,exported,64.412758,"[64.412758, 64.479527, 64.403686, 64.407094, 64.475527]",ibm_sxz_cz,624,"{""kind"": ""native_contract_only"", ""passed"": true, ""errors"": [], ""checked_instructions"": 6348, ""bindings"": 1, ""semantic_equivalence"": ""not checked at large width""}"
pr2578,pauli_layers_104_numeric,static: each control-flow region counted once,2499,flat circuit,,14.642221,"[15.918116, 14.879886, 14.637932, 14.642221, 14.596668]",pauli_layers,449227,7179,240d3d21bb97579ecfd17819ba3a505c718f3d6f014eae53f58ae3262956f0a8,376865,numeric,3747,1249,624,2499,2498,0,"{""rz"": 2498, ""rx"": 1249, ""rzz"": 624}",synthetic,10.807028,"[11.052822, 11.331159, 10.608771, 10.807028, 10.801556]",135.9140625,104,944,exported,52.561995,"[52.561995, 52.66062, 52.388315, 52.438731, 52.64198]",rxrz_rzz_unbounded,624,"{""kind"": ""native_contract_only"", ""passed"": true, ""errors"": [], ""checked_instructions"": 4371, ""bindings"": 1, ""semantic_equivalence"": ""not checked at large width""}"
pr2578,pauli_layers_104_symbolic,static: each control-flow region counted once,2499,flat circuit,,23.179362,"[23.637269, 23.224418, 22.991105, 22.915217, 23.179362]",pauli_layers,493205,7179,a50d7d4e188938e1de2a3bc96b4bbe6e500bbb84f1288c00574332870ad49b7a,482523,symbolic,3745,1248,624,2499,2497,0,"{""rz"": 2497, ""rx"": 1248, ""rzz"": 624}",synthetic,11.190279,"[11.631034, 11.11895, 11.145302, 11.190279, 11.192006]",146.06640625,104,2192,exported,72.564345,"[72.435688, 72.564345, 72.769258, 72.603017, 72.514761]",ibm_fractional_bounded,624,"{""kind"": ""native_contract_only"", ""passed"": true, ""errors"": [], ""checked_instructions"": 13107, ""bindings"": 3, ""semantic_equivalence"": ""not checked at large width""}"
pr2578,pauli_layers_104_symbolic,static: each control-flow region counted once,3434,flat circuit,,49.790793,"[51.013554, 49.24031, 49.295255, 49.984331, 49.790793]",pauli_layers,493205,7179,a50d7d4e188938e1de2a3bc96b4bbe6e500bbb84f1288c00574332870ad49b7a,750227,symbolic,3740,1455,624,3434,2285,0,"{""sx"": 1455, ""rz"": 2285, ""cx"": 624}",synthetic,11.11647,"[11.994428, 11.15311, 11.036678, 11.088534, 11.11647]",159.85546875,104,7180,exported,98.792991,"[98.982815, 98.757326, 99.028241, 98.792991, 98.68251]",ibm_sxz_cx,624,"{""kind"": ""native_contract_only"", ""passed"": true, ""errors"": [], ""checked_instructions"": 13092, ""bindings"": 3, ""semantic_equivalence"": ""not checked at large width""}"
pr2578,pauli_layers_104_symbolic,static: each control-flow region counted once,3123,flat circuit,,51.824263,"[52.479594, 51.33762, 51.828134, 51.824263, 51.430692]",pauli_layers,493205,7179,a50d7d4e188938e1de2a3bc96b4bbe6e500bbb84f1288c00574332870ad49b7a,836122,symbolic,4992,2184,624,3123,2808,0,"{""sx"": 2184, ""rz"": 2808, ""cz"": 624}",synthetic,11.142918,"[11.741386, 11.068166, 11.142918, 11.208759, 11.129766]",164.00390625,104,7495,exported,102.895193,"[102.365909, 102.965193, 102.855656, 102.918089, 102.895193]",ibm_sxz_cz,624,"{""kind"": ""native_contract_only"", ""passed"": true, ""errors"": [], ""checked_instructions"": 16848, ""bindings"": 3, ""semantic_equivalence"": ""not checked at large width""}"
pr2578,pauli_layers_104_symbolic,static: each control-flow region counted once,2499,flat circuit,,23.021121,"[23.950343, 23.028193, 23.001777, 22.964113, 23.021121]",pauli_layers,493205,7179,a50d7d4e188938e1de2a3bc96b4bbe6e500bbb84f1288c00574332870ad49b7a,480161,symbolic,3747,1249,624,2499,2498,0,"{""rz"": 2498, ""rx"": 1249, ""rzz"": 624}",synthetic,11.111222,"[11.74009, 11.091446, 11.009381, 11.111222, 11.120599]",146.08984375,104,2186,exported,56.469892,"[56.185571, 56.363283, 56.49562, 56.552805, 56.469892]",rxrz_rzz_unbounded,624,"{""kind"": ""native_contract_only"", ""passed"": true, ""errors"": [], ""checked_instructions"": 13113, ""bindings"": 3, ""semantic_equivalence"": ""not checked at large width""}"
pr2578,pauli_layers_156_numeric,static: each control-flow region counted once,3747,flat circuit,,22.868992,"[24.051927, 22.867439, 22.82472, 22.896752, 22.868992]",pauli_layers,677798,10767,905e91331e0fb8c12acba82ad71df36377f3e5b23533e35cef4844d66c076e54,576592,numeric,5619,1873,936,3747,3746,0,"{""rz"": 3746, ""rx"": 1873, ""rzz"": 936}",synthetic,16.400727,"[16.432423, 16.326839, 16.173126, 16.637736, 16.400727]",139.73828125,156,1414,exported,94.88618,"[94.88618, 94.78738, 94.906037, 94.974213, 94.820692]",ibm_fractional_bounded,936,"{""kind"": ""native_contract_only"", ""passed"": true, ""errors"": [], ""checked_instructions"": 6555, ""bindings"": 1, ""semantic_equivalence"": ""not checked at large width""}"
pr2578,pauli_layers_156_numeric,static: each control-flow region counted once,4747,flat circuit,,34.554538,"[36.091811, 34.37868, 34.541305, 34.554538, 34.616105]",pauli_layers,677798,10767,905e91331e0fb8c12acba82ad71df36377f3e5b23533e35cef4844d66c076e54,777276,numeric,7044,2715,936,4747,4329,0,"{""rz"": 4329, ""sx"": 2648, ""cx"": 936, ""x"": 67}",synthetic,16.472216,"[16.455127, 16.418583, 16.472216, 16.869738, 16.587896]",141.984375,156,1779,exported,101.602175,"[101.251516, 101.478398, 101.602175, 101.740527, 101.604814]",ibm_sxz_cx,936,"{""kind"": ""native_contract_only"", ""passed"": true, ""errors"": [], ""checked_instructions"": 7980, ""bindings"": 1, ""semantic_equivalence"": ""not checked at large width""}"
pr2578,pauli_layers_156_numeric,static: each control-flow region counted once,5457,flat circuit,,40.32675,"[41.61239, 40.080428, 40.335293, 40.32675, 40.224684]",pauli_layers,677798,10767,905e91331e0fb8c12acba82ad71df36377f3e5b23533e35cef4844d66c076e54,869431,numeric,8645,3519,936,5457,5126,0,"{""rz"": 5126, ""sx"": 3427, ""cz"": 936, ""x"": 92}",synthetic,16.502007,"[16.744314, 16.28159, 16.296886, 16.543624, 16.502007]",150.29296875,156,1778,exported,106.3099,"[106.210684, 106.3099, 106.358269, 106.395245, 105.898586]",ibm_sxz_cz,936,"{""kind"": ""native_contract_only"", ""passed"": true, ""errors"": [], ""checked_instructions"": 9581, ""bindings"": 1, ""semantic_equivalence"": ""not checked at large width""}"
pr2578,pauli_layers_156_numeric,static: each control-flow region counted once,3747,flat circuit,,22.818704,"[24.166184, 23.093906, 22.706686, 22.724239, 22.818704]",pauli_layers,677798,10767,905e91331e0fb8c12acba82ad71df36377f3e5b23533e35cef4844d66c076e54,567044,numeric,5619,1873,936,3747,3746,0,"{""rz"": 3746, ""rx"": 1873, ""rzz"": 936}",synthetic,16.603272,"[16.53388, 16.279782, 16.603272, 16.715225, 16.680409]",139.0625,156,1412,exported,87.552774,"[87.658791, 87.552774, 87.511638, 87.509542, 87.900648]",rxrz_rzz_unbounded,936,"{""kind"": ""native_contract_only"", ""passed"": true, ""errors"": [], ""checked_instructions"": 6555, ""bindings"": 1, ""semantic_equivalence"": ""not checked at large width""}"
pr2578,pauli_layers_156_symbolic,static: each control-flow region counted once,3747,flat circuit,,35.654944,"[37.011512, 35.530256, 35.654944, 35.839617, 35.407342]",pauli_layers,744365,10767,3fdf0b83917c0306e4ed62394122621c478767896d1a932370ebfbf2f52dfb5b,726091,symbolic,5617,1872,936,3747,3745,0,"{""rz"": 3745, ""rx"": 1872, ""rzz"": 936}",synthetic,17.044107,"[16.830201, 17.086908, 17.005291, 17.132587, 17.044107]",158.3125,156,3284,exported,117.874084,"[117.250656, 117.874084, 118.03567, 117.985493, 117.67186]",ibm_fractional_bounded,936,"{""kind"": ""native_contract_only"", ""passed"": true, ""errors"": [], ""checked_instructions"": 19659, ""bindings"": 3, ""semantic_equivalence"": ""not checked at large width""}"
pr2578,pauli_layers_156_symbolic,static: each control-flow region counted once,5150,flat circuit,,78.081739,"[78.081739, 77.800489, 78.349308, 78.179243, 77.950602]",pauli_layers,744365,10767,3fdf0b83917c0306e4ed62394122621c478767896d1a932370ebfbf2f52dfb5b,1137991,symbolic,5612,2183,936,5150,3429,0,"{""sx"": 2183, ""rz"": 3429, ""cx"": 936}",synthetic,16.989387,"[17.08406, 16.904586, 16.87385, 17.094571, 16.989387]",180.078125,156,10768,exported,157.58331,"[156.890058, 158.147425, 157.888096, 157.57043, 157.58331]",ibm_sxz_cx,936,"{""kind"": ""native_contract_only"", ""passed"": true, ""errors"": [], ""checked_instructions"": 19644, ""bindings"": 3, ""semantic_equivalence"": ""not checked at large width""}"
pr2578,pauli_layers_156_symbolic,static: each control-flow region counted once,4683,flat circuit,,81.970787,"[82.176548, 82.540151, 81.568448, 81.312047, 81.970787]",pauli_layers,744365,10767,3fdf0b83917c0306e4ed62394122621c478767896d1a932370ebfbf2f52dfb5b,1266703,symbolic,7488,3276,936,4683,4212,0,"{""sx"": 3276, ""rz"": 4212, ""cz"": 936}",synthetic,16.962539,"[17.594191, 16.747337, 16.862922, 16.962539, 17.011979]",191.171875,156,11239,exported,163.763525,"[162.757519, 163.992983, 163.444227, 163.875782, 163.763525]",ibm_sxz_cz,936,"{""kind"": ""native_contract_only"", ""passed"": true, ""errors"": [], ""checked_instructions"": 25272, ""bindings"": 3, ""semantic_equivalence"": ""not checked at large width""}"
pr2578,pauli_layers_156_symbolic,static: each control-flow region counted once,3747,flat circuit,,35.614592,"[36.551798, 35.508559, 35.550879, 35.6404, 35.614592]",pauli_layers,744365,10767,3fdf0b83917c0306e4ed62394122621c478767896d1a932370ebfbf2f52dfb5b,722793,symbolic,5619,1873,936,3747,3746,0,"{""rz"": 3746, ""rx"": 1873, ""rzz"": 936}",synthetic,16.880938,"[16.86865, 16.741898, 16.926154, 16.974923, 16.880938]",158.05078125,156,3278,exported,93.039593,"[92.424357, 93.218394, 93.022328, 93.039593, 93.224201]",rxrz_rzz_unbounded,936,"{""kind"": ""native_contract_only"", ""passed"": true, ""errors"": [], ""checked_instructions"": 19665, ""bindings"": 3, ""semantic_equivalence"": ""not checked at large width""}"
pr2578,pauli_layers_24_numeric,static: each control-flow region counted once,579,flat circuit,,3.182548,"[3.833336, 3.27239, 3.182548, 3.156948, 3.130181]",pauli_layers,100637,1659,b3ee3fbe412143c81b20f2779b6034de07493fbe3ab86b417f99b18d187fd46f,87852,numeric,867,289,144,579,578,0,"{""rz"": 578, ""rx"": 289, ""rzz"": 144}",synthetic,2.939235,"[2.939235, 2.825746, 3.609303, 2.977748, 2.844866]",122.35546875,24,226,exported,11.271065,"[11.374809, 11.287832, 11.249928, 11.271065, 11.267465]",ibm_fractional_bounded,144,"{""kind"": ""native_contract_only"", ""passed"": true, ""errors"": [], ""checked_instructions"": 1011, ""bindings"": 1, ""semantic_equivalence"": ""not checked at large width""}"
pr2578,pauli_layers_24_numeric,static: each control-flow region counted once,733,flat circuit,,4.498941,"[5.367427, 4.626238, 4.498941, 4.493053, 4.463836]",pauli_layers,100637,1659,b3ee3fbe412143c81b20f2779b6034de07493fbe3ab86b417f99b18d187fd46f,117614,numeric,1073,414,144,733,659,0,"{""sx"": 399, ""rz"": 659, ""x"": 15, ""cx"": 144}",synthetic,2.837682,"[2.953395, 2.758306, 2.776002, 2.928099, 2.837682]",122.97265625,24,293,exported,12.152351,"[12.212335, 12.140606, 12.151198, 12.192847, 12.152351]",ibm_sxz_cx,144,"{""kind"": ""native_contract_only"", ""passed"": true, ""errors"": [], ""checked_instructions"": 1217, ""bindings"": 1, ""semantic_equivalence"": ""not checked at large width""}"
pr2578,pauli_layers_24_numeric,static: each control-flow region counted once,831,flat circuit,,5.029552,"[5.82463, 5.135569, 4.992016, 5.021873, 5.029552]",pauli_layers,100637,1659,b3ee3fbe412143c81b20f2779b6034de07493fbe3ab86b417f99b18d187fd46f,129713,numeric,1300,532,144,831,768,0,"{""sx"": 520, ""rz"": 768, ""cz"": 144, ""x"": 12}",synthetic,2.829618,"[2.965779, 2.748353, 3.181349, 2.829618, 2.798258]",123.2265625,24,278,exported,12.663873,"[12.758162, 12.690049, 12.658498, 12.663873, 12.622946]",ibm_sxz_cz,144,"{""kind"": ""native_contract_only"", ""passed"": true, ""errors"": [], ""checked_instructions"": 1444, ""bindings"": 1, ""semantic_equivalence"": ""not checked at large width""}"
pr2578,pauli_layers_24_numeric,static: each control-flow region counted once,651,flat circuit,,7.799154,"[8.061076, 9.101051, 7.799154, 7.45096, 7.376336]",pauli_layers,100637,1659,b3ee3fbe412143c81b20f2779b6034de07493fbe3ab86b417f99b18d187fd46f,92664,numeric,939,361,144,651,578,0,"{""rz"": 578, ""gpi2"": 361, ""rzz"": 144}",synthetic,2.930243,"[2.930243, 2.814418, 3.103188, 3.351382, 2.80413]",130.86328125,24,221,exported,11.403561,"[11.443322, 11.396506, 11.404074, 11.403561, 11.390793]",ionq_fixed_r_zz,144,"{""kind"": ""native_contract_only"", ""passed"": true, ""errors"": [], ""checked_instructions"": 1083, ""bindings"": 1, ""semantic_equivalence"": ""not checked at large width""}"
pr2578,pauli_layers_24_numeric,static: each control-flow region counted once,291,flat circuit,,2.805314,"[3.439142, 2.905987, 2.805314, 2.780802, 2.759841]",pauli_layers,100637,1659,b3ee3fbe412143c81b20f2779b6034de07493fbe3ab86b417f99b18d187fd46f,84641,numeric,318,318,144,291,0,0,"{""r"": 318, ""cz"": 144}",synthetic,2.946579,"[3.062516, 2.754482, 3.540487, 2.946579, 2.800338]",121.91015625,24,406,exported,13.588839,"[13.696808, 13.588839, 13.590583, 13.564776, 13.561528]",iqm_r_cz,144,"{""kind"": ""native_contract_only"", ""passed"": true, ""errors"": [], ""checked_instructions"": 462, ""bindings"": 1, ""semantic_equivalence"": ""not checked at large width""}"
pr2578,pauli_layers_24_numeric,static: each control-flow region counted once,842,flat circuit,,8.486582,"[9.150027, 8.30271, 8.189253, 9.776911, 8.486582]",pauli_layers,100637,1659,b3ee3fbe412143c81b20f2779b6034de07493fbe3ab86b417f99b18d187fd46f,139642,numeric,1346,552,144,842,794,0,"{""rxpi2"": 535, ""rz"": 794, ""cz"": 144, ""rxpi"": 17}",synthetic,2.979187,"[2.979187, 2.770738, 3.190772, 2.842995, 3.326853]",124.125,24,301,exported,13.768313,"[13.846633, 13.770057, 13.750296, 13.768313, 13.710312]",rigetti_rx_cz,144,"{""kind"": ""native_contract_only"", ""passed"": true, ""errors"": [], ""checked_instructions"": 1490, ""bindings"": 1, ""semantic_equivalence"": ""not checked at large width""}"
pr2578,pauli_layers_24_numeric,static: each control-flow region counted once,579,flat circuit,,3.156437,"[3.793528, 3.233733, 3.156437, 3.143028, 3.133444]",pauli_layers,100637,1659,b3ee3fbe412143c81b20f2779b6034de07493fbe3ab86b417f99b18d187fd46f,85976,numeric,867,289,144,579,578,0,"{""rz"": 578, ""rx"": 289, ""rzz"": 144}",synthetic,2.831698,"[3.034995, 2.778706, 2.76085, 3.496199, 2.831698]",122.97265625,24,224,exported,10.342595,"[10.400564, 10.364099, 10.342595, 10.33149, 10.338082]",rxrz_rzz_unbounded,144,"{""kind"": ""native_contract_only"", ""passed"": true, ""errors"": [], ""checked_instructions"": 1011, ""bindings"": 1, ""semantic_equivalence"": ""not checked at large width""}"
pr2578,pauli_layers_24_symbolic,static: each control-flow region counted once,579,flat circuit,,4.730095,"[5.364355, 4.843071, 4.720894, 4.730095, 4.652798]",pauli_layers,110246,1659,5a645838571b562e2816e9a8f68f54772b5c3567c7d9abbfc5110c9b748a1424,110410,symbolic,865,288,144,579,577,0,"{""rz"": 577, ""rx"": 288, ""rzz"": 144}",synthetic,3.111956,"[3.111956, 2.869955, 2.949395, 3.305237, 3.470102]",125.88671875,24,512,exported,14.652015,"[14.693727, 14.697743, 14.584558, 14.652015, 14.614478]",ibm_fractional_bounded,144,"{""kind"": ""native_contract_only"", ""passed"": true, ""errors"": [], ""checked_instructions"": 3027, ""bindings"": 3, ""semantic_equivalence"": ""not checked at large width""}"
pr2578,pauli_layers_24_symbolic,static: each control-flow region counted once,794,flat circuit,,9.843343,"[10.773221, 10.133634, 9.843343, 9.726575, 9.692862]",pauli_layers,110246,1659,5a645838571b562e2816e9a8f68f54772b5c3567c7d9abbfc5110c9b748a1424,170626,symbolic,860,335,144,794,525,0,"{""sx"": 335, ""rz"": 525, ""cx"": 144}",synthetic,3.089588,"[3.089588, 2.918642, 3.251766, 2.93621, 3.366486]",127.85546875,24,1660,exported,19.498797,"[19.556909, 19.52011, 19.498797, 19.451822, 19.493934]",ibm_sxz_cx,144,"{""kind"": ""native_contract_only"", ""passed"": true, ""errors"": [], ""checked_instructions"": 3012, ""bindings"": 3, ""semantic_equivalence"": ""not checked at large width""}"
pr2578,pauli_layers_24_symbolic,static: each control-flow region counted once,723,flat circuit,,10.195841,"[11.0794, 10.195841, 10.011041, 10.28589, 10.171474]",pauli_layers,110246,1659,5a645838571b562e2816e9a8f68f54772b5c3567c7d9abbfc5110c9b748a1424,189947,symbolic,1152,504,144,723,648,0,"{""sx"": 504, ""rz"": 648, ""cz"": 144}",synthetic,3.096516,"[3.096516, 2.841938, 2.947139, 3.272773, 3.496791]",129.09375,24,1735,exported,20.5333,"[20.649717, 20.490276, 20.547477, 20.515348, 20.5333]",ibm_sxz_cz,144,"{""kind"": ""native_contract_only"", ""passed"": true, ""errors"": [], ""checked_instructions"": 3888, ""bindings"": 3, ""semantic_equivalence"": ""not checked at large width""}"
pr2578,pauli_layers_24_symbolic,static: each control-flow region counted once,651,flat circuit,,10.939575,"[11.15628, 12.472432, 10.939575, 10.594068, 10.608516]",pauli_layers,110246,1659,5a645838571b562e2816e9a8f68f54772b5c3567c7d9abbfc5110c9b748a1424,131078,symbolic,939,361,144,651,578,0,"{""gpi2"": 361, ""rz"": 578, ""rzz"": 144}",synthetic,3.218325,"[3.113125, 3.239509, 3.247812, 3.218325, 2.911011]",135.20703125,24,868,exported,13.067349,"[13.079076, 13.095829, 13.067349, 13.061589, 13.056196]",ionq_fixed_r_zz,144,"{""kind"": ""native_contract_only"", ""passed"": true, ""errors"": [], ""checked_instructions"": 3249, ""bindings"": 3, ""semantic_equivalence"": ""not checked at large width""}"
pr2578,pauli_layers_24_symbolic,static: each control-flow region counted once,363,flat circuit,,3.420182,"[4.170715, 3.554631, 3.420182, 3.414518, 3.386902]",pauli_layers,110246,1659,5a645838571b562e2816e9a8f68f54772b5c3567c7d9abbfc5110c9b748a1424,89887,symbolic,384,384,144,363,0,0,"{""r"": 384, ""cz"": 144}",synthetic,3.13034,"[3.13034, 2.824498, 2.897859, 3.571719, 3.224165]",122.46875,24,169,exported,14.152395,"[14.200923, 14.188107, 14.100987, 14.133148, 14.152395]",iqm_r_cz,144,"{""kind"": ""native_contract_only"", ""passed"": true, ""errors"": [], ""checked_instructions"": 1584, ""bindings"": 3, ""semantic_equivalence"": ""not checked at large width""}"
pr2578,pauli_layers_24_symbolic,static: each control-flow region counted once,723,flat circuit,,13.356918,"[13.842793, 12.991876, 13.136724, 15.20797, 13.356918]",pauli_layers,110246,1659,5a645838571b562e2816e9a8f68f54772b5c3567c7d9abbfc5110c9b748a1424,194428,symbolic,1152,504,144,723,648,0,"{""rxpi2"": 504, ""rz"": 648, ""cz"": 144}",synthetic,3.177125,"[3.177125, 2.912499, 2.89301, 3.599159, 3.232629]",129.1640625,24,1735,exported,21.061448,"[21.115992, 21.055096, 21.061448, 21.218073, 21.019912]",rigetti_rx_cz,144,"{""kind"": ""native_contract_only"", ""passed"": true, ""errors"": [], ""checked_instructions"": 3888, ""bindings"": 3, ""semantic_equivalence"": ""not checked at large width""}"
pr2578,pauli_layers_24_symbolic,static: each control-flow region counted once,579,flat circuit,,4.732542,"[5.39685, 4.802591, 4.697039, 4.732542, 4.65059]",pauli_layers,110246,1659,5a645838571b562e2816e9a8f68f54772b5c3567c7d9abbfc5110c9b748a1424,109490,symbolic,867,289,144,579,578,0,"{""rz"": 578, ""rx"": 289, ""rzz"": 144}",synthetic,3.160628,"[3.160628, 2.882675, 2.907011, 3.596375, 3.20594]",126.1171875,24,506,exported,11.141288,"[11.275977, 11.185272, 11.141288, 11.140696, 11.133767]",rxrz_rzz_unbounded,144,"{""kind"": ""native_contract_only"", ""passed"": true, ""errors"": [], ""checked_instructions"": 3033, ""bindings"": 3, ""semantic_equivalence"": ""not checked at large width""}"
pr2578,pauli_layers_36_numeric,static: each control-flow region counted once,867,flat circuit,,4.805054,"[5.532771, 4.876752, 4.805054, 4.744783, 4.766318]",pauli_layers,152234,2487,d943cb4b5413fddd1c099521ad0384268d3e8d081560c2a18eb3b13f4092d0a0,131668,numeric,1299,433,216,867,866,0,"{""rz"": 866, ""rx"": 433, ""rzz"": 216}",synthetic,4.060794,"[4.141099, 4.652638, 3.963545, 4.060794, 3.955625]",124.33203125,36,334,exported,17.33451,"[17.388783, 17.365791, 17.33451, 17.311839, 17.288014]",ibm_fractional_bounded,216,"{""kind"": ""native_contract_only"", ""passed"": true, ""errors"": [], ""checked_instructions"": 1515, ""bindings"": 1, ""semantic_equivalence"": ""not checked at large width""}"
pr2578,pauli_layers_36_numeric,static: each control-flow region counted once,1118,flat circuit,,7.019484,"[7.995507, 7.153885, 6.987661, 7.011501, 7.019484]",pauli_layers,152234,2487,d943cb4b5413fddd1c099521ad0384268d3e8d081560c2a18eb3b13f4092d0a0,182287,numeric,1678,650,216,1118,1028,0,"{""sx"": 631, ""rz"": 1028, ""cx"": 216, ""x"": 19}",synthetic,4.155866,"[4.087946, 4.29566, 4.407228, 4.155866, 3.964729]",124.59765625,36,461,exported,18.53231,"[18.634823, 18.53231, 18.50671, 18.605494, 18.49183]",ibm_sxz_cx,216,"{""kind"": ""native_contract_only"", ""passed"": true, ""errors"": [], ""checked_instructions"": 1894, ""bindings"": 1, ""semantic_equivalence"": ""not checked at large width""}"
pr2578,pauli_layers_36_numeric,static: each control-flow region counted once,1269,flat circuit,,8.105076,"[9.223579, 8.301461, 8.105076, 8.078899, 8.103156]",pauli_layers,152234,2487,d943cb4b5413fddd1c099521ad0384268d3e8d081560c2a18eb3b13f4092d0a0,202877,numeric,2033,829,216,1269,1204,0,"{""rz"": 1204, ""sx"": 805, ""cz"": 216, ""x"": 24}",synthetic,4.108154,"[4.108154, 3.856985, 4.371084, 4.560269, 3.953689]",129.4765625,36,466,exported,19.809406,"[19.809406, 19.660925, 20.104912, 19.868734, 19.76083]",ibm_sxz_cz,216,"{""kind"": ""native_contract_only"", ""passed"": true, ""errors"": [], ""checked_instructions"": 2249, ""bindings"": 1, ""semantic_equivalence"": ""not checked at large width""}"
pr2578,pauli_layers_36_numeric,static: each control-flow region counted once,975,flat circuit,,11.29708,"[13.372229, 11.648875, 11.29708, 11.235911, 11.170872]",pauli_layers,152234,2487,d943cb4b5413fddd1c099521ad0384268d3e8d081560c2a18eb3b13f4092d0a0,139330,numeric,1407,541,216,975,866,0,"{""gpi2"": 541, ""rz"": 866, ""rzz"": 216}",synthetic,4.093418,"[4.093418, 3.893625, 4.213547, 4.537917, 3.993546]",133.546875,36,329,exported,17.369487,"[17.429119, 17.375742, 17.369487, 17.346719, 17.261358]",ionq_fixed_r_zz,216,"{""kind"": ""native_contract_only"", ""passed"": true, ""errors"": [], ""checked_instructions"": 1623, ""bindings"": 1, ""semantic_equivalence"": ""not checked at large width""}"
pr2578,pauli_layers_36_numeric,static: each control-flow region counted once,441,flat circuit,,4.332956,"[5.19685, 4.502044, 4.3187, 4.332956, 4.331163]",pauli_layers,152234,2487,d943cb4b5413fddd1c099521ad0384268d3e8d081560c2a18eb3b13f4092d0a0,131617,numeric,479,479,216,441,0,0,"{""r"": 479, ""cz"": 216}",synthetic,4.083466,"[4.083466, 3.873657, 4.281403, 4.560909, 3.955353]",123.84375,36,689,exported,21.258488,"[21.462857, 21.258488, 21.255544, 21.237704, 21.322952]",iqm_r_cz,216,"{""kind"": ""native_contract_only"", ""passed"": true, ""errors"": [], ""checked_instructions"": 695, ""bindings"": 1, ""semantic_equivalence"": ""not checked at large width""}"
pr2578,pauli_layers_36_numeric,static: each control-flow region counted once,1267,flat circuit,,13.079988,"[13.730231, 14.455596, 13.079988, 12.87293, 12.732737]",pauli_layers,152234,2487,d943cb4b5413fddd1c099521ad0384268d3e8d081560c2a18eb3b13f4092d0a0,213108,numeric,2032,830,216,1267,1202,0,"{""rxpi2"": 810, ""rz"": 1202, ""cz"": 216, ""rxpi"": 20}",synthetic,4.122474,"[4.122474, 4.612925, 4.235547, 3.979178, 3.946473]",129.65625,36,493,exported,20.989926,"[21.190104, 21.11007, 20.987334, 20.989926, 20.956502]",rigetti_rx_cz,216,"{""kind"": ""native_contract_only"", ""passed"": true, ""errors"": [], ""checked_instructions"": 2248, ""bindings"": 1, ""semantic_equivalence"": ""not checked at large width""}"
pr2578,pauli_layers_36_numeric,static: each control-flow region counted once,867,flat circuit,,4.851727,"[5.569396, 4.926527, 4.851727, 4.845935, 4.804223]",pauli_layers,152234,2487,d943cb4b5413fddd1c099521ad0384268d3e8d081560c2a18eb3b13f4092d0a0,129106,numeric,1299,433,216,867,866,0,"{""rz"": 866, ""rx"": 433, ""rzz"": 216}",synthetic,4.06073,"[4.06073, 3.861641, 4.020954, 4.271451, 4.537501]",124.2890625,36,332,exported,15.754229,"[15.825237, 15.76066, 15.658851, 15.7265, 15.754229]",rxrz_rzz_unbounded,216,"{""kind"": ""native_contract_only"", ""passed"": true, ""errors"": [], ""checked_instructions"": 1515, ""bindings"": 1, ""semantic_equivalence"": ""not checked at large width""}"
pr2578,pauli_layers_36_symbolic,static: each control-flow region counted once,867,flat circuit,,7.224334,"[7.955363, 7.267774, 7.224334, 7.18251, 7.068077]",pauli_layers,166718,2487,62ba9b0f43804b419df42ad8e7a2deb3e3221e26faf17aead2019daa10bb1110,166114,symbolic,1297,432,216,867,865,0,"{""rz"": 865, ""rx"": 432, ""rzz"": 216}",synthetic,4.242859,"[4.242859, 4.063914, 4.418492, 4.609917, 4.104603]",127.40625,36,764,exported,22.110253,"[22.193533, 22.098509, 22.110253, 22.117901, 22.082797]",ibm_fractional_bounded,216,"{""kind"": ""native_contract_only"", ""passed"": true, ""errors"": [], ""checked_instructions"": 4539, ""bindings"": 3, ""semantic_equivalence"": ""not checked at large width""}"
pr2578,pauli_layers_36_symbolic,static: each control-flow region counted once,1190,flat circuit,,15.457634,"[15.832309, 15.457634, 15.68698, 15.268801, 15.149185]",pauli_layers,166718,2487,62ba9b0f43804b419df42ad8e7a2deb3e3221e26faf17aead2019daa10bb1110,257206,symbolic,1292,503,216,1190,789,0,"{""sx"": 503, ""rz"": 789, ""cx"": 216}",synthetic,4.278971,"[4.278971, 4.047322, 4.171403, 4.489884, 4.675262]",130.15625,36,2488,exported,30.096784,"[30.348225, 30.096784, 30.083776, 30.144256, 30.028384]",ibm_sxz_cx,216,"{""kind"": ""native_contract_only"", ""passed"": true, ""errors"": [], ""checked_instructions"": 4524, ""bindings"": 3, ""semantic_equivalence"": ""not checked at large width""}"
pr2578,pauli_layers_36_symbolic,static: each control-flow region counted once,1083,flat circuit,,15.70178,"[16.322504, 15.96167, 15.70178, 15.487651, 15.648196]",pauli_layers,166718,2487,62ba9b0f43804b419df42ad8e7a2deb3e3221e26faf17aead2019daa10bb1110,286064,symbolic,1728,756,216,1083,972,0,"{""sx"": 756, ""rz"": 972, ""cz"": 216}",synthetic,4.208939,"[4.642237, 4.497485, 4.208939, 4.11761, 4.074138]",131.8671875,36,2599,exported,31.431561,"[31.431561, 31.384136, 31.484361, 31.487817, 31.316023]",ibm_sxz_cz,216,"{""kind"": ""native_contract_only"", ""passed"": true, ""errors"": [], ""checked_instructions"": 5832, ""bindings"": 3, ""semantic_equivalence"": ""not checked at large width""}"
pr2578,pauli_layers_36_symbolic,static: each control-flow region counted once,975,flat circuit,,16.171911,"[18.349685, 16.515273, 16.171911, 16.012695, 16.115222]",pauli_layers,166718,2487,62ba9b0f43804b419df42ad8e7a2deb3e3221e26faf17aead2019daa10bb1110,197186,symbolic,1407,541,216,975,866,0,"{""gpi2"": 541, ""rz"": 866, ""rzz"": 216}",synthetic,4.412076,"[4.621917, 4.422221, 4.412076, 4.062954, 4.093034]",140.703125,36,1300,exported,19.967775,"[19.970847, 20.002928, 19.953856, 19.967775, 19.945167]",ionq_fixed_r_zz,216,"{""kind"": ""native_contract_only"", ""passed"": true, ""errors"": [], ""checked_instructions"": 4869, ""bindings"": 3, ""semantic_equivalence"": ""not checked at large width""}"
pr2578,pauli_layers_36_symbolic,static: each control-flow region counted once,543,flat circuit,,5.209729,"[5.993079, 5.341698, 5.209729, 5.203233, 5.130593]",pauli_layers,166718,2487,62ba9b0f43804b419df42ad8e7a2deb3e3221e26faf17aead2019daa10bb1110,134587,symbolic,576,576,216,543,0,0,"{""r"": 576, ""cz"": 216}",synthetic,4.35678,"[4.35678, 4.421996, 4.68459, 4.166138, 4.110347]",126.11328125,36,241,exported,21.543769,"[21.710698, 21.641882, 21.512921, 21.543769, 21.492969]",iqm_r_cz,216,"{""kind"": ""native_contract_only"", ""passed"": true, ""errors"": [], ""checked_instructions"": 2376, ""bindings"": 3, ""semantic_equivalence"": ""not checked at large width""}"
pr2578,pauli_layers_36_symbolic,static: each control-flow region counted once,1083,flat circuit,,20.041616,"[20.45429, 20.041616, 22.121357, 19.917311, 19.840655]",pauli_layers,166718,2487,62ba9b0f43804b419df42ad8e7a2deb3e3221e26faf17aead2019daa10bb1110,292540,symbolic,1728,756,216,1083,972,0,"{""rxpi2"": 756, ""rz"": 972, ""cz"": 216}",synthetic,4.201098,"[4.302587, 4.749967, 4.201098, 4.103866, 4.088634]",132.65625,36,2599,exported,32.500655,"[32.591184, 32.497599, 32.547615, 32.500655, 32.399406]",rigetti_rx_cz,216,"{""kind"": ""native_contract_only"", ""passed"": true, ""errors"": [], ""checked_instructions"": 5832, ""bindings"": 3, ""semantic_equivalence"": ""not checked at large width""}"
pr2578,pauli_layers_36_symbolic,static: each control-flow region counted once,867,flat circuit,,7.214318,"[8.030148, 7.336862, 7.214318, 7.16851, 7.154606]",pauli_layers,166718,2487,62ba9b0f43804b419df42ad8e7a2deb3e3221e26faf17aead2019daa10bb1110,164978,symbolic,1299,433,216,867,866,0,"{""rz"": 866, ""rx"": 433, ""rzz"": 216}",synthetic,4.28166,"[4.28166, 4.673357, 4.394508, 4.127563, 4.101226]",127.30859375,36,758,exported,16.822668,"[16.875164, 16.91822, 16.798075, 16.822668, 16.785563]",rxrz_rzz_unbounded,216,"{""kind"": ""native_contract_only"", ""passed"": true, ""errors"": [], ""checked_instructions"": 4545, ""bindings"": 3, ""semantic_equivalence"": ""not checked at large width""}"
pr2578,pauli_layers_54_numeric,static: each control-flow region counted once,1299,flat circuit,,7.22323,"[8.303732, 7.441327, 7.22323, 7.173709, 7.219966]",pauli_layers,229526,3729,99fac0fe767254821129571e4c009df2df56569ed7b6e2edba05c190ba22805d,197939,numeric,1947,649,324,1299,1298,0,"{""rz"": 1298, ""rx"": 649, ""rzz"": 324}",synthetic,5.66306,"[5.886277, 6.509705, 5.639252, 5.66306, 5.626771]",129.74609375,54,496,exported,26.888202,"[26.986219, 26.889274, 26.888202, 26.83817, 26.817754]",ibm_fractional_bounded,324,"{""kind"": ""native_contract_only"", ""passed"": true, ""errors"": [], ""checked_instructions"": 2271, ""bindings"": 1, ""semantic_equivalence"": ""not checked at large width""}"
pr2578,pauli_layers_54_numeric,static: each control-flow region counted once,1656,flat circuit,,10.896132,"[12.159133, 11.166087, 10.896132, 10.775797, 10.868868]",pauli_layers,229526,3729,99fac0fe767254821129571e4c009df2df56569ed7b6e2edba05c190ba22805d,271635,numeric,2482,959,324,1656,1523,0,"{""rz"": 1523, ""sx"": 929, ""cx"": 324, ""x"": 30}",synthetic,5.713605,"[5.846932, 6.522745, 5.666196, 5.680067, 5.713605]",131.58203125,54,672,exported,28.90071,"[29.002295, 28.90071, 28.9754, 28.79215, 28.894951]",ibm_sxz_cx,324,"{""kind"": ""native_contract_only"", ""passed"": true, ""errors"": [], ""checked_instructions"": 2806, ""bindings"": 1, ""semantic_equivalence"": ""not checked at large width""}"
pr2578,pauli_layers_54_numeric,static: each control-flow region counted once,1892,flat circuit,,12.23219,"[13.642822, 12.34667, 12.096205, 12.142124, 12.23219]",pauli_layers,229526,3729,99fac0fe767254821129571e4c009df2df56569ed7b6e2edba05c190ba22805d,301909,numeric,2991,1217,324,1892,1774,0,"{""rz"": 1774, ""sx"": 1191, ""cz"": 324, ""x"": 26}",synthetic,5.879829,"[5.879829, 5.950518, 6.125239, 5.653891, 5.637364]",132.34375,54,692,exported,30.319583,"[30.319583, 30.537713, 30.171999, 30.444384, 30.298224]",ibm_sxz_cz,324,"{""kind"": ""native_contract_only"", ""passed"": true, ""errors"": [], ""checked_instructions"": 3315, ""bindings"": 1, ""semantic_equivalence"": ""not checked at large width""}"
pr2578,pauli_layers_54_numeric,static: each control-flow region counted once,1461,flat circuit,,17.393166,"[19.306474, 17.393166, 16.899755, 17.748656, 17.031628]",pauli_layers,229526,3729,99fac0fe767254821129571e4c009df2df56569ed7b6e2edba05c190ba22805d,209613,numeric,2109,811,324,1461,1298,0,"{""gpi2"": 811, ""rz"": 1298, ""rzz"": 324}",synthetic,5.814197,"[5.814197, 6.098647, 6.349576, 5.771076, 5.722853]",144.3359375,54,491,exported,27.096428,"[27.126412, 27.096428, 27.188204, 27.001834, 27.091979]",ionq_fixed_r_zz,324,"{""kind"": ""native_contract_only"", ""passed"": true, ""errors"": [], ""checked_instructions"": 2433, ""bindings"": 1, ""semantic_equivalence"": ""not checked at large width""}"
pr2578,pauli_layers_54_numeric,static: each control-flow region counted once,657,flat circuit,,6.60537,"[7.853714, 6.780283, 6.60537, 6.556825, 6.593786]",pauli_layers,229526,3729,99fac0fe767254821129571e4c009df2df56569ed7b6e2edba05c190ba22805d,195857,numeric,727,727,324,657,0,0,"{""r"": 727, ""cz"": 324}",synthetic,5.68274,"[5.903158, 5.604787, 6.512761, 5.68274, 5.617748]",125.8046875,54,981,exported,33.133218,"[33.219922, 33.133218, 33.058593, 33.168529, 33.126049]",iqm_r_cz,324,"{""kind"": ""native_contract_only"", ""passed"": true, ""errors"": [], ""checked_instructions"": 1051, ""bindings"": 1, ""semantic_equivalence"": ""not checked at large width""}"
pr2578,pauli_layers_54_numeric,static: each control-flow region counted once,1893,flat circuit,,19.429131,"[21.832698, 19.690108, 19.21113, 19.197481, 19.429131]",pauli_layers,229526,3729,99fac0fe767254821129571e4c009df2df56569ed7b6e2edba05c190ba22805d,318221,numeric,3033,1233,324,1893,1800,0,"{""rxpi2"": 1207, ""rz"": 1800, ""cz"": 324, ""rxpi"": 26}",synthetic,5.787429,"[6.153159, 6.122822, 5.787429, 5.704692, 5.582724]",136.7265625,54,710,exported,32.64107,"[32.743135, 32.652686, 32.606447, 32.533166, 32.64107]",rigetti_rx_cz,324,"{""kind"": ""native_contract_only"", ""passed"": true, ""errors"": [], ""checked_instructions"": 3357, ""bindings"": 1, ""semantic_equivalence"": ""not checked at large width""}"
pr2578,pauli_layers_54_numeric,static: each control-flow region counted once,1299,flat circuit,,7.253614,"[8.370645, 7.427375, 7.253614, 7.143005, 7.244222]",pauli_layers,229526,3729,99fac0fe767254821129571e4c009df2df56569ed7b6e2edba05c190ba22805d,194336,numeric,1947,649,324,1299,1298,0,"{""rz"": 1298, ""rx"": 649, ""rzz"": 324}",synthetic,5.72682,"[5.840741, 6.602394, 5.650708, 5.72682, 5.651892]",129.71484375,54,494,exported,24.400634,"[24.615115, 24.400634, 24.381994, 24.429131, 24.396554]",rxrz_rzz_unbounded,324,"{""kind"": ""native_contract_only"", ""passed"": true, ""errors"": [], ""checked_instructions"": 2271, ""bindings"": 1, ""semantic_equivalence"": ""not checked at large width""}"
pr2578,pauli_layers_54_symbolic,static: each control-flow region counted once,1299,flat circuit,,11.238055,"[12.146765, 11.307975, 11.194583, 11.096502, 11.238055]",pauli_layers,252002,3729,22513b39c1cc9c03635c6298b1c315a46ffa0dc74c76a12d37c8a8e18003197f,249572,symbolic,1945,648,324,1299,1297,0,"{""rz"": 1297, ""rx"": 648, ""rzz"": 324}",synthetic,5.870661,"[6.37876, 5.804885, 6.436376, 5.870661, 5.862389]",138.41015625,54,1141,exported,34.329112,"[34.329112, 34.346233, 34.363273, 34.196808, 34.23476]",ibm_fractional_bounded,324,"{""kind"": ""native_contract_only"", ""passed"": true, ""errors"": [], ""checked_instructions"": 6807, ""bindings"": 3, ""semantic_equivalence"": ""not checked at large width""}"
pr2578,pauli_layers_54_symbolic,static: each control-flow region counted once,1784,flat circuit,,24.276138,"[24.758172, 24.276138, 24.46961, 24.217321, 24.239929]",pauli_layers,252002,3729,22513b39c1cc9c03635c6298b1c315a46ffa0dc74c76a12d37c8a8e18003197f,386626,symbolic,1940,755,324,1784,1185,0,"{""sx"": 755, ""rz"": 1185, ""cx"": 324}",synthetic,6.050487,"[6.050487, 6.624954, 5.879237, 6.242935, 5.958422]",142.828125,54,3730,exported,46.970265,"[47.022905, 46.970265, 47.067497, 46.797688, 46.920665]",ibm_sxz_cx,324,"{""kind"": ""native_contract_only"", ""passed"": true, ""errors"": [], ""checked_instructions"": 6792, ""bindings"": 3, ""semantic_equivalence"": ""not checked at large width""}"
pr2578,pauli_layers_54_symbolic,static: each control-flow region counted once,1623,flat circuit,,24.770172,"[25.363952, 24.911886, 24.770172, 24.620972, 24.628683]",pauli_layers,252002,3729,22513b39c1cc9c03635c6298b1c315a46ffa0dc74c76a12d37c8a8e18003197f,429760,symbolic,2592,1134,324,1623,1458,0,"{""sx"": 1134, ""rz"": 1458, ""cz"": 324}",synthetic,5.841317,"[5.930549, 6.69177, 5.813157, 5.841317, 5.769797]",144.7265625,54,3895,exported,49.049814,"[49.09655, 49.049814, 49.054022, 48.986678, 48.977781]",ibm_sxz_cz,324,"{""kind"": ""native_contract_only"", ""passed"": true, ""errors"": [], ""checked_instructions"": 8748, ""bindings"": 3, ""semantic_equivalence"": ""not checked at large width""}"
pr2578,pauli_layers_54_symbolic,static: each control-flow region counted once,1461,flat circuit,,24.914318,"[27.064411, 24.812541, 24.633435, 26.110501, 24.914318]",pauli_layers,252002,3729,22513b39c1cc9c03635c6298b1c315a46ffa0dc74c76a12d37c8a8e18003197f,296330,symbolic,2109,811,324,1461,1298,0,"{""gpi2"": 811, ""rz"": 1298, ""rzz"": 324}",synthetic,5.975941,"[5.975941, 5.867957, 6.205144, 6.411928, 5.892021]",158.91796875,54,1948,exported,30.937907,"[30.937907, 31.115028, 30.818307, 30.984468, 30.864323]",ionq_fixed_r_zz,324,"{""kind"": ""native_contract_only"", ""passed"": true, ""errors"": [], ""checked_instructions"": 7299, ""bindings"": 3, ""semantic_equivalence"": ""not checked at large width""}"
pr2578,pauli_layers_54_symbolic,static: each control-flow region counted once,813,flat circuit,,7.91109,"[8.764327, 8.061187, 7.91109, 7.822177, 7.82269]",pauli_layers,252002,3729,22513b39c1cc9c03635c6298b1c315a46ffa0dc74c76a12d37c8a8e18003197f,202329,symbolic,864,864,324,813,0,0,"{""r"": 864, ""cz"": 324}",synthetic,5.884886,"[6.3494, 6.380313, 5.837716, 5.884886, 5.835492]",127.1171875,54,349,exported,33.602596,"[33.602596, 33.552292, 33.777174, 33.504052, 33.661365]",iqm_r_cz,324,"{""kind"": ""native_contract_only"", ""passed"": true, ""errors"": [], ""checked_instructions"": 3564, ""bindings"": 3, ""semantic_equivalence"": ""not checked at large width""}"
pr2578,pauli_layers_54_symbolic,static: each control-flow region counted once,1623,flat circuit,,31.455815,"[31.455815, 32.906176, 31.495287, 31.107668, 31.161973]",pauli_layers,252002,3729,22513b39c1cc9c03635c6298b1c315a46ffa0dc74c76a12d37c8a8e18003197f,439258,symbolic,2592,1134,324,1623,1458,0,"{""rxpi2"": 1134, ""rz"": 1458, ""cz"": 324}",synthetic,5.965766,"[5.965766, 6.158455, 6.493033, 5.943845, 5.822053]",149.47265625,54,3895,exported,50.816017,"[50.850849, 50.943586, 50.796289, 50.816017, 50.739473]",rigetti_rx_cz,324,"{""kind"": ""native_contract_only"", ""passed"": true, ""errors"": [], ""checked_instructions"": 8748, ""bindings"": 3, ""semantic_equivalence"": ""not checked at large width""}"
pr2578,pauli_layers_54_symbolic,static: each control-flow region counted once,1299,flat circuit,,11.279863,"[12.154205, 11.359111, 11.126711, 11.053622, 11.279863]",pauli_layers,252002,3729,22513b39c1cc9c03635c6298b1c315a46ffa0dc74c76a12d37c8a8e18003197f,248192,symbolic,1947,649,324,1299,1298,0,"{""rz"": 1298, ""rx"": 649, ""rzz"": 324}",synthetic,6.054982,"[6.054982, 5.851749, 6.597946, 6.218103, 5.881861]",138.4296875,54,1136,exported,26.28047,"[26.373783, 26.28047, 26.237797, 26.310103, 26.219558]",rxrz_rzz_unbounded,324,"{""kind"": ""native_contract_only"", ""passed"": true, ""errors"": [], ""checked_instructions"": 6813, ""bindings"": 3, ""semantic_equivalence"": ""not checked at large width""}"
