revision,case,count_semantics,depth,depth_semantics,error,export_ms,export_samples_ms,family,input_bytes,input_quantum_ops,input_sha256,ir_bytes,mode,native_1q,native_1q_non_rz,native_2q,native_depth,native_rz,native_wide,operation_counts,origin,parse_ms,parse_samples_ms,peak_rss_mib,qubits,scalar_ops,status,synthesis_ms,synthesis_samples_ms,target,two_qubit_depth,validation
main,core_bv_104,,,,"__init__(): incompatible function arguments. The following argument types are supported:
    1. __init__(self, name: str, arity: mqt.core.mlir.CompilerTarget.OperationArity, num_parameters: int, site_tuples: collections.abc.Sequence[mqt.core.mlir.CompilerTarget.SiteTuple] | None = None, duration: int | None = None, fidelity: float | None = None, *, fixed_parameters: collections.abc.Sequence[float | None] = [], canonical_name: str | None = None) -> None
    2. __init__(self, name: str, arity: int, num_parameters: int, site_tuples: collections.abc.Sequence[mqt.core.mlir.CompilerTarget.SiteTuple] | None = None, duration: int | None = None, fidelity: float | None = None, *, fixed_parameters: collections.abc.Sequence[float | None] = [], canonical_name: str | None = None) -> None

Invoked with types: mqt.core.mlir.OperationCapability, kwargs = { name: str, arity: int, num_parameters: int, parameter_bounds: list }",,,bv,163993,3614,2f87f82eadbe29dc7fdb661e49e8ad43141df5ae5c24fb5a9507c08f2aa745d5,,numeric,,,,,,,,core,4.468791,"[4.773001, 4.468791, 4.476006, 4.292421, 4.196757]",70.19921875,104,,target_unsupported,,,ibm_fractional_bounded,,
main,core_bv_104,static: each control-flow region counted once,315,flat circuit,,2.882969,"[3.593583, 3.006186, 2.882969, 2.849913, 2.846936]",bv,163993,3614,2f87f82eadbe29dc7fdb661e49e8ad43141df5ae5c24fb5a9507c08f2aa745d5,72500,numeric,574,209,52,314,365,0,"{""x"": 1, ""rz"": 365, ""sx"": 208, ""cx"": 52, ""measure"": 103}",core,4.380598,"[4.380598, 4.197813, 4.469846, 4.705625, 4.257525]",126.07421875,104,108,exported,21.279305,"[21.346808, 21.302136, 21.20932, 21.279305, 21.236872]",ibm_sxz_cx,52,"{""kind"": ""native_contract_only"", ""passed"": true, ""errors"": [], ""checked_instructions"": 729, ""bindings"": 1, ""semantic_equivalence"": ""not checked at large width""}"
main,core_bv_104,static: each control-flow region counted once,59,flat circuit,,2.200851,"[2.900473, 2.279684, 2.200851, 2.198851, 2.160083]",bv,163993,3614,2f87f82eadbe29dc7fdb661e49e8ad43141df5ae5c24fb5a9507c08f2aa745d5,57649,numeric,313,105,52,58,208,0,"{""x"": 1, ""rz"": 208, ""sx"": 104, ""cz"": 52, ""measure"": 103}",core,4.512631,"[4.512631, 4.683913, 4.519479, 4.267157, 4.233044]",122.546875,104,104,exported,20.190719,"[20.276335, 20.190719, 20.153663, 20.234063, 20.151375]",ibm_sxz_cz,52,"{""kind"": ""native_contract_only"", ""passed"": true, ""errors"": [], ""checked_instructions"": 468, ""bindings"": 1, ""semantic_equivalence"": ""not checked at large width""}"
main,core_bv_104,static: each control-flow region counted once,113,flat circuit,,2.518086,"[3.241948, 2.758312, 2.518086, 2.498918, 2.481717]",bv,163993,3614,2f87f82eadbe29dc7fdb661e49e8ad43141df5ae5c24fb5a9507c08f2aa745d5,64637,numeric,521,313,52,112,208,0,"{""rx"": 313, ""rz"": 208, ""rzz"": 52, ""measure"": 103}",core,4.321605,"[4.82833, 4.618632, 4.321605, 4.274997, 4.222565]",128.015625,104,108,exported,20.565154,"[20.679731, 20.584242, 20.565154, 20.515298, 20.512673]",rxrz_rzz_unbounded,52,"{""kind"": ""native_contract_only"", ""passed"": true, ""errors"": [], ""checked_instructions"": 676, ""bindings"": 1, ""semantic_equivalence"": ""not checked at large width""}"
main,core_bv_156,,,,"__init__(): incompatible function arguments. The following argument types are supported:
    1. __init__(self, name: str, arity: mqt.core.mlir.CompilerTarget.OperationArity, num_parameters: int, site_tuples: collections.abc.Sequence[mqt.core.mlir.CompilerTarget.SiteTuple] | None = None, duration: int | None = None, fidelity: float | None = None, *, fixed_parameters: collections.abc.Sequence[float | None] = [], canonical_name: str | None = None) -> None
    2. __init__(self, name: str, arity: int, num_parameters: int, site_tuples: collections.abc.Sequence[mqt.core.mlir.CompilerTarget.SiteTuple] | None = None, duration: int | None = None, fidelity: float | None = None, *, fixed_parameters: collections.abc.Sequence[float | None] = [], canonical_name: str | None = None) -> None

Invoked with types: mqt.core.mlir.OperationCapability, kwargs = { name: str, arity: int, num_parameters: int, parameter_bounds: list }",,,bv,248777,5434,38e2413836e6c5fdc49d5937fd6146ccdca0f49645301e6b446652a95ce33bbe,,numeric,,,,,,,,core,6.169887,"[6.285888, 6.976501, 6.085759, 6.169887, 6.147183]",68.3359375,156,,target_unsupported,,,ibm_fractional_bounded,,
main,core_bv_156,static: each control-flow region counted once,471,flat circuit,,4.440994,"[5.353433, 4.538339, 4.440994, 4.362385, 4.364321]",bv,248777,5434,38e2413836e6c5fdc49d5937fd6146ccdca0f49645301e6b446652a95ce33bbe,108830,numeric,860,313,78,470,547,0,"{""x"": 1, ""rz"": 547, ""sx"": 312, ""cx"": 78, ""measure"": 155}",core,6.239216,"[6.239216, 6.675971, 6.385649, 6.165087, 6.153023]",129.30859375,156,160,exported,39.250668,"[39.251244, 39.250668, 39.179931, 39.096091, 39.336284]",ibm_sxz_cx,78,"{""kind"": ""native_contract_only"", ""passed"": true, ""errors"": [], ""checked_instructions"": 1093, ""bindings"": 1, ""semantic_equivalence"": ""not checked at large width""}"
main,core_bv_156,static: each control-flow region counted once,85,flat circuit,,3.318457,"[4.148671, 3.438714, 3.318457, 3.297401, 3.283545]",bv,248777,5434,38e2413836e6c5fdc49d5937fd6146ccdca0f49645301e6b446652a95ce33bbe,86589,numeric,469,157,78,84,312,0,"{""x"": 1, ""rz"": 312, ""sx"": 156, ""cz"": 78, ""measure"": 155}",core,6.238944,"[6.238944, 6.478434, 6.351536, 6.124319, 6.099775]",128.703125,156,157,exported,37.518575,"[37.866657, 37.601968, 37.487727, 37.467295, 37.518575]",ibm_sxz_cz,78,"{""kind"": ""native_contract_only"", ""passed"": true, ""errors"": [], ""checked_instructions"": 702, ""bindings"": 1, ""semantic_equivalence"": ""not checked at large width""}"
main,core_bv_156,static: each control-flow region counted once,165,flat circuit,,3.832414,"[4.581827, 3.979422, 3.832414, 3.790157, 3.783709]",bv,248777,5434,38e2413836e6c5fdc49d5937fd6146ccdca0f49645301e6b446652a95ce33bbe,96907,numeric,781,469,78,164,312,0,"{""rx"": 469, ""rz"": 312, ""rzz"": 78, ""measure"": 155}",core,6.138015,"[7.079958, 6.140863, 6.106974, 6.109247, 6.138015]",129.10546875,156,160,exported,38.174276,"[38.254724, 38.063187, 38.210787, 38.080819, 38.174276]",rxrz_rzz_unbounded,78,"{""kind"": ""native_contract_only"", ""passed"": true, ""errors"": [], ""checked_instructions"": 1014, ""bindings"": 1, ""semantic_equivalence"": ""not checked at large width""}"
main,core_bv_24,,,,"__init__(): incompatible function arguments. The following argument types are supported:
    1. __init__(self, name: str, arity: mqt.core.mlir.CompilerTarget.OperationArity, num_parameters: int, site_tuples: collections.abc.Sequence[mqt.core.mlir.CompilerTarget.SiteTuple] | None = None, duration: int | None = None, fidelity: float | None = None, *, fixed_parameters: collections.abc.Sequence[float | None] = [], canonical_name: str | None = None) -> None
    2. __init__(self, name: str, arity: int, num_parameters: int, site_tuples: collections.abc.Sequence[mqt.core.mlir.CompilerTarget.SiteTuple] | None = None, duration: int | None = None, fidelity: float | None = None, *, fixed_parameters: collections.abc.Sequence[float | None] = [], canonical_name: str | None = None) -> None

Invoked with types: mqt.core.mlir.OperationCapability, kwargs = { name: str, arity: int, num_parameters: int, parameter_bounds: list }",,,bv,36211,814,1e8859888f01df6f3601028324a859e1825aa42dd0ed3a855b9fae474684ac7e,,numeric,,,,,,,,core,1.413465,"[1.624889, 1.425976, 1.390344, 1.413465, 1.400776]",70.19921875,24,,target_unsupported,,,ibm_fractional_bounded,,
main,core_bv_24,static: each control-flow region counted once,75,flat circuit,,0.710596,"[1.118903, 0.754516, 0.710596, 0.69626, 0.683252]",bv,36211,814,1e8859888f01df6f3601028324a859e1825aa42dd0ed3a855b9fae474684ac7e,17445,numeric,134,49,12,74,85,0,"{""x"": 1, ""rz"": 85, ""sx"": 48, ""cx"": 12, ""measure"": 23}",core,1.42604,"[1.609946, 1.42604, 1.385704, 1.436472, 1.391608]",119.17578125,24,28,exported,3.473988,"[4.034584, 3.888758, 3.473988, 3.44426, 3.407444]",ibm_sxz_cx,12,"{""kind"": ""native_contract_only"", ""passed"": true, ""errors"": [], ""checked_instructions"": 169, ""bindings"": 1, ""semantic_equivalence"": ""not checked at large width""}"
main,core_bv_24,static: each control-flow region counted once,19,flat circuit,,0.553939,"[0.929909, 0.605908, 0.553939, 0.542931, 0.528643]",bv,36211,814,1e8859888f01df6f3601028324a859e1825aa42dd0ed3a855b9fae474684ac7e,13782,numeric,73,25,12,18,48,0,"{""x"": 1, ""rz"": 48, ""sx"": 24, ""cz"": 12, ""measure"": 23}",core,1.433289,"[1.624281, 1.433289, 1.393624, 1.412264, 1.799995]",118.98828125,24,24,exported,3.181747,"[3.380468, 3.209059, 3.181747, 3.168771, 3.145715]",ibm_sxz_cz,12,"{""kind"": ""native_contract_only"", ""passed"": true, ""errors"": [], ""checked_instructions"": 108, ""bindings"": 1, ""semantic_equivalence"": ""not checked at large width""}"
main,core_bv_24,,,,"Target synthesis failed: loc(""/home/nvidia/.codex/experiments/core-synthesis-refined-20261004/corpus/core_bv_24.mlir"":1:1): target compilation requires a single-qubit synthesis basis
loc(""/home/nvidia/.codex/experiments/core-synthesis-refined-20261004/corpus/core_bv_24.mlir"":1:1): failed to synthesize the QCO program for the target",,,bv,36211,814,1e8859888f01df6f3601028324a859e1825aa42dd0ed3a855b9fae474684ac7e,,numeric,,,,,,,,core,1.425288,"[1.640185, 1.424376, 1.399033, 1.443944, 1.425288]",69.25390625,24,,synthesis_failed,,,ionq_fixed_r_zz,,
main,core_bv_24,static: each control-flow region counted once,17,flat circuit,,0.524451,"[0.893589, 0.570804, 0.524451, 0.503043, 0.518307]",bv,36211,814,1e8859888f01df6f3601028324a859e1825aa42dd0ed3a855b9fae474684ac7e,13092,numeric,49,49,12,16,0,0,"{""r"": 49, ""cz"": 12, ""measure"": 23}",core,1.399784,"[1.659242, 1.428952, 1.390392, 1.399784, 1.389544]",118.99609375,24,28,exported,3.391171,"[3.401635, 3.315971, 3.317987, 3.391171, 3.824726]",iqm_r_cz,12,"{""kind"": ""native_contract_only"", ""passed"": true, ""errors"": [], ""checked_instructions"": 84, ""bindings"": 1, ""semantic_equivalence"": ""not checked at large width""}"
main,core_bv_24,static: each control-flow region counted once,19,flat circuit,,0.784757,"[1.200775, 0.84482, 0.784757, 0.764756, 0.747717]",bv,36211,814,1e8859888f01df6f3601028324a859e1825aa42dd0ed3a855b9fae474684ac7e,14460,numeric,73,25,12,18,48,0,"{""rxpi"": 1, ""rz"": 48, ""rxpi2"": 24, ""cz"": 12, ""measure"": 23}",core,1.431289,"[1.631001, 1.431289, 1.446216, 1.410024, 1.389832]",119.171875,24,25,exported,3.257731,"[3.979191, 3.595941, 3.257731, 3.243155, 3.214019]",rigetti_rx_cz,12,"{""kind"": ""native_contract_only"", ""passed"": true, ""errors"": [], ""checked_instructions"": 108, ""bindings"": 1, ""semantic_equivalence"": ""not checked at large width""}"
main,core_bv_24,static: each control-flow region counted once,33,flat circuit,,0.634644,"[1.03863, 0.671636, 0.634644, 0.623987, 0.607732]",bv,36211,814,1e8859888f01df6f3601028324a859e1825aa42dd0ed3a855b9fae474684ac7e,15542,numeric,121,73,12,32,48,0,"{""rx"": 73, ""rz"": 48, ""rzz"": 12, ""measure"": 23}",core,1.437048,"[1.63401, 1.437048, 1.383464, 1.448841, 1.39196]",122.16015625,24,28,exported,3.275795,"[3.698054, 3.577893, 3.275651, 3.275795, 3.266755]",rxrz_rzz_unbounded,12,"{""kind"": ""native_contract_only"", ""passed"": true, ""errors"": [], ""checked_instructions"": 156, ""bindings"": 1, ""semantic_equivalence"": ""not checked at large width""}"
main,core_bv_36,,,,"__init__(): incompatible function arguments. The following argument types are supported:
    1. __init__(self, name: str, arity: mqt.core.mlir.CompilerTarget.OperationArity, num_parameters: int, site_tuples: collections.abc.Sequence[mqt.core.mlir.CompilerTarget.SiteTuple] | None = None, duration: int | None = None, fidelity: float | None = None, *, fixed_parameters: collections.abc.Sequence[float | None] = [], canonical_name: str | None = None) -> None
    2. __init__(self, name: str, arity: int, num_parameters: int, site_tuples: collections.abc.Sequence[mqt.core.mlir.CompilerTarget.SiteTuple] | None = None, duration: int | None = None, fidelity: float | None = None, *, fixed_parameters: collections.abc.Sequence[float | None] = [], canonical_name: str | None = None) -> None

Invoked with types: mqt.core.mlir.OperationCapability, kwargs = { name: str, arity: int, num_parameters: int, parameter_bounds: list }",,,bv,55145,1234,1bfa7fac034ddab621396652290226fe562a9444fff85951d792c455ea24e891,,numeric,,,,,,,,core,1.850379,"[2.062076, 1.869451, 1.850379, 1.811307, 1.80753]",70.19921875,36,,target_unsupported,,,ibm_fractional_bounded,,
main,core_bv_36,static: each control-flow region counted once,111,flat circuit,,1.020742,"[1.502297, 1.097478, 1.018534, 1.020742, 1.004662]",bv,55145,1234,1bfa7fac034ddab621396652290226fe562a9444fff85951d792c455ea24e891,25617,numeric,200,73,18,110,127,0,"{""x"": 1, ""rz"": 127, ""sx"": 72, ""cx"": 18, ""measure"": 35}",core,1.825691,"[2.046284, 1.825691, 1.811946, 1.824107, 1.910475]",122.3828125,36,40,exported,5.42512,"[5.683297, 5.430224, 5.42512, 5.388, 5.380415]",ibm_sxz_cx,18,"{""kind"": ""native_contract_only"", ""passed"": true, ""errors"": [], ""checked_instructions"": 253, ""bindings"": 1, ""semantic_equivalence"": ""not checked at large width""}"
main,core_bv_36,static: each control-flow region counted once,25,flat circuit,,0.809461,"[1.218535, 0.868613, 0.809461, 0.785956, 0.771381]",bv,55145,1234,1bfa7fac034ddab621396652290226fe562a9444fff85951d792c455ea24e891,20366,numeric,109,37,18,24,72,0,"{""x"": 1, ""rz"": 72, ""sx"": 36, ""cz"": 18, ""measure"": 35}",core,1.823339,"[2.036572, 1.823339, 1.820955, 1.798826, 1.898171]",122.23828125,36,37,exported,4.960093,"[5.612497, 5.016253, 4.957885, 4.960093, 4.959981]",ibm_sxz_cz,18,"{""kind"": ""native_contract_only"", ""passed"": true, ""errors"": [], ""checked_instructions"": 162, ""bindings"": 1, ""semantic_equivalence"": ""not checked at large width""}"
main,core_bv_36,,,,"Target synthesis failed: loc(""/home/nvidia/.codex/experiments/core-synthesis-refined-20261004/corpus/core_bv_36.mlir"":1:1): target compilation requires a single-qubit synthesis basis
loc(""/home/nvidia/.codex/experiments/core-synthesis-refined-20261004/corpus/core_bv_36.mlir"":1:1): failed to synthesize the QCO program for the target",,,bv,55145,1234,1bfa7fac034ddab621396652290226fe562a9444fff85951d792c455ea24e891,,numeric,,,,,,,,core,1.811131,"[2.048332, 1.841035, 1.789083, 1.80801, 1.811131]",69.25390625,36,,synthesis_failed,,,ionq_fixed_r_zz,,
main,core_bv_36,static: each control-flow region counted once,23,flat circuit,,0.750805,"[1.15767, 0.793637, 0.750805, 0.721092, 0.716036]",bv,55145,1234,1bfa7fac034ddab621396652290226fe562a9444fff85951d792c455ea24e891,19148,numeric,73,73,18,22,0,0,"{""r"": 73, ""cz"": 18, ""measure"": 35}",core,1.838731,"[2.055372, 1.838731, 1.797451, 1.813706, 1.90718]",122.19921875,36,40,exported,5.202719,"[5.430928, 5.265087, 5.202719, 5.150542, 5.199087]",iqm_r_cz,18,"{""kind"": ""native_contract_only"", ""passed"": true, ""errors"": [], ""checked_instructions"": 126, ""bindings"": 1, ""semantic_equivalence"": ""not checked at large width""}"
main,core_bv_36,static: each control-flow region counted once,25,flat circuit,,1.104486,"[1.587018, 1.189127, 1.104486, 1.092983, 1.081926]",bv,55145,1234,1bfa7fac034ddab621396652290226fe562a9444fff85951d792c455ea24e891,21038,numeric,109,37,18,24,72,0,"{""rxpi"": 1, ""rz"": 72, ""rxpi2"": 36, ""cz"": 18, ""measure"": 35}",core,1.839419,"[2.04326, 1.839419, 2.199692, 1.827467, 1.834875]",122.390625,36,37,exported,5.113182,"[5.171022, 5.094478, 5.120077, 5.113182, 5.077198]",rigetti_rx_cz,18,"{""kind"": ""native_contract_only"", ""passed"": true, ""errors"": [], ""checked_instructions"": 162, ""bindings"": 1, ""semantic_equivalence"": ""not checked at large width""}"
main,core_bv_36,static: each control-flow region counted once,45,flat circuit,,0.906614,"[1.332632, 0.966213, 0.906614, 0.892853, 0.883477]",bv,55145,1234,1bfa7fac034ddab621396652290226fe562a9444fff85951d792c455ea24e891,22819,numeric,181,109,18,44,72,0,"{""rx"": 109, ""rz"": 72, ""rzz"": 18, ""measure"": 35}",core,1.824251,"[2.091164, 1.847147, 1.824251, 1.816779, 1.820042]",124.41796875,36,40,exported,5.178382,"[5.571713, 5.182495, 5.178382, 5.151119, 5.135502]",rxrz_rzz_unbounded,18,"{""kind"": ""native_contract_only"", ""passed"": true, ""errors"": [], ""checked_instructions"": 234, ""bindings"": 1, ""semantic_equivalence"": ""not checked at large width""}"
main,core_bv_54,,,,"__init__(): incompatible function arguments. The following argument types are supported:
    1. __init__(self, name: str, arity: mqt.core.mlir.CompilerTarget.OperationArity, num_parameters: int, site_tuples: collections.abc.Sequence[mqt.core.mlir.CompilerTarget.SiteTuple] | None = None, duration: int | None = None, fidelity: float | None = None, *, fixed_parameters: collections.abc.Sequence[float | None] = [], canonical_name: str | None = None) -> None
    2. __init__(self, name: str, arity: int, num_parameters: int, site_tuples: collections.abc.Sequence[mqt.core.mlir.CompilerTarget.SiteTuple] | None = None, duration: int | None = None, fidelity: float | None = None, *, fixed_parameters: collections.abc.Sequence[float | None] = [], canonical_name: str | None = None) -> None

Invoked with types: mqt.core.mlir.OperationCapability, kwargs = { name: str, arity: int, num_parameters: int, parameter_bounds: list }",,,bv,83691,1864,3a71e1e1581add67c5ab877b6faf9a8579bbbc0060246e54a221faff14bfd8fb,,numeric,,,,,,,,core,2.480791,"[2.69881, 2.480791, 2.405367, 2.866027, 2.470583]",70.203125,54,,target_unsupported,,,ibm_fractional_bounded,,
main,core_bv_54,static: each control-flow region counted once,165,flat circuit,,1.505535,"[2.085955, 1.597023, 1.505535, 1.495758, 1.486942]",bv,83691,1864,3a71e1e1581add67c5ab877b6faf9a8579bbbc0060246e54a221faff14bfd8fb,37965,numeric,299,109,27,164,190,0,"{""x"": 1, ""rz"": 190, ""sx"": 108, ""cx"": 27, ""measure"": 53}",core,2.683273,"[2.683273, 2.854411, 2.463447, 2.449256, 2.846218]",124.734375,54,58,exported,8.81898,"[8.903556, 8.81898, 8.822372, 8.809347, 8.802675]",ibm_sxz_cx,27,"{""kind"": ""native_contract_only"", ""passed"": true, ""errors"": [], ""checked_instructions"": 379, ""bindings"": 1, ""semantic_equivalence"": ""not checked at large width""}"
main,core_bv_54,static: each control-flow region counted once,34,flat circuit,,1.166379,"[1.641599, 1.23062, 1.166379, 1.14809, 1.135323]",bv,83691,1864,3a71e1e1581add67c5ab877b6faf9a8579bbbc0060246e54a221faff14bfd8fb,30195,numeric,163,55,27,33,108,0,"{""x"": 1, ""rz"": 108, ""sx"": 54, ""cz"": 27, ""measure"": 53}",core,2.471847,"[2.694874, 2.457271, 2.460935, 2.471847, 2.841099]",122.625,54,55,exported,8.207054,"[8.26891, 8.170957, 8.207054, 8.208142, 8.184669]",ibm_sxz_cz,27,"{""kind"": ""native_contract_only"", ""passed"": true, ""errors"": [], ""checked_instructions"": 243, ""bindings"": 1, ""semantic_equivalence"": ""not checked at large width""}"
main,core_bv_54,,,,"Target synthesis failed: loc(""/home/nvidia/.codex/experiments/core-synthesis-refined-20261004/corpus/core_bv_54.mlir"":1:1): target compilation requires a single-qubit synthesis basis
loc(""/home/nvidia/.codex/experiments/core-synthesis-refined-20261004/corpus/core_bv_54.mlir"":1:1): failed to synthesize the QCO program for the target",,,bv,83691,1864,3a71e1e1581add67c5ab877b6faf9a8579bbbc0060246e54a221faff14bfd8fb,,numeric,,,,,,,,core,2.623769,"[2.688314, 2.53788, 2.424487, 3.239678, 2.623769]",69.265625,54,,synthesis_failed,,,ionq_fixed_r_zz,,
main,core_bv_54,static: each control-flow region counted once,32,flat circuit,,1.067146,"[1.532367, 1.147899, 1.067146, 1.055354, 1.045626]",bv,83691,1864,3a71e1e1581add67c5ab877b6faf9a8579bbbc0060246e54a221faff14bfd8fb,28306,numeric,109,109,27,31,0,0,"{""r"": 109, ""cz"": 27, ""measure"": 53}",core,2.530552,"[2.665193, 2.530552, 2.441031, 2.454519, 3.129678]",119.671875,54,57,exported,8.441087,"[8.542528, 8.446448, 8.429072, 8.441087, 8.421856]",iqm_r_cz,27,"{""kind"": ""native_contract_only"", ""passed"": true, ""errors"": [], ""checked_instructions"": 189, ""bindings"": 1, ""semantic_equivalence"": ""not checked at large width""}"
main,core_bv_54,static: each control-flow region counted once,34,flat circuit,,1.568735,"[2.053699, 1.621647, 1.568735, 1.542783, 1.533118]",bv,83691,1864,3a71e1e1581add67c5ab877b6faf9a8579bbbc0060246e54a221faff14bfd8fb,31034,numeric,163,55,27,33,108,0,"{""rxpi"": 1, ""rz"": 108, ""rxpi2"": 54, ""cz"": 27, ""measure"": 53}",core,2.470935,"[2.688073, 2.442103, 2.413223, 2.866459, 2.470935]",124.828125,54,56,exported,8.32195,"[8.449824, 8.300702, 8.32195, 8.322862, 8.286862]",rigetti_rx_cz,27,"{""kind"": ""native_contract_only"", ""passed"": true, ""errors"": [], ""checked_instructions"": 243, ""bindings"": 1, ""semantic_equivalence"": ""not checked at large width""}"
main,core_bv_54,static: each control-flow region counted once,63,flat circuit,,1.331356,"[1.844337, 1.407038, 1.331356, 1.315261, 1.298796]",bv,83691,1864,3a71e1e1581add67c5ab877b6faf9a8579bbbc0060246e54a221faff14bfd8fb,33826,numeric,271,163,27,62,108,0,"{""rx"": 163, ""rz"": 108, ""rzz"": 27, ""measure"": 53}",core,2.48708,"[2.675017, 2.48708, 2.416295, 2.455207, 2.899003]",121.921875,54,58,exported,8.372895,"[8.438768, 8.357055, 8.342366, 8.380687, 8.372895]",rxrz_rzz_unbounded,27,"{""kind"": ""native_contract_only"", ""passed"": true, ""errors"": [], ""checked_instructions"": 351, ""bindings"": 1, ""semantic_equivalence"": ""not checked at large width""}"
main,core_ghz_104,,,,"__init__(): incompatible function arguments. The following argument types are supported:
    1. __init__(self, name: str, arity: mqt.core.mlir.CompilerTarget.OperationArity, num_parameters: int, site_tuples: collections.abc.Sequence[mqt.core.mlir.CompilerTarget.SiteTuple] | None = None, duration: int | None = None, fidelity: float | None = None, *, fixed_parameters: collections.abc.Sequence[float | None] = [], canonical_name: str | None = None) -> None
    2. __init__(self, name: str, arity: int, num_parameters: int, site_tuples: collections.abc.Sequence[mqt.core.mlir.CompilerTarget.SiteTuple] | None = None, duration: int | None = None, fidelity: float | None = None, *, fixed_parameters: collections.abc.Sequence[float | None] = [], canonical_name: str | None = None) -> None

Invoked with types: mqt.core.mlir.OperationCapability, kwargs = { name: str, arity: int, num_parameters: int, parameter_bounds: list }",,,ghz,99145,1865,82927e6907aeecfc4c3fa8bb5234c581d762cd6c227990c35bfb8e05b0ed64f4,,numeric,,,,,,,,core,2.86657,"[3.05318, 2.769545, 2.781418, 2.884442, 2.86657]",70.19921875,104,,target_unsupported,,,ibm_fractional_bounded,,
main,core_ghz_104,static: each control-flow region counted once,107,flat circuit,,1.824849,"[2.414822, 1.95717, 1.824849, 1.806672, 1.76952]",ghz,99145,1865,82927e6907aeecfc4c3fa8bb5234c581d762cd6c227990c35bfb8e05b0ed64f4,54527,numeric,3,1,103,106,2,0,"{""rz"": 2, ""sx"": 1, ""cx"": 103, ""measure"": 104}",core,2.9779,"[2.988203, 2.787609, 2.833322, 3.164093, 2.9779]",124.66796875,104,106,exported,12.746757,"[12.797205, 12.746757, 12.6657, 12.752725, 12.658836]",ibm_sxz_cx,103,"{""kind"": ""native_contract_only"", ""passed"": true, ""errors"": [], ""checked_instructions"": 210, ""bindings"": 1, ""semantic_equivalence"": ""not checked at large width""}"
main,core_ghz_104,static: each control-flow region counted once,416,flat circuit,,3.459472,"[4.214006, 3.583457, 3.459472, 3.434431, 3.426975]",ghz,99145,1865,82927e6907aeecfc4c3fa8bb5234c581d762cd6c227990c35bfb8e05b0ed64f4,88750,numeric,621,207,103,415,414,0,"{""rz"": 414, ""sx"": 207, ""cz"": 103, ""measure"": 104}",core,3.022171,"[3.022171, 2.834634, 2.798602, 3.194157, 3.417071]",122.7421875,104,110,exported,14.21125,"[14.312995, 14.24925, 14.17749, 14.21125, 14.171298]",ibm_sxz_cz,103,"{""kind"": ""native_contract_only"", ""passed"": true, ""errors"": [], ""checked_instructions"": 828, ""bindings"": 1, ""semantic_equivalence"": ""not checked at large width""}"
main,core_ghz_104,static: each control-flow region counted once,417,flat circuit,,3.828163,"[4.599578, 3.90938, 3.828163, 3.804963, 3.816963]",ghz,99145,1865,82927e6907aeecfc4c3fa8bb5234c581d762cd6c227990c35bfb8e05b0ed64f4,95701,numeric,930,620,103,416,310,0,"{""rx"": 620, ""rz"": 310, ""rzz"": 103, ""measure"": 104}",core,2.865514,"[2.974619, 2.865514, 3.565761, 2.849098, 2.864634]",128.43359375,104,111,exported,14.196961,"[14.227986, 14.196961, 14.174082, 14.163106, 14.222338]",rxrz_rzz_unbounded,103,"{""kind"": ""native_contract_only"", ""passed"": true, ""errors"": [], ""checked_instructions"": 1137, ""bindings"": 1, ""semantic_equivalence"": ""not checked at large width""}"
main,core_ghz_156,,,,"__init__(): incompatible function arguments. The following argument types are supported:
    1. __init__(self, name: str, arity: mqt.core.mlir.CompilerTarget.OperationArity, num_parameters: int, site_tuples: collections.abc.Sequence[mqt.core.mlir.CompilerTarget.SiteTuple] | None = None, duration: int | None = None, fidelity: float | None = None, *, fixed_parameters: collections.abc.Sequence[float | None] = [], canonical_name: str | None = None) -> None
    2. __init__(self, name: str, arity: int, num_parameters: int, site_tuples: collections.abc.Sequence[mqt.core.mlir.CompilerTarget.SiteTuple] | None = None, duration: int | None = None, fidelity: float | None = None, *, fixed_parameters: collections.abc.Sequence[float | None] = [], canonical_name: str | None = None) -> None

Invoked with types: mqt.core.mlir.OperationCapability, kwargs = { name: str, arity: int, num_parameters: int, parameter_bounds: list }",,,ghz,150469,2801,a2956f90b4f44761b1b2ca8ea66492bb0e1d5f303d2fe7eec6943ddcc98467a2,,numeric,,,,,,,,core,4.170739,"[4.170739, 4.260564, 3.904416, 4.604567, 4.00493]",69.265625,156,,target_unsupported,,,ibm_fractional_bounded,,
main,core_ghz_156,static: each control-flow region counted once,159,flat circuit,,2.778008,"[3.429004, 2.805416, 2.778008, 2.722486, 2.687447]",ghz,150469,2801,a2956f90b4f44761b1b2ca8ea66492bb0e1d5f303d2fe7eec6943ddcc98467a2,81775,numeric,3,1,155,158,2,0,"{""rz"": 2, ""sx"": 1, ""cx"": 155, ""measure"": 156}",core,4.174004,"[4.174004, 4.205235, 4.54911, 3.98789, 4.034642]",122.40625,156,158,exported,21.266659,"[21.374756, 21.322148, 21.240979, 21.266659, 21.180594]",ibm_sxz_cx,155,"{""kind"": ""native_contract_only"", ""passed"": true, ""errors"": [], ""checked_instructions"": 314, ""bindings"": 1, ""semantic_equivalence"": ""not checked at large width""}"
main,core_ghz_156,static: each control-flow region counted once,624,flat circuit,,5.337181,"[6.230197, 5.479038, 5.337181, 5.307901, 5.279628]",ghz,150469,2801,a2956f90b4f44761b1b2ca8ea66492bb0e1d5f303d2fe7eec6943ddcc98467a2,133648,numeric,933,311,155,623,622,0,"{""rz"": 622, ""sx"": 311, ""cz"": 155, ""measure"": 156}",core,4.306324,"[4.132434, 3.94405, 4.31978, 4.417813, 4.306324]",126.11328125,156,162,exported,23.216292,"[23.347157, 23.272756, 23.212548, 23.216292, 23.186595]",ibm_sxz_cz,155,"{""kind"": ""native_contract_only"", ""passed"": true, ""errors"": [], ""checked_instructions"": 1244, ""bindings"": 1, ""semantic_equivalence"": ""not checked at large width""}"
main,core_ghz_156,static: each control-flow region counted once,625,flat circuit,,5.779984,"[6.65636, 5.979635, 5.779984, 5.768545, 5.707504]",ghz,150469,2801,a2956f90b4f44761b1b2ca8ea66492bb0e1d5f303d2fe7eec6943ddcc98467a2,144633,numeric,1398,932,155,624,466,0,"{""rx"": 932, ""rz"": 466, ""rzz"": 155, ""measure"": 156}",core,4.207348,"[4.207348, 4.254996, 4.509718, 4.02813, 4.037618]",126.84375,156,163,exported,23.204627,"[23.284724, 23.204627, 23.316261, 23.159459, 23.097731]",rxrz_rzz_unbounded,155,"{""kind"": ""native_contract_only"", ""passed"": true, ""errors"": [], ""checked_instructions"": 1709, ""bindings"": 1, ""semantic_equivalence"": ""not checked at large width""}"
main,core_ghz_24,,,,"__init__(): incompatible function arguments. The following argument types are supported:
    1. __init__(self, name: str, arity: mqt.core.mlir.CompilerTarget.OperationArity, num_parameters: int, site_tuples: collections.abc.Sequence[mqt.core.mlir.CompilerTarget.SiteTuple] | None = None, duration: int | None = None, fidelity: float | None = None, *, fixed_parameters: collections.abc.Sequence[float | None] = [], canonical_name: str | None = None) -> None
    2. __init__(self, name: str, arity: int, num_parameters: int, site_tuples: collections.abc.Sequence[mqt.core.mlir.CompilerTarget.SiteTuple] | None = None, duration: int | None = None, fidelity: float | None = None, *, fixed_parameters: collections.abc.Sequence[float | None] = [], canonical_name: str | None = None) -> None

Invoked with types: mqt.core.mlir.OperationCapability, kwargs = { name: str, arity: int, num_parameters: int, parameter_bounds: list }",,,ghz,22241,425,0126a50ff345d83deae734493df23b170e8fe048ca4fe877a52a74e2d2e611c7,,numeric,,,,,,,,core,1.110855,"[1.310007, 1.124295, 1.084278, 1.098374, 1.110855]",70.19921875,24,,target_unsupported,,,ibm_fractional_bounded,,
main,core_ghz_24,static: each control-flow region counted once,27,flat circuit,,0.47413,"[0.841972, 0.536644, 0.47413, 0.461331, 0.455043]",ghz,22241,425,0126a50ff345d83deae734493df23b170e8fe048ca4fe877a52a74e2d2e611c7,13203,numeric,3,1,23,26,2,0,"{""rz"": 2, ""sx"": 1, ""cx"": 23, ""measure"": 24}",core,1.088118,"[1.339895, 1.139767, 1.083702, 1.087703, 1.088118]",121.69140625,24,26,exported,2.715487,"[2.715487, 3.102066, 2.654351, 2.646079, 3.202451]",ibm_sxz_cx,23,"{""kind"": ""native_contract_only"", ""passed"": true, ""errors"": [], ""checked_instructions"": 50, ""bindings"": 1, ""semantic_equivalence"": ""not checked at large width""}"
main,core_ghz_24,static: each control-flow region counted once,96,flat circuit,,0.825812,"[1.226072, 0.880309, 0.825812, 0.805749, 0.799541]",ghz,22241,425,0126a50ff345d83deae734493df23b170e8fe048ca4fe877a52a74e2d2e611c7,20920,numeric,141,47,23,95,94,0,"{""rz"": 94, ""sx"": 47, ""cz"": 23, ""measure"": 24}",core,1.086839,"[1.321719, 1.127495, 1.083942, 1.086839, 1.086406]",118.83203125,24,30,exported,3.066786,"[3.066786, 3.462308, 2.979553, 3.08525, 2.984769]",ibm_sxz_cz,23,"{""kind"": ""native_contract_only"", ""passed"": true, ""errors"": [], ""checked_instructions"": 188, ""bindings"": 1, ""semantic_equivalence"": ""not checked at large width""}"
main,core_ghz_24,,,,"Target synthesis failed: loc(""/home/nvidia/.codex/experiments/core-synthesis-refined-20261004/corpus/core_ghz_24.mlir"":1:1): target compilation requires a single-qubit synthesis basis
loc(""/home/nvidia/.codex/experiments/core-synthesis-refined-20261004/corpus/core_ghz_24.mlir"":1:1): failed to synthesize the QCO program for the target",,,ghz,22241,425,0126a50ff345d83deae734493df23b170e8fe048ca4fe877a52a74e2d2e611c7,,numeric,,,,,,,,core,1.119591,"[1.325304, 1.124567, 1.077446, 1.08375, 1.119591]",69.21875,24,,synthesis_failed,,,ionq_fixed_r_zz,,
main,core_ghz_24,static: each control-flow region counted once,73,flat circuit,,0.799845,"[1.19879, 0.845525, 0.799845, 0.779829, 0.782308]",ghz,22241,425,0126a50ff345d83deae734493df23b170e8fe048ca4fe877a52a74e2d2e611c7,20429,numeric,117,117,23,72,0,0,"{""r"": 117, ""cz"": 23, ""measure"": 24}",core,1.130807,"[1.302375, 1.130807, 1.075686, 1.080726, 1.150631]",121.765625,24,28,exported,2.963154,"[2.963154, 3.560069, 2.913569, 3.216707, 2.908289]",iqm_r_cz,23,"{""kind"": ""native_contract_only"", ""passed"": true, ""errors"": [], ""checked_instructions"": 164, ""bindings"": 1, ""semantic_equivalence"": ""not checked at large width""}"
main,core_ghz_24,static: each control-flow region counted once,96,flat circuit,,1.187174,"[1.580649, 1.234584, 1.187174, 1.160807, 1.159975]",ghz,22241,425,0126a50ff345d83deae734493df23b170e8fe048ca4fe877a52a74e2d2e611c7,21690,numeric,141,47,23,95,94,0,"{""rz"": 94, ""rxpi2"": 47, ""cz"": 23, ""measure"": 24}",core,1.118887,"[1.372456, 1.147015, 1.076102, 1.089174, 1.118887]",119.01953125,24,29,exported,2.991234,"[3.363076, 3.026306, 2.991234, 2.985873, 2.959393]",rigetti_rx_cz,23,"{""kind"": ""native_contract_only"", ""passed"": true, ""errors"": [], ""checked_instructions"": 188, ""bindings"": 1, ""semantic_equivalence"": ""not checked at large width""}"
main,core_ghz_24,static: each control-flow region counted once,97,flat circuit,,0.903861,"[1.3722, 0.943254, 0.903861, 0.890581, 0.884101]",ghz,22241,425,0126a50ff345d83deae734493df23b170e8fe048ca4fe877a52a74e2d2e611c7,22439,numeric,210,140,23,96,70,0,"{""rx"": 140, ""rz"": 70, ""rzz"": 23, ""measure"": 24}",core,1.081782,"[1.309768, 1.145142, 1.079047, 1.081782, 1.078326]",123.9375,24,31,exported,2.977426,"[3.062386, 2.977426, 3.487252, 2.959521, 2.948737]",rxrz_rzz_unbounded,23,"{""kind"": ""native_contract_only"", ""passed"": true, ""errors"": [], ""checked_instructions"": 257, ""bindings"": 1, ""semantic_equivalence"": ""not checked at large width""}"
main,core_ghz_36,,,,"__init__(): incompatible function arguments. The following argument types are supported:
    1. __init__(self, name: str, arity: mqt.core.mlir.CompilerTarget.OperationArity, num_parameters: int, site_tuples: collections.abc.Sequence[mqt.core.mlir.CompilerTarget.SiteTuple] | None = None, duration: int | None = None, fidelity: float | None = None, *, fixed_parameters: collections.abc.Sequence[float | None] = [], canonical_name: str | None = None) -> None
    2. __init__(self, name: str, arity: int, num_parameters: int, site_tuples: collections.abc.Sequence[mqt.core.mlir.CompilerTarget.SiteTuple] | None = None, duration: int | None = None, fidelity: float | None = None, *, fixed_parameters: collections.abc.Sequence[float | None] = [], canonical_name: str | None = None) -> None

Invoked with types: mqt.core.mlir.OperationCapability, kwargs = { name: str, arity: int, num_parameters: int, parameter_bounds: list }",,,ghz,33647,641,59318b9fa04dc94f29ad9faa2807379242b66278f588963937a02790964987f3,,numeric,,,,,,,,core,1.361832,"[1.561465, 1.361832, 1.330359, 1.369192, 1.339944]",70.203125,36,,target_unsupported,,,ibm_fractional_bounded,,
main,core_ghz_36,static: each control-flow region counted once,39,flat circuit,,0.677188,"[1.084838, 0.725509, 0.677188, 0.654339, 0.652724]",ghz,33647,641,59318b9fa04dc94f29ad9faa2807379242b66278f588963937a02790964987f3,19317,numeric,3,1,35,38,2,0,"{""rz"": 2, ""sx"": 1, ""cx"": 35, ""measure"": 36}",core,1.353496,"[1.567561, 1.385768, 1.3358, 1.342472, 1.353496]",118.88671875,36,38,exported,4.068759,"[4.43713, 3.943607, 4.40425, 4.068759, 3.906535]",ibm_sxz_cx,35,"{""kind"": ""native_contract_only"", ""passed"": true, ""errors"": [], ""checked_instructions"": 74, ""bindings"": 1, ""semantic_equivalence"": ""not checked at large width""}"
main,core_ghz_36,static: each control-flow region counted once,144,flat circuit,,1.216423,"[1.685562, 1.265016, 1.216423, 1.191815, 1.191207]",ghz,33647,641,59318b9fa04dc94f29ad9faa2807379242b66278f588963937a02790964987f3,31050,numeric,213,71,35,143,142,0,"{""rz"": 142, ""sx"": 71, ""cz"": 35, ""measure"": 36}",core,1.36884,"[1.573321, 1.36884, 1.32892, 1.433016, 1.341176]",121.140625,36,42,exported,4.409226,"[4.691611, 4.46001, 4.409226, 4.394122, 4.406138]",ibm_sxz_cz,35,"{""kind"": ""native_contract_only"", ""passed"": true, ""errors"": [], ""checked_instructions"": 284, ""bindings"": 1, ""semantic_equivalence"": ""not checked at large width""}"
main,core_ghz_36,,,,"Target synthesis failed: loc(""/home/nvidia/.codex/experiments/core-synthesis-refined-20261004/corpus/core_ghz_36.mlir"":1:1): target compilation requires a single-qubit synthesis basis
loc(""/home/nvidia/.codex/experiments/core-synthesis-refined-20261004/corpus/core_ghz_36.mlir"":1:1): failed to synthesize the QCO program for the target",,,ghz,33647,641,59318b9fa04dc94f29ad9faa2807379242b66278f588963937a02790964987f3,,numeric,,,,,,,,core,1.36788,"[1.576297, 1.364344, 1.382456, 1.36788, 1.343912]",69.265625,36,,synthesis_failed,,,ionq_fixed_r_zz,,
main,core_ghz_36,static: each control-flow region counted once,109,flat circuit,,1.188983,"[1.64769, 1.232535, 1.178567, 1.155734, 1.188983]",ghz,33647,641,59318b9fa04dc94f29ad9faa2807379242b66278f588963937a02790964987f3,30471,numeric,177,177,35,108,0,0,"{""r"": 177, ""cz"": 35, ""measure"": 36}",core,1.344776,"[1.594489, 1.351912, 1.318775, 1.344776, 1.333608]",124.08984375,36,40,exported,4.342569,"[4.868508, 4.342569, 4.48233, 4.306921, 4.311049]",iqm_r_cz,35,"{""kind"": ""native_contract_only"", ""passed"": true, ""errors"": [], ""checked_instructions"": 248, ""bindings"": 1, ""semantic_equivalence"": ""not checked at large width""}"
main,core_ghz_36,static: each control-flow region counted once,144,flat circuit,,1.695882,"[2.173116, 1.780651, 1.695882, 1.673737, 1.656714]",ghz,33647,641,59318b9fa04dc94f29ad9faa2807379242b66278f588963937a02790964987f3,32010,numeric,213,71,35,143,142,0,"{""rz"": 142, ""rxpi2"": 71, ""cz"": 35, ""measure"": 36}",core,1.35124,"[1.595353, 1.415225, 1.35124, 1.346791, 1.340808]",121.3203125,36,41,exported,4.46849,"[5.191038, 4.739259, 4.46849, 4.437578, 4.406633]",rigetti_rx_cz,35,"{""kind"": ""native_contract_only"", ""passed"": true, ""errors"": [], ""checked_instructions"": 284, ""bindings"": 1, ""semantic_equivalence"": ""not checked at large width""}"
main,core_ghz_36,static: each control-flow region counted once,145,flat circuit,,1.338056,"[1.781306, 1.398776, 1.338056, 1.298008, 1.308103]",ghz,33647,641,59318b9fa04dc94f29ad9faa2807379242b66278f588963937a02790964987f3,33375,numeric,318,212,35,144,106,0,"{""rx"": 212, ""rz"": 106, ""rzz"": 35, ""measure"": 36}",core,1.3634,"[1.572745, 1.3634, 1.344215, 1.382312, 1.343335]",121.3515625,36,43,exported,4.429034,"[5.344655, 4.46313, 4.429034, 4.394682, 4.388458]",rxrz_rzz_unbounded,35,"{""kind"": ""native_contract_only"", ""passed"": true, ""errors"": [], ""checked_instructions"": 389, ""bindings"": 1, ""semantic_equivalence"": ""not checked at large width""}"
main,core_ghz_54,,,,"__init__(): incompatible function arguments. The following argument types are supported:
    1. __init__(self, name: str, arity: mqt.core.mlir.CompilerTarget.OperationArity, num_parameters: int, site_tuples: collections.abc.Sequence[mqt.core.mlir.CompilerTarget.SiteTuple] | None = None, duration: int | None = None, fidelity: float | None = None, *, fixed_parameters: collections.abc.Sequence[float | None] = [], canonical_name: str | None = None) -> None
    2. __init__(self, name: str, arity: int, num_parameters: int, site_tuples: collections.abc.Sequence[mqt.core.mlir.CompilerTarget.SiteTuple] | None = None, duration: int | None = None, fidelity: float | None = None, *, fixed_parameters: collections.abc.Sequence[float | None] = [], canonical_name: str | None = None) -> None

Invoked with types: mqt.core.mlir.OperationCapability, kwargs = { name: str, arity: int, num_parameters: int, parameter_bounds: list }",,,ghz,50765,965,10bc6a6378618b5e8af453594576c42594efbed4ae3318d3c49eebbf0907dc3c,,numeric,,,,,,,,core,1.760997,"[1.937399, 1.739412, 1.770518, 1.734372, 1.760997]",70.1953125,54,,target_unsupported,,,ibm_fractional_bounded,,
main,core_ghz_54,static: each control-flow region counted once,57,flat circuit,,0.976572,"[1.454321, 1.047724, 0.976572, 0.973788, 0.952155]",ghz,50765,965,10bc6a6378618b5e8af453594576c42594efbed4ae3318d3c49eebbf0907dc3c,28515,numeric,3,1,53,56,2,0,"{""rz"": 2, ""sx"": 1, ""cx"": 53, ""measure"": 54}",core,1.725061,"[1.947751, 1.725061, 1.722308, 1.724661, 1.786053]",122.078125,54,56,exported,6.042504,"[6.145066, 6.06028, 6.042504, 6.03604, 6.032664]",ibm_sxz_cx,53,"{""kind"": ""native_contract_only"", ""passed"": true, ""errors"": [], ""checked_instructions"": 110, ""bindings"": 1, ""semantic_equivalence"": ""not checked at large width""}"
main,core_ghz_54,static: each control-flow region counted once,216,flat circuit,,1.837158,"[2.334364, 1.892198, 1.792885, 1.773766, 1.837158]",ghz,50765,965,10bc6a6378618b5e8af453594576c42594efbed4ae3318d3c49eebbf0907dc3c,46262,numeric,321,107,53,215,214,0,"{""rz"": 214, ""sx"": 107, ""cz"": 53, ""measure"": 54}",core,1.785301,"[1.956584, 1.785301, 1.703188, 2.18577, 1.749205]",121.58984375,54,60,exported,6.824129,"[6.886338, 6.842273, 6.824129, 6.778096, 6.796561]",ibm_sxz_cz,53,"{""kind"": ""native_contract_only"", ""passed"": true, ""errors"": [], ""checked_instructions"": 428, ""bindings"": 1, ""semantic_equivalence"": ""not checked at large width""}"
main,core_ghz_54,,,,"Target synthesis failed: loc(""/home/nvidia/.codex/experiments/core-synthesis-refined-20261004/corpus/core_ghz_54.mlir"":1:1): target compilation requires a single-qubit synthesis basis
loc(""/home/nvidia/.codex/experiments/core-synthesis-refined-20261004/corpus/core_ghz_54.mlir"":1:1): failed to synthesize the QCO program for the target",,,ghz,50765,965,10bc6a6378618b5e8af453594576c42594efbed4ae3318d3c49eebbf0907dc3c,,numeric,,,,,,,,core,1.740916,"[1.938967, 1.740916, 1.70074, 1.730148, 1.753317]",70.20703125,54,,synthesis_failed,,,ionq_fixed_r_zz,,
main,core_ghz_54,static: each control-flow region counted once,163,flat circuit,,1.768789,"[2.310059, 1.855623, 1.768789, 1.763893, 1.743221]",ghz,50765,965,10bc6a6378618b5e8af453594576c42594efbed4ae3318d3c49eebbf0907dc3c,45555,numeric,267,267,53,162,0,0,"{""r"": 267, ""cz"": 53, ""measure"": 54}",core,1.747877,"[1.94452, 1.747877, 1.685812, 1.809333, 1.744453]",124.60546875,54,58,exported,6.690224,"[7.330823, 6.729984, 6.690224, 6.629967, 6.640079]",iqm_r_cz,53,"{""kind"": ""native_contract_only"", ""passed"": true, ""errors"": [], ""checked_instructions"": 374, ""bindings"": 1, ""semantic_equivalence"": ""not checked at large width""}"
main,core_ghz_54,static: each control-flow region counted once,216,flat circuit,,2.53571,"[3.054836, 2.544751, 2.482525, 2.454893, 2.53571]",ghz,50765,965,10bc6a6378618b5e8af453594576c42594efbed4ae3318d3c49eebbf0907dc3c,47508,numeric,321,107,53,215,214,0,"{""rz"": 214, ""rxpi2"": 107, ""cz"": 53, ""measure"": 54}",core,1.752629,"[1.944519, 1.752629, 1.7145, 1.732293, 1.809781]",121.703125,54,59,exported,6.830753,"[6.936642, 6.849217, 6.823905, 6.808817, 6.830753]",rigetti_rx_cz,53,"{""kind"": ""native_contract_only"", ""passed"": true, ""errors"": [], ""checked_instructions"": 428, ""bindings"": 1, ""semantic_equivalence"": ""not checked at large width""}"
main,core_ghz_54,static: each control-flow region counted once,217,flat circuit,,1.963367,"[2.567295, 2.036632, 1.963367, 1.952903, 1.933431]",ghz,50765,965,10bc6a6378618b5e8af453594576c42594efbed4ae3318d3c49eebbf0907dc3c,49792,numeric,480,320,53,216,160,0,"{""rx"": 320, ""rz"": 160, ""rzz"": 53, ""measure"": 54}",core,1.750629,"[1.942312, 1.729588, 1.793318, 1.729588, 1.750629]",124.8125,54,61,exported,6.759233,"[6.831682, 6.763969, 6.746273, 6.759233, 6.721217]",rxrz_rzz_unbounded,53,"{""kind"": ""native_contract_only"", ""passed"": true, ""errors"": [], ""checked_instructions"": 587, ""bindings"": 1, ""semantic_equivalence"": ""not checked at large width""}"
main,core_grover_24,,,,"__init__(): incompatible function arguments. The following argument types are supported:
    1. __init__(self, name: str, arity: mqt.core.mlir.CompilerTarget.OperationArity, num_parameters: int, site_tuples: collections.abc.Sequence[mqt.core.mlir.CompilerTarget.SiteTuple] | None = None, duration: int | None = None, fidelity: float | None = None, *, fixed_parameters: collections.abc.Sequence[float | None] = [], canonical_name: str | None = None) -> None
    2. __init__(self, name: str, arity: int, num_parameters: int, site_tuples: collections.abc.Sequence[mqt.core.mlir.CompilerTarget.SiteTuple] | None = None, duration: int | None = None, fidelity: float | None = None, *, fixed_parameters: collections.abc.Sequence[float | None] = [], canonical_name: str | None = None) -> None

Invoked with types: mqt.core.mlir.OperationCapability, kwargs = { name: str, arity: int, num_parameters: int, parameter_bounds: list }",,,grover,88603,1826,54d15e00b0f0ece1297e853f0cbdd5fb0579e83ae99b2fa610b79eb12f2fc509,,numeric,,,,,,,,core,2.755728,"[2.755728, 2.611423, 2.872353, 2.592351, 3.18573]",70.203125,24,,target_unsupported,,,ibm_fractional_bounded,,
main,core_grover_24,static: each control-flow region counted once,10393,flat circuit,,147.275432,"[145.054683, 147.275432, 146.995478, 148.024268, 148.746609]",grover,88603,1826,54d15e00b0f0ece1297e853f0cbdd5fb0579e83ae99b2fa610b79eb12f2fc509,2866211,numeric,11549,1543,7912,10392,10006,0,"{""rz"": 10006, ""sx"": 1532, ""cx"": 7912, ""x"": 11, ""measure"": 24}",core,2.783904,"[2.783904, 2.610815, 2.562943, 2.956721, 3.177315]",241.87890625,24,225,exported,378.17887,"[376.706093, 378.17887, 377.490066, 378.86041, 378.749657]",ibm_sxz_cx,4490,"{""kind"": ""native_contract_only"", ""passed"": true, ""errors"": [], ""checked_instructions"": 19485, ""bindings"": 1, ""semantic_equivalence"": ""not checked at large width""}"
main,core_grover_24,static: each control-flow region counted once,25948,flat circuit,,283.144702,"[272.065694, 278.814068, 283.144702, 285.252682, 286.753363]",grover,88603,1826,54d15e00b0f0ece1297e853f0cbdd5fb0579e83ae99b2fa610b79eb12f2fc509,4635293,numeric,41630,16587,7912,25947,25043,0,"{""rz"": 25043, ""sx"": 16272, ""cz"": 7912, ""x"": 315, ""measure"": 24}",core,2.603583,"[2.792224, 2.538479, 2.549583, 2.603583, 2.607039]",276.45703125,24,238,exported,521.581095,"[520.969396, 521.35991, 522.741038, 521.966058, 521.581095]",ibm_sxz_cz,4490,"{""kind"": ""native_contract_only"", ""passed"": true, ""errors"": [], ""checked_instructions"": 49566, ""bindings"": 1, ""semantic_equivalence"": ""not checked at large width""}"
main,core_grover_24,,,,"Target synthesis failed: loc(""/home/nvidia/.codex/experiments/core-synthesis-refined-20261004/corpus/core_grover_24.mlir"":1:1): target compilation requires a single-qubit synthesis basis
loc(""/home/nvidia/.codex/experiments/core-synthesis-refined-20261004/corpus/core_grover_24.mlir"":1:1): failed to synthesize the QCO program for the target",,,grover,88603,1826,54d15e00b0f0ece1297e853f0cbdd5fb0579e83ae99b2fa610b79eb12f2fc509,,numeric,,,,,,,,core,2.593791,"[2.748688, 2.563615, 2.546911, 2.593791, 2.694656]",70.203125,24,,synthesis_failed,,,ionq_fixed_r_zz,,
main,core_grover_24,static: each control-flow region counted once,37997,flat circuit,,378.771544,"[370.647705, 375.329317, 378.771544, 379.879791, 383.615636]",grover,88603,1826,54d15e00b0f0ece1297e853f0cbdd5fb0579e83ae99b2fa610b79eb12f2fc509,6846436,numeric,64379,64379,7912,37996,0,0,"{""r"": 64379, ""cz"": 7912, ""measure"": 24}",core,2.601951,"[2.762144, 2.597391, 2.530991, 3.184931, 2.601951]",338.5703125,24,303,exported,609.461828,"[617.798148, 610.437162, 608.240173, 606.924726, 609.461828]",iqm_r_cz,4490,"{""kind"": ""native_contract_only"", ""passed"": true, ""errors"": [], ""checked_instructions"": 72315, ""bindings"": 1, ""semantic_equivalence"": ""not checked at large width""}"
main,core_grover_24,static: each control-flow region counted once,25956,flat circuit,,367.815101,"[354.560767, 361.614728, 387.063388, 367.815101, 369.732551]",grover,88603,1826,54d15e00b0f0ece1297e853f0cbdd5fb0579e83ae99b2fa610b79eb12f2fc509,4802509,numeric,41638,16587,7912,25955,25051,0,"{""rz"": 25051, ""rxpi2"": 16272, ""cz"": 7912, ""rxpi"": 315, ""measure"": 24}",core,2.762352,"[2.762352, 2.599167, 2.543231, 2.930193, 3.153058]",296.71875,24,239,exported,525.540162,"[523.532934, 524.224906, 527.075243, 525.540162, 526.191573]",rigetti_rx_cz,4490,"{""kind"": ""native_contract_only"", ""passed"": true, ""errors"": [], ""checked_instructions"": 49574, ""bindings"": 1, ""semantic_equivalence"": ""not checked at large width""}"
main,core_grover_24,static: each control-flow region counted once,34941,flat circuit,,351.695613,"[348.630491, 350.230789, 353.264839, 351.695613, 357.105629]",grover,88603,1826,54d15e00b0f0ece1297e853f0cbdd5fb0579e83ae99b2fa610b79eb12f2fc509,6743158,numeric,87326,55650,7912,34940,31676,0,"{""rx"": 55650, ""rz"": 31676, ""rzz"": 7912, ""measure"": 24}",core,2.767409,"[2.767409, 2.55371, 3.205219, 2.581759, 2.834801]",369.08984375,24,245,exported,575.541907,"[572.793843, 575.937877, 575.541907, 577.583887, 575.049696]",rxrz_rzz_unbounded,4490,"{""kind"": ""native_contract_only"", ""passed"": true, ""errors"": [], ""checked_instructions"": 95262, ""bindings"": 1, ""semantic_equivalence"": ""not checked at large width""}"
main,core_grover_36,,,,"__init__(): incompatible function arguments. The following argument types are supported:
    1. __init__(self, name: str, arity: mqt.core.mlir.CompilerTarget.OperationArity, num_parameters: int, site_tuples: collections.abc.Sequence[mqt.core.mlir.CompilerTarget.SiteTuple] | None = None, duration: int | None = None, fidelity: float | None = None, *, fixed_parameters: collections.abc.Sequence[float | None] = [], canonical_name: str | None = None) -> None
    2. __init__(self, name: str, arity: int, num_parameters: int, site_tuples: collections.abc.Sequence[mqt.core.mlir.CompilerTarget.SiteTuple] | None = None, duration: int | None = None, fidelity: float | None = None, *, fixed_parameters: collections.abc.Sequence[float | None] = [], canonical_name: str | None = None) -> None

Invoked with types: mqt.core.mlir.OperationCapability, kwargs = { name: str, arity: int, num_parameters: int, parameter_bounds: list }",,,grover,133253,2726,338e20d58451d02a86011549149878cbeb8bd543607de3825fc43d337ce958d7,,numeric,,,,,,,,core,3.79631,"[3.79631, 3.533957, 4.153673, 3.883366, 3.589493]",69.24609375,36,,target_unsupported,,,ibm_fractional_bounded,,
main,core_grover_36,static: each control-flow region counted once,31134,flat circuit,,427.585105,"[419.135039, 422.356962, 427.585105, 429.458459, 429.673821]",grover,133253,2726,338e20d58451d02a86011549149878cbeb8bd543607de3825fc43d337ce958d7,6310263,numeric,28294,6644,16752,31133,21650,0,"{""rz"": 21650, ""sx"": 5568, ""cx"": 16752, ""x"": 1076, ""measure"": 36}",core,3.611541,"[3.757702, 3.517589, 3.928231, 3.611541, 3.601141]",395.58203125,36,217,exported,905.623799,"[905.139556, 917.398444, 905.623799, 903.099225, 906.573117]",ibm_sxz_cx,13616,"{""kind"": ""native_contract_only"", ""passed"": true, ""errors"": [], ""checked_instructions"": 45082, ""bindings"": 1, ""semantic_equivalence"": ""not checked at large width""}"
main,core_grover_36,static: each control-flow region counted once,68509,flat circuit,,721.937705,"[713.118357, 718.954103, 721.937705, 731.329647, 740.095651]",grover,133253,2726,338e20d58451d02a86011549149878cbeb8bd543607de3825fc43d337ce958d7,10748822,numeric,102140,39384,16752,68508,62756,0,"{""rz"": 62756, ""sx"": 38004, ""cz"": 16752, ""x"": 1380, ""measure"": 36}",core,3.779686,"[3.779686, 3.854646, 4.06044, 3.578885, 3.555941]",454.56640625,36,256,exported,1266.45882,"[1262.382731, 1266.45882, 1270.867197, 1272.101061, 1265.746768]",ibm_sxz_cz,13616,"{""kind"": ""native_contract_only"", ""passed"": true, ""errors"": [], ""checked_instructions"": 118928, ""bindings"": 1, ""semantic_equivalence"": ""not checked at large width""}"
main,core_grover_36,,,,"Target synthesis failed: loc(""/home/nvidia/.codex/experiments/core-synthesis-refined-20261004/corpus/core_grover_36.mlir"":1:1): target compilation requires a single-qubit synthesis basis
loc(""/home/nvidia/.codex/experiments/core-synthesis-refined-20261004/corpus/core_grover_36.mlir"":1:1): failed to synthesize the QCO program for the target",,,grover,133253,2726,338e20d58451d02a86011549149878cbeb8bd543607de3825fc43d337ce958d7,,numeric,,,,,,,,core,3.75287,"[3.75287, 4.170825, 3.811798, 3.614549, 3.514085]",70.203125,36,,synthesis_failed,,,ionq_fixed_r_zz,,
main,core_grover_36,static: each control-flow region counted once,88733,flat circuit,,913.618195,"[892.359542, 908.632197, 913.618195, 918.6364, 925.87313]",grover,133253,2726,338e20d58451d02a86011549149878cbeb8bd543607de3825fc43d337ce958d7,14092710,numeric,129445,129445,16752,88732,0,0,"{""r"": 129445, ""cz"": 16752, ""measure"": 36}",core,3.872327,"[4.095096, 3.506869, 3.911462, 3.613429, 3.872327]",530.2109375,36,241,exported,1352.764547,"[1354.440108, 1346.793776, 1350.425413, 1357.187693, 1352.764547]",iqm_r_cz,13616,"{""kind"": ""native_contract_only"", ""passed"": true, ""errors"": [], ""checked_instructions"": 146233, ""bindings"": 1, ""semantic_equivalence"": ""not checked at large width""}"
main,core_grover_36,static: each control-flow region counted once,68509,flat circuit,,944.617911,"[926.409612, 920.332136, 967.328235, 944.617911, 991.435656]",grover,133253,2726,338e20d58451d02a86011549149878cbeb8bd543607de3825fc43d337ce958d7,11144488,numeric,102140,39384,16752,68508,62756,0,"{""rz"": 62756, ""rxpi2"": 38004, ""cz"": 16752, ""rxpi"": 1380, ""measure"": 36}",core,3.744998,"[3.744998, 3.538133, 3.858183, 4.11996, 3.640357]",482.91796875,36,256,exported,1259.445623,"[1258.552305, 1256.969336, 1261.429794, 1259.445623, 1273.816828]",rigetti_rx_cz,13616,"{""kind"": ""native_contract_only"", ""passed"": true, ""errors"": [], ""checked_instructions"": 118928, ""bindings"": 1, ""semantic_equivalence"": ""not checked at large width""}"
main,core_grover_36,static: each control-flow region counted once,106340,flat circuit,,820.003529,"[820.003529, 818.589393, 819.462982, 822.849626, 822.866939]",grover,133253,2726,338e20d58451d02a86011549149878cbeb8bd543607de3825fc43d337ce958d7,14584467,numeric,187536,121508,16752,106339,66028,0,"{""rx"": 121508, ""rz"": 66028, ""rzz"": 16752, ""measure"": 36}",core,3.895894,"[4.165016, 3.510325, 3.907479, 3.895894, 3.600662]",613.20703125,36,196,exported,1305.58243,"[1297.483951, 1322.599985, 1305.58243, 1306.366115, 1300.160271]",rxrz_rzz_unbounded,13616,"{""kind"": ""native_contract_only"", ""passed"": true, ""errors"": [], ""checked_instructions"": 204324, ""bindings"": 1, ""semantic_equivalence"": ""not checked at large width""}"
main,core_grover_54,,,,"__init__(): incompatible function arguments. The following argument types are supported:
    1. __init__(self, name: str, arity: mqt.core.mlir.CompilerTarget.OperationArity, num_parameters: int, site_tuples: collections.abc.Sequence[mqt.core.mlir.CompilerTarget.SiteTuple] | None = None, duration: int | None = None, fidelity: float | None = None, *, fixed_parameters: collections.abc.Sequence[float | None] = [], canonical_name: str | None = None) -> None
    2. __init__(self, name: str, arity: int, num_parameters: int, site_tuples: collections.abc.Sequence[mqt.core.mlir.CompilerTarget.SiteTuple] | None = None, duration: int | None = None, fidelity: float | None = None, *, fixed_parameters: collections.abc.Sequence[float | None] = [], canonical_name: str | None = None) -> None

Invoked with types: mqt.core.mlir.OperationCapability, kwargs = { name: str, arity: int, num_parameters: int, parameter_bounds: list }",,,grover,201803,4076,874cea4e1d01f431871dd0bcdc822ecaf552b52d333d1c779ab6da4e3e8592e7,,numeric,,,,,,,,core,5.275638,"[5.275638, 5.286709, 5.615897, 5.109508, 5.046483]",69.265625,54,,target_unsupported,,,ibm_fractional_bounded,,
main,core_grover_54,static: each control-flow region counted once,47118,flat circuit,,693.365973,"[685.335559, 690.729979, 693.365973, 698.928445, 699.381629]",grover,201803,4076,874cea4e1d01f431871dd0bcdc822ecaf552b52d333d1c779ab6da4e3e8592e7,9518168,numeric,41778,9534,25392,47117,32244,0,"{""rz"": 32244, ""sx"": 7962, ""cx"": 25392, ""x"": 1572, ""measure"": 54}",core,5.233993,"[5.233993, 5.299162, 5.64131, 5.069079, 5.079256]",548.78515625,54,270,exported,1527.109238,"[1527.109238, 1530.79129, 1523.38071, 1528.890061, 1522.622216]",ibm_sxz_cx,20617,"{""kind"": ""native_contract_only"", ""passed"": true, ""errors"": [], ""checked_instructions"": 67224, ""bindings"": 1, ""semantic_equivalence"": ""not checked at large width""}"
main,core_grover_54,static: each control-flow region counted once,103980,flat circuit,,1164.246499,"[1145.863717, 1150.384907, 1164.246499, 1177.21157, 1176.954645]",grover,201803,4076,874cea4e1d01f431871dd0bcdc822ecaf552b52d333d1c779ab6da4e3e8592e7,16401825,numeric,154618,59554,25392,103979,95064,0,"{""rz"": 95064, ""sx"": 57678, ""cz"": 25392, ""x"": 1876, ""measure"": 54}",core,5.118487,"[5.833423, 5.367018, 5.03815, 5.118487, 5.104088]",646.51171875,54,309,exported,2118.161958,"[2098.563458, 2115.466804, 2127.487231, 2118.161958, 2124.262244]",ibm_sxz_cz,20617,"{""kind"": ""native_contract_only"", ""passed"": true, ""errors"": [], ""checked_instructions"": 180064, ""bindings"": 1, ""semantic_equivalence"": ""not checked at large width""}"
main,core_grover_54,,,,"Target synthesis failed: loc(""/home/nvidia/.codex/experiments/core-synthesis-refined-20261004/corpus/core_grover_54.mlir"":1:1): target compilation requires a single-qubit synthesis basis
loc(""/home/nvidia/.codex/experiments/core-synthesis-refined-20261004/corpus/core_grover_54.mlir"":1:1): failed to synthesize the QCO program for the target",,,grover,201803,4076,874cea4e1d01f431871dd0bcdc822ecaf552b52d333d1c779ab6da4e3e8592e7,,numeric,,,,,,,,core,5.119186,"[5.620743, 5.550119, 5.036962, 5.119186, 5.056226]",69.265625,54,,synthesis_failed,,,ionq_fixed_r_zz,,
main,core_grover_54,static: each control-flow region counted once,134201,flat circuit,,1448.464817,"[1415.319249, 1434.076608, 1448.464817, 1469.64001, 1464.664064]",grover,201803,4076,874cea4e1d01f431871dd0bcdc822ecaf552b52d333d1c779ab6da4e3e8592e7,21471202,numeric,196070,196070,25392,134200,0,0,"{""r"": 196070, ""cz"": 25392, ""measure"": 54}",core,5.255212,"[5.178764, 5.424526, 5.593376, 5.091162, 5.255212]",726.90625,54,277,exported,2250.825492,"[2243.640211, 2245.635978, 2250.825492, 2251.854911, 2259.779417]",iqm_r_cz,20617,"{""kind"": ""native_contract_only"", ""passed"": true, ""errors"": [], ""checked_instructions"": 221516, ""bindings"": 1, ""semantic_equivalence"": ""not checked at large width""}"
main,core_grover_54,static: each control-flow region counted once,103980,flat circuit,,1527.923734,"[1461.944429, 1517.772193, 1541.371417, 1527.923734, 1577.905232]",grover,201803,4076,874cea4e1d01f431871dd0bcdc822ecaf552b52d333d1c779ab6da4e3e8592e7,16999690,numeric,154618,59554,25392,103979,95064,0,"{""rz"": 95064, ""rxpi2"": 57678, ""cz"": 25392, ""rxpi"": 1876, ""measure"": 54}",core,5.086962,"[5.248788, 5.824361, 5.036466, 5.086962, 5.046034]",657.5,54,309,exported,2112.15862,"[2112.15862, 2111.200486, 2118.639538, 2115.967275, 2107.891184]",rigetti_rx_cz,20617,"{""kind"": ""native_contract_only"", ""passed"": true, ""errors"": [], ""checked_instructions"": 180064, ""bindings"": 1, ""semantic_equivalence"": ""not checked at large width""}"
main,core_grover_54,static: each control-flow region counted once,161271,flat circuit,,1260.008718,"[1253.679955, 1257.858002, 1260.008718, 1269.76023, 1275.000031]",grover,201803,4076,874cea4e1d01f431871dd0bcdc822ecaf552b52d333d1c779ab6da4e3e8592e7,22268712,numeric,284878,184592,25392,161270,100286,0,"{""rx"": 184592, ""rz"": 100286, ""rzz"": 25392, ""measure"": 54}",core,5.202725,"[5.202725, 5.018628, 5.373528, 5.676186, 5.114725]",848.140625,54,234,exported,2109.833164,"[2094.032363, 2095.599452, 2115.907308, 2116.353455, 2109.833164]",rxrz_rzz_unbounded,20617,"{""kind"": ""native_contract_only"", ""passed"": true, ""errors"": [], ""checked_instructions"": 310324, ""bindings"": 1, ""semantic_equivalence"": ""not checked at large width""}"
main,core_multiplexer_104,,,,"__init__(): incompatible function arguments. The following argument types are supported:
    1. __init__(self, name: str, arity: mqt.core.mlir.CompilerTarget.OperationArity, num_parameters: int, site_tuples: collections.abc.Sequence[mqt.core.mlir.CompilerTarget.SiteTuple] | None = None, duration: int | None = None, fidelity: float | None = None, *, fixed_parameters: collections.abc.Sequence[float | None] = [], canonical_name: str | None = None) -> None
    2. __init__(self, name: str, arity: int, num_parameters: int, site_tuples: collections.abc.Sequence[mqt.core.mlir.CompilerTarget.SiteTuple] | None = None, duration: int | None = None, fidelity: float | None = None, *, fixed_parameters: collections.abc.Sequence[float | None] = [], canonical_name: str | None = None) -> None

Invoked with types: mqt.core.mlir.OperationCapability, kwargs = { name: str, arity: int, num_parameters: int, parameter_bounds: list }",,,multiplexer,104776,2015,7d724cfba62b84c6b78bc42c05817c267e6fa09fad9f19478ca7f1dfaeb80a44,,numeric,,,,,,,,core,3.19486,"[3.19486, 2.948586, 3.368878, 3.485182, 3.073547]",69.265625,104,,target_unsupported,,,ibm_fractional_bounded,,
main,core_multiplexer_104,static: each control-flow region counted once,372,flat circuit,,3.401214,"[4.171316, 3.503679, 3.401214, 3.382926, 3.393038]",multiplexer,104776,2015,7d724cfba62b84c6b78bc42c05817c267e6fa09fad9f19478ca7f1dfaeb80a44,85851,numeric,787,306,38,371,481,0,"{""rz"": 481, ""sx"": 290, ""x"": 16, ""cx"": 38, ""measure"": 104}",core,3.20974,"[3.20974, 2.96017, 3.026651, 3.500719, 3.621631]",125.7578125,104,193,exported,12.189563,"[12.304396, 12.189563, 12.149643, 12.327165, 12.159851]",ibm_sxz_cx,38,"{""kind"": ""native_contract_only"", ""passed"": true, ""errors"": [], ""checked_instructions"": 929, ""bindings"": 1, ""semantic_equivalence"": ""not checked at large width""}"
main,core_multiplexer_104,static: each control-flow region counted once,326,flat circuit,,3.269213,"[3.999923, 3.370685, 3.269213, 3.250349, 3.256013]",multiplexer,104776,2015,7d724cfba62b84c6b78bc42c05817c267e6fa09fad9f19478ca7f1dfaeb80a44,83256,numeric,740,290,38,325,450,0,"{""rz"": 450, ""sx"": 271, ""cz"": 38, ""x"": 19, ""measure"": 104}",core,3.206332,"[3.255485, 2.933322, 3.723025, 3.206332, 3.062395]",122.7421875,104,193,exported,12.084602,"[12.167899, 12.127387, 12.052378, 12.084602, 12.080858]",ibm_sxz_cz,38,"{""kind"": ""native_contract_only"", ""passed"": true, ""errors"": [], ""checked_instructions"": 882, ""bindings"": 1, ""semantic_equivalence"": ""not checked at large width""}"
main,core_multiplexer_104,static: each control-flow region counted once,278,flat circuit,,2.990074,"[3.728721, 3.097819, 2.990074, 2.969674, 2.959434]",multiplexer,104776,2015,7d724cfba62b84c6b78bc42c05817c267e6fa09fad9f19478ca7f1dfaeb80a44,78131,numeric,695,451,38,277,244,0,"{""rx"": 451, ""rz"": 244, ""rzz"": 38, ""measure"": 104}",core,3.21918,"[3.21918, 3.024155, 3.321629, 3.6172, 3.054363]",125.69140625,104,185,exported,11.302883,"[11.428549, 11.290099, 11.258419, 11.324724, 11.302883]",rxrz_rzz_unbounded,38,"{""kind"": ""native_contract_only"", ""passed"": true, ""errors"": [], ""checked_instructions"": 837, ""bindings"": 1, ""semantic_equivalence"": ""not checked at large width""}"
main,core_multiplexer_156,,,,"__init__(): incompatible function arguments. The following argument types are supported:
    1. __init__(self, name: str, arity: mqt.core.mlir.CompilerTarget.OperationArity, num_parameters: int, site_tuples: collections.abc.Sequence[mqt.core.mlir.CompilerTarget.SiteTuple] | None = None, duration: int | None = None, fidelity: float | None = None, *, fixed_parameters: collections.abc.Sequence[float | None] = [], canonical_name: str | None = None) -> None
    2. __init__(self, name: str, arity: int, num_parameters: int, site_tuples: collections.abc.Sequence[mqt.core.mlir.CompilerTarget.SiteTuple] | None = None, duration: int | None = None, fidelity: float | None = None, *, fixed_parameters: collections.abc.Sequence[float | None] = [], canonical_name: str | None = None) -> None

Invoked with types: mqt.core.mlir.OperationCapability, kwargs = { name: str, arity: int, num_parameters: int, parameter_bounds: list }",,,multiplexer,155996,2951,6af5e986dc83533664b8b88395f711a19fe61c66c6d887b93556617cf2007c16,,numeric,,,,,,,,core,4.414818,"[4.414818, 4.070081, 4.595492, 4.355394, 5.165945]",70.20703125,156,,target_unsupported,,,ibm_fractional_bounded,,
main,core_multiplexer_156,static: each control-flow region counted once,372,flat circuit,,4.616228,"[5.320266, 4.712549, 4.612949, 4.616228, 4.549652]",multiplexer,155996,2951,6af5e986dc83533664b8b88395f711a19fe61c66c6d887b93556617cf2007c16,108486,numeric,943,358,38,371,585,0,"{""rz"": 585, ""sx"": 342, ""x"": 16, ""cx"": 38, ""measure"": 156}",core,4.433763,"[4.432835, 4.381651, 4.433763, 5.160985, 4.443043]",126.71875,156,245,exported,16.900405,"[16.949766, 16.897302, 16.947909, 16.900405, 16.856549]",ibm_sxz_cx,38,"{""kind"": ""native_contract_only"", ""passed"": true, ""errors"": [], ""checked_instructions"": 1137, ""bindings"": 1, ""semantic_equivalence"": ""not checked at large width""}"
main,core_multiplexer_156,static: each control-flow region counted once,326,flat circuit,,4.559476,"[5.123097, 4.599252, 4.559476, 4.428547, 4.437939]",multiplexer,155996,2951,6af5e986dc83533664b8b88395f711a19fe61c66c6d887b93556617cf2007c16,105796,numeric,896,342,38,325,554,0,"{""rz"": 554, ""sx"": 323, ""cz"": 38, ""x"": 19, ""measure"": 156}",core,4.4953,"[4.479827, 4.425619, 4.4953, 5.178681, 5.374826]",126.65625,156,245,exported,16.854373,"[16.912885, 16.854373, 16.988758, 16.733156, 16.701236]",ibm_sxz_cz,38,"{""kind"": ""native_contract_only"", ""passed"": true, ""errors"": [], ""checked_instructions"": 1090, ""bindings"": 1, ""semantic_equivalence"": ""not checked at large width""}"
main,core_multiplexer_156,static: each control-flow region counted once,278,flat circuit,,4.208593,"[4.909398, 4.335027, 4.208593, 4.169521, 4.189153]",multiplexer,155996,2951,6af5e986dc83533664b8b88395f711a19fe61c66c6d887b93556617cf2007c16,100975,numeric,851,555,38,277,296,0,"{""rx"": 555, ""rz"": 296, ""rzz"": 38, ""measure"": 156}",core,4.438995,"[4.424147, 4.444644, 4.35981, 4.438995, 5.649549]",125.73046875,156,237,exported,15.952622,"[15.978302, 16.025006, 15.952622, 15.881182, 15.945886]",rxrz_rzz_unbounded,38,"{""kind"": ""native_contract_only"", ""passed"": true, ""errors"": [], ""checked_instructions"": 1045, ""bindings"": 1, ""semantic_equivalence"": ""not checked at large width""}"
main,core_multiplexer_24,,,,"__init__(): incompatible function arguments. The following argument types are supported:
    1. __init__(self, name: str, arity: mqt.core.mlir.CompilerTarget.OperationArity, num_parameters: int, site_tuples: collections.abc.Sequence[mqt.core.mlir.CompilerTarget.SiteTuple] | None = None, duration: int | None = None, fidelity: float | None = None, *, fixed_parameters: collections.abc.Sequence[float | None] = [], canonical_name: str | None = None) -> None
    2. __init__(self, name: str, arity: int, num_parameters: int, site_tuples: collections.abc.Sequence[mqt.core.mlir.CompilerTarget.SiteTuple] | None = None, duration: int | None = None, fidelity: float | None = None, *, fixed_parameters: collections.abc.Sequence[float | None] = [], canonical_name: str | None = None) -> None

Invoked with types: mqt.core.mlir.OperationCapability, kwargs = { name: str, arity: int, num_parameters: int, parameter_bounds: list }",,,multiplexer,24528,491,5f5d9a41e065f99a4a9d2fec21fae872911437519e7d73be3e760142580bb623,,numeric,,,,,,,,core,1.165639,"[1.391912, 1.192215, 1.156231, 1.165639, 1.158375]",70.19921875,24,,target_unsupported,,,ibm_fractional_bounded,,
main,core_multiplexer_24,static: each control-flow region counted once,280,flat circuit,,1.817995,"[2.369598, 1.889627, 1.817995, 1.798282, 1.801531]",multiplexer,24528,491,5f5d9a41e065f99a4a9d2fec21fae872911437519e7d73be3e760142580bb623,45635,numeric,455,180,38,279,275,0,"{""rz"": 275, ""sx"": 164, ""x"": 16, ""cx"": 38, ""measure"": 24}",core,1.195191,"[1.38412, 1.209895, 1.14919, 1.170135, 1.195191]",124.60546875,24,90,exported,4.41945,"[4.815388, 4.959132, 4.41945, 4.408026, 4.386874]",ibm_sxz_cx,38,"{""kind"": ""native_contract_only"", ""passed"": true, ""errors"": [], ""checked_instructions"": 517, ""bindings"": 1, ""semantic_equivalence"": ""not checked at large width""}"
main,core_multiplexer_24,static: each control-flow region counted once,234,flat circuit,,1.682266,"[2.222925, 1.746986, 1.682266, 1.667193, 1.662458]",multiplexer,24528,491,5f5d9a41e065f99a4a9d2fec21fae872911437519e7d73be3e760142580bb623,43036,numeric,408,164,38,233,244,0,"{""rz"": 244, ""sx"": 145, ""cz"": 38, ""x"": 19, ""measure"": 24}",core,1.187447,"[1.390968, 1.203159, 1.187447, 1.179015, 1.165686]",121.4296875,24,90,exported,4.256041,"[4.668363, 4.816812, 4.256041, 4.220168, 4.225832]",ibm_sxz_cz,38,"{""kind"": ""native_contract_only"", ""passed"": true, ""errors"": [], ""checked_instructions"": 470, ""bindings"": 1, ""semantic_equivalence"": ""not checked at large width""}"
main,core_multiplexer_24,,,,"Target synthesis failed: loc(""/home/nvidia/.codex/experiments/core-synthesis-refined-20261004/corpus/core_multiplexer_24.mlir"":1:1): target compilation requires a single-qubit synthesis basis
loc(""/home/nvidia/.codex/experiments/core-synthesis-refined-20261004/corpus/core_multiplexer_24.mlir"":1:1): failed to synthesize the QCO program for the target",,,multiplexer,24528,491,5f5d9a41e065f99a4a9d2fec21fae872911437519e7d73be3e760142580bb623,,numeric,,,,,,,,core,1.195767,"[1.400264, 1.195767, 1.160055, 1.162279, 1.584345]",70.19921875,24,,synthesis_failed,,,ionq_fixed_r_zz,,
main,core_multiplexer_24,static: each control-flow region counted once,218,flat circuit,,1.800427,"[2.323117, 1.863499, 1.800427, 1.769498, 1.77649]",multiplexer,24528,491,5f5d9a41e065f99a4a9d2fec21fae872911437519e7d73be3e760142580bb623,47634,numeric,394,394,38,217,0,0,"{""r"": 394, ""cz"": 38, ""measure"": 24}",core,1.194359,"[1.375384, 1.194359, 1.164103, 1.246328, 1.16679]",124.578125,24,107,exported,4.249929,"[4.988093, 4.249929, 4.270297, 4.234025, 4.217672]",iqm_r_cz,38,"{""kind"": ""native_contract_only"", ""passed"": true, ""errors"": [], ""checked_instructions"": 456, ""bindings"": 1, ""semantic_equivalence"": ""not checked at large width""}"
main,core_multiplexer_24,static: each control-flow region counted once,234,flat circuit,,2.709983,"[3.200963, 2.709983, 2.729088, 2.599199, 2.580832]",multiplexer,24528,491,5f5d9a41e065f99a4a9d2fec21fae872911437519e7d73be3e760142580bb623,44983,numeric,408,164,38,233,244,0,"{""rz"": 244, ""rxpi2"": 145, ""cz"": 38, ""rxpi"": 19, ""measure"": 24}",core,1.197063,"[1.374072, 1.204087, 1.148615, 1.197063, 1.162279]",124.70703125,24,90,exported,4.401369,"[4.831148, 4.91414, 4.401369, 4.367993, 4.349657]",rigetti_rx_cz,38,"{""kind"": ""native_contract_only"", ""passed"": true, ""errors"": [], ""checked_instructions"": 470, ""bindings"": 1, ""semantic_equivalence"": ""not checked at large width""}"
main,core_multiplexer_24,static: each control-flow region counted once,209,flat circuit,,1.457528,"[1.950059, 1.499305, 1.457528, 1.440441, 1.43084]",multiplexer,24528,491,5f5d9a41e065f99a4a9d2fec21fae872911437519e7d73be3e760142580bb623,38052,numeric,386,245,38,208,141,0,"{""rx"": 245, ""rz"": 141, ""rzz"": 38, ""measure"": 24}",core,1.201463,"[1.370872, 1.201463, 1.160342, 1.240455, 1.169607]",121.4140625,24,82,exported,3.793206,"[3.846118, 3.913079, 3.793206, 3.758918, 3.764582]",rxrz_rzz_unbounded,38,"{""kind"": ""native_contract_only"", ""passed"": true, ""errors"": [], ""checked_instructions"": 448, ""bindings"": 1, ""semantic_equivalence"": ""not checked at large width""}"
main,core_multiplexer_36,,,,"__init__(): incompatible function arguments. The following argument types are supported:
    1. __init__(self, name: str, arity: mqt.core.mlir.CompilerTarget.OperationArity, num_parameters: int, site_tuples: collections.abc.Sequence[mqt.core.mlir.CompilerTarget.SiteTuple] | None = None, duration: int | None = None, fidelity: float | None = None, *, fixed_parameters: collections.abc.Sequence[float | None] = [], canonical_name: str | None = None) -> None
    2. __init__(self, name: str, arity: int, num_parameters: int, site_tuples: collections.abc.Sequence[mqt.core.mlir.CompilerTarget.SiteTuple] | None = None, duration: int | None = None, fidelity: float | None = None, *, fixed_parameters: collections.abc.Sequence[float | None] = [], canonical_name: str | None = None) -> None

Invoked with types: mqt.core.mlir.OperationCapability, kwargs = { name: str, arity: int, num_parameters: int, parameter_bounds: list }",,,multiplexer,37396,743,3cce1dad3e77e1f27af830d7d11f939ccfc32912b3d925def5a681e893bbae47,,numeric,,,,,,,,core,1.5054,"[1.675929, 1.512953, 1.437705, 1.5054, 1.465353]",70.19921875,36,,target_unsupported,,,ibm_fractional_bounded,,
main,core_multiplexer_36,static: each control-flow region counted once,328,flat circuit,,2.174285,"[2.761568, 2.230157, 2.174285, 2.1371, 2.147037]",multiplexer,37396,743,3cce1dad3e77e1f27af830d7d11f939ccfc32912b3d925def5a681e893bbae47,53970,numeric,539,216,38,327,323,0,"{""rz"": 323, ""sx"": 200, ""x"": 16, ""cx"": 38, ""measure"": 36}",core,1.462745,"[1.69641, 1.495112, 1.446537, 1.455592, 1.462745]",124.8828125,36,114,exported,5.982563,"[6.971929, 5.994211, 5.982563, 5.947283, 5.975619]",ibm_sxz_cx,38,"{""kind"": ""native_contract_only"", ""passed"": true, ""errors"": [], ""checked_instructions"": 613, ""bindings"": 1, ""semantic_equivalence"": ""not checked at large width""}"
main,core_multiplexer_36,static: each control-flow region counted once,282,flat circuit,,2.03782,"[2.618447, 2.096268, 2.03782, 1.99462, 1.980652]",multiplexer,37396,743,3cce1dad3e77e1f27af830d7d11f939ccfc32912b3d925def5a681e893bbae47,51374,numeric,492,200,38,281,292,0,"{""rz"": 292, ""sx"": 181, ""cz"": 38, ""x"": 19, ""measure"": 36}",core,1.536041,"[1.691594, 1.536041, 1.457113, 1.463848, 1.846011]",124.72265625,36,114,exported,5.917907,"[5.944531, 5.917907, 6.030179, 5.888979, 5.846355]",ibm_sxz_cz,38,"{""kind"": ""native_contract_only"", ""passed"": true, ""errors"": [], ""checked_instructions"": 566, ""bindings"": 1, ""semantic_equivalence"": ""not checked at large width""}"
main,core_multiplexer_36,,,,"Target synthesis failed: loc(""/home/nvidia/.codex/experiments/core-synthesis-refined-20261004/corpus/core_multiplexer_36.mlir"":1:1): target compilation requires a single-qubit synthesis basis
loc(""/home/nvidia/.codex/experiments/core-synthesis-refined-20261004/corpus/core_multiplexer_36.mlir"":1:1): failed to synthesize the QCO program for the target",,,multiplexer,37396,743,3cce1dad3e77e1f27af830d7d11f939ccfc32912b3d925def5a681e893bbae47,,numeric,,,,,,,,core,1.52628,"[1.676122, 1.52628, 1.449785, 1.805451, 1.470184]",69.26171875,36,,synthesis_failed,,,ionq_fixed_r_zz,,
main,core_multiplexer_36,static: each control-flow region counted once,242,flat circuit,,2.08958,"[2.680719, 2.148333, 2.08958, 2.054236, 2.047868]",multiplexer,37396,743,3cce1dad3e77e1f27af830d7d11f939ccfc32912b3d925def5a681e893bbae47,54597,numeric,442,442,38,241,0,0,"{""r"": 442, ""cz"": 38, ""measure"": 36}",core,1.529929,"[1.675962, 1.529929, 1.445224, 1.817275, 1.475336]",124.92578125,36,131,exported,5.847667,"[5.900899, 5.847667, 5.854882, 5.81317, 5.833922]",iqm_r_cz,38,"{""kind"": ""native_contract_only"", ""passed"": true, ""errors"": [], ""checked_instructions"": 516, ""bindings"": 1, ""semantic_equivalence"": ""not checked at large width""}"
main,core_multiplexer_36,static: each control-flow region counted once,282,flat circuit,,3.263107,"[3.849334, 3.276852, 3.263107, 3.124866, 3.133938]",multiplexer,37396,743,3cce1dad3e77e1f27af830d7d11f939ccfc32912b3d925def5a681e893bbae47,53645,numeric,492,200,38,281,292,0,"{""rz"": 292, ""rxpi2"": 181, ""cz"": 38, ""rxpi"": 19, ""measure"": 36}",core,1.534937,"[1.69225, 1.535369, 1.534937, 1.460841, 1.467864]",125.0,36,114,exported,6.090548,"[6.17754, 6.090548, 6.073076, 6.097476, 6.068483]",rigetti_rx_cz,38,"{""kind"": ""native_contract_only"", ""passed"": true, ""errors"": [], ""checked_instructions"": 566, ""bindings"": 1, ""semantic_equivalence"": ""not checked at large width""}"
main,core_multiplexer_36,static: each control-flow region counted once,245,flat circuit,,1.780987,"[2.325726, 1.859258, 1.780987, 1.74265, 1.750346]",multiplexer,37396,743,3cce1dad3e77e1f27af830d7d11f939ccfc32912b3d925def5a681e893bbae47,46047,numeric,458,293,38,244,165,0,"{""rx"": 293, ""rz"": 165, ""rzz"": 38, ""measure"": 36}",core,1.481561,"[1.689418, 1.481561, 1.541289, 1.466249, 1.46836]",121.73828125,36,106,exported,5.277743,"[5.411488, 5.322784, 5.277743, 5.244223, 5.267759]",rxrz_rzz_unbounded,38,"{""kind"": ""native_contract_only"", ""passed"": true, ""errors"": [], ""checked_instructions"": 532, ""bindings"": 1, ""semantic_equivalence"": ""not checked at large width""}"
main,core_multiplexer_54,,,,"__init__(): incompatible function arguments. The following argument types are supported:
    1. __init__(self, name: str, arity: mqt.core.mlir.CompilerTarget.OperationArity, num_parameters: int, site_tuples: collections.abc.Sequence[mqt.core.mlir.CompilerTarget.SiteTuple] | None = None, duration: int | None = None, fidelity: float | None = None, *, fixed_parameters: collections.abc.Sequence[float | None] = [], canonical_name: str | None = None) -> None
    2. __init__(self, name: str, arity: int, num_parameters: int, site_tuples: collections.abc.Sequence[mqt.core.mlir.CompilerTarget.SiteTuple] | None = None, duration: int | None = None, fidelity: float | None = None, *, fixed_parameters: collections.abc.Sequence[float | None] = [], canonical_name: str | None = None) -> None

Invoked with types: mqt.core.mlir.OperationCapability, kwargs = { name: str, arity: int, num_parameters: int, parameter_bounds: list }",,,multiplexer,56414,1115,5b1da6348d22308526fab8319c87a94b3eccd66a76dd13a369da82075ea24384,,numeric,,,,,,,,core,2.027956,"[2.142916, 2.027956, 1.903986, 1.93309, 2.715626]",70.18359375,54,,target_unsupported,,,ibm_fractional_bounded,,
main,core_multiplexer_54,static: each control-flow region counted once,372,flat circuit,,2.589961,"[3.230735, 2.682729, 2.589961, 2.551161, 2.543208]",multiplexer,56414,1115,5b1da6348d22308526fab8319c87a94b3eccd66a76dd13a369da82075ea24384,64561,numeric,637,256,38,371,381,0,"{""rz"": 381, ""sx"": 240, ""x"": 16, ""cx"": 38, ""measure"": 54}",core,1.935458,"[2.177125, 1.935155, 1.935458, 1.927491, 2.320134]",125.14453125,54,143,exported,8.33576,"[8.79578, 8.33576, 8.315935, 8.298799, 8.353952]",ibm_sxz_cx,38,"{""kind"": ""native_contract_only"", ""passed"": true, ""errors"": [], ""checked_instructions"": 729, ""bindings"": 1, ""semantic_equivalence"": ""not checked at large width""}"
main,core_multiplexer_54,static: each control-flow region counted once,326,flat circuit,,2.472775,"[3.074797, 2.566361, 2.472775, 2.431432, 2.40583]",multiplexer,56414,1115,5b1da6348d22308526fab8319c87a94b3eccd66a76dd13a369da82075ea24384,61965,numeric,590,240,38,325,350,0,"{""rz"": 350, ""sx"": 221, ""cz"": 38, ""x"": 19, ""measure"": 54}",core,2.025828,"[2.174821, 2.025828, 1.91309, 1.938323, 2.302774]",125.16015625,54,143,exported,8.220367,"[8.32208, 8.181743, 8.258815, 8.220367, 8.172702]",ibm_sxz_cz,38,"{""kind"": ""native_contract_only"", ""passed"": true, ""errors"": [], ""checked_instructions"": 682, ""bindings"": 1, ""semantic_equivalence"": ""not checked at large width""}"
main,core_multiplexer_54,,,,"Target synthesis failed: loc(""/home/nvidia/.codex/experiments/core-synthesis-refined-20261004/corpus/core_multiplexer_54.mlir"":1:1): target compilation requires a single-qubit synthesis basis
loc(""/home/nvidia/.codex/experiments/core-synthesis-refined-20261004/corpus/core_multiplexer_54.mlir"":1:1): failed to synthesize the QCO program for the target",,,multiplexer,56414,1115,5b1da6348d22308526fab8319c87a94b3eccd66a76dd13a369da82075ea24384,,numeric,,,,,,,,core,1.956867,"[2.142132, 1.948643, 1.88149, 1.977955, 1.956867]",70.16015625,54,,synthesis_failed,,,ionq_fixed_r_zz,,
main,core_multiplexer_54,static: each control-flow region counted once,264,flat circuit,,2.472103,"[3.034509, 2.524473, 2.472103, 2.397671, 2.391991]",multiplexer,56414,1115,5b1da6348d22308526fab8319c87a94b3eccd66a76dd13a369da82075ea24384,64331,numeric,500,500,38,263,0,0,"{""r"": 500, ""cz"": 38, ""measure"": 54}",core,1.931811,"[2.176037, 1.918178, 1.886594, 1.931811, 2.356598]",122.33984375,54,160,exported,8.115118,"[8.226719, 8.16795, 8.111486, 8.115118, 8.096782]",iqm_r_cz,38,"{""kind"": ""native_contract_only"", ""passed"": true, ""errors"": [], ""checked_instructions"": 592, ""bindings"": 1, ""semantic_equivalence"": ""not checked at large width""}"
main,core_multiplexer_54,static: each control-flow region counted once,326,flat circuit,,3.99455,"[4.463275, 3.99455, 3.804372, 3.782453, 5.419571]",multiplexer,56414,1115,5b1da6348d22308526fab8319c87a94b3eccd66a76dd13a369da82075ea24384,64596,numeric,590,240,38,325,350,0,"{""rz"": 350, ""rxpi2"": 221, ""cz"": 38, ""rxpi"": 19, ""measure"": 54}",core,1.944482,"[2.158436, 1.926643, 1.883138, 1.944482, 2.333479]",125.41015625,54,143,exported,8.498625,"[8.584322, 8.498625, 8.664547, 8.426177, 8.465057]",rigetti_rx_cz,38,"{""kind"": ""native_contract_only"", ""passed"": true, ""errors"": [], ""checked_instructions"": 682, ""bindings"": 1, ""semantic_equivalence"": ""not checked at large width""}"
main,core_multiplexer_54,static: each control-flow region counted once,278,flat circuit,,2.219813,"[2.813803, 2.286246, 2.219813, 2.165205, 2.147476]",multiplexer,56414,1115,5b1da6348d22308526fab8319c87a94b3eccd66a76dd13a369da82075ea24384,56391,numeric,545,351,38,277,194,0,"{""rx"": 351, ""rz"": 194, ""rzz"": 38, ""measure"": 54}",core,1.940258,"[2.1449, 1.937859, 1.890274, 1.940258, 1.968899]",125.00390625,54,135,exported,7.502935,"[8.488289, 7.537544, 7.480487, 7.502935, 7.492743]",rxrz_rzz_unbounded,38,"{""kind"": ""native_contract_only"", ""passed"": true, ""errors"": [], ""checked_instructions"": 637, ""bindings"": 1, ""semantic_equivalence"": ""not checked at large width""}"
main,core_qft_104,,,,"__init__(): incompatible function arguments. The following argument types are supported:
    1. __init__(self, name: str, arity: mqt.core.mlir.CompilerTarget.OperationArity, num_parameters: int, site_tuples: collections.abc.Sequence[mqt.core.mlir.CompilerTarget.SiteTuple] | None = None, duration: int | None = None, fidelity: float | None = None, *, fixed_parameters: collections.abc.Sequence[float | None] = [], canonical_name: str | None = None) -> None
    2. __init__(self, name: str, arity: int, num_parameters: int, site_tuples: collections.abc.Sequence[mqt.core.mlir.CompilerTarget.SiteTuple] | None = None, duration: int | None = None, fidelity: float | None = None, *, fixed_parameters: collections.abc.Sequence[float | None] = [], canonical_name: str | None = None) -> None

Invoked with types: mqt.core.mlir.OperationCapability, kwargs = { name: str, arity: int, num_parameters: int, parameter_bounds: list }",,,qft,3484620,72048,3eb5be37ef39dd2320a6c6c9d13d9edf236c89f3d2b7828764a6a703326403d4,,numeric,,,,,,,,core,116.815833,"[98.050594, 110.531281, 116.815833, 119.375569, 120.125847]",86.85546875,104,,target_unsupported,,,ibm_fractional_bounded,,
main,core_qft_104,static: each control-flow region counted once,2363,flat circuit,,178.404444,"[179.827929, 177.250401, 178.404444, 178.016648, 179.401604]",qft,3484620,72048,3eb5be37ef39dd2320a6c6c9d13d9edf236c89f3d2b7828764a6a703326403d4,2815786,numeric,30781,12656,3572,2362,18125,0,"{""rz"": 18125, ""sx"": 12656, ""cx"": 3572, ""measure"": 104}",core,115.732802,"[98.35026, 110.599908, 115.732802, 118.797326, 119.496372]",243.25390625,104,236,exported,566.43618,"[546.958887, 563.445469, 567.625729, 566.43618, 566.648165]",ibm_sxz_cx,410,"{""kind"": ""native_contract_only"", ""passed"": true, ""errors"": [], ""checked_instructions"": 34457, ""bindings"": 1, ""semantic_equivalence"": ""not checked at large width""}"
main,core_qft_104,static: each control-flow region counted once,2159,flat circuit,,169.079754,"[170.469463, 167.240954, 168.599766, 169.079754, 169.971057]",qft,3484620,72048,3eb5be37ef39dd2320a6c6c9d13d9edf236c89f3d2b7828764a6a703326403d4,2602559,numeric,27209,10870,3572,2158,16339,0,"{""rz"": 16339, ""sx"": 7298, ""cz"": 3572, ""x"": 3572, ""measure"": 104}",core,116.942868,"[98.280492, 112.28585, 116.942868, 120.139506, 119.876175]",218.6015625,104,260,exported,560.024335,"[545.550737, 562.523803, 560.28858, 559.743134, 560.024335]",ibm_sxz_cz,410,"{""kind"": ""native_contract_only"", ""passed"": true, ""errors"": [], ""checked_instructions"": 30885, ""bindings"": 1, ""semantic_equivalence"": ""not checked at large width""}"
main,core_qft_104,static: each control-flow region counted once,2055,flat circuit,,141.641918,"[142.786601, 140.612661, 140.320642, 141.641918, 142.070162]",qft,3484620,72048,3eb5be37ef39dd2320a6c6c9d13d9edf236c89f3d2b7828764a6a703326403d4,2651218,numeric,33315,18611,3572,2054,14704,0,"{""rx"": 18611, ""rz"": 14704, ""rzz"": 3572, ""measure"": 104}",core,117.429686,"[98.376026, 110.873739, 117.429686, 118.632688, 128.556347]",251.52734375,104,230,exported,498.270199,"[498.270199, 495.925585, 498.260836, 504.520525, 499.738703]",rxrz_rzz_unbounded,410,"{""kind"": ""native_contract_only"", ""passed"": true, ""errors"": [], ""checked_instructions"": 36991, ""bindings"": 1, ""semantic_equivalence"": ""not checked at large width""}"
main,core_qft_156,,,,"__init__(): incompatible function arguments. The following argument types are supported:
    1. __init__(self, name: str, arity: mqt.core.mlir.CompilerTarget.OperationArity, num_parameters: int, site_tuples: collections.abc.Sequence[mqt.core.mlir.CompilerTarget.SiteTuple] | None = None, duration: int | None = None, fidelity: float | None = None, *, fixed_parameters: collections.abc.Sequence[float | None] = [], canonical_name: str | None = None) -> None
    2. __init__(self, name: str, arity: int, num_parameters: int, site_tuples: collections.abc.Sequence[mqt.core.mlir.CompilerTarget.SiteTuple] | None = None, duration: int | None = None, fidelity: float | None = None, *, fixed_parameters: collections.abc.Sequence[float | None] = [], canonical_name: str | None = None) -> None

Invoked with types: mqt.core.mlir.OperationCapability, kwargs = { name: str, arity: int, num_parameters: int, parameter_bounds: list }",,,qft,7727534,154676,85d92c0dc719c93279161459568e9dddb7f4fb9a5809e67fd29f006d7a25a400,,numeric,,,,,,,,core,327.805507,"[255.172994, 307.165226, 327.805507, 339.491377, 344.113158]",130.03125,156,,target_unsupported,,,ibm_fractional_bounded,,
main,core_qft_156,static: each control-flow region counted once,3559,flat circuit,,341.676507,"[344.565349, 339.000662, 341.676507, 340.308064, 343.84531]",qft,7727534,154676,85d92c0dc719c93279161459568e9dddb7f4fb9a5809e67fd29f006d7a25a400,4382552,numeric,47785,19650,5548,3558,28135,0,"{""rz"": 28135, ""sx"": 19650, ""cx"": 5548, ""measure"": 156}",core,327.399889,"[259.679816, 310.042047, 327.399889, 339.892665, 343.580088]",300.953125,156,288,exported,1326.228359,"[1291.455261, 1326.24401, 1334.597146, 1316.599085, 1326.228359]",ibm_sxz_cx,618,"{""kind"": ""native_contract_only"", ""passed"": true, ""errors"": [], ""checked_instructions"": 53489, ""bindings"": 1, ""semantic_equivalence"": ""not checked at large width""}"
main,core_qft_156,static: each control-flow region counted once,3251,flat circuit,,319.971778,"[316.815145, 319.079467, 319.971778, 323.382479, 321.3035]",qft,7727534,154676,85d92c0dc719c93279161459568e9dddb7f4fb9a5809e67fd29f006d7a25a400,4050597,numeric,42237,16876,5548,3250,25361,0,"{""rz"": 25361, ""sx"": 11328, ""cz"": 5548, ""x"": 5548, ""measure"": 156}",core,330.569733,"[256.311294, 319.245528, 330.569733, 343.473279, 346.8747]",288.296875,156,312,exported,1305.616152,"[1270.999296, 1305.616152, 1304.36124, 1310.923752, 1315.550138]",ibm_sxz_cz,618,"{""kind"": ""native_contract_only"", ""passed"": true, ""errors"": [], ""checked_instructions"": 47941, ""bindings"": 1, ""semantic_equivalence"": ""not checked at large width""}"
main,core_qft_156,static: each control-flow region counted once,3095,flat circuit,,269.435623,"[270.842594, 269.435623, 274.870563, 268.684336, 269.093731]",qft,7727534,154676,85d92c0dc719c93279161459568e9dddb7f4fb9a5809e67fd29f006d7a25a400,4180840,numeric,52581,29063,5548,3094,23518,0,"{""rx"": 29063, ""rz"": 23518, ""rzz"": 5548, ""measure"": 156}",core,333.209085,"[258.076689, 308.429697, 333.209085, 347.022863, 346.897437]",307.90625,156,282,exported,1188.976337,"[1193.313786, 1188.976337, 1197.526179, 1181.16668, 1181.972297]",rxrz_rzz_unbounded,618,"{""kind"": ""native_contract_only"", ""passed"": true, ""errors"": [], ""checked_instructions"": 58285, ""bindings"": 1, ""semantic_equivalence"": ""not checked at large width""}"
main,core_qft_24,,,,"__init__(): incompatible function arguments. The following argument types are supported:
    1. __init__(self, name: str, arity: mqt.core.mlir.CompilerTarget.OperationArity, num_parameters: int, site_tuples: collections.abc.Sequence[mqt.core.mlir.CompilerTarget.SiteTuple] | None = None, duration: int | None = None, fidelity: float | None = None, *, fixed_parameters: collections.abc.Sequence[float | None] = [], canonical_name: str | None = None) -> None
    2. __init__(self, name: str, arity: int, num_parameters: int, site_tuples: collections.abc.Sequence[mqt.core.mlir.CompilerTarget.SiteTuple] | None = None, duration: int | None = None, fidelity: float | None = None, *, fixed_parameters: collections.abc.Sequence[float | None] = [], canonical_name: str | None = None) -> None

Invoked with types: mqt.core.mlir.OperationCapability, kwargs = { name: str, arity: int, num_parameters: int, parameter_bounds: list }",,,qft,189922,4142,8cf0a6fd21d8e33a2b1bde61cd78b5a2e245a93bfdbc61b1a42a78fbf1e18a2d,,numeric,,,,,,,,core,4.932636,"[5.407552, 4.725467, 5.547521, 4.932636, 4.904781]",69.22265625,24,,target_unsupported,,,ibm_fractional_bounded,,
main,core_qft_24,static: each control-flow region counted once,523,flat circuit,,18.461259,"[19.968676, 18.652237, 18.461259, 18.369083, 18.380586]",qft,189922,4142,8cf0a6fd21d8e33a2b1bde61cd78b5a2e245a93bfdbc61b1a42a78fbf1e18a2d,414384,numeric,4607,1896,532,522,2711,0,"{""rz"": 2711, ""sx"": 1896, ""cx"": 532, ""measure"": 24}",core,5.016381,"[5.016381, 5.190878, 5.437008, 4.984973, 4.931308]",136.91796875,24,109,exported,31.769464,"[32.033146, 31.914393, 31.769464, 31.746104, 31.636312]",ibm_sxz_cx,90,"{""kind"": ""native_contract_only"", ""passed"": true, ""errors"": [], ""checked_instructions"": 5163, ""bindings"": 1, ""semantic_equivalence"": ""not checked at large width""}"
main,core_qft_24,static: each control-flow region counted once,479,flat circuit,,17.089267,"[18.437547, 17.27866, 17.089267, 17.085491, 17.042275]",qft,189922,4142,8cf0a6fd21d8e33a2b1bde61cd78b5a2e245a93bfdbc61b1a42a78fbf1e18a2d,386445,numeric,4075,1630,532,478,2445,0,"{""rz"": 2445, ""sx"": 1098, ""cz"": 532, ""x"": 532, ""measure"": 24}",core,5.072477,"[5.072477, 5.494288, 5.221358, 4.966909, 4.923597]",139.2265625,24,133,exported,30.728611,"[30.743362, 30.754338, 30.72645, 30.728611, 30.684546]",ibm_sxz_cz,90,"{""kind"": ""native_contract_only"", ""passed"": true, ""errors"": [], ""checked_instructions"": 4631, ""bindings"": 1, ""semantic_equivalence"": ""not checked at large width""}"
main,core_qft_24,,,,"Target synthesis failed: loc(""/home/nvidia/.codex/experiments/core-synthesis-refined-20261004/corpus/core_qft_24.mlir"":1:1): target compilation requires a single-qubit synthesis basis
loc(""/home/nvidia/.codex/experiments/core-synthesis-refined-20261004/corpus/core_qft_24.mlir"":1:1): failed to synthesize the QCO program for the target",,,qft,189922,4142,8cf0a6fd21d8e33a2b1bde61cd78b5a2e245a93bfdbc61b1a42a78fbf1e18a2d,,numeric,,,,,,,,core,5.010141,"[5.010141, 4.808764, 5.237726, 5.520608, 4.941405]",69.26171875,24,,synthesis_failed,,,ionq_fixed_r_zz,,
main,core_qft_24,static: each control-flow region counted once,500,flat circuit,,21.461132,"[21.79187, 21.603774, 21.224715, 21.461132, 21.400205]",qft,189922,4142,8cf0a6fd21d8e33a2b1bde61cd78b5a2e245a93bfdbc61b1a42a78fbf1e18a2d,499570,numeric,4916,4916,532,499,0,0,"{""r"": 4916, ""cz"": 532, ""measure"": 24}",core,4.997261,"[4.997261, 4.86334, 5.144366, 5.451728, 4.944109]",138.71875,24,138,exported,31.560567,"[31.457847, 31.76804, 31.506743, 31.713352, 31.560567]",iqm_r_cz,90,"{""kind"": ""native_contract_only"", ""passed"": true, ""errors"": [], ""checked_instructions"": 5472, ""bindings"": 1, ""semantic_equivalence"": ""not checked at large width""}"
main,core_qft_24,static: each control-flow region counted once,479,flat circuit,,26.112375,"[27.176142, 26.112375, 25.918343, 26.017623, 26.879516]",qft,189922,4142,8cf0a6fd21d8e33a2b1bde61cd78b5a2e245a93bfdbc61b1a42a78fbf1e18a2d,403722,numeric,4075,1630,532,478,2445,0,"{""rz"": 2445, ""rxpi2"": 1098, ""cz"": 532, ""rxpi"": 532, ""measure"": 24}",core,4.981357,"[4.981357, 4.862364, 5.518944, 5.255599, 4.912028]",142.98828125,24,133,exported,31.951817,"[32.011257, 31.912057, 31.948809, 31.951817, 31.980633]",rigetti_rx_cz,90,"{""kind"": ""native_contract_only"", ""passed"": true, ""errors"": [], ""checked_instructions"": 4631, ""bindings"": 1, ""semantic_equivalence"": ""not checked at large width""}"
main,core_qft_24,static: each control-flow region counted once,455,flat circuit,,13.963617,"[14.906663, 13.974865, 13.951249, 13.930641, 13.963617]",qft,189922,4142,8cf0a6fd21d8e33a2b1bde61cd78b5a2e245a93bfdbc61b1a42a78fbf1e18a2d,342886,numeric,4241,2591,532,454,1650,0,"{""rx"": 2591, ""rz"": 1650, ""rzz"": 532, ""measure"": 24}",core,5.031997,"[5.031997, 5.233023, 5.424463, 5.019229, 4.962413]",138.37109375,24,105,exported,25.5813,"[25.657941, 25.528356, 25.620469, 25.5813, 25.565348]",rxrz_rzz_unbounded,90,"{""kind"": ""native_contract_only"", ""passed"": true, ""errors"": [], ""checked_instructions"": 4797, ""bindings"": 1, ""semantic_equivalence"": ""not checked at large width""}"
main,core_qft_36,,,,"__init__(): incompatible function arguments. The following argument types are supported:
    1. __init__(self, name: str, arity: mqt.core.mlir.CompilerTarget.OperationArity, num_parameters: int, site_tuples: collections.abc.Sequence[mqt.core.mlir.CompilerTarget.SiteTuple] | None = None, duration: int | None = None, fidelity: float | None = None, *, fixed_parameters: collections.abc.Sequence[float | None] = [], canonical_name: str | None = None) -> None
    2. __init__(self, name: str, arity: int, num_parameters: int, site_tuples: collections.abc.Sequence[mqt.core.mlir.CompilerTarget.SiteTuple] | None = None, duration: int | None = None, fidelity: float | None = None, *, fixed_parameters: collections.abc.Sequence[float | None] = [], canonical_name: str | None = None) -> None

Invoked with types: mqt.core.mlir.OperationCapability, kwargs = { name: str, arity: int, num_parameters: int, parameter_bounds: list }",,,qft,424840,9236,d446df6065a0c00a75adf1bbc71a3307505e1ea5c5cdda105fd74f550303fe9a,,numeric,,,,,,,,core,10.567436,"[11.238161, 10.240137, 10.349722, 10.567436, 10.587212]",70.2109375,36,,target_unsupported,,,ibm_fractional_bounded,,
main,core_qft_36,static: each control-flow region counted once,799,flat circuit,,36.485685,"[38.617249, 36.370788, 36.425412, 36.485685, 36.497589]",qft,424840,9236,d446df6065a0c00a75adf1bbc71a3307505e1ea5c5cdda105fd74f550303fe9a,769471,numeric,8540,3510,988,798,5030,0,"{""rz"": 5030, ""sx"": 3510, ""cx"": 988, ""measure"": 36}",core,10.468973,"[11.191297, 10.204508, 10.375756, 10.554574, 10.468973]",153.1640625,36,145,exported,69.603414,"[69.219508, 69.543781, 69.65535, 69.728742, 69.603414]",ibm_sxz_cx,138,"{""kind"": ""native_contract_only"", ""passed"": true, ""errors"": [], ""checked_instructions"": 9564, ""bindings"": 1, ""semantic_equivalence"": ""not checked at large width""}"
main,core_qft_36,static: each control-flow region counted once,731,flat circuit,,33.319954,"[35.230094, 33.319954, 33.33005, 33.143186, 33.313298]",qft,424840,9236,d446df6065a0c00a75adf1bbc71a3307505e1ea5c5cdda105fd74f550303fe9a,714139,numeric,7552,3016,988,730,4536,0,"{""rz"": 4536, ""sx"": 2028, ""cz"": 988, ""x"": 988, ""measure"": 36}",core,10.427917,"[11.159362, 10.187451, 10.465629, 10.427917, 10.392988]",150.60546875,36,169,exported,67.397625,"[67.029206, 67.411592, 67.529545, 67.397625, 67.357209]",ibm_sxz_cz,138,"{""kind"": ""native_contract_only"", ""passed"": true, ""errors"": [], ""checked_instructions"": 8576, ""bindings"": 1, ""semantic_equivalence"": ""not checked at large width""}"
main,core_qft_36,,,,"Target synthesis failed: loc(""/home/nvidia/.codex/experiments/core-synthesis-refined-20261004/corpus/core_qft_36.mlir"":1:1): target compilation requires a single-qubit synthesis basis
loc(""/home/nvidia/.codex/experiments/core-synthesis-refined-20261004/corpus/core_qft_36.mlir"":1:1): failed to synthesize the QCO program for the target",,,qft,424840,9236,d446df6065a0c00a75adf1bbc71a3307505e1ea5c5cdda105fd74f550303fe9a,,numeric,,,,,,,,core,10.458365,"[11.144209, 10.272572, 10.394173, 10.458365, 10.532605]",70.1875,36,,synthesis_failed,,,ionq_fixed_r_zz,,
main,core_qft_36,static: each control-flow region counted once,764,flat circuit,,44.895334,"[45.533257, 45.261495, 44.748421, 44.895334, 44.681076]",qft,424840,9236,d446df6065a0c00a75adf1bbc71a3307505e1ea5c5cdda105fd74f550303fe9a,973839,numeric,9812,9812,988,763,0,0,"{""r"": 9812, ""cz"": 988, ""measure"": 36}",core,10.433229,"[11.097201, 10.268892, 10.321484, 10.433229, 10.446413]",161.68359375,36,181,exported,69.262404,"[68.58376, 69.2677, 69.205332, 69.443237, 69.262404]",iqm_r_cz,138,"{""kind"": ""native_contract_only"", ""passed"": true, ""errors"": [], ""checked_instructions"": 10836, ""bindings"": 1, ""semantic_equivalence"": ""not checked at large width""}"
main,core_qft_36,static: each control-flow region counted once,731,flat circuit,,50.19946,"[50.634264, 49.310335, 50.210693, 49.035086, 50.19946]",qft,424840,9236,d446df6065a0c00a75adf1bbc71a3307505e1ea5c5cdda105fd74f550303fe9a,745735,numeric,7552,3016,988,730,4536,0,"{""rz"": 4536, ""rxpi2"": 2028, ""cz"": 988, ""rxpi"": 988, ""measure"": 36}",core,10.434621,"[11.094321, 10.219788, 10.317708, 10.465581, 10.434621]",160.2734375,36,169,exported,70.167753,"[69.482021, 70.167753, 70.055816, 70.236969, 70.266922]",rigetti_rx_cz,138,"{""kind"": ""native_contract_only"", ""passed"": true, ""errors"": [], ""checked_instructions"": 8576, ""bindings"": 1, ""semantic_equivalence"": ""not checked at large width""}"
main,core_qft_36,static: each control-flow region counted once,695,flat circuit,,28.025428,"[29.20097, 28.025428, 27.86629, 27.577841, 28.026179]",qft,424840,9236,d446df6065a0c00a75adf1bbc71a3307505e1ea5c5cdda105fd74f550303fe9a,663977,numeric,8231,4943,988,694,3288,0,"{""rx"": 4943, ""rz"": 3288, ""rzz"": 988, ""measure"": 36}",core,10.439693,"[11.195681, 10.287692, 10.345165, 10.500493, 10.439693]",150.16015625,36,148,exported,57.328414,"[57.401631, 57.328414, 57.670577, 57.278766, 57.210926]",rxrz_rzz_unbounded,138,"{""kind"": ""native_contract_only"", ""passed"": true, ""errors"": [], ""checked_instructions"": 9255, ""bindings"": 1, ""semantic_equivalence"": ""not checked at large width""}"
main,core_qft_54,,,,"__init__(): incompatible function arguments. The following argument types are supported:
    1. __init__(self, name: str, arity: mqt.core.mlir.CompilerTarget.OperationArity, num_parameters: int, site_tuples: collections.abc.Sequence[mqt.core.mlir.CompilerTarget.SiteTuple] | None = None, duration: int | None = None, fidelity: float | None = None, *, fixed_parameters: collections.abc.Sequence[float | None] = [], canonical_name: str | None = None) -> None
    2. __init__(self, name: str, arity: int, num_parameters: int, site_tuples: collections.abc.Sequence[mqt.core.mlir.CompilerTarget.SiteTuple] | None = None, duration: int | None = None, fidelity: float | None = None, *, fixed_parameters: collections.abc.Sequence[float | None] = [], canonical_name: str | None = None) -> None

Invoked with types: mqt.core.mlir.OperationCapability, kwargs = { name: str, arity: int, num_parameters: int, parameter_bounds: list }",,,qft,949645,20648,cabc9c18667ab2f1842cee879472a35c9c85464808583b2fcd975bf50b133308,,numeric,,,,,,,,core,24.385871,"[22.789068, 23.894232, 24.385871, 24.91186, 24.81922]",70.20703125,54,,target_unsupported,,,ibm_fractional_bounded,,
main,core_qft_54,static: each control-flow region counted once,1213,flat circuit,,66.549251,"[68.434219, 66.06155, 66.218849, 66.549251, 66.657973]",qft,949645,20648,cabc9c18667ab2f1842cee879472a35c9c85464808583b2fcd975bf50b133308,1312399,numeric,14431,5931,1672,1212,8500,0,"{""rz"": 8500, ""sx"": 5931, ""cx"": 1672, ""measure"": 54}",core,24.393793,"[22.81691, 23.752666, 24.393793, 24.838006, 25.005992]",168.44921875,54,185,exported,155.010475,"[151.889545, 154.914187, 155.010475, 155.647299, 155.607939]",ibm_sxz_cx,210,"{""kind"": ""native_contract_only"", ""passed"": true, ""errors"": [], ""checked_instructions"": 16157, ""bindings"": 1, ""semantic_equivalence"": ""not checked at large width""}"
main,core_qft_54,static: each control-flow region counted once,1109,flat circuit,,61.752728,"[63.314907, 61.660567, 61.752728, 61.745288, 61.883754]",qft,949645,20648,cabc9c18667ab2f1842cee879472a35c9c85464808583b2fcd975bf50b133308,1213415,numeric,12759,5095,1672,1108,7664,0,"{""rz"": 7664, ""sx"": 3423, ""cz"": 1672, ""x"": 1672, ""measure"": 54}",core,24.409648,"[22.780109, 23.801193, 24.409648, 24.766756, 24.831333]",166.23828125,54,209,exported,153.069966,"[150.040411, 153.12992, 152.844971, 153.069966, 153.145102]",ibm_sxz_cz,210,"{""kind"": ""native_contract_only"", ""passed"": true, ""errors"": [], ""checked_instructions"": 14485, ""bindings"": 1, ""semantic_equivalence"": ""not checked at large width""}"
main,core_qft_54,,,,"Target synthesis failed: loc(""/home/nvidia/.codex/experiments/core-synthesis-refined-20261004/corpus/core_qft_54.mlir"":1:1): target compilation requires a single-qubit synthesis basis
loc(""/home/nvidia/.codex/experiments/core-synthesis-refined-20261004/corpus/core_qft_54.mlir"":1:1): failed to synthesize the QCO program for the target",,,qft,949645,20648,cabc9c18667ab2f1842cee879472a35c9c85464808583b2fcd975bf50b133308,,numeric,,,,,,,,core,24.363166,"[22.852653, 23.8442, 24.363166, 24.788931, 25.029078]",70.19140625,54,,synthesis_failed,,,ionq_fixed_r_zz,,
main,core_qft_54,static: each control-flow region counted once,1160,flat circuit,,93.596725,"[94.397936, 93.142385, 93.008111, 93.71588, 93.596725]",qft,949645,20648,cabc9c18667ab2f1842cee879472a35c9c85464808583b2fcd975bf50b133308,1806061,numeric,18608,18608,1672,1159,0,0,"{""r"": 18608, ""cz"": 1672, ""measure"": 54}",core,24.470131,"[22.887152, 24.098462, 24.470131, 24.859623, 24.969161]",195.16796875,54,213,exported,159.595911,"[158.075253, 159.319252, 159.595911, 160.696675, 161.15748]",iqm_r_cz,210,"{""kind"": ""native_contract_only"", ""passed"": true, ""errors"": [], ""checked_instructions"": 20334, ""bindings"": 1, ""semantic_equivalence"": ""not checked at large width""}"
main,core_qft_54,static: each control-flow region counted once,1109,flat circuit,,90.543459,"[93.655303, 90.543459, 90.84111, 90.413137, 90.432433]",qft,949645,20648,cabc9c18667ab2f1842cee879472a35c9c85464808583b2fcd975bf50b133308,1266486,numeric,12759,5095,1672,1108,7664,0,"{""rz"": 7664, ""rxpi2"": 3423, ""cz"": 1672, ""rxpi"": 1672, ""measure"": 54}",core,24.334317,"[22.885612, 23.879479, 24.334317, 24.954629, 25.040741]",177.171875,54,209,exported,157.897992,"[155.292537, 156.831099, 157.897992, 158.845427, 159.036453]",rigetti_rx_cz,210,"{""kind"": ""native_contract_only"", ""passed"": true, ""errors"": [], ""checked_instructions"": 14485, ""bindings"": 1, ""semantic_equivalence"": ""not checked at large width""}"
main,core_qft_54,static: each control-flow region counted once,1055,flat circuit,,53.307107,"[55.546846, 53.307107, 53.493174, 52.908047, 53.0156]",qft,949645,20648,cabc9c18667ab2f1842cee879472a35c9c85464808583b2fcd975bf50b133308,1183578,numeric,14790,8561,1672,1054,6229,0,"{""rx"": 8561, ""rz"": 6229, ""rzz"": 1672, ""measure"": 54}",core,24.398448,"[22.756284, 23.692903, 24.398448, 24.853157, 24.845924]",181.06640625,54,180,exported,134.22587,"[133.3933, 134.347903, 134.22587, 133.969817, 134.978197]",rxrz_rzz_unbounded,210,"{""kind"": ""native_contract_only"", ""passed"": true, ""errors"": [], ""checked_instructions"": 16516, ""bindings"": 1, ""semantic_equivalence"": ""not checked at large width""}"
main,core_qft_adder_104,,,,"__init__(): incompatible function arguments. The following argument types are supported:
    1. __init__(self, name: str, arity: mqt.core.mlir.CompilerTarget.OperationArity, num_parameters: int, site_tuples: collections.abc.Sequence[mqt.core.mlir.CompilerTarget.SiteTuple] | None = None, duration: int | None = None, fidelity: float | None = None, *, fixed_parameters: collections.abc.Sequence[float | None] = [], canonical_name: str | None = None) -> None
    2. __init__(self, name: str, arity: int, num_parameters: int, site_tuples: collections.abc.Sequence[mqt.core.mlir.CompilerTarget.SiteTuple] | None = None, duration: int | None = None, fidelity: float | None = None, *, fixed_parameters: collections.abc.Sequence[float | None] = [], canonical_name: str | None = None) -> None

Invoked with types: mqt.core.mlir.OperationCapability, kwargs = { name: str, arity: int, num_parameters: int, parameter_bounds: list }",,,qft_adder,2677182,57620,30d26e33ef32512f1b131cbe967c67c127cd6a9f757b0b64314117d335696e6c,,numeric,,,,,,,,core,86.708718,"[74.356436, 82.199272, 86.708718, 88.144379, 89.137667]",79.67578125,104,,target_unsupported,,,ibm_fractional_bounded,,
main,core_qft_adder_104,static: each control-flow region counted once,11084,flat circuit,,247.935023,"[243.777771, 245.787997, 247.935023, 249.257211, 249.391628]",qft_adder,2677182,57620,30d26e33ef32512f1b131cbe967c67c127cd6a9f757b0b64314117d335696e6c,3847725,numeric,42030,17066,4840,11083,24964,0,"{""x"": 52, ""rz"": 24964, ""sx"": 17014, ""cx"": 4840, ""measure"": 104}",core,86.302007,"[73.479431, 81.812351, 86.302007, 92.292764, 91.490837]",266.54296875,104,421,exported,545.594698,"[522.248127, 545.300152, 545.594698, 556.413447, 552.373138]",ibm_sxz_cx,1838,"{""kind"": ""native_contract_only"", ""passed"": true, ""errors"": [], ""checked_instructions"": 46974, ""bindings"": 1, ""semantic_equivalence"": ""not checked at large width""}"
main,core_qft_adder_104,static: each control-flow region counted once,9444,flat circuit,,226.963753,"[228.220949, 225.150393, 226.015025, 226.963753, 229.753329]",qft_adder,2677182,57620,30d26e33ef32512f1b131cbe967c67c127cd6a9f757b0b64314117d335696e6c,3540627,numeric,36898,14520,4840,9443,22378,0,"{""x"": 4840, ""rz"": 22378, ""sx"": 9680, ""cz"": 4840, ""measure"": 104}",core,84.705476,"[72.835388, 81.378262, 84.705476, 87.026168, 87.209529]",250.8203125,104,432,exported,547.129026,"[499.007987, 547.625369, 578.79484, 547.129026, 540.516904]",ibm_sxz_cz,1838,"{""kind"": ""native_contract_only"", ""passed"": true, ""errors"": [], ""checked_instructions"": 41842, ""bindings"": 1, ""semantic_equivalence"": ""not checked at large width""}"
main,core_qft_adder_104,static: each control-flow region counted once,10387,flat circuit,,178.959939,"[183.800477, 177.691753, 178.830914, 178.959939, 179.087859]",qft_adder,2677182,57620,30d26e33ef32512f1b131cbe967c67c127cd6a9f757b0b64314117d335696e6c,3498330,numeric,43600,25950,4840,10386,17650,0,"{""rx"": 25950, ""rz"": 17650, ""rzz"": 4840, ""measure"": 104}",core,86.347136,"[73.325886, 83.629224, 86.347136, 88.651396, 89.003415]",272.7421875,104,283,exported,443.31819,"[440.709532, 438.879898, 444.257832, 443.31819, 446.038166]",rxrz_rzz_unbounded,1838,"{""kind"": ""native_contract_only"", ""passed"": true, ""errors"": [], ""checked_instructions"": 48544, ""bindings"": 1, ""semantic_equivalence"": ""not checked at large width""}"
main,core_qft_adder_156,,,,"__init__(): incompatible function arguments. The following argument types are supported:
    1. __init__(self, name: str, arity: mqt.core.mlir.CompilerTarget.OperationArity, num_parameters: int, site_tuples: collections.abc.Sequence[mqt.core.mlir.CompilerTarget.SiteTuple] | None = None, duration: int | None = None, fidelity: float | None = None, *, fixed_parameters: collections.abc.Sequence[float | None] = [], canonical_name: str | None = None) -> None
    2. __init__(self, name: str, arity: int, num_parameters: int, site_tuples: collections.abc.Sequence[mqt.core.mlir.CompilerTarget.SiteTuple] | None = None, duration: int | None = None, fidelity: float | None = None, *, fixed_parameters: collections.abc.Sequence[float | None] = [], canonical_name: str | None = None) -> None

Invoked with types: mqt.core.mlir.OperationCapability, kwargs = { name: str, arity: int, num_parameters: int, parameter_bounds: list }",,,qft_adder,5973137,125857,be4dc2fe4f6e0100e3aac49682c8970dc5f44ce3e30ef7aee189c5e75f874969,,numeric,,,,,,,,core,240.04766,"[190.557378, 225.497612, 240.04766, 248.021257, 249.758021]",111.62109375,156,,target_unsupported,,,ibm_fractional_bounded,,
main,core_qft_adder_156,static: each control-flow region counted once,17662,flat circuit,,515.847378,"[493.466723, 506.282248, 515.847378, 533.242955, 534.310561]",qft_adder,5973137,125857,be4dc2fe4f6e0100e3aac49682c8970dc5f44ce3e30ef7aee189c5e75f874969,6235777,numeric,67978,27596,7830,17661,40382,0,"{""x"": 78, ""rz"": 40382, ""sx"": 27518, ""cx"": 7830, ""measure"": 156}",core,294.437698,"[226.746572, 273.134586, 294.437698, 314.159261, 311.914347]",346.80078125,156,473,exported,1654.006886,"[1504.346681, 1646.988453, 1654.006886, 1680.815314, 1671.72757]",ibm_sxz_cx,2930,"{""kind"": ""native_contract_only"", ""passed"": true, ""errors"": [], ""checked_instructions"": 75964, ""bindings"": 1, ""semantic_equivalence"": ""not checked at large width""}"
main,core_qft_adder_156,static: each control-flow region counted once,15034,flat circuit,,458.543327,"[438.185683, 439.50638, 458.543327, 461.960233, 492.043728]",qft_adder,5973137,125857,be4dc2fe4f6e0100e3aac49682c8970dc5f44ce3e30ef7aee189c5e75f874969,5741637,numeric,59726,23490,7830,15033,36236,0,"{""x"": 7830, ""rz"": 36236, ""sx"": 15660, ""cz"": 7830, ""measure"": 156}",core,305.844269,"[253.837228, 311.949756, 305.844269, 318.63304, 301.936287]",327.28515625,156,484,exported,1293.644172,"[1202.529068, 1295.811992, 1280.003259, 1301.523246, 1293.644172]",ibm_sxz_cz,2930,"{""kind"": ""native_contract_only"", ""passed"": true, ""errors"": [], ""checked_instructions"": 67712, ""bindings"": 1, ""semantic_equivalence"": ""not checked at large width""}"
main,core_qft_adder_156,static: each control-flow region counted once,17719,flat circuit,,342.386023,"[345.329949, 338.827276, 341.249342, 342.386023, 343.061547]",qft_adder,5973137,125857,be4dc2fe4f6e0100e3aac49682c8970dc5f44ce3e30ef7aee189c5e75f874969,5945658,numeric,74748,43890,7830,17718,30858,0,"{""rx"": 43890, ""rz"": 30858, ""rzz"": 7830, ""measure"": 156}",core,243.114017,"[197.074462, 226.392096, 243.114017, 251.392896, 252.103606]",365.49609375,156,335,exported,1054.910868,"[1047.423199, 1058.892388, 1054.910868, 1063.785125, 1050.107898]",rxrz_rzz_unbounded,2930,"{""kind"": ""native_contract_only"", ""passed"": true, ""errors"": [], ""checked_instructions"": 82734, ""bindings"": 1, ""semantic_equivalence"": ""not checked at large width""}"
main,core_qft_adder_24,,,,"__init__(): incompatible function arguments. The following argument types are supported:
    1. __init__(self, name: str, arity: mqt.core.mlir.CompilerTarget.OperationArity, num_parameters: int, site_tuples: collections.abc.Sequence[mqt.core.mlir.CompilerTarget.SiteTuple] | None = None, duration: int | None = None, fidelity: float | None = None, *, fixed_parameters: collections.abc.Sequence[float | None] = [], canonical_name: str | None = None) -> None
    2. __init__(self, name: str, arity: int, num_parameters: int, site_tuples: collections.abc.Sequence[mqt.core.mlir.CompilerTarget.SiteTuple] | None = None, duration: int | None = None, fidelity: float | None = None, *, fixed_parameters: collections.abc.Sequence[float | None] = [], canonical_name: str | None = None) -> None

Invoked with types: mqt.core.mlir.OperationCapability, kwargs = { name: str, arity: int, num_parameters: int, parameter_bounds: list }",,,qft_adder,147968,3220,9008e35287e6a72ff77ade60f12ca6428204b4494da14186863c47d8733a277d,,numeric,,,,,,,,core,4.174217,"[4.174217, 3.885606, 4.030744, 4.8083, 4.20412]",70.19921875,24,,target_unsupported,,,ibm_fractional_bounded,,
main,core_qft_adder_24,static: each control-flow region counted once,1203,flat circuit,,13.768928,"[15.062456, 13.866225, 13.768928, 13.663215, 13.766416]",qft_adder,147968,3220,9008e35287e6a72ff77ade60f12ca6428204b4494da14186863c47d8733a277d,324234,numeric,3563,1454,408,1202,2109,0,"{""x"": 12, ""rz"": 2109, ""sx"": 1442, ""cx"": 408, ""measure"": 24}",core,4.164168,"[4.164168, 4.243993, 4.52649, 4.027799, 4.015687]",136.3125,24,136,exported,24.095277,"[23.958219, 24.102204, 24.095277, 24.009836, 24.106573]",ibm_sxz_cx,198,"{""kind"": ""native_contract_only"", ""passed"": true, ""errors"": [], ""checked_instructions"": 3995, ""bindings"": 1, ""semantic_equivalence"": ""not checked at large width""}"
main,core_qft_adder_24,static: each control-flow region counted once,1043,flat circuit,,12.664537,"[14.10069, 12.823674, 12.59985, 12.501049, 12.664537]",qft_adder,147968,3220,9008e35287e6a72ff77ade60f12ca6428204b4494da14186863c47d8733a277d,297722,numeric,3096,1224,408,1042,1872,0,"{""x"": 408, ""rz"": 1872, ""sx"": 816, ""cz"": 408, ""measure"": 24}",core,4.10388,"[4.230952, 4.705676, 4.10388, 4.056919, 4.030568]",132.73046875,24,143,exported,23.074326,"[23.185991, 23.101526, 23.061735, 23.074326, 23.073414]",ibm_sxz_cz,198,"{""kind"": ""native_contract_only"", ""passed"": true, ""errors"": [], ""checked_instructions"": 3528, ""bindings"": 1, ""semantic_equivalence"": ""not checked at large width""}"
main,core_qft_adder_24,,,,"Target synthesis failed: loc(""/home/nvidia/.codex/experiments/core-synthesis-refined-20261004/corpus/core_qft_adder_24.mlir"":1:1): target compilation requires a single-qubit synthesis basis
loc(""/home/nvidia/.codex/experiments/core-synthesis-refined-20261004/corpus/core_qft_adder_24.mlir"":1:1): failed to synthesize the QCO program for the target",,,qft_adder,147968,3220,9008e35287e6a72ff77ade60f12ca6428204b4494da14186863c47d8733a277d,,numeric,,,,,,,,core,4.216168,"[4.216168, 3.903415, 4.574907, 4.321113, 4.022631]",69.265625,24,,synthesis_failed,,,ionq_fixed_r_zz,,
main,core_qft_adder_24,static: each control-flow region counted once,1107,flat circuit,,15.283897,"[16.054605, 15.283897, 15.174553, 15.315881, 15.276889]",qft_adder,147968,3220,9008e35287e6a72ff77ade60f12ca6428204b4494da14186863c47d8733a277d,367760,numeric,3624,3624,408,1106,0,0,"{""r"": 3624, ""cz"": 408, ""measure"": 24}",core,4.222776,"[4.222776, 3.924679, 4.614507, 4.344729, 4.011032]",136.5546875,24,120,exported,23.080598,"[23.112646, 23.075078, 23.080598, 23.069302, 23.11783]",iqm_r_cz,198,"{""kind"": ""native_contract_only"", ""passed"": true, ""errors"": [], ""checked_instructions"": 4056, ""bindings"": 1, ""semantic_equivalence"": ""not checked at large width""}"
main,core_qft_adder_24,static: each control-flow region counted once,1043,flat circuit,,19.589939,"[22.150016, 19.696323, 19.288768, 19.589939, 19.425201]",qft_adder,147968,3220,9008e35287e6a72ff77ade60f12ca6428204b4494da14186863c47d8733a277d,310821,numeric,3096,1224,408,1042,1872,0,"{""rxpi"": 408, ""rz"": 1872, ""rxpi2"": 816, ""cz"": 408, ""measure"": 24}",core,4.06988,"[4.204969, 4.660907, 4.06988, 4.049847, 3.952503]",136.68359375,24,143,exported,24.092044,"[24.092044, 24.118332, 24.028364, 24.14182, 24.01438]",rigetti_rx_cz,198,"{""kind"": ""native_contract_only"", ""passed"": true, ""errors"": [], ""checked_instructions"": 3528, ""bindings"": 1, ""semantic_equivalence"": ""not checked at large width""}"
main,core_qft_adder_24,static: each control-flow region counted once,965,flat circuit,,10.456813,"[11.29949, 10.577469, 10.456813, 10.415725, 10.427021]",qft_adder,147968,3220,9008e35287e6a72ff77ade60f12ca6428204b4494da14186863c47d8733a277d,259736,numeric,3183,1947,408,964,1236,0,"{""rx"": 1947, ""rz"": 1236, ""rzz"": 408, ""measure"": 24}",core,4.152984,"[4.152984, 3.948887, 4.299305, 4.580203, 4.018567]",134.125,24,91,exported,19.255088,"[19.255088, 19.280784, 19.361361, 19.190768, 19.22696]",rxrz_rzz_unbounded,198,"{""kind"": ""native_contract_only"", ""passed"": true, ""errors"": [], ""checked_instructions"": 3615, ""bindings"": 1, ""semantic_equivalence"": ""not checked at large width""}"
main,core_qft_adder_36,,,,"__init__(): incompatible function arguments. The following argument types are supported:
    1. __init__(self, name: str, arity: mqt.core.mlir.CompilerTarget.OperationArity, num_parameters: int, site_tuples: collections.abc.Sequence[mqt.core.mlir.CompilerTarget.SiteTuple] | None = None, duration: int | None = None, fidelity: float | None = None, *, fixed_parameters: collections.abc.Sequence[float | None] = [], canonical_name: str | None = None) -> None
    2. __init__(self, name: str, arity: int, num_parameters: int, site_tuples: collections.abc.Sequence[mqt.core.mlir.CompilerTarget.SiteTuple] | None = None, duration: int | None = None, fidelity: float | None = None, *, fixed_parameters: collections.abc.Sequence[float | None] = [], canonical_name: str | None = None) -> None

Invoked with types: mqt.core.mlir.OperationCapability, kwargs = { name: str, arity: int, num_parameters: int, parameter_bounds: list }",,,qft_adder,326784,7096,cd43e150a57e3ce028cb0a9157c2c567fad375ff5695ae00ae11cc2abf6aa507,,numeric,,,,,,,,core,8.179136,"[8.523138, 8.524945, 8.12432, 8.126768, 8.179136]",70.19921875,36,,target_unsupported,,,ibm_fractional_bounded,,
main,core_qft_adder_36,static: each control-flow region counted once,2469,flat circuit,,33.933047,"[35.528656, 33.687813, 33.850502, 33.964631, 33.933047]",qft_adder,326784,7096,cd43e150a57e3ce028cb0a9157c2c567fad375ff5695ae00ae11cc2abf6aa507,736885,numeric,8140,3317,936,2468,4823,0,"{""x"": 18, ""rz"": 4823, ""sx"": 3299, ""cx"": 936, ""measure"": 36}",core,8.202896,"[8.202896, 7.921182, 8.124495, 8.268928, 8.314849]",148.0859375,36,196,exported,56.364298,"[56.252457, 56.107192, 56.739452, 56.577083, 56.364298]",ibm_sxz_cx,408,"{""kind"": ""native_contract_only"", ""passed"": true, ""errors"": [], ""checked_instructions"": 9112, ""bindings"": 1, ""semantic_equivalence"": ""not checked at large width""}"
main,core_qft_adder_36,static: each control-flow region counted once,2123,flat circuit,,30.548451,"[31.823322, 30.611747, 30.548451, 30.395778, 30.528675]",qft_adder,326784,7096,cd43e150a57e3ce028cb0a9157c2c567fad375ff5695ae00ae11cc2abf6aa507,677821,numeric,7109,2808,936,2122,4301,0,"{""x"": 936, ""rz"": 4301, ""sx"": 1872, ""cz"": 936, ""measure"": 36}",core,8.209248,"[8.579074, 8.556354, 8.209248, 8.19992, 8.197984]",140.6171875,36,211,exported,54.400207,"[54.177901, 54.400207, 54.379214, 54.522847, 54.407294]",ibm_sxz_cz,408,"{""kind"": ""native_contract_only"", ""passed"": true, ""errors"": [], ""checked_instructions"": 8081, ""bindings"": 1, ""semantic_equivalence"": ""not checked at large width""}"
main,core_qft_adder_36,,,,"Target synthesis failed: loc(""/home/nvidia/.codex/experiments/core-synthesis-refined-20261004/corpus/core_qft_adder_36.mlir"":1:1): target compilation requires a single-qubit synthesis basis
loc(""/home/nvidia/.codex/experiments/core-synthesis-refined-20261004/corpus/core_qft_adder_36.mlir"":1:1): failed to synthesize the QCO program for the target",,,qft_adder,326784,7096,cd43e150a57e3ce028cb0a9157c2c567fad375ff5695ae00ae11cc2abf6aa507,,numeric,,,,,,,,core,8.13072,"[9.010036, 8.118496, 8.046623, 8.216704, 8.13072]",69.23046875,36,,synthesis_failed,,,ionq_fixed_r_zz,,
main,core_qft_adder_36,static: each control-flow region counted once,2274,flat circuit,,38.175359,"[39.018245, 38.286064, 37.792061, 37.869102, 38.175359]",qft_adder,326784,7096,cd43e150a57e3ce028cb0a9157c2c567fad375ff5695ae00ae11cc2abf6aa507,855699,numeric,8352,8352,936,2273,0,0,"{""r"": 8352, ""cz"": 936, ""measure"": 36}",core,8.136976,"[9.024501, 7.961742, 8.024639, 8.136976, 8.17088]",153.3515625,36,186,exported,53.306232,"[52.862982, 53.306232, 53.167239, 53.485609, 53.306424]",iqm_r_cz,408,"{""kind"": ""native_contract_only"", ""passed"": true, ""errors"": [], ""checked_instructions"": 9324, ""bindings"": 1, ""semantic_equivalence"": ""not checked at large width""}"
main,core_qft_adder_36,static: each control-flow region counted once,2123,flat circuit,,46.08059,"[46.509777, 45.764443, 46.471424, 45.595195, 46.08059]",qft_adder,326784,7096,cd43e150a57e3ce028cb0a9157c2c567fad375ff5695ae00ae11cc2abf6aa507,707286,numeric,7109,2808,936,2122,4301,0,"{""rxpi"": 936, ""rz"": 4301, ""rxpi2"": 1872, ""cz"": 936, ""measure"": 36}",core,8.17664,"[8.825748, 8.247728, 8.143952, 8.146047, 8.17664]",145.32421875,36,211,exported,56.311034,"[55.718966, 56.399434, 56.311034, 56.608187, 56.279194]",rigetti_rx_cz,408,"{""kind"": ""native_contract_only"", ""passed"": true, ""errors"": [], ""checked_instructions"": 8081, ""bindings"": 1, ""semantic_equivalence"": ""not checked at large width""}"
main,core_qft_adder_36,static: each control-flow region counted once,1971,flat circuit,,24.521791,"[26.082985, 24.411023, 24.369582, 24.521791, 24.5644]",qft_adder,326784,7096,cd43e150a57e3ce028cb0a9157c2c567fad375ff5695ae00ae11cc2abf6aa507,590157,numeric,7275,4449,936,1970,2826,0,"{""rx"": 4449, ""rz"": 2826, ""rzz"": 936, ""measure"": 36}",core,8.286432,"[8.810612, 8.305569, 8.060447, 8.286432, 8.144032]",150.515625,36,134,exported,43.868449,"[44.050386, 44.035202, 43.854753, 43.693872, 43.868449]",rxrz_rzz_unbounded,408,"{""kind"": ""native_contract_only"", ""passed"": true, ""errors"": [], ""checked_instructions"": 8247, ""bindings"": 1, ""semantic_equivalence"": ""not checked at large width""}"
main,core_qft_adder_54,,,,"__init__(): incompatible function arguments. The following argument types are supported:
    1. __init__(self, name: str, arity: mqt.core.mlir.CompilerTarget.OperationArity, num_parameters: int, site_tuples: collections.abc.Sequence[mqt.core.mlir.CompilerTarget.SiteTuple] | None = None, duration: int | None = None, fidelity: float | None = None, *, fixed_parameters: collections.abc.Sequence[float | None] = [], canonical_name: str | None = None) -> None
    2. __init__(self, name: str, arity: int, num_parameters: int, site_tuples: collections.abc.Sequence[mqt.core.mlir.CompilerTarget.SiteTuple] | None = None, duration: int | None = None, fidelity: float | None = None, *, fixed_parameters: collections.abc.Sequence[float | None] = [], canonical_name: str | None = None) -> None

Invoked with types: mqt.core.mlir.OperationCapability, kwargs = { name: str, arity: int, num_parameters: int, parameter_bounds: list }",,,qft_adder,725232,15745,1583a385f792f2ab191d2ba23ea897bf1c3693e294c6213d75358aeef62655fe,,numeric,,,,,,,,core,18.451119,"[18.451119, 18.063643, 18.33683, 18.463295, 18.616849]",70.203125,54,,target_unsupported,,,ibm_fractional_bounded,,
main,core_qft_adder_54,static: each control-flow region counted once,4758,flat circuit,,80.014713,"[82.863253, 80.014713, 79.425764, 79.701862, 80.87893]",qft_adder,725232,15745,1583a385f792f2ab191d2ba23ea897bf1c3693e294c6213d75358aeef62655fe,1555850,numeric,17061,6941,1965,4757,10120,0,"{""x"": 27, ""rz"": 10120, ""sx"": 6914, ""cx"": 1965, ""measure"": 54}",core,18.300526,"[18.046924, 18.101709, 18.300526, 18.486496, 18.631058]",181.59765625,54,270,exported,129.570386,"[127.472638, 129.627555, 129.169791, 130.151591, 129.570386]",ibm_sxz_cx,788,"{""kind"": ""native_contract_only"", ""passed"": true, ""errors"": [], ""checked_instructions"": 19080, ""bindings"": 1, ""semantic_equivalence"": ""not checked at large width""}"
main,core_qft_adder_54,static: each control-flow region counted once,4069,flat circuit,,72.653651,"[74.987817, 72.553857, 72.467201, 72.838821, 72.653651]",qft_adder,725232,15745,1583a385f792f2ab191d2ba23ea897bf1c3693e294c6213d75358aeef62655fe,1429641,numeric,14948,5895,1965,4068,9053,0,"{""x"": 1965, ""rz"": 9053, ""sx"": 3930, ""cz"": 1965, ""measure"": 54}",core,18.394911,"[17.922411, 17.918107, 18.394911, 18.600145, 18.553424]",179.32421875,54,282,exported,125.570074,"[123.679848, 125.570074, 125.302008, 126.040991, 125.617163]",ibm_sxz_cz,788,"{""kind"": ""native_contract_only"", ""passed"": true, ""errors"": [], ""checked_instructions"": 16967, ""bindings"": 1, ""semantic_equivalence"": ""not checked at large width""}"
main,core_qft_adder_54,,,,"Target synthesis failed: loc(""/home/nvidia/.codex/experiments/core-synthesis-refined-20261004/corpus/core_qft_adder_54.mlir"":1:1): target compilation requires a single-qubit synthesis basis
loc(""/home/nvidia/.codex/experiments/core-synthesis-refined-20261004/corpus/core_qft_adder_54.mlir"":1:1): failed to synthesize the QCO program for the target",,,qft_adder,725232,15745,1583a385f792f2ab191d2ba23ea897bf1c3693e294c6213d75358aeef62655fe,,numeric,,,,,,,,core,18.514943,"[17.757, 18.026379, 18.518656, 18.514943, 18.792306]",70.19921875,54,,synthesis_failed,,,ionq_fixed_r_zz,,
main,core_qft_adder_54,static: each control-flow region counted once,4487,flat circuit,,94.128098,"[94.360485, 93.536125, 94.363125, 93.728655, 94.128098]",qft_adder,725232,15745,1583a385f792f2ab191d2ba23ea897bf1c3693e294c6213d75358aeef62655fe,1847145,numeric,18081,18081,1965,4486,0,0,"{""r"": 18081, ""cz"": 1965, ""measure"": 54}",core,18.355583,"[18.327167, 18.026813, 18.355583, 18.608642, 18.622178]",191.41796875,54,237,exported,123.680861,"[121.747083, 123.490155, 123.680861, 124.292962, 124.737639]",iqm_r_cz,788,"{""kind"": ""native_contract_only"", ""passed"": true, ""errors"": [], ""checked_instructions"": 20100, ""bindings"": 1, ""semantic_equivalence"": ""not checked at large width""}"
main,core_qft_adder_54,static: each control-flow region counted once,4069,flat circuit,,105.68124,"[107.776395, 104.874545, 104.702254, 105.68124, 105.963547]",qft_adder,725232,15745,1583a385f792f2ab191d2ba23ea897bf1c3693e294c6213d75358aeef62655fe,1491005,numeric,14948,5895,1965,4068,9053,0,"{""rxpi"": 1965, ""rz"": 9053, ""rxpi2"": 3930, ""cz"": 1965, ""measure"": 54}",core,18.427103,"[17.816393, 18.089035, 18.427103, 18.65112, 18.599329]",193.57421875,54,282,exported,130.088688,"[127.158404, 129.715933, 130.088688, 130.813575, 130.416979]",rigetti_rx_cz,788,"{""kind"": ""native_contract_only"", ""passed"": true, ""errors"": [], ""checked_instructions"": 16967, ""bindings"": 1, ""semantic_equivalence"": ""not checked at large width""}"
main,core_qft_adder_54,static: each control-flow region counted once,3887,flat circuit,,55.737201,"[57.366768, 55.737201, 55.791681, 55.528831, 55.501822]",qft_adder,725232,15745,1583a385f792f2ab191d2ba23ea897bf1c3693e294c6213d75358aeef62655fe,1278550,numeric,15614,9524,1965,3886,6090,0,"{""rx"": 9524, ""rz"": 6090, ""rzz"": 1965, ""measure"": 54}",core,18.32507,"[17.486966, 17.985626, 18.32507, 18.559872, 18.69341]",182.84375,54,188,exported,103.18306,"[102.661486, 103.226708, 103.146403, 103.18306, 103.264724]",rxrz_rzz_unbounded,788,"{""kind"": ""native_contract_only"", ""passed"": true, ""errors"": [], ""checked_instructions"": 17633, ""bindings"": 1, ""semantic_equivalence"": ""not checked at large width""}"
main,core_qpe_104,,,,"__init__(): incompatible function arguments. The following argument types are supported:
    1. __init__(self, name: str, arity: mqt.core.mlir.CompilerTarget.OperationArity, num_parameters: int, site_tuples: collections.abc.Sequence[mqt.core.mlir.CompilerTarget.SiteTuple] | None = None, duration: int | None = None, fidelity: float | None = None, *, fixed_parameters: collections.abc.Sequence[float | None] = [], canonical_name: str | None = None) -> None
    2. __init__(self, name: str, arity: int, num_parameters: int, site_tuples: collections.abc.Sequence[mqt.core.mlir.CompilerTarget.SiteTuple] | None = None, duration: int | None = None, fidelity: float | None = None, *, fixed_parameters: collections.abc.Sequence[float | None] = [], canonical_name: str | None = None) -> None

Invoked with types: mqt.core.mlir.OperationCapability, kwargs = { name: str, arity: int, num_parameters: int, parameter_bounds: list }",,,qpe,3473950,71951,d48d9f5e3627140da03a5660cb95c35763ac36c287286e6a66be8336c1bd625c,,numeric,,,,,,,,core,116.646803,"[97.588332, 111.44351, 116.646803, 119.047737, 120.294067]",86.52734375,104,,target_unsupported,,,ibm_fractional_bounded,,
main,core_qpe_104,static: each control-flow region counted once,21412,flat circuit,,187.581741,"[184.858101, 185.891806, 188.064465, 187.581741, 187.847119]",qpe,3473950,71951,d48d9f5e3627140da03a5660cb95c35763ac36c287286e6a66be8336c1bd625c,2894438,numeric,32108,12689,3539,21411,19419,0,"{""rz"": 19419, ""sx"": 12688, ""x"": 1, ""cx"": 3539, ""measure"": 103}",core,118.011953,"[98.486834, 111.376487, 118.011953, 119.482511, 120.098468]",239.13671875,104,271,exported,572.802084,"[557.323727, 573.960227, 571.11676, 590.33077, 572.802084]",ibm_sxz_cx,3534,"{""kind"": ""native_contract_only"", ""passed"": true, ""errors"": [], ""checked_instructions"": 35750, ""bindings"": 1, ""semantic_equivalence"": ""not checked at large width""}"
main,core_qpe_104,static: each control-flow region counted once,18080,flat circuit,,170.078005,"[169.433039, 170.078005, 170.500104, 171.222239, 169.947203]",qpe,3473950,71951,d48d9f5e3627140da03a5660cb95c35763ac36c287286e6a66be8336c1bd625c,2664841,numeric,28269,10819,3539,18079,17450,0,"{""rz"": 17450, ""sx"": 7280, ""x"": 3539, ""cz"": 3539, ""measure"": 103}",core,119.608968,"[98.738462, 111.950499, 119.608968, 124.703445, 127.498174]",223.125,104,287,exported,557.272213,"[543.592991, 556.007612, 557.272213, 558.639232, 560.140011]",ibm_sxz_cz,3534,"{""kind"": ""native_contract_only"", ""passed"": true, ""errors"": [], ""checked_instructions"": 31911, ""bindings"": 1, ""semantic_equivalence"": ""not checked at large width""}"
main,core_qpe_104,static: each control-flow region counted once,22526,flat circuit,,157.241807,"[161.231123, 156.40764, 157.241807, 156.116437, 157.706515]",qpe,3473950,71951,d48d9f5e3627140da03a5660cb95c35763ac36c287286e6a66be8336c1bd625c,2999727,numeric,39136,24536,3539,22525,14600,0,"{""rx"": 24536, ""rz"": 14600, ""rzz"": 3539, ""measure"": 103}",core,117.263488,"[99.395122, 113.314252, 117.263488, 120.318522, 120.842271]",263.0859375,104,236,exported,504.222818,"[504.354693, 502.46357, 504.222818, 506.002656, 503.416744]",rxrz_rzz_unbounded,3534,"{""kind"": ""native_contract_only"", ""passed"": true, ""errors"": [], ""checked_instructions"": 42778, ""bindings"": 1, ""semantic_equivalence"": ""not checked at large width""}"
main,core_qpe_156,,,,"__init__(): incompatible function arguments. The following argument types are supported:
    1. __init__(self, name: str, arity: mqt.core.mlir.CompilerTarget.OperationArity, num_parameters: int, site_tuples: collections.abc.Sequence[mqt.core.mlir.CompilerTarget.SiteTuple] | None = None, duration: int | None = None, fidelity: float | None = None, *, fixed_parameters: collections.abc.Sequence[float | None] = [], canonical_name: str | None = None) -> None
    2. __init__(self, name: str, arity: int, num_parameters: int, site_tuples: collections.abc.Sequence[mqt.core.mlir.CompilerTarget.SiteTuple] | None = None, duration: int | None = None, fidelity: float | None = None, *, fixed_parameters: collections.abc.Sequence[float | None] = [], canonical_name: str | None = None) -> None

Invoked with types: mqt.core.mlir.OperationCapability, kwargs = { name: str, arity: int, num_parameters: int, parameter_bounds: list }",,,qpe,7713224,154605,025be7a9f59f4cf7c1c50778b0bf5fddf52bb53ca0187cdcd8f4a0bc555a32e5,,numeric,,,,,,,,core,404.992367,"[317.497949, 376.916241, 404.992367, 412.155735, 417.870883]",128.51953125,156,,target_unsupported,,,ibm_fractional_bounded,,
main,core_qpe_156,static: each control-flow region counted once,33372,flat circuit,,343.74533,"[345.787107, 341.100893, 343.74533, 343.370751, 346.385062]",qpe,7713224,154605,025be7a9f59f4cf7c1c50778b0bf5fddf52bb53ca0187cdcd8f4a0bc555a32e5,4517503,numeric,49996,19761,5515,33371,30235,0,"{""rz"": 30235, ""sx"": 19760, ""x"": 1, ""cx"": 5515, ""measure"": 155}",core,333.505098,"[257.062636, 307.748201, 333.505098, 343.231417, 347.000839]",301.56640625,156,323,exported,1347.0528,"[1330.973875, 1349.258066, 1338.488021, 1372.498708, 1347.0528]",ibm_sxz_cx,5510,"{""kind"": ""native_contract_only"", ""passed"": true, ""errors"": [], ""checked_instructions"": 55666, ""bindings"": 1, ""semantic_equivalence"": ""not checked at large width""}"
main,core_qpe_156,static: each control-flow region counted once,28168,flat circuit,,324.577654,"[327.123372, 319.259276, 324.577654, 325.375821, 324.476645]",qpe,7713224,154605,025be7a9f59f4cf7c1c50778b0bf5fddf52bb53ca0187cdcd8f4a0bc555a32e5,4159914,numeric,44025,16851,5515,28167,27174,0,"{""rz"": 27174, ""sx"": 11336, ""x"": 5515, ""cz"": 5515, ""measure"": 155}",core,329.758426,"[255.529126, 307.528791, 329.758426, 340.223998, 345.137636]",290.6015625,156,339,exported,1306.040707,"[1306.040707, 1314.92639, 1299.450773, 1309.761747, 1304.761733]",ibm_sxz_cz,5510,"{""kind"": ""native_contract_only"", ""passed"": true, ""errors"": [], ""checked_instructions"": 49695, ""bindings"": 1, ""semantic_equivalence"": ""not checked at large width""}"
main,core_qpe_156,static: each control-flow region counted once,36150,flat circuit,,344.429863,"[346.267191, 339.976324, 341.319567, 344.429863, 367.077996]",qpe,7713224,154605,025be7a9f59f4cf7c1c50778b0bf5fddf52bb53ca0187cdcd8f4a0bc555a32e5,4817254,numeric,63056,39616,5515,36149,23440,0,"{""rx"": 39616, ""rz"": 23440, ""rzz"": 5515, ""measure"": 155}",core,365.852942,"[255.392347, 309.843279, 365.852942, 407.719261, 417.2434]",344.4375,156,288,exported,1517.320052,"[1467.42766, 1517.320052, 1561.510527, 1502.226831, 1566.487209]",rxrz_rzz_unbounded,5510,"{""kind"": ""native_contract_only"", ""passed"": true, ""errors"": [], ""checked_instructions"": 68726, ""bindings"": 1, ""semantic_equivalence"": ""not checked at large width""}"
main,core_qpe_24,,,,"__init__(): incompatible function arguments. The following argument types are supported:
    1. __init__(self, name: str, arity: mqt.core.mlir.CompilerTarget.OperationArity, num_parameters: int, site_tuples: collections.abc.Sequence[mqt.core.mlir.CompilerTarget.SiteTuple] | None = None, duration: int | None = None, fidelity: float | None = None, *, fixed_parameters: collections.abc.Sequence[float | None] = [], canonical_name: str | None = None) -> None
    2. __init__(self, name: str, arity: int, num_parameters: int, site_tuples: collections.abc.Sequence[mqt.core.mlir.CompilerTarget.SiteTuple] | None = None, duration: int | None = None, fidelity: float | None = None, *, fixed_parameters: collections.abc.Sequence[float | None] = [], canonical_name: str | None = None) -> None

Invoked with types: mqt.core.mlir.OperationCapability, kwargs = { name: str, arity: int, num_parameters: int, parameter_bounds: list }",,,qpe,186767,4089,4107059cad6048b4c6ad89a9570460290ece3a55673ebe23edf96940707bc5ee,,numeric,,,,,,,,core,4.90086,"[5.297903, 5.115102, 4.90086, 4.867292, 4.830252]",70.20703125,24,,target_unsupported,,,ibm_fractional_bounded,,
main,core_qpe_24,static: each control-flow region counted once,3012,flat circuit,,18.050569,"[19.409313, 18.289082, 18.050569, 18.037977, 18.039929]",qpe,186767,4089,4107059cad6048b4c6ad89a9570460290ece3a55673ebe23edf96940707bc5ee,408896,numeric,4588,1809,499,3011,2779,0,"{""rz"": 2779, ""sx"": 1808, ""x"": 1, ""cx"": 499, ""measure"": 23}",core,5.061694,"[5.344751, 5.139006, 5.061694, 4.858732, 4.884828]",136.73828125,24,143,exported,31.248358,"[31.237813, 31.304773, 31.165701, 31.248358, 31.338838]",ibm_sxz_cx,494,"{""kind"": ""native_contract_only"", ""passed"": true, ""errors"": [], ""checked_instructions"": 5110, ""bindings"": 1, ""semantic_equivalence"": ""not checked at large width""}"
main,core_qpe_24,static: each control-flow region counted once,2560,flat circuit,,16.567248,"[17.767079, 16.641857, 16.439439, 16.567248, 16.435776]",qpe,186767,4089,4107059cad6048b4c6ad89a9570460290ece3a55673ebe23edf96940707bc5ee,377397,numeric,4029,1539,499,2559,2490,0,"{""rz"": 2490, ""sx"": 1040, ""x"": 499, ""cz"": 499, ""measure"": 23}",core,4.899564,"[5.006989, 4.705995, 5.717602, 4.899564, 4.856572]",135.3671875,24,159,exported,29.952238,"[29.952238, 30.031198, 29.814957, 30.013678, 29.706541]",ibm_sxz_cz,494,"{""kind"": ""native_contract_only"", ""passed"": true, ""errors"": [], ""checked_instructions"": 4551, ""bindings"": 1, ""semantic_equivalence"": ""not checked at large width""}"
main,core_qpe_24,,,,"Target synthesis failed: loc(""/home/nvidia/.codex/experiments/core-synthesis-refined-20261004/corpus/core_qpe_24.mlir"":1:1): target compilation requires a single-qubit synthesis basis
loc(""/home/nvidia/.codex/experiments/core-synthesis-refined-20261004/corpus/core_qpe_24.mlir"":1:1): failed to synthesize the QCO program for the target",,,qpe,186767,4089,4107059cad6048b4c6ad89a9570460290ece3a55673ebe23edf96940707bc5ee,,numeric,,,,,,,,core,4.964333,"[4.964333, 5.203326, 4.80062, 5.187854, 4.852764]",69.26953125,24,,synthesis_failed,,,ionq_fixed_r_zz,,
main,core_qpe_24,static: each control-flow region counted once,2782,flat circuit,,19.911107,"[20.748888, 19.8681, 19.994084, 19.791283, 19.911107]",qpe,186767,4089,4107059cad6048b4c6ad89a9570460290ece3a55673ebe23edf96940707bc5ee,468795,numeric,4607,4607,499,2781,0,0,"{""r"": 4607, ""cz"": 499, ""measure"": 23}",core,4.976909,"[4.976909, 5.400239, 5.126574, 4.8607, 4.831148]",137.98828125,24,148,exported,29.652764,"[29.633084, 29.661597, 29.652764, 29.762109, 29.63566]",iqm_r_cz,494,"{""kind"": ""native_contract_only"", ""passed"": true, ""errors"": [], ""checked_instructions"": 5129, ""bindings"": 1, ""semantic_equivalence"": ""not checked at large width""}"
main,core_qpe_24,static: each control-flow region counted once,2560,flat circuit,,24.869904,"[26.069143, 25.089042, 24.869904, 24.714016, 24.7504]",qpe,186767,4089,4107059cad6048b4c6ad89a9570460290ece3a55673ebe23edf96940707bc5ee,393761,numeric,4029,1539,499,2559,2490,0,"{""rz"": 2490, ""rxpi2"": 1040, ""rxpi"": 499, ""cz"": 499, ""measure"": 23}",core,4.888701,"[5.009325, 4.732508, 5.5972, 4.888701, 4.847548]",141.44921875,24,159,exported,31.233285,"[31.233285, 31.326118, 31.212358, 31.288966, 31.232533]",rigetti_rx_cz,494,"{""kind"": ""native_contract_only"", ""passed"": true, ""errors"": [], ""checked_instructions"": 4551, ""bindings"": 1, ""semantic_equivalence"": ""not checked at large width""}"
main,core_qpe_24,static: each control-flow region counted once,2394,flat circuit,,13.216221,"[14.431668, 13.142989, 13.266365, 13.18742, 13.216221]",qpe,186767,4089,4107059cad6048b4c6ad89a9570460290ece3a55673ebe23edf96940707bc5ee,322827,numeric,3992,2440,499,2393,1552,0,"{""rx"": 2440, ""rz"": 1552, ""rzz"": 499, ""measure"": 23}",core,5.04531,"[5.04531, 5.218814, 4.785836, 5.214398, 4.875196]",137.78125,24,107,exported,24.306717,"[24.383213, 24.269181, 24.33387, 24.282573, 24.306717]",rxrz_rzz_unbounded,494,"{""kind"": ""native_contract_only"", ""passed"": true, ""errors"": [], ""checked_instructions"": 4514, ""bindings"": 1, ""semantic_equivalence"": ""not checked at large width""}"
main,core_qpe_36,,,,"__init__(): incompatible function arguments. The following argument types are supported:
    1. __init__(self, name: str, arity: mqt.core.mlir.CompilerTarget.OperationArity, num_parameters: int, site_tuples: collections.abc.Sequence[mqt.core.mlir.CompilerTarget.SiteTuple] | None = None, duration: int | None = None, fidelity: float | None = None, *, fixed_parameters: collections.abc.Sequence[float | None] = [], canonical_name: str | None = None) -> None
    2. __init__(self, name: str, arity: int, num_parameters: int, site_tuples: collections.abc.Sequence[mqt.core.mlir.CompilerTarget.SiteTuple] | None = None, duration: int | None = None, fidelity: float | None = None, *, fixed_parameters: collections.abc.Sequence[float | None] = [], canonical_name: str | None = None) -> None

Invoked with types: mqt.core.mlir.OperationCapability, kwargs = { name: str, arity: int, num_parameters: int, parameter_bounds: list }",,,qpe,420128,9153,8b24673292c237ca6efd94c6f4860710dca1226b82c52ec7fa8b98884801d384,,numeric,,,,,,,,core,10.359164,"[11.108145, 10.163852, 10.313388, 10.408541, 10.359164]",69.26171875,36,,target_unsupported,,,ibm_fractional_bounded,,
main,core_qpe_36,static: each control-flow region counted once,5772,flat circuit,,36.867991,"[38.794162, 36.806198, 36.614085, 36.985144, 36.867991]",qpe,420128,9153,8b24673292c237ca6efd94c6f4860710dca1226b82c52ec7fa8b98884801d384,775047,numeric,8716,3441,955,5771,5275,0,"{""rz"": 5275, ""sx"": 3440, ""x"": 1, ""cx"": 955, ""measure"": 35}",core,10.348636,"[11.062672, 10.124763, 10.266876, 10.366749, 10.348636]",155.3359375,36,179,exported,69.171044,"[68.722401, 69.115843, 69.171044, 69.570246, 69.308964]",ibm_sxz_cx,950,"{""kind"": ""native_contract_only"", ""passed"": true, ""errors"": [], ""checked_instructions"": 9706, ""bindings"": 1, ""semantic_equivalence"": ""not checked at large width""}"
main,core_qpe_36,static: each control-flow region counted once,4888,flat circuit,,33.508452,"[35.567103, 33.414307, 33.508452, 33.469971, 33.709189]",qpe,420128,9153,8b24673292c237ca6efd94c6f4860710dca1226b82c52ec7fa8b98884801d384,714986,numeric,7665,2931,955,4887,4734,0,"{""rz"": 4734, ""sx"": 1976, ""x"": 955, ""cz"": 955, ""measure"": 35}",core,10.326749,"[10.990848, 10.070507, 10.244972, 10.346492, 10.326749]",151.68359375,36,195,exported,66.740613,"[66.123409, 66.906774, 66.400595, 66.740613, 66.905526]",ibm_sxz_cz,950,"{""kind"": ""native_contract_only"", ""passed"": true, ""errors"": [], ""checked_instructions"": 8655, ""bindings"": 1, ""semantic_equivalence"": ""not checked at large width""}"
main,core_qpe_36,,,,"Target synthesis failed: loc(""/home/nvidia/.codex/experiments/core-synthesis-refined-20261004/corpus/core_qpe_36.mlir"":1:1): target compilation requires a single-qubit synthesis basis
loc(""/home/nvidia/.codex/experiments/core-synthesis-refined-20261004/corpus/core_qpe_36.mlir"":1:1): failed to synthesize the QCO program for the target",,,qpe,420128,9153,8b24673292c237ca6efd94c6f4860710dca1226b82c52ec7fa8b98884801d384,,numeric,,,,,,,,core,10.296444,"[11.042288, 10.241068, 10.251084, 10.296444, 10.373357]",69.24609375,36,,synthesis_failed,,,ionq_fixed_r_zz,,
main,core_qpe_36,static: each control-flow region counted once,5656,flat circuit,,43.003595,"[44.263651, 43.391837, 42.650744, 43.003595, 42.856522]",qpe,420128,9153,8b24673292c237ca6efd94c6f4860710dca1226b82c52ec7fa8b98884801d384,938002,numeric,9443,9443,955,5655,0,0,"{""r"": 9443, ""cz"": 955, ""measure"": 35}",core,10.336636,"[11.023169, 10.072171, 10.309084, 10.336636, 10.356412]",155.92578125,36,191,exported,66.528212,"[66.274771, 66.659061, 66.422707, 66.907878, 66.528212]",iqm_r_cz,950,"{""kind"": ""native_contract_only"", ""passed"": true, ""errors"": [], ""checked_instructions"": 10433, ""bindings"": 1, ""semantic_equivalence"": ""not checked at large width""}"
main,core_qpe_36,static: each control-flow region counted once,4888,flat circuit,,49.564401,"[50.288549, 49.403888, 49.68637, 48.827133, 49.564401]",qpe,420128,9153,8b24673292c237ca6efd94c6f4860710dca1226b82c52ec7fa8b98884801d384,745707,numeric,7665,2931,955,4887,4734,0,"{""rz"": 4734, ""rxpi2"": 1976, ""rxpi"": 955, ""cz"": 955, ""measure"": 35}",core,10.381884,"[10.837711, 10.54099, 10.289788, 10.381884, 10.372797]",155.19921875,36,195,exported,68.990098,"[68.339854, 69.22866, 68.990098, 69.127715, 68.936002]",rigetti_rx_cz,950,"{""kind"": ""native_contract_only"", ""passed"": true, ""errors"": [], ""checked_instructions"": 8655, ""bindings"": 1, ""semantic_equivalence"": ""not checked at large width""}"
main,core_qpe_36,static: each control-flow region counted once,4908,flat circuit,,27.898274,"[29.406779, 28.071764, 27.849266, 27.898274, 27.769074]",qpe,420128,9153,8b24673292c237ca6efd94c6f4860710dca1226b82c52ec7fa8b98884801d384,654851,numeric,8252,5080,955,4907,3172,0,"{""rx"": 5080, ""rz"": 3172, ""rzz"": 955, ""measure"": 35}",core,10.450685,"[11.121521, 10.273276, 10.316588, 10.450685, 10.538349]",153.0625,36,150,exported,56.23964,"[56.263, 56.23964, 56.237416, 56.23076, 56.416249]",rxrz_rzz_unbounded,950,"{""kind"": ""native_contract_only"", ""passed"": true, ""errors"": [], ""checked_instructions"": 9242, ""bindings"": 1, ""semantic_equivalence"": ""not checked at large width""}"
main,core_qpe_54,,,,"__init__(): incompatible function arguments. The following argument types are supported:
    1. __init__(self, name: str, arity: mqt.core.mlir.CompilerTarget.OperationArity, num_parameters: int, site_tuples: collections.abc.Sequence[mqt.core.mlir.CompilerTarget.SiteTuple] | None = None, duration: int | None = None, fidelity: float | None = None, *, fixed_parameters: collections.abc.Sequence[float | None] = [], canonical_name: str | None = None) -> None
    2. __init__(self, name: str, arity: int, num_parameters: int, site_tuples: collections.abc.Sequence[mqt.core.mlir.CompilerTarget.SiteTuple] | None = None, duration: int | None = None, fidelity: float | None = None, *, fixed_parameters: collections.abc.Sequence[float | None] = [], canonical_name: str | None = None) -> None

Invoked with types: mqt.core.mlir.OperationCapability, kwargs = { name: str, arity: int, num_parameters: int, parameter_bounds: list }",,,qpe,942863,20526,badc29bda1176dc84b552697e1cc7ff3cb15628659863c1f267f44273034c6be,,numeric,,,,,,,,core,24.287975,"[22.662581, 23.645888, 24.287975, 24.609467, 24.873902]",70.203125,54,,target_unsupported,,,ibm_fractional_bounded,,
main,core_qpe_54,static: each control-flow region counted once,9912,flat circuit,,71.088216,"[73.562821, 71.088216, 70.950406, 70.935414, 71.30993]",qpe,942863,20526,badc29bda1176dc84b552697e1cc7ff3cb15628659863c1f267f44273034c6be,1336898,numeric,14908,5889,1639,9911,9019,0,"{""rz"": 9019, ""sx"": 5888, ""x"": 1, ""cx"": 1639, ""measure"": 53}",core,24.527772,"[23.089516, 23.783076, 24.527772, 24.794336, 24.7972]",178.59765625,54,221,exported,156.144211,"[153.786617, 156.144211, 156.43535, 156.600007, 155.937472]",ibm_sxz_cx,1634,"{""kind"": ""native_contract_only"", ""passed"": true, ""errors"": [], ""checked_instructions"": 16600, ""bindings"": 1, ""semantic_equivalence"": ""not checked at large width""}"
main,core_qpe_54,static: each control-flow region counted once,8380,flat circuit,,63.235769,"[65.5201, 63.230762, 63.201146, 63.235769, 63.464188]",qpe,942863,20526,badc29bda1176dc84b552697e1cc7ff3cb15628659863c1f267f44273034c6be,1230399,numeric,13119,5019,1639,8379,8100,0,"{""rz"": 8100, ""sx"": 3380, ""x"": 1639, ""cz"": 1639, ""measure"": 53}",core,24.211368,"[22.576293, 23.56064, 24.211368, 24.838831, 24.788767]",163.1640625,54,237,exported,151.123473,"[148.717558, 151.123473, 151.132865, 151.152929, 150.943854]",ibm_sxz_cz,1634,"{""kind"": ""native_contract_only"", ""passed"": true, ""errors"": [], ""checked_instructions"": 14811, ""bindings"": 1, ""semantic_equivalence"": ""not checked at large width""}"
main,core_qpe_54,,,,"Target synthesis failed: loc(""/home/nvidia/.codex/experiments/core-synthesis-refined-20261004/corpus/core_qpe_54.mlir"":1:1): target compilation requires a single-qubit synthesis basis
loc(""/home/nvidia/.codex/experiments/core-synthesis-refined-20261004/corpus/core_qpe_54.mlir"":1:1): failed to synthesize the QCO program for the target",,,qpe,942863,20526,badc29bda1176dc84b552697e1cc7ff3cb15628659863c1f267f44273034c6be,,numeric,,,,,,,,core,24.275095,"[22.6249, 23.618624, 24.275095, 24.593275, 24.469801]",70.203125,54,,synthesis_failed,,,ionq_fixed_r_zz,,
main,core_qpe_54,static: each control-flow region counted once,10714,flat circuit,,89.165323,"[90.305321, 89.715042, 89.165323, 88.993546, 88.711637]",qpe,942863,20526,badc29bda1176dc84b552697e1cc7ff3cb15628659863c1f267f44273034c6be,1765747,numeric,18191,18191,1639,10713,0,0,"{""r"": 18191, ""cz"": 1639, ""measure"": 53}",core,24.140729,"[22.663047, 23.589218, 24.140729, 24.506653, 24.755552]",194.25390625,54,227,exported,153.492984,"[151.906677, 153.265318, 153.492984, 154.847542, 155.05164]",iqm_r_cz,1634,"{""kind"": ""native_contract_only"", ""passed"": true, ""errors"": [], ""checked_instructions"": 19883, ""bindings"": 1, ""semantic_equivalence"": ""not checked at large width""}"
main,core_qpe_54,static: each control-flow region counted once,8380,flat circuit,,90.896304,"[92.282289, 90.896304, 92.091119, 90.850352, 90.757807]",qpe,942863,20526,badc29bda1176dc84b552697e1cc7ff3cb15628659863c1f267f44273034c6be,1282678,numeric,13119,5019,1639,8379,8100,0,"{""rz"": 8100, ""rxpi2"": 3380, ""rxpi"": 1639, ""cz"": 1639, ""measure"": 53}",core,24.287111,"[22.782837, 23.651935, 24.287111, 24.687147, 24.748684]",180.45703125,54,237,exported,154.887743,"[153.424622, 154.887743, 154.743149, 155.346468, 155.28474]",rigetti_rx_cz,1634,"{""kind"": ""native_contract_only"", ""passed"": true, ""errors"": [], ""checked_instructions"": 14811, ""bindings"": 1, ""semantic_equivalence"": ""not checked at large width""}"
main,core_qpe_54,static: each control-flow region counted once,9426,flat circuit,,57.336757,"[59.588463, 57.336757, 57.047905, 57.598039, 57.199652]",qpe,942863,20526,badc29bda1176dc84b552697e1cc7ff3cb15628659863c1f267f44273034c6be,1255142,numeric,16136,10036,1639,9425,6100,0,"{""rx"": 10036, ""rz"": 6100, ""rzz"": 1639, ""measure"": 53}",core,24.166327,"[23.07865, 23.569712, 24.166327, 24.421769, 24.738702]",183.80859375,54,186,exported,133.624005,"[133.31213, 133.624005, 134.013192, 134.125834, 133.19824]",rxrz_rzz_unbounded,1634,"{""kind"": ""native_contract_only"", ""passed"": true, ""errors"": [], ""checked_instructions"": 17828, ""bindings"": 1, ""semantic_equivalence"": ""not checked at large width""}"
main,core_w_state_104,,,,"__init__(): incompatible function arguments. The following argument types are supported:
    1. __init__(self, name: str, arity: mqt.core.mlir.CompilerTarget.OperationArity, num_parameters: int, site_tuples: collections.abc.Sequence[mqt.core.mlir.CompilerTarget.SiteTuple] | None = None, duration: int | None = None, fidelity: float | None = None, *, fixed_parameters: collections.abc.Sequence[float | None] = [], canonical_name: str | None = None) -> None
    2. __init__(self, name: str, arity: int, num_parameters: int, site_tuples: collections.abc.Sequence[mqt.core.mlir.CompilerTarget.SiteTuple] | None = None, duration: int | None = None, fidelity: float | None = None, *, fixed_parameters: collections.abc.Sequence[float | None] = [], canonical_name: str | None = None) -> None

Invoked with types: mqt.core.mlir.OperationCapability, kwargs = { name: str, arity: int, num_parameters: int, parameter_bounds: list }",,,w_state,170789,3307,99423707524487125e9cedcb1f6bb2088807ce1dcc8fbd4b01293e9f126653d5,,numeric,,,,,,,,core,4.691434,"[4.622986, 4.834475, 5.010589, 4.691434, 4.556457]",69.20703125,104,,target_unsupported,,,ibm_fractional_bounded,,
main,core_w_state_104,static: each control-flow region counted once,804,flat circuit,,7.40533,"[8.63923, 7.54114, 7.40533, 7.316322, 7.316722]",w_state,170789,3307,99423707524487125e9cedcb1f6bb2088807ce1dcc8fbd4b01293e9f126653d5,188545,numeric,1542,536,206,803,1006,0,"{""x"": 1, ""rz"": 1006, ""sx"": 535, ""cx"": 206, ""measure"": 104}",core,4.804075,"[5.07203, 4.840523, 4.804075, 4.537273, 4.545193]",128.26171875,104,434,exported,27.011298,"[27.130308, 27.136436, 26.937266, 27.011298, 26.965618]",ibm_sxz_cx,206,"{""kind"": ""native_contract_only"", ""passed"": true, ""errors"": [], ""checked_instructions"": 1852, ""bindings"": 1, ""semantic_equivalence"": ""not checked at large width""}"
main,core_w_state_104,static: each control-flow region counted once,1130,flat circuit,,9.050178,"[10.086794, 9.202403, 8.971584, 8.930096, 9.050178]",w_state,170789,3307,99423707524487125e9cedcb1f6bb2088807ce1dcc8fbd4b01293e9f126653d5,221801,numeric,2045,771,206,1129,1274,0,"{""x"": 55, ""rz"": 1274, ""sx"": 716, ""cz"": 206, ""measure"": 104}",core,4.832588,"[5.099838, 4.853515, 4.832588, 4.637001, 4.502073]",135.58203125,104,517,exported,28.652417,"[28.615329, 28.652417, 28.706866, 28.468816, 28.684721]",ibm_sxz_cz,206,"{""kind"": ""native_contract_only"", ""passed"": true, ""errors"": [], ""checked_instructions"": 2355, ""bindings"": 1, ""semantic_equivalence"": ""not checked at large width""}"
main,core_w_state_104,static: each control-flow region counted once,734,flat circuit,,6.220951,"[7.065407, 6.370666, 6.220951, 6.199896, 6.161047]",w_state,170789,3307,99423707524487125e9cedcb1f6bb2088807ce1dcc8fbd4b01293e9f126653d5,175731,numeric,1414,949,206,733,465,0,"{""rx"": 949, ""rz"": 465, ""rzz"": 206, ""measure"": 104}",core,4.667178,"[4.667178, 4.445304, 4.958012, 5.177279, 4.564025]",130.38671875,104,702,exported,25.250867,"[25.378243, 25.250867, 25.183298, 25.268595, 25.14349]",rxrz_rzz_unbounded,206,"{""kind"": ""native_contract_only"", ""passed"": true, ""errors"": [], ""checked_instructions"": 1724, ""bindings"": 1, ""semantic_equivalence"": ""not checked at large width""}"
main,core_w_state_156,,,,"__init__(): incompatible function arguments. The following argument types are supported:
    1. __init__(self, name: str, arity: mqt.core.mlir.CompilerTarget.OperationArity, num_parameters: int, site_tuples: collections.abc.Sequence[mqt.core.mlir.CompilerTarget.SiteTuple] | None = None, duration: int | None = None, fidelity: float | None = None, *, fixed_parameters: collections.abc.Sequence[float | None] = [], canonical_name: str | None = None) -> None
    2. __init__(self, name: str, arity: int, num_parameters: int, site_tuples: collections.abc.Sequence[mqt.core.mlir.CompilerTarget.SiteTuple] | None = None, duration: int | None = None, fidelity: float | None = None, *, fixed_parameters: collections.abc.Sequence[float | None] = [], canonical_name: str | None = None) -> None

Invoked with types: mqt.core.mlir.OperationCapability, kwargs = { name: str, arity: int, num_parameters: int, parameter_bounds: list }",,,w_state,258509,4971,f8cc445f3341f11c52acdf12faa7bf608314457ae027f621b687d95bf6fb9f5d,,numeric,,,,,,,,core,6.669031,"[7.531213, 6.669031, 6.566069, 6.720551, 6.577397]",70.1640625,156,,target_unsupported,,,ibm_fractional_bounded,,
main,core_w_state_156,static: each control-flow region counted once,1209,flat circuit,,11.482638,"[12.725304, 11.726016, 11.464493, 11.393533, 11.482638]",w_state,258509,4971,f8cc445f3341f11c52acdf12faa7bf608314457ae027f621b687d95bf6fb9f5d,283570,numeric,2321,804,310,1208,1517,0,"{""x"": 2, ""rz"": 1517, ""sx"": 802, ""cx"": 310, ""measure"": 156}",core,6.720983,"[6.720983, 7.196251, 6.969129, 6.624486, 6.679158]",136.9765625,156,619,exported,44.85747,"[44.826654, 44.85747, 44.917023, 44.886494, 44.794222]",ibm_sxz_cx,310,"{""kind"": ""native_contract_only"", ""passed"": true, ""errors"": [], ""checked_instructions"": 2787, ""bindings"": 1, ""semantic_equivalence"": ""not checked at large width""}"
main,core_w_state_156,static: each control-flow region counted once,1704,flat circuit,,13.828272,"[15.049339, 13.97941, 13.828272, 13.780864, 13.750304]",w_state,258509,4971,f8cc445f3341f11c52acdf12faa7bf608314457ae027f621b687d95bf6fb9f5d,334195,numeric,3083,1162,310,1703,1921,0,"{""x"": 80, ""rz"": 1921, ""sx"": 1082, ""cz"": 310, ""measure"": 156}",core,6.714663,"[6.753143, 7.57947, 6.714663, 6.697718, 6.538518]",138.171875,156,746,exported,47.101055,"[47.077136, 47.160032, 47.101055, 47.075743, 47.116191]",ibm_sxz_cz,310,"{""kind"": ""native_contract_only"", ""passed"": true, ""errors"": [], ""checked_instructions"": 3549, ""bindings"": 1, ""semantic_equivalence"": ""not checked at large width""}"
main,core_w_state_156,static: each control-flow region counted once,1100,flat circuit,,9.731295,"[10.765336, 9.916848, 9.716976, 9.731295, 9.678879]",w_state,258509,4971,f8cc445f3341f11c52acdf12faa7bf608314457ae027f621b687d95bf6fb9f5d,267028,numeric,2142,1433,310,1099,709,0,"{""rx"": 1433, ""rz"": 709, ""rzz"": 310, ""measure"": 156}",core,6.63775,"[6.719879, 7.38966, 6.61247, 6.63455, 6.63775]",134.55078125,156,1051,exported,42.127927,"[42.246345, 42.127927, 41.969958, 41.998118, 42.193224]",rxrz_rzz_unbounded,310,"{""kind"": ""native_contract_only"", ""passed"": true, ""errors"": [], ""checked_instructions"": 2608, ""bindings"": 1, ""semantic_equivalence"": ""not checked at large width""}"
main,core_w_state_24,,,,"__init__(): incompatible function arguments. The following argument types are supported:
    1. __init__(self, name: str, arity: mqt.core.mlir.CompilerTarget.OperationArity, num_parameters: int, site_tuples: collections.abc.Sequence[mqt.core.mlir.CompilerTarget.SiteTuple] | None = None, duration: int | None = None, fidelity: float | None = None, *, fixed_parameters: collections.abc.Sequence[float | None] = [], canonical_name: str | None = None) -> None
    2. __init__(self, name: str, arity: int, num_parameters: int, site_tuples: collections.abc.Sequence[mqt.core.mlir.CompilerTarget.SiteTuple] | None = None, duration: int | None = None, fidelity: float | None = None, *, fixed_parameters: collections.abc.Sequence[float | None] = [], canonical_name: str | None = None) -> None

Invoked with types: mqt.core.mlir.OperationCapability, kwargs = { name: str, arity: int, num_parameters: int, parameter_bounds: list }",,,w_state,37781,747,3b4c2a33880d1adbb09478b58d87fcf116bd6c1c3781a0aa07078ff14e906f7c,,numeric,,,,,,,,core,1.489593,"[1.717866, 1.489593, 1.527593, 1.46196, 1.462393]",69.265625,24,,target_unsupported,,,ibm_fractional_bounded,,
main,core_w_state_24,static: each control-flow region counted once,185,flat circuit,,1.665785,"[2.183629, 1.723962, 1.665785, 1.647962, 1.63385]",w_state,37781,747,3b4c2a33880d1adbb09478b58d87fcf116bd6c1c3781a0aa07078ff14e906f7c,43842,numeric,348,123,46,184,225,0,"{""x"": 2, ""rz"": 225, ""sx"": 121, ""cx"": 46, ""measure"": 24}",core,1.467928,"[1.690826, 1.487384, 1.442873, 1.467928, 1.460409]",124.4140625,24,122,exported,5.390095,"[5.637041, 5.408799, 5.390095, 5.387839, 5.372079]",ibm_sxz_cx,46,"{""kind"": ""native_contract_only"", ""passed"": true, ""errors"": [], ""checked_instructions"": 418, ""bindings"": 1, ""semantic_equivalence"": ""not checked at large width""}"
main,core_w_state_24,static: each control-flow region counted once,266,flat circuit,,2.008332,"[2.583903, 2.06478, 2.008332, 1.976027, 1.969036]",w_state,37781,747,3b4c2a33880d1adbb09478b58d87fcf116bd6c1c3781a0aa07078ff14e906f7c,50896,numeric,464,177,46,265,287,0,"{""x"": 9, ""rz"": 287, ""sx"": 168, ""cz"": 46, ""measure"": 24}",core,1.475065,"[1.693882, 1.475065, 1.440264, 1.860171, 1.466376]",124.703125,24,134,exported,5.680129,"[5.817105, 5.686449, 5.680129, 5.642401, 5.671249]",ibm_sxz_cz,46,"{""kind"": ""native_contract_only"", ""passed"": true, ""errors"": [], ""checked_instructions"": 534, ""bindings"": 1, ""semantic_equivalence"": ""not checked at large width""}"
main,core_w_state_24,,,,"Target synthesis failed: loc(""/home/nvidia/.codex/experiments/core-synthesis-refined-20261004/corpus/core_w_state_24.mlir"":1:1): target compilation requires a single-qubit synthesis basis
loc(""/home/nvidia/.codex/experiments/core-synthesis-refined-20261004/corpus/core_w_state_24.mlir"":1:1): failed to synthesize the QCO program for the target",,,w_state,37781,747,3b4c2a33880d1adbb09478b58d87fcf116bd6c1c3781a0aa07078ff14e906f7c,,numeric,,,,,,,,core,1.482409,"[1.671562, 1.482409, 1.526824, 1.464857, 1.46108]",70.19921875,24,,synthesis_failed,,,ionq_fixed_r_zz,,
main,core_w_state_24,static: each control-flow region counted once,189,flat circuit,,1.673018,"[2.228989, 1.739786, 1.673018, 1.643481, 1.660362]",w_state,37781,747,3b4c2a33880d1adbb09478b58d87fcf116bd6c1c3781a0aa07078ff14e906f7c,44593,numeric,307,307,46,188,0,0,"{""r"": 307, ""cz"": 46, ""measure"": 24}",core,1.46276,"[1.696538, 1.489448, 1.447961, 1.46276, 1.452409]",124.5859375,24,120,exported,5.261487,"[5.323598, 5.383327, 5.261487, 5.203758, 5.191598]",iqm_r_cz,46,"{""kind"": ""native_contract_only"", ""passed"": true, ""errors"": [], ""checked_instructions"": 377, ""bindings"": 1, ""semantic_equivalence"": ""not checked at large width""}"
main,core_w_state_24,static: each control-flow region counted once,260,flat circuit,,3.054226,"[3.608373, 3.054226, 3.077458, 2.957185, 2.921233]",w_state,37781,747,3b4c2a33880d1adbb09478b58d87fcf116bd6c1c3781a0aa07078ff14e906f7c,52955,numeric,462,174,46,259,288,0,"{""rxpi"": 12, ""rz"": 288, ""rxpi2"": 162, ""cz"": 46, ""measure"": 24}",core,1.480473,"[1.691289, 1.470553, 1.43004, 1.858043, 1.480473]",121.96875,24,134,exported,5.930579,"[6.031379, 5.94861, 5.930579, 5.89669, 5.910994]",rigetti_rx_cz,46,"{""kind"": ""native_contract_only"", ""passed"": true, ""errors"": [], ""checked_instructions"": 532, ""bindings"": 1, ""semantic_equivalence"": ""not checked at large width""}"
main,core_w_state_24,static: each control-flow region counted once,175,flat circuit,,1.432729,"[1.964971, 1.516793, 1.432729, 1.408648, 1.409224]",w_state,37781,747,3b4c2a33880d1adbb09478b58d87fcf116bd6c1c3781a0aa07078ff14e906f7c,40692,numeric,321,217,46,174,104,0,"{""rx"": 217, ""rz"": 104, ""rzz"": 46, ""measure"": 24}",core,1.455785,"[1.687322, 1.4722, 1.440089, 1.448552, 1.455785]",121.4921875,24,173,exported,4.947548,"[5.392416, 5.4952, 4.947548, 4.921901, 4.887309]",rxrz_rzz_unbounded,46,"{""kind"": ""native_contract_only"", ""passed"": true, ""errors"": [], ""checked_instructions"": 391, ""bindings"": 1, ""semantic_equivalence"": ""not checked at large width""}"
main,core_w_state_36,,,,"__init__(): incompatible function arguments. The following argument types are supported:
    1. __init__(self, name: str, arity: mqt.core.mlir.CompilerTarget.OperationArity, num_parameters: int, site_tuples: collections.abc.Sequence[mqt.core.mlir.CompilerTarget.SiteTuple] | None = None, duration: int | None = None, fidelity: float | None = None, *, fixed_parameters: collections.abc.Sequence[float | None] = [], canonical_name: str | None = None) -> None
    2. __init__(self, name: str, arity: int, num_parameters: int, site_tuples: collections.abc.Sequence[mqt.core.mlir.CompilerTarget.SiteTuple] | None = None, duration: int | None = None, fidelity: float | None = None, *, fixed_parameters: collections.abc.Sequence[float | None] = [], canonical_name: str | None = None) -> None

Invoked with types: mqt.core.mlir.OperationCapability, kwargs = { name: str, arity: int, num_parameters: int, parameter_bounds: list }",,,w_state,57328,1131,e15637b9748ca47a7cf4430263c22060205043cf61a808a3e4b8fef70d4e3d3d,,numeric,,,,,,,,core,2.003852,"[2.142764, 2.003852, 1.877499, 1.904619, 2.727152]",69.265625,36,,target_unsupported,,,ibm_fractional_bounded,,
main,core_w_state_36,static: each control-flow region counted once,277,flat circuit,,2.494958,"[3.143507, 2.575375, 2.494958, 2.454927, 2.454254]",w_state,57328,1131,e15637b9748ca47a7cf4430263c22060205043cf61a808a3e4b8fef70d4e3d3d,65659,numeric,526,184,70,276,342,0,"{""x"": 2, ""rz"": 342, ""sx"": 182, ""cx"": 70, ""measure"": 36}",core,2.170861,"[2.170861, 1.906619, 2.255645, 1.914764, 2.302557]",125.09765625,36,176,exported,8.217392,"[8.305729, 8.217392, 8.221905, 8.199936, 8.191632]",ibm_sxz_cx,70,"{""kind"": ""native_contract_only"", ""passed"": true, ""errors"": [], ""checked_instructions"": 632, ""bindings"": 1, ""semantic_equivalence"": ""not checked at large width""}"
main,core_w_state_36,static: each control-flow region counted once,395,flat circuit,,3.023682,"[3.651718, 3.120114, 3.023682, 2.982785, 2.966849]",w_state,57328,1131,e15637b9748ca47a7cf4430263c22060205043cf61a808a3e4b8fef70d4e3d3d,76625,numeric,702,266,70,394,436,0,"{""x"": 16, ""rz"": 436, ""sx"": 250, ""cz"": 70, ""measure"": 36}",core,1.975308,"[2.147293, 1.989739, 1.883515, 1.975308, 1.923419]",122.36328125,36,199,exported,8.777347,"[8.86442, 8.775315, 8.746867, 8.777347, 8.8213]",ibm_sxz_cz,70,"{""kind"": ""native_contract_only"", ""passed"": true, ""errors"": [], ""checked_instructions"": 808, ""bindings"": 1, ""semantic_equivalence"": ""not checked at large width""}"
main,core_w_state_36,,,,"Target synthesis failed: loc(""/home/nvidia/.codex/experiments/core-synthesis-refined-20261004/corpus/core_w_state_36.mlir"":1:1): target compilation requires a single-qubit synthesis basis
loc(""/home/nvidia/.codex/experiments/core-synthesis-refined-20261004/corpus/core_w_state_36.mlir"":1:1): failed to synthesize the QCO program for the target",,,w_state,57328,1131,e15637b9748ca47a7cf4430263c22060205043cf61a808a3e4b8fef70d4e3d3d,,numeric,,,,,,,,core,1.912459,"[2.141597, 1.912459, 1.974475, 1.887755, 1.911099]",69.2265625,36,,synthesis_failed,,,ionq_fixed_r_zz,,
main,core_w_state_36,static: each control-flow region counted once,284,flat circuit,,2.474894,"[3.11765, 2.548847, 2.474894, 2.473487, 2.448126]",w_state,57328,1131,e15637b9748ca47a7cf4430263c22060205043cf61a808a3e4b8fef70d4e3d3d,66680,numeric,463,463,70,283,0,0,"{""r"": 463, ""cz"": 70, ""measure"": 36}",core,1.946011,"[2.149676, 1.946011, 1.880555, 1.97846, 1.917643]",122.21875,36,160,exported,7.994415,"[8.086415, 7.994415, 7.98571, 7.997727, 7.958462]",iqm_r_cz,70,"{""kind"": ""native_contract_only"", ""passed"": true, ""errors"": [], ""checked_instructions"": 569, ""bindings"": 1, ""semantic_equivalence"": ""not checked at large width""}"
main,core_w_state_36,static: each control-flow region counted once,400,flat circuit,,4.677211,"[5.199327, 4.673787, 4.46969, 6.14002, 4.677211]",w_state,57328,1131,e15637b9748ca47a7cf4430263c22060205043cf61a808a3e4b8fef70d4e3d3d,80470,numeric,710,268,70,399,442,0,"{""rxpi"": 14, ""rz"": 442, ""rxpi2"": 254, ""cz"": 70, ""measure"": 36}",core,1.930027,"[2.13614, 1.950811, 1.869611, 1.908268, 1.930027]",122.72265625,36,204,exported,9.125605,"[9.247398, 9.125605, 9.099621, 9.143285, 9.121766]",rigetti_rx_cz,70,"{""kind"": ""native_contract_only"", ""passed"": true, ""errors"": [], ""checked_instructions"": 816, ""bindings"": 1, ""semantic_equivalence"": ""not checked at large width""}"
main,core_w_state_36,static: each control-flow region counted once,258,flat circuit,,2.140285,"[2.702208, 2.201229, 2.140285, 2.112844, 2.120748]",w_state,57328,1131,e15637b9748ca47a7cf4430263c22060205043cf61a808a3e4b8fef70d4e3d3d,60187,numeric,478,323,70,257,155,0,"{""rx"": 323, ""rz"": 155, ""rzz"": 70, ""measure"": 36}",core,1.953868,"[2.168989, 1.912251, 1.953868, 1.914571, 2.288173]",125.13671875,36,251,exported,7.594077,"[7.671084, 7.601389, 7.594077, 7.543356, 7.522812]",rxrz_rzz_unbounded,70,"{""kind"": ""native_contract_only"", ""passed"": true, ""errors"": [], ""checked_instructions"": 584, ""bindings"": 1, ""semantic_equivalence"": ""not checked at large width""}"
main,core_w_state_54,,,,"__init__(): incompatible function arguments. The following argument types are supported:
    1. __init__(self, name: str, arity: mqt.core.mlir.CompilerTarget.OperationArity, num_parameters: int, site_tuples: collections.abc.Sequence[mqt.core.mlir.CompilerTarget.SiteTuple] | None = None, duration: int | None = None, fidelity: float | None = None, *, fixed_parameters: collections.abc.Sequence[float | None] = [], canonical_name: str | None = None) -> None
    2. __init__(self, name: str, arity: int, num_parameters: int, site_tuples: collections.abc.Sequence[mqt.core.mlir.CompilerTarget.SiteTuple] | None = None, duration: int | None = None, fidelity: float | None = None, *, fixed_parameters: collections.abc.Sequence[float | None] = [], canonical_name: str | None = None) -> None

Invoked with types: mqt.core.mlir.OperationCapability, kwargs = { name: str, arity: int, num_parameters: int, parameter_bounds: list }",,,w_state,86648,1707,312de11a6de89c3af0cc49b346efcdcafcc9146b350aefb6507402caf6b59677,,numeric,,,,,,,,core,2.793313,"[2.793313, 2.602414, 2.911986, 2.610655, 2.981954]",70.1640625,54,,target_unsupported,,,ibm_fractional_bounded,,
main,core_w_state_54,static: each control-flow region counted once,417,flat circuit,,3.778588,"[4.536245, 3.885389, 3.778588, 3.762172, 3.749084]",w_state,86648,1707,312de11a6de89c3af0cc49b346efcdcafcc9146b350aefb6507402caf6b59677,97970,numeric,796,276,106,416,520,0,"{""x"": 2, ""rz"": 520, ""sx"": 274, ""cx"": 106, ""measure"": 54}",core,2.647454,"[2.806784, 2.615583, 2.546798, 2.647454, 3.297479]",122.91015625,54,248,exported,12.746948,"[12.791589, 12.733029, 12.746948, 12.701765, 12.757221]",ibm_sxz_cx,106,"{""kind"": ""native_contract_only"", ""passed"": true, ""errors"": [], ""checked_instructions"": 956, ""bindings"": 1, ""semantic_equivalence"": ""not checked at large width""}"
main,core_w_state_54,static: each control-flow region counted once,590,flat circuit,,4.672103,"[5.410319, 4.672103, 4.677126, 4.531157, 4.537189]",w_state,86648,1707,312de11a6de89c3af0cc49b346efcdcafcc9146b350aefb6507402caf6b59677,115041,numeric,1058,400,106,589,658,0,"{""x"": 26, ""rz"": 658, ""sx"": 374, ""cz"": 106, ""measure"": 54}",core,2.779633,"[2.779633, 2.610206, 2.533198, 2.956354, 3.166597]",126.515625,54,289,exported,13.522318,"[13.606431, 13.510045, 13.522318, 13.52627, 13.508958]",ibm_sxz_cz,106,"{""kind"": ""native_contract_only"", ""passed"": true, ""errors"": [], ""checked_instructions"": 1218, ""bindings"": 1, ""semantic_equivalence"": ""not checked at large width""}"
main,core_w_state_54,,,,"Target synthesis failed: loc(""/home/nvidia/.codex/experiments/core-synthesis-refined-20261004/corpus/core_w_state_54.mlir"":1:1): target compilation requires a single-qubit synthesis basis
loc(""/home/nvidia/.codex/experiments/core-synthesis-refined-20261004/corpus/core_w_state_54.mlir"":1:1): failed to synthesize the QCO program for the target",,,w_state,86648,1707,312de11a6de89c3af0cc49b346efcdcafcc9146b350aefb6507402caf6b59677,,numeric,,,,,,,,core,2.633775,"[2.788128, 2.633775, 2.565246, 2.623311, 3.257781]",70.1953125,54,,synthesis_failed,,,ionq_fixed_r_zz,,
main,core_w_state_54,static: each control-flow region counted once,429,flat circuit,,3.735436,"[4.498404, 3.836605, 3.735436, 3.712491, 3.694923]",w_state,86648,1707,312de11a6de89c3af0cc49b346efcdcafcc9146b350aefb6507402caf6b59677,100308,numeric,700,700,106,428,0,0,"{""r"": 700, ""cz"": 106, ""measure"": 54}",core,2.657455,"[2.792561, 2.607198, 2.551038, 2.657455, 3.336231]",123.08203125,54,237,exported,12.454754,"[12.525747, 12.503202, 12.416225, 12.412978, 12.454754]",iqm_r_cz,106,"{""kind"": ""native_contract_only"", ""passed"": true, ""errors"": [], ""checked_instructions"": 860, ""bindings"": 1, ""semantic_equivalence"": ""not checked at large width""}"
main,core_w_state_54,static: each control-flow region counted once,604,flat circuit,,7.110819,"[7.736586, 6.929185, 8.59922, 7.110819, 6.819455]",w_state,86648,1707,312de11a6de89c3af0cc49b346efcdcafcc9146b350aefb6507402caf6b59677,120923,numeric,1076,407,106,603,669,0,"{""rxpi"": 19, ""rz"": 669, ""rxpi2"": 388, ""cz"": 106, ""measure"": 54}",core,2.846737,"[2.846737, 2.596766, 2.545598, 3.300103, 2.943042]",127.2890625,54,295,exported,14.233461,"[14.293862, 14.236422, 14.169909, 14.233461, 14.226358]",rigetti_rx_cz,106,"{""kind"": ""native_contract_only"", ""passed"": true, ""errors"": [], ""checked_instructions"": 1236, ""bindings"": 1, ""semantic_equivalence"": ""not checked at large width""}"
main,core_w_state_54,static: each control-flow region counted once,389,flat circuit,,3.213654,"[3.932637, 3.323719, 3.213654, 3.186501, 3.176037]",w_state,86648,1707,312de11a6de89c3af0cc49b346efcdcafcc9146b350aefb6507402caf6b59677,90707,numeric,729,491,106,388,238,0,"{""rx"": 491, ""rz"": 238, ""rzz"": 106, ""measure"": 54}",core,2.91533,"[2.830609, 2.537902, 2.91533, 3.004451, 2.924146]",125.8046875,54,374,exported,11.825546,"[11.929211, 11.825546, 11.779498, 11.879355, 11.803753]",rxrz_rzz_unbounded,106,"{""kind"": ""native_contract_only"", ""passed"": true, ""errors"": [], ""checked_instructions"": 889, ""bindings"": 1, ""semantic_equivalence"": ""not checked at large width""}"
main,efficient_su2_104_numeric,,,,"__init__(): incompatible function arguments. The following argument types are supported:
    1. __init__(self, name: str, arity: mqt.core.mlir.CompilerTarget.OperationArity, num_parameters: int, site_tuples: collections.abc.Sequence[mqt.core.mlir.CompilerTarget.SiteTuple] | None = None, duration: int | None = None, fidelity: float | None = None, *, fixed_parameters: collections.abc.Sequence[float | None] = [], canonical_name: str | None = None) -> None
    2. __init__(self, name: str, arity: int, num_parameters: int, site_tuples: collections.abc.Sequence[mqt.core.mlir.CompilerTarget.SiteTuple] | None = None, duration: int | None = None, fidelity: float | None = None, *, fixed_parameters: collections.abc.Sequence[float | None] = [], canonical_name: str | None = None) -> None

Invoked with types: mqt.core.mlir.OperationCapability, kwargs = { name: str, arity: int, num_parameters: int, parameter_bounds: list }",,,efficient_su2,449245,8531,f70c3fa2f7a2840dbac6bade7658c722973b4c3cee4f7d65e9c3865881e5d7b7,,numeric,,,,,,,,synthetic,11.662501,"[12.155177, 11.501347, 11.499923, 11.662501, 11.841702]",69.234375,104,,target_unsupported,,,ibm_fractional_bounded,,
main,efficient_su2_104_numeric,static: each control-flow region counted once,332,flat circuit,,9.74738,"[11.054976, 9.981878, 9.710628, 9.623811, 9.74738]",efficient_su2,449245,8531,f70c3fa2f7a2840dbac6bade7658c722973b4c3cee4f7d65e9c3865881e5d7b7,244089,numeric,1857,832,312,332,1025,0,"{""rz"": 1025, ""sx"": 832, ""cx"": 312}",synthetic,11.759749,"[12.353979, 11.597797, 11.5941, 11.763782, 11.759749]",132.3359375,104,837,exported,71.208343,"[71.137895, 71.238664, 71.208343, 71.163191, 71.243864]",ibm_sxz_cx,312,"{""kind"": ""native_contract_only"", ""passed"": true, ""errors"": [], ""checked_instructions"": 2169, ""bindings"": 1, ""semantic_equivalence"": ""not checked at large width""}"
main,efficient_su2_104_numeric,static: each control-flow region counted once,1267,flat circuit,,14.14537,"[15.296644, 14.286956, 14.128426, 13.907112, 14.14537]",efficient_su2,449245,8531,f70c3fa2f7a2840dbac6bade7658c722973b4c3cee4f7d65e9c3865881e5d7b7,335218,numeric,3418,1456,312,1267,1962,0,"{""rz"": 1962, ""sx"": 1456, ""cz"": 312}",synthetic,11.714981,"[11.851207, 12.038136, 11.519875, 11.714981, 11.655205]",134.24609375,104,842,exported,77.643598,"[77.605214, 77.614094, 77.986145, 78.005698, 77.643598]",ibm_sxz_cz,312,"{""kind"": ""native_contract_only"", ""passed"": true, ""errors"": [], ""checked_instructions"": 3730, ""bindings"": 1, ""semantic_equivalence"": ""not checked at large width""}"
main,efficient_su2_104_numeric,static: each control-flow region counted once,1263,flat circuit,,14.590686,"[15.705703, 14.782448, 14.562397, 14.587278, 14.590686]",efficient_su2,449245,8531,f70c3fa2f7a2840dbac6bade7658c722973b4c3cee4f7d65e9c3865881e5d7b7,367990,numeric,4056,2704,312,1263,1352,0,"{""rx"": 2704, ""rz"": 1352, ""rzz"": 312}",synthetic,11.674148,"[12.061944, 11.495683, 11.517492, 11.674148, 11.743126]",139.64453125,104,1256,exported,73.870621,"[74.004382, 73.760141, 73.70334, 73.94419, 73.870621]",rxrz_rzz_unbounded,312,"{""kind"": ""native_contract_only"", ""passed"": true, ""errors"": [], ""checked_instructions"": 4368, ""bindings"": 1, ""semantic_equivalence"": ""not checked at large width""}"
main,efficient_su2_104_symbolic,,,,"__init__(): incompatible function arguments. The following argument types are supported:
    1. __init__(self, name: str, arity: mqt.core.mlir.CompilerTarget.OperationArity, num_parameters: int, site_tuples: collections.abc.Sequence[mqt.core.mlir.CompilerTarget.SiteTuple] | None = None, duration: int | None = None, fidelity: float | None = None, *, fixed_parameters: collections.abc.Sequence[float | None] = [], canonical_name: str | None = None) -> None
    2. __init__(self, name: str, arity: int, num_parameters: int, site_tuples: collections.abc.Sequence[mqt.core.mlir.CompilerTarget.SiteTuple] | None = None, duration: int | None = None, fidelity: float | None = None, *, fixed_parameters: collections.abc.Sequence[float | None] = [], canonical_name: str | None = None) -> None

Invoked with types: mqt.core.mlir.OperationCapability, kwargs = { name: str, arity: int, num_parameters: int, parameter_bounds: list }",,,efficient_su2,599201,8531,7f2e35e607b1814db1433865b327f27864338189850c2512d1b4d41a07c30d18,,symbolic,,,,,,,,synthetic,112.110071,"[106.894298, 112.110071, 109.333471, 112.913773, 112.241336]",70.19921875,104,,target_unsupported,,,ibm_fractional_bounded,,
main,efficient_su2_104_symbolic,static: each control-flow region counted once,328,flat circuit,,93.843763,"[93.759585, 93.843763, 94.0573, 94.027476, 93.837331]",efficient_su2,599201,8531,7f2e35e607b1814db1433865b327f27864338189850c2512d1b4d41a07c30d18,543103,symbolic,1664,832,312,328,832,0,"{""sx"": 832, ""rz"": 832, ""cx"": 312}",synthetic,111.672542,"[107.498506, 107.655195, 111.672542, 115.081195, 113.88776]",142.890625,104,4163,exported,857.008332,"[851.839378, 857.008332, 940.905256, 878.06281, 853.866632]",ibm_sxz_cx,312,"{""kind"": ""native_contract_only"", ""passed"": true, ""errors"": [], ""checked_instructions"": 5928, ""bindings"": 3, ""semantic_equivalence"": ""not checked at large width""}"
main,efficient_su2_104_symbolic,static: each control-flow region counted once,1266,flat circuit,,123.349738,"[124.613429, 123.172632, 123.349738, 123.276169, 123.364618]",efficient_su2,599201,8531,7f2e35e607b1814db1433865b327f27864338189850c2512d1b4d41a07c30d18,695389,symbolic,3227,1456,312,1266,1771,0,"{""sx"": 1456, ""rz"": 1771, ""cz"": 312}",synthetic,116.508819,"[112.90266, 116.508819, 115.335705, 119.884864, 123.043883]",160.5,104,5712,exported,922.895785,"[943.501139, 921.806311, 921.061837, 922.895785, 947.75937]",ibm_sxz_cz,312,"{""kind"": ""native_contract_only"", ""passed"": true, ""errors"": [], ""checked_instructions"": 10617, ""bindings"": 3, ""semantic_equivalence"": ""not checked at large width""}"
main,efficient_su2_104_symbolic,static: each control-flow region counted once,1267,flat circuit,,88.78597,"[88.78597, 88.062619, 89.418567, 87.615976, 88.889906]",efficient_su2,599201,8531,7f2e35e607b1814db1433865b327f27864338189850c2512d1b4d41a07c30d18,580115,symbolic,4472,2704,312,1267,1768,0,"{""rx"": 2704, ""rz"": 1768, ""rzz"": 312}",synthetic,110.020008,"[105.835845, 108.890238, 110.675453, 110.482509, 110.020008]",146.73828125,104,1678,exported,822.224761,"[846.509536, 822.153166, 848.440282, 822.224761, 821.010572]",rxrz_rzz_unbounded,312,"{""kind"": ""native_contract_only"", ""passed"": true, ""errors"": [], ""checked_instructions"": 14352, ""bindings"": 3, ""semantic_equivalence"": ""not checked at large width""}"
main,efficient_su2_156_numeric,,,,"__init__(): incompatible function arguments. The following argument types are supported:
    1. __init__(self, name: str, arity: mqt.core.mlir.CompilerTarget.OperationArity, num_parameters: int, site_tuples: collections.abc.Sequence[mqt.core.mlir.CompilerTarget.SiteTuple] | None = None, duration: int | None = None, fidelity: float | None = None, *, fixed_parameters: collections.abc.Sequence[float | None] = [], canonical_name: str | None = None) -> None
    2. __init__(self, name: str, arity: int, num_parameters: int, site_tuples: collections.abc.Sequence[mqt.core.mlir.CompilerTarget.SiteTuple] | None = None, duration: int | None = None, fidelity: float | None = None, *, fixed_parameters: collections.abc.Sequence[float | None] = [], canonical_name: str | None = None) -> None

Invoked with types: mqt.core.mlir.OperationCapability, kwargs = { name: str, arity: int, num_parameters: int, parameter_bounds: list }",,,efficient_su2,677619,12795,3de28cf9a65281c593df22b95f69c1ee82288cc0af9a4dda3d7fa28c1d6b11ef,,numeric,,,,,,,,synthetic,17.725655,"[17.420917, 17.481349, 17.725655, 18.193579, 18.037017]",68.34765625,156,,target_unsupported,,,ibm_fractional_bounded,,
main,efficient_su2_156_numeric,static: each control-flow region counted once,486,flat circuit,,15.289669,"[16.29894, 15.343285, 15.205525, 15.155475, 15.289669]",efficient_su2,677619,12795,3de28cf9a65281c593df22b95f69c1ee82288cc0af9a4dda3d7fa28c1d6b11ef,370524,numeric,2823,1248,468,486,1575,0,"{""rz"": 1575, ""sx"": 1248, ""cx"": 468}",synthetic,17.820313,"[17.50407, 17.473397, 17.820313, 18.093626, 18.17529]",135.11328125,156,1253,exported,127.698143,"[127.114251, 127.700223, 127.77856, 127.698143, 127.429741]",ibm_sxz_cx,468,"{""kind"": ""native_contract_only"", ""passed"": true, ""errors"": [], ""checked_instructions"": 3291, ""bindings"": 1, ""semantic_equivalence"": ""not checked at large width""}"
main,efficient_su2_156_numeric,static: each control-flow region counted once,1891,flat circuit,,22.691789,"[24.169721, 23.139472, 22.691789, 22.568573, 22.592972]",efficient_su2,677619,12795,3de28cf9a65281c593df22b95f69c1ee82288cc0af9a4dda3d7fa28c1d6b11ef,507067,numeric,5165,2184,468,1891,2981,0,"{""rz"": 2981, ""sx"": 2184, ""cz"": 468}",synthetic,17.893465,"[17.893465, 17.509221, 17.778488, 18.165611, 18.211787]",139.375,156,1257,exported,138.445808,"[138.141726, 138.445808, 138.327024, 139.30215, 138.741363]",ibm_sxz_cz,468,"{""kind"": ""native_contract_only"", ""passed"": true, ""errors"": [], ""checked_instructions"": 5633, ""bindings"": 1, ""semantic_equivalence"": ""not checked at large width""}"
main,efficient_su2_156_numeric,static: each control-flow region counted once,1887,flat circuit,,22.697405,"[23.869494, 22.745565, 22.53454, 22.465324, 22.697405]",efficient_su2,677619,12795,3de28cf9a65281c593df22b95f69c1ee82288cc0af9a4dda3d7fa28c1d6b11ef,553674,numeric,6084,4056,468,1887,2028,0,"{""rx"": 4056, ""rz"": 2028, ""rzz"": 468}",synthetic,17.790343,"[17.308036, 17.383349, 17.790343, 18.089754, 18.104154]",140.43359375,156,1880,exported,131.012903,"[132.742436, 131.012903, 130.797574, 130.949783, 131.128664]",rxrz_rzz_unbounded,468,"{""kind"": ""native_contract_only"", ""passed"": true, ""errors"": [], ""checked_instructions"": 6552, ""bindings"": 1, ""semantic_equivalence"": ""not checked at large width""}"
main,efficient_su2_156_symbolic,,,,"__init__(): incompatible function arguments. The following argument types are supported:
    1. __init__(self, name: str, arity: mqt.core.mlir.CompilerTarget.OperationArity, num_parameters: int, site_tuples: collections.abc.Sequence[mqt.core.mlir.CompilerTarget.SiteTuple] | None = None, duration: int | None = None, fidelity: float | None = None, *, fixed_parameters: collections.abc.Sequence[float | None] = [], canonical_name: str | None = None) -> None
    2. __init__(self, name: str, arity: int, num_parameters: int, site_tuples: collections.abc.Sequence[mqt.core.mlir.CompilerTarget.SiteTuple] | None = None, duration: int | None = None, fidelity: float | None = None, *, fixed_parameters: collections.abc.Sequence[float | None] = [], canonical_name: str | None = None) -> None

Invoked with types: mqt.core.mlir.OperationCapability, kwargs = { name: str, arity: int, num_parameters: int, parameter_bounds: list }",,,efficient_su2,905901,12795,e48e9e32a3eecd63bcfa23ae967012d415c08bf360c336f9f6e4625736f52e72,,symbolic,,,,,,,,synthetic,250.198961,"[232.307867, 249.975792, 252.750581, 250.203842, 250.198961]",70.19140625,156,,target_unsupported,,,ibm_fractional_bounded,,
main,efficient_su2_156_symbolic,static: each control-flow region counted once,484,flat circuit,,194.570799,"[194.570799, 193.462214, 194.427071, 194.600607, 194.926514]",efficient_su2,905901,12795,e48e9e32a3eecd63bcfa23ae967012d415c08bf360c336f9f6e4625736f52e72,818863,symbolic,2496,1248,468,484,1248,0,"{""sx"": 1248, ""rz"": 1248, ""cx"": 468}",synthetic,247.309813,"[231.892896, 239.858332, 251.879735, 247.593094, 247.309813]",161.63671875,156,6243,exported,1843.147101,"[1832.238722, 1843.147101, 1840.052368, 1846.301464, 1844.245475]",ibm_sxz_cx,468,"{""kind"": ""native_contract_only"", ""passed"": true, ""errors"": [], ""checked_instructions"": 8892, ""bindings"": 3, ""semantic_equivalence"": ""not checked at large width""}"
main,efficient_su2_156_symbolic,static: each control-flow region counted once,1890,flat circuit,,261.546593,"[262.910347, 266.555271, 260.520936, 261.546593, 260.525913]",efficient_su2,905901,12795,e48e9e32a3eecd63bcfa23ae967012d415c08bf360c336f9f6e4625736f52e72,1055437,symbolic,4839,2184,468,1890,2655,0,"{""sx"": 2184, ""rz"": 2655, ""cz"": 468}",synthetic,248.399444,"[238.223848, 241.154078, 254.081679, 248.399444, 250.226354]",173.109375,156,8572,exported,2066.189721,"[2066.189721, 2015.102112, 2079.121019, 2034.163345, 2162.176733]",ibm_sxz_cz,468,"{""kind"": ""native_contract_only"", ""passed"": true, ""errors"": [], ""checked_instructions"": 15921, ""bindings"": 3, ""semantic_equivalence"": ""not checked at large width""}"
main,efficient_su2_156_symbolic,static: each control-flow region counted once,1891,flat circuit,,185.400831,"[185.635168, 185.056076, 185.400831, 184.55276, 185.682576]",efficient_su2,905901,12795,e48e9e32a3eecd63bcfa23ae967012d415c08bf360c336f9f6e4625736f52e72,873187,symbolic,6708,4056,468,1891,2652,0,"{""rx"": 4056, ""rz"": 2652, ""rzz"": 468}",synthetic,251.549956,"[233.219259, 250.928496, 255.012687, 251.549956, 253.439811]",160.29296875,156,2510,exported,1840.060332,"[1832.802225, 1840.496181, 1840.060332, 1907.501008, 1839.860558]",rxrz_rzz_unbounded,468,"{""kind"": ""native_contract_only"", ""passed"": true, ""errors"": [], ""checked_instructions"": 21528, ""bindings"": 3, ""semantic_equivalence"": ""not checked at large width""}"
main,efficient_su2_24_numeric,,,,"__init__(): incompatible function arguments. The following argument types are supported:
    1. __init__(self, name: str, arity: mqt.core.mlir.CompilerTarget.OperationArity, num_parameters: int, site_tuples: collections.abc.Sequence[mqt.core.mlir.CompilerTarget.SiteTuple] | None = None, duration: int | None = None, fidelity: float | None = None, *, fixed_parameters: collections.abc.Sequence[float | None] = [], canonical_name: str | None = None) -> None
    2. __init__(self, name: str, arity: int, num_parameters: int, site_tuples: collections.abc.Sequence[mqt.core.mlir.CompilerTarget.SiteTuple] | None = None, duration: int | None = None, fidelity: float | None = None, *, fixed_parameters: collections.abc.Sequence[float | None] = [], canonical_name: str | None = None) -> None

Invoked with types: mqt.core.mlir.OperationCapability, kwargs = { name: str, arity: int, num_parameters: int, parameter_bounds: list }",,,efficient_su2,100361,1971,e7b3f3bd599a6b09090b9f373108ed3d8800b4cf35da0d0d14eb6220309d90f8,,numeric,,,,,,,,synthetic,3.306835,"[3.216738, 3.358995, 3.343124, 3.306835, 3.047618]",70.203125,24,,target_unsupported,,,ibm_fractional_bounded,,
main,efficient_su2_24_numeric,static: each control-flow region counted once,92,flat circuit,,2.007148,"[2.572063, 2.09702, 2.007148, 1.994316, 1.975211]",efficient_su2,100361,1971,e7b3f3bd599a6b09090b9f373108ed3d8800b4cf35da0d0d14eb6220309d90f8,55944,numeric,425,192,72,92,233,0,"{""rz"": 233, ""sx"": 192, ""cx"": 72}",synthetic,3.263187,"[3.162531, 2.898017, 3.339011, 3.263187, 3.420276]",124.81640625,24,196,exported,11.601492,"[11.695124, 11.611332, 11.601492, 11.573667, 11.577907]",ibm_sxz_cx,72,"{""kind"": ""native_contract_only"", ""passed"": true, ""errors"": [], ""checked_instructions"": 497, ""bindings"": 1, ""semantic_equivalence"": ""not checked at large width""}"
main,efficient_su2_24_numeric,static: each control-flow region counted once,307,flat circuit,,2.962737,"[3.664406, 3.040961, 2.962737, 2.938994, 2.933073]",efficient_su2,100361,1971,e7b3f3bd599a6b09090b9f373108ed3d8800b4cf35da0d0d14eb6220309d90f8,76288,numeric,786,336,72,307,450,0,"{""rz"": 450, ""sx"": 336, ""cz"": 72}",synthetic,3.313907,"[3.213362, 3.31418, 3.313907, 3.329283, 3.029474]",125.48046875,24,201,exported,13.006139,"[13.13902, 13.006139, 12.989308, 13.0103, 12.97454]",ibm_sxz_cz,72,"{""kind"": ""native_contract_only"", ""passed"": true, ""errors"": [], ""checked_instructions"": 858, ""bindings"": 1, ""semantic_equivalence"": ""not checked at large width""}"
main,efficient_su2_24_numeric,,,,"Target synthesis failed: loc(""/home/nvidia/.codex/experiments/core-synthesis-refined-20261004/corpus/efficient_su2_24_numeric.mlir"":1:1): target compilation requires a single-qubit synthesis basis
loc(""/home/nvidia/.codex/experiments/core-synthesis-refined-20261004/corpus/efficient_su2_24_numeric.mlir"":1:1): failed to synthesize the QCO program for the target",,,efficient_su2,100361,1971,e7b3f3bd599a6b09090b9f373108ed3d8800b4cf35da0d0d14eb6220309d90f8,,numeric,,,,,,,,synthetic,3.199491,"[3.199491, 3.354739, 3.401284, 3.152771, 3.046289]",70.19921875,24,,synthesis_failed,,,ionq_fixed_r_zz,,
main,efficient_su2_24_numeric,static: each control-flow region counted once,231,flat circuit,,2.920881,"[3.617157, 3.028562, 2.920881, 2.913009, 2.904673]",efficient_su2,100361,1971,e7b3f3bd599a6b09090b9f373108ed3d8800b4cf35da0d0d14eb6220309d90f8,80126,numeric,648,648,72,231,0,0,"{""r"": 648, ""cz"": 72}",synthetic,3.149731,"[3.149731, 3.341603, 3.430788, 3.133778, 2.991474]",125.5234375,24,293,exported,12.478313,"[12.591657, 12.501913, 12.448792, 12.464313, 12.478313]",iqm_r_cz,72,"{""kind"": ""native_contract_only"", ""passed"": true, ""errors"": [], ""checked_instructions"": 720, ""bindings"": 1, ""semantic_equivalence"": ""not checked at large width""}"
main,efficient_su2_24_numeric,static: each control-flow region counted once,307,flat circuit,,4.916076,"[5.581057, 4.898588, 6.433398, 4.916076, 4.827021]",efficient_su2,100361,1971,e7b3f3bd599a6b09090b9f373108ed3d8800b4cf35da0d0d14eb6220309d90f8,79817,numeric,786,336,72,307,450,0,"{""rz"": 450, ""rxpi2"": 336, ""cz"": 72}",synthetic,3.161427,"[3.161427, 3.018497, 2.955905, 3.401156, 3.579445]",123.265625,24,202,exported,13.243853,"[13.324894, 13.275022, 13.243853, 13.225981, 13.216045]",rigetti_rx_cz,72,"{""kind"": ""native_contract_only"", ""passed"": true, ""errors"": [], ""checked_instructions"": 858, ""bindings"": 1, ""semantic_equivalence"": ""not checked at large width""}"
main,efficient_su2_24_numeric,static: each control-flow region counted once,303,flat circuit,,3.170291,"[3.85087, 3.257811, 3.170291, 3.15517, 3.153762]",efficient_su2,100361,1971,e7b3f3bd599a6b09090b9f373108ed3d8800b4cf35da0d0d14eb6220309d90f8,83843,numeric,936,624,72,303,312,0,"{""rx"": 624, ""rz"": 312, ""rzz"": 72}",synthetic,3.19549,"[3.19549, 2.949842, 2.953105, 3.692581, 3.318836]",123.04296875,24,296,exported,12.304792,"[12.344088, 12.235128, 12.248423, 12.316552, 12.304792]",rxrz_rzz_unbounded,72,"{""kind"": ""native_contract_only"", ""passed"": true, ""errors"": [], ""checked_instructions"": 1008, ""bindings"": 1, ""semantic_equivalence"": ""not checked at large width""}"
main,efficient_su2_24_symbolic,,,,"__init__(): incompatible function arguments. The following argument types are supported:
    1. __init__(self, name: str, arity: mqt.core.mlir.CompilerTarget.OperationArity, num_parameters: int, site_tuples: collections.abc.Sequence[mqt.core.mlir.CompilerTarget.SiteTuple] | None = None, duration: int | None = None, fidelity: float | None = None, *, fixed_parameters: collections.abc.Sequence[float | None] = [], canonical_name: str | None = None) -> None
    2. __init__(self, name: str, arity: int, num_parameters: int, site_tuples: collections.abc.Sequence[mqt.core.mlir.CompilerTarget.SiteTuple] | None = None, duration: int | None = None, fidelity: float | None = None, *, fixed_parameters: collections.abc.Sequence[float | None] = [], canonical_name: str | None = None) -> None

Invoked with types: mqt.core.mlir.OperationCapability, kwargs = { name: str, arity: int, num_parameters: int, parameter_bounds: list }",,,efficient_su2,135018,1971,b25357c03cad38d490a854447dafef57f5b1cf14f81c88fb7605d1b1e9891255,,symbolic,,,,,,,,synthetic,8.238608,"[8.702691, 8.737699, 8.156031, 8.141168, 8.238608]",69.26171875,24,,target_unsupported,,,ibm_fractional_bounded,,
main,efficient_su2_24_symbolic,static: each control-flow region counted once,88,flat circuit,,8.514914,"[9.383719, 8.589746, 8.445985, 8.514914, 8.448449]",efficient_su2,135018,1971,b25357c03cad38d490a854447dafef57f5b1cf14f81c88fb7605d1b1e9891255,124046,symbolic,384,192,72,88,192,0,"{""sx"": 192, ""rz"": 192, ""cx"": 72}",synthetic,8.345184,"[8.936836, 8.656595, 8.23632, 8.345184, 8.228704]",128.70703125,24,963,exported,52.508114,"[52.347889, 52.43965, 52.563938, 53.841498, 52.508114]",ibm_sxz_cx,72,"{""kind"": ""native_contract_only"", ""passed"": true, ""errors"": [], ""checked_instructions"": 1368, ""bindings"": 3, ""semantic_equivalence"": ""not checked at large width""}"
main,efficient_su2_24_symbolic,static: each control-flow region counted once,306,flat circuit,,11.628436,"[12.293864, 11.694596, 11.628436, 11.397538, 11.534531]",efficient_su2,135018,1971,b25357c03cad38d490a854447dafef57f5b1cf14f81c88fb7605d1b1e9891255,159052,symbolic,747,336,72,306,411,0,"{""sx"": 336, ""rz"": 411, ""cz"": 72}",synthetic,8.368,"[8.416801, 9.105701, 8.084384, 8.368, 8.244112]",129.5625,24,1312,exported,57.002364,"[56.963004, 57.040796, 56.97302, 57.002364, 58.043363]",ibm_sxz_cz,72,"{""kind"": ""native_contract_only"", ""passed"": true, ""errors"": [], ""checked_instructions"": 2457, ""bindings"": 3, ""semantic_equivalence"": ""not checked at large width""}"
main,efficient_su2_24_symbolic,,,,"Target synthesis failed: loc(""/home/nvidia/.codex/experiments/core-synthesis-refined-20261004/corpus/efficient_su2_24_symbolic.mlir"":1:1): target compilation requires a single-qubit synthesis basis
loc(""/home/nvidia/.codex/experiments/core-synthesis-refined-20261004/corpus/efficient_su2_24_symbolic.mlir"":1:1): failed to synthesize the QCO program for the target",,,efficient_su2,135018,1971,b25357c03cad38d490a854447dafef57f5b1cf14f81c88fb7605d1b1e9891255,,symbolic,,,,,,,,synthetic,8.176624,"[9.325254, 8.125008, 8.142095, 8.176624, 8.292176]",70.15625,24,,synthesis_failed,,,ionq_fixed_r_zz,,
main,efficient_su2_24_symbolic,static: each control-flow region counted once,235,flat circuit,,8.355024,"[9.154197, 8.481522, 8.355024, 8.333201, 8.338144]",efficient_su2,135018,1971,b25357c03cad38d490a854447dafef57f5b1cf14f81c88fb7605d1b1e9891255,129327,symbolic,744,744,72,235,0,0,"{""r"": 744, ""cz"": 72}",synthetic,8.359329,"[9.19023, 8.360624, 8.359329, 8.345937, 8.26872]",128.6015625,24,393,exported,52.135616,"[52.140703, 52.091103, 52.135616, 52.171232, 50.690407]",iqm_r_cz,72,"{""kind"": ""native_contract_only"", ""passed"": true, ""errors"": [], ""checked_instructions"": 2448, ""bindings"": 3, ""semantic_equivalence"": ""not checked at large width""}"
main,efficient_su2_24_symbolic,static: each control-flow region counted once,306,flat circuit,,13.792688,"[14.101394, 13.443071, 15.643307, 13.792688, 13.416767]",efficient_su2,135018,1971,b25357c03cad38d490a854447dafef57f5b1cf14f81c88fb7605d1b1e9891255,162246,symbolic,747,336,72,306,411,0,"{""rxpi2"": 336, ""rz"": 411, ""cz"": 72}",synthetic,8.312656,"[8.345792, 8.977476, 8.031439, 8.312656, 8.210752]",127.55078125,24,1313,exported,51.792734,"[51.792734, 52.8465, 51.604637, 51.862846, 51.592893]",rigetti_rx_cz,72,"{""kind"": ""native_contract_only"", ""passed"": true, ""errors"": [], ""checked_instructions"": 2457, ""bindings"": 3, ""semantic_equivalence"": ""not checked at large width""}"
main,efficient_su2_24_symbolic,static: each control-flow region counted once,307,flat circuit,,8.754867,"[9.527863, 8.819939, 8.738371, 8.699027, 8.754867]",efficient_su2,135018,1971,b25357c03cad38d490a854447dafef57f5b1cf14f81c88fb7605d1b1e9891255,132788,symbolic,1032,624,72,307,408,0,"{""rx"": 624, ""rz"": 408, ""rzz"": 72}",synthetic,8.371249,"[8.693043, 8.796771, 8.039231, 8.259696, 8.371249]",129.04296875,24,398,exported,50.511894,"[50.558758, 50.321525, 50.597511, 50.421253, 50.511894]",rxrz_rzz_unbounded,72,"{""kind"": ""native_contract_only"", ""passed"": true, ""errors"": [], ""checked_instructions"": 3312, ""bindings"": 3, ""semantic_equivalence"": ""not checked at large width""}"
main,efficient_su2_36_numeric,,,,"__init__(): incompatible function arguments. The following argument types are supported:
    1. __init__(self, name: str, arity: mqt.core.mlir.CompilerTarget.OperationArity, num_parameters: int, site_tuples: collections.abc.Sequence[mqt.core.mlir.CompilerTarget.SiteTuple] | None = None, duration: int | None = None, fidelity: float | None = None, *, fixed_parameters: collections.abc.Sequence[float | None] = [], canonical_name: str | None = None) -> None
    2. __init__(self, name: str, arity: int, num_parameters: int, site_tuples: collections.abc.Sequence[mqt.core.mlir.CompilerTarget.SiteTuple] | None = None, duration: int | None = None, fidelity: float | None = None, *, fixed_parameters: collections.abc.Sequence[float | None] = [], canonical_name: str | None = None) -> None

Invoked with types: mqt.core.mlir.OperationCapability, kwargs = { name: str, arity: int, num_parameters: int, parameter_bounds: list }",,,efficient_su2,151821,2955,acc3915c88ad2bc8c35f8ebd0e7c5e1e446d4ef097fdec5edf080bf3e7997892,,numeric,,,,,,,,synthetic,4.289466,"[4.45417, 4.256457, 4.212089, 5.249486, 4.289466]",69.23828125,36,,target_unsupported,,,ibm_fractional_bounded,,
main,efficient_su2_36_numeric,static: each control-flow region counted once,127,flat circuit,,3.06869,"[3.78031, 3.129955, 3.06869, 3.031265, 3.033602]",efficient_su2,151821,2955,acc3915c88ad2bc8c35f8ebd0e7c5e1e446d4ef097fdec5edf080bf3e7997892,84544,numeric,654,288,108,127,366,0,"{""sx"": 288, ""rz"": 366, ""cx"": 108}",synthetic,4.338666,"[4.449226, 4.958573, 4.338666, 4.313641, 4.202489]",125.7421875,36,293,exported,18.299707,"[18.412363, 18.299707, 18.310955, 18.261979, 18.256923]",ibm_sxz_cx,108,"{""kind"": ""native_contract_only"", ""passed"": true, ""errors"": [], ""checked_instructions"": 762, ""bindings"": 1, ""semantic_equivalence"": ""not checked at large width""}"
main,efficient_su2_36_numeric,static: each control-flow region counted once,450,flat circuit,,4.614459,"[5.370815, 4.676764, 4.568331, 4.614459, 4.545066]",efficient_su2,151821,2955,acc3915c88ad2bc8c35f8ebd0e7c5e1e446d4ef097fdec5edf080bf3e7997892,115953,numeric,1196,504,108,450,692,0,"{""sx"": 504, ""rz"": 692, ""cz"": 108}",synthetic,4.427594,"[4.427594, 4.499418, 4.224889, 4.836252, 4.205433]",126.60546875,36,298,exported,20.5562,"[20.5562, 20.556521, 20.557049, 20.53924, 20.483704]",ibm_sxz_cz,108,"{""kind"": ""native_contract_only"", ""passed"": true, ""errors"": [], ""checked_instructions"": 1304, ""bindings"": 1, ""semantic_equivalence"": ""not checked at large width""}"
main,efficient_su2_36_numeric,,,,"Target synthesis failed: loc(""/home/nvidia/.codex/experiments/core-synthesis-refined-20261004/corpus/efficient_su2_36_numeric.mlir"":1:1): target compilation requires a single-qubit synthesis basis
loc(""/home/nvidia/.codex/experiments/core-synthesis-refined-20261004/corpus/efficient_su2_36_numeric.mlir"":1:1): failed to synthesize the QCO program for the target",,,efficient_su2,151821,2955,acc3915c88ad2bc8c35f8ebd0e7c5e1e446d4ef097fdec5edf080bf3e7997892,,numeric,,,,,,,,synthetic,4.43857,"[4.43857, 4.158585, 4.880444, 4.584267, 4.255657]",70.19921875,36,,synthesis_failed,,,ionq_fixed_r_zz,,
main,efficient_su2_36_numeric,static: each control-flow region counted once,339,flat circuit,,4.457626,"[5.282591, 4.520762, 4.41721, 4.457626, 4.416922]",efficient_su2,151821,2955,acc3915c88ad2bc8c35f8ebd0e7c5e1e446d4ef097fdec5edf080bf3e7997892,120042,numeric,972,972,108,339,0,0,"{""r"": 972, ""cz"": 108}",synthetic,4.511323,"[4.741228, 4.558842, 4.511323, 4.282361, 4.291321]",126.99609375,36,437,exported,19.903525,"[19.957429, 19.863956, 20.067254, 19.903525, 19.860596]",iqm_r_cz,108,"{""kind"": ""native_contract_only"", ""passed"": true, ""errors"": [], ""checked_instructions"": 1080, ""bindings"": 1, ""semantic_equivalence"": ""not checked at large width""}"
main,efficient_su2_36_numeric,static: each control-flow region counted once,450,flat circuit,,7.633757,"[8.193008, 9.077957, 7.633757, 7.346043, 7.301627]",efficient_su2,151821,2955,acc3915c88ad2bc8c35f8ebd0e7c5e1e446d4ef097fdec5edf080bf3e7997892,121497,numeric,1196,504,108,450,692,0,"{""rxpi2"": 504, ""rz"": 692, ""cz"": 108}",synthetic,4.44737,"[4.44737, 4.48921, 4.776876, 4.287001, 4.239529]",127.7578125,36,299,exported,20.687945,"[20.800745, 20.749049, 20.687945, 20.649577, 20.672905]",rigetti_rx_cz,108,"{""kind"": ""native_contract_only"", ""passed"": true, ""errors"": [], ""checked_instructions"": 1304, ""bindings"": 1, ""semantic_equivalence"": ""not checked at large width""}"
main,efficient_su2_36_numeric,static: each control-flow region counted once,447,flat circuit,,4.826589,"[5.623409, 4.92614, 4.826589, 4.776396, 4.78038]",efficient_su2,151821,2955,acc3915c88ad2bc8c35f8ebd0e7c5e1e446d4ef097fdec5edf080bf3e7997892,126088,numeric,1404,936,108,447,468,0,"{""rx"": 936, ""rz"": 468, ""rzz"": 108}",synthetic,4.414426,"[4.414426, 4.484346, 4.763916, 4.274393, 4.227593]",127.35546875,36,440,exported,19.243425,"[19.307425, 19.200401, 19.243425, 19.178992, 19.327121]",rxrz_rzz_unbounded,108,"{""kind"": ""native_contract_only"", ""passed"": true, ""errors"": [], ""checked_instructions"": 1512, ""bindings"": 1, ""semantic_equivalence"": ""not checked at large width""}"
main,efficient_su2_36_symbolic,,,,"__init__(): incompatible function arguments. The following argument types are supported:
    1. __init__(self, name: str, arity: mqt.core.mlir.CompilerTarget.OperationArity, num_parameters: int, site_tuples: collections.abc.Sequence[mqt.core.mlir.CompilerTarget.SiteTuple] | None = None, duration: int | None = None, fidelity: float | None = None, *, fixed_parameters: collections.abc.Sequence[float | None] = [], canonical_name: str | None = None) -> None
    2. __init__(self, name: str, arity: int, num_parameters: int, site_tuples: collections.abc.Sequence[mqt.core.mlir.CompilerTarget.SiteTuple] | None = None, duration: int | None = None, fidelity: float | None = None, *, fixed_parameters: collections.abc.Sequence[float | None] = [], canonical_name: str | None = None) -> None

Invoked with types: mqt.core.mlir.OperationCapability, kwargs = { name: str, arity: int, num_parameters: int, parameter_bounds: list }",,,efficient_su2,203390,2955,e224064445495958e6dae7291b47e60883b96043ca14043d3945c72ee1d01eb9,,symbolic,,,,,,,,synthetic,15.73582,"[16.469456, 15.457275, 15.73582, 15.538971, 15.961069]",70.18359375,36,,target_unsupported,,,ibm_fractional_bounded,,
main,efficient_su2_36_symbolic,static: each control-flow region counted once,124,flat circuit,,15.222457,"[16.078878, 15.26713, 15.116216, 15.106361, 15.222457]",efficient_su2,203390,2955,e224064445495958e6dae7291b47e60883b96043ca14043d3945c72ee1d01eb9,186902,symbolic,576,288,108,124,288,0,"{""sx"": 288, ""rz"": 288, ""cx"": 108}",synthetic,15.460539,"[16.408048, 15.460539, 15.295481, 15.609036, 15.452282]",130.23828125,36,1443,exported,107.852967,"[110.531639, 110.847274, 107.796599, 107.2709, 107.852967]",ibm_sxz_cx,108,"{""kind"": ""native_contract_only"", ""passed"": true, ""errors"": [], ""checked_instructions"": 2052, ""bindings"": 3, ""semantic_equivalence"": ""not checked at large width""}"
main,efficient_su2_36_symbolic,static: each control-flow region counted once,450,flat circuit,,20.941371,"[21.835088, 20.941371, 20.915354, 20.681289, 21.152412]",efficient_su2,203390,2955,e224064445495958e6dae7291b47e60883b96043ca14043d3945c72ee1d01eb9,239500,symbolic,1119,504,108,450,615,0,"{""sx"": 504, ""rz"": 615, ""cz"": 108}",synthetic,15.691308,"[16.549217, 15.691308, 15.871629, 15.564683, 15.587067]",132.18359375,36,1972,exported,117.028573,"[117.22243, 116.838221, 116.801484, 119.611068, 117.028573]",ibm_sxz_cz,108,"{""kind"": ""native_contract_only"", ""passed"": true, ""errors"": [], ""checked_instructions"": 3681, ""bindings"": 3, ""semantic_equivalence"": ""not checked at large width""}"
main,efficient_su2_36_symbolic,,,,"Target synthesis failed: loc(""/home/nvidia/.codex/experiments/core-synthesis-refined-20261004/corpus/efficient_su2_36_symbolic.mlir"":1:1): target compilation requires a single-qubit synthesis basis
loc(""/home/nvidia/.codex/experiments/core-synthesis-refined-20261004/corpus/efficient_su2_36_symbolic.mlir"":1:1): failed to synthesize the QCO program for the target",,,efficient_su2,203390,2955,e224064445495958e6dae7291b47e60883b96043ca14043d3945c72ee1d01eb9,,symbolic,,,,,,,,synthetic,15.461882,"[16.023054, 15.377898, 15.448331, 15.461882, 15.518267]",70.1484375,36,,synthesis_failed,,,ionq_fixed_r_zz,,
main,efficient_su2_36_symbolic,static: each control-flow region counted once,343,flat circuit,,14.837847,"[15.610316, 15.040344, 14.837847, 14.68919, 14.684422]",efficient_su2,203390,2955,e224064445495958e6dae7291b47e60883b96043ca14043d3945c72ee1d01eb9,194763,symbolic,1116,1116,108,343,0,0,"{""r"": 1116, ""cz"": 108}",synthetic,15.928477,"[16.302703, 16.738482, 15.928477, 15.734541, 15.84918]",132.50390625,36,585,exported,105.492426,"[105.463002, 108.299306, 105.699739, 105.272217, 105.492426]",iqm_r_cz,108,"{""kind"": ""native_contract_only"", ""passed"": true, ""errors"": [], ""checked_instructions"": 3672, ""bindings"": 3, ""semantic_equivalence"": ""not checked at large width""}"
main,efficient_su2_36_symbolic,static: each control-flow region counted once,450,flat circuit,,24.427951,"[24.921905, 26.015641, 24.427951, 23.923692, 23.970124]",efficient_su2,203390,2955,e224064445495958e6dae7291b47e60883b96043ca14043d3945c72ee1d01eb9,244038,symbolic,1119,504,108,450,615,0,"{""rxpi2"": 504, ""rz"": 615, ""cz"": 108}",synthetic,15.504859,"[16.611489, 15.344442, 15.399562, 15.504859, 16.176926]",135.515625,36,1973,exported,109.303265,"[109.247696, 109.076623, 112.332354, 109.303265, 111.671694]",rigetti_rx_cz,108,"{""kind"": ""native_contract_only"", ""passed"": true, ""errors"": [], ""checked_instructions"": 3681, ""bindings"": 3, ""semantic_equivalence"": ""not checked at large width""}"
main,efficient_su2_36_symbolic,static: each control-flow region counted once,451,flat circuit,,15.260762,"[16.209951, 15.421322, 15.241193, 15.207977, 15.260762]",efficient_su2,203390,2955,e224064445495958e6dae7291b47e60883b96043ca14043d3945c72ee1d01eb9,199755,symbolic,1548,936,108,451,612,0,"{""rx"": 936, ""rz"": 612, ""rzz"": 108}",synthetic,15.661388,"[15.774748, 15.290602, 15.661388, 15.513322, 15.805037]",132.7265625,36,590,exported,104.208018,"[104.089985, 104.208018, 104.018978, 104.316307, 107.208564]",rxrz_rzz_unbounded,108,"{""kind"": ""native_contract_only"", ""passed"": true, ""errors"": [], ""checked_instructions"": 4968, ""bindings"": 3, ""semantic_equivalence"": ""not checked at large width""}"
main,efficient_su2_54_numeric,,,,"__init__(): incompatible function arguments. The following argument types are supported:
    1. __init__(self, name: str, arity: mqt.core.mlir.CompilerTarget.OperationArity, num_parameters: int, site_tuples: collections.abc.Sequence[mqt.core.mlir.CompilerTarget.SiteTuple] | None = None, duration: int | None = None, fidelity: float | None = None, *, fixed_parameters: collections.abc.Sequence[float | None] = [], canonical_name: str | None = None) -> None
    2. __init__(self, name: str, arity: int, num_parameters: int, site_tuples: collections.abc.Sequence[mqt.core.mlir.CompilerTarget.SiteTuple] | None = None, duration: int | None = None, fidelity: float | None = None, *, fixed_parameters: collections.abc.Sequence[float | None] = [], canonical_name: str | None = None) -> None

Invoked with types: mqt.core.mlir.OperationCapability, kwargs = { name: str, arity: int, num_parameters: int, parameter_bounds: list }",,,efficient_su2,229583,4431,2bb4f8982727cfdabebbcaf410ce2f75c7c05f531c3de5962259319ead9beefe,,numeric,,,,,,,,synthetic,6.365099,"[6.400124, 6.834817, 6.365099, 6.259275, 6.241067]",69.24609375,54,,target_unsupported,,,ibm_fractional_bounded,,
main,efficient_su2_54_numeric,static: each control-flow region counted once,180,flat circuit,,4.694509,"[5.626437, 4.820109, 4.694509, 4.692876, 4.681004]",efficient_su2,229583,4431,2bb4f8982727cfdabebbcaf410ce2f75c7c05f531c3de5962259319ead9beefe,126282,numeric,974,432,162,180,542,0,"{""sx"": 432, ""rz"": 542, ""cx"": 162}",synthetic,6.195402,"[6.662975, 6.575358, 6.140826, 6.195402, 6.136314]",124.54296875,54,436,exported,30.142764,"[30.211388, 30.142764, 30.046427, 30.236557, 29.993563]",ibm_sxz_cx,162,"{""kind"": ""native_contract_only"", ""passed"": true, ""errors"": [], ""checked_instructions"": 1136, ""bindings"": 1, ""semantic_equivalence"": ""not checked at large width""}"
main,efficient_su2_54_numeric,static: each control-flow region counted once,666,flat circuit,,6.908209,"[7.829338, 7.021506, 6.908209, 6.858288, 6.845857]",efficient_su2,229583,4431,2bb4f8982727cfdabebbcaf410ce2f75c7c05f531c3de5962259319ead9beefe,173847,numeric,1786,756,162,666,1030,0,"{""sx"": 756, ""rz"": 1030, ""cz"": 162}",synthetic,6.218843,"[6.302619, 6.883617, 6.113305, 6.218843, 6.174858]",128.39453125,54,441,exported,33.459883,"[33.506444, 33.517611, 33.459883, 33.363018, 33.388426]",ibm_sxz_cz,162,"{""kind"": ""native_contract_only"", ""passed"": true, ""errors"": [], ""checked_instructions"": 1948, ""bindings"": 1, ""semantic_equivalence"": ""not checked at large width""}"
main,efficient_su2_54_numeric,,,,"Target synthesis failed: loc(""/home/nvidia/.codex/experiments/core-synthesis-refined-20261004/corpus/efficient_su2_54_numeric.mlir"":1:1): target compilation requires a single-qubit synthesis basis
loc(""/home/nvidia/.codex/experiments/core-synthesis-refined-20261004/corpus/efficient_su2_54_numeric.mlir"":1:1): failed to synthesize the QCO program for the target",,,efficient_su2,229583,4431,2bb4f8982727cfdabebbcaf410ce2f75c7c05f531c3de5962259319ead9beefe,,numeric,,,,,,,,synthetic,6.203674,"[6.646542, 6.621663, 6.066937, 6.203674, 6.20121]",69.26171875,54,,synthesis_failed,,,ionq_fixed_r_zz,,
main,efficient_su2_54_numeric,static: each control-flow region counted once,501,flat circuit,,6.749487,"[7.625, 6.899665, 6.749487, 6.702367, 6.665103]",efficient_su2,229583,4431,2bb4f8982727cfdabebbcaf410ce2f75c7c05f531c3de5962259319ead9beefe,180705,numeric,1458,1458,162,501,0,0,"{""r"": 1458, ""cz"": 162}",synthetic,6.269451,"[6.309739, 6.799009, 6.269451, 6.138106, 6.158474]",125.93359375,54,653,exported,32.133406,"[32.312465, 32.133406, 32.102574, 32.181599, 32.109246]",iqm_r_cz,162,"{""kind"": ""native_contract_only"", ""passed"": true, ""errors"": [], ""checked_instructions"": 1620, ""bindings"": 1, ""semantic_equivalence"": ""not checked at large width""}"
main,efficient_su2_54_numeric,static: each control-flow region counted once,666,flat circuit,,11.138824,"[13.652081, 11.495148, 11.138824, 10.930519, 10.989959]",efficient_su2,229583,4431,2bb4f8982727cfdabebbcaf410ce2f75c7c05f531c3de5962259319ead9beefe,181886,numeric,1786,756,162,666,1030,0,"{""rxpi2"": 756, ""rz"": 1030, ""cz"": 162}",synthetic,6.262443,"[6.262443, 6.678303, 6.39222, 6.217274, 6.108057]",130.125,54,442,exported,33.714045,"[33.859182, 33.777597, 33.651756, 33.661388, 33.714045]",rigetti_rx_cz,162,"{""kind"": ""native_contract_only"", ""passed"": true, ""errors"": [], ""checked_instructions"": 1948, ""bindings"": 1, ""semantic_equivalence"": ""not checked at large width""}"
main,efficient_su2_54_numeric,static: each control-flow region counted once,663,flat circuit,,7.253044,"[8.334175, 7.44711, 7.253044, 7.235604, 7.213508]",efficient_su2,229583,4431,2bb4f8982727cfdabebbcaf410ce2f75c7c05f531c3de5962259319ead9beefe,189683,numeric,2106,1404,162,663,702,0,"{""rx"": 1404, ""rz"": 702, ""rzz"": 162}",synthetic,6.18913,"[6.319707, 6.945154, 6.111145, 6.15561, 6.18913]",133.36328125,54,656,exported,31.659882,"[31.919964, 31.737642, 31.641962, 31.593209, 31.659882]",rxrz_rzz_unbounded,162,"{""kind"": ""native_contract_only"", ""passed"": true, ""errors"": [], ""checked_instructions"": 2268, ""bindings"": 1, ""semantic_equivalence"": ""not checked at large width""}"
main,efficient_su2_54_symbolic,,,,"__init__(): incompatible function arguments. The following argument types are supported:
    1. __init__(self, name: str, arity: mqt.core.mlir.CompilerTarget.OperationArity, num_parameters: int, site_tuples: collections.abc.Sequence[mqt.core.mlir.CompilerTarget.SiteTuple] | None = None, duration: int | None = None, fidelity: float | None = None, *, fixed_parameters: collections.abc.Sequence[float | None] = [], canonical_name: str | None = None) -> None
    2. __init__(self, name: str, arity: int, num_parameters: int, site_tuples: collections.abc.Sequence[mqt.core.mlir.CompilerTarget.SiteTuple] | None = None, duration: int | None = None, fidelity: float | None = None, *, fixed_parameters: collections.abc.Sequence[float | None] = [], canonical_name: str | None = None) -> None

Invoked with types: mqt.core.mlir.OperationCapability, kwargs = { name: str, arity: int, num_parameters: int, parameter_bounds: list }",,,efficient_su2,308078,4431,c5437db5a453ec704ddd8594c5a6b46f38693fab95be17016e22296e824b7a98,,symbolic,,,,,,,,synthetic,31.764822,"[32.015832, 31.06296, 31.764822, 32.052184, 31.550452]",69.265625,54,,target_unsupported,,,ibm_fractional_bounded,,
main,efficient_su2_54_symbolic,static: each control-flow region counted once,178,flat circuit,,29.355441,"[29.988647, 29.507266, 29.338801, 29.355441, 29.253248]",efficient_su2,308078,4431,c5437db5a453ec704ddd8594c5a6b46f38693fab95be17016e22296e824b7a98,282050,symbolic,864,432,162,178,432,0,"{""sx"": 432, ""rz"": 432, ""cx"": 162}",synthetic,31.660182,"[31.276386, 31.660182, 31.136658, 32.123211, 32.674448]",135.078125,54,2163,exported,235.460108,"[235.501134, 235.48803, 235.39398, 235.268155, 235.460108]",ibm_sxz_cx,162,"{""kind"": ""native_contract_only"", ""passed"": true, ""errors"": [], ""checked_instructions"": 3078, ""bindings"": 3, ""semantic_equivalence"": ""not checked at large width""}"
main,efficient_su2_54_symbolic,static: each control-flow region counted once,666,flat circuit,,40.122516,"[41.042125, 40.058211, 39.738705, 40.275541, 40.122516]",efficient_su2,308078,4431,c5437db5a453ec704ddd8594c5a6b46f38693fab95be17016e22296e824b7a98,361059,symbolic,1677,756,162,666,921,0,"{""sx"": 756, ""rz"": 921, ""cz"": 162}",synthetic,31.614773,"[31.159073, 32.432253, 31.867144, 31.614773, 31.571237]",135.609375,54,2962,exported,255.765494,"[255.39629, 255.765494, 256.48502, 255.610147, 256.156024]",ibm_sxz_cz,162,"{""kind"": ""native_contract_only"", ""passed"": true, ""errors"": [], ""checked_instructions"": 5517, ""bindings"": 3, ""semantic_equivalence"": ""not checked at large width""}"
main,efficient_su2_54_symbolic,,,,"Target synthesis failed: loc(""/home/nvidia/.codex/experiments/core-synthesis-refined-20261004/corpus/efficient_su2_54_symbolic.mlir"":1:1): target compilation requires a single-qubit synthesis basis
loc(""/home/nvidia/.codex/experiments/core-synthesis-refined-20261004/corpus/efficient_su2_54_symbolic.mlir"":1:1): failed to synthesize the QCO program for the target",,,efficient_su2,308078,4431,c5437db5a453ec704ddd8594c5a6b46f38693fab95be17016e22296e824b7a98,,symbolic,,,,,,,,synthetic,31.318289,"[31.673845, 30.806685, 31.117024, 31.318289, 32.035289]",70.1953125,54,,synthesis_failed,,,ionq_fixed_r_zz,,
main,efficient_su2_54_symbolic,static: each control-flow region counted once,505,flat circuit,,26.67588,"[27.615329, 26.878106, 26.596967, 26.583144, 26.67588]",efficient_su2,308078,4431,c5437db5a453ec704ddd8594c5a6b46f38693fab95be17016e22296e824b7a98,294428,symbolic,1674,1674,162,505,0,0,"{""r"": 1674, ""cz"": 162}",synthetic,31.486981,"[32.556111, 31.82476, 31.266468, 31.470357, 31.486981]",134.5546875,54,873,exported,219.459161,"[219.526108, 226.085192, 219.189785, 218.511698, 219.459161]",iqm_r_cz,162,"{""kind"": ""native_contract_only"", ""passed"": true, ""errors"": [], ""checked_instructions"": 5508, ""bindings"": 3, ""semantic_equivalence"": ""not checked at large width""}"
main,efficient_su2_54_symbolic,static: each control-flow region counted once,666,flat circuit,,44.359706,"[47.053203, 44.745773, 43.941542, 44.359706, 44.352057]",efficient_su2,308078,4431,c5437db5a453ec704ddd8594c5a6b46f38693fab95be17016e22296e824b7a98,367590,symbolic,1677,756,162,666,921,0,"{""rxpi2"": 756, ""rz"": 921, ""cz"": 162}",synthetic,31.812358,"[31.733974, 32.23497, 31.812358, 31.976872, 31.289601]",139.53125,54,2963,exported,228.936627,"[227.588807, 234.405494, 227.695848, 228.936627, 234.066433]",rigetti_rx_cz,162,"{""kind"": ""native_contract_only"", ""passed"": true, ""errors"": [], ""checked_instructions"": 5517, ""bindings"": 3, ""semantic_equivalence"": ""not checked at large width""}"
main,efficient_su2_54_symbolic,static: each control-flow region counted once,667,flat circuit,,28.854827,"[29.737091, 28.814331, 28.869915, 28.697786, 28.854827]",efficient_su2,308078,4431,c5437db5a453ec704ddd8594c5a6b46f38693fab95be17016e22296e824b7a98,301076,symbolic,2322,1404,162,667,918,0,"{""rx"": 1404, ""rz"": 918, ""rzz"": 162}",synthetic,31.968744,"[31.317075, 31.694566, 31.968744, 32.056937, 32.389085]",139.6171875,54,878,exported,224.457824,"[224.245903, 224.244334, 231.588722, 224.671634, 224.457824]",rxrz_rzz_unbounded,162,"{""kind"": ""native_contract_only"", ""passed"": true, ""errors"": [], ""checked_instructions"": 7452, ""bindings"": 3, ""semantic_equivalence"": ""not checked at large width""}"
main,equatorial_frames_104_numeric,,,,"__init__(): incompatible function arguments. The following argument types are supported:
    1. __init__(self, name: str, arity: mqt.core.mlir.CompilerTarget.OperationArity, num_parameters: int, site_tuples: collections.abc.Sequence[mqt.core.mlir.CompilerTarget.SiteTuple] | None = None, duration: int | None = None, fidelity: float | None = None, *, fixed_parameters: collections.abc.Sequence[float | None] = [], canonical_name: str | None = None) -> None
    2. __init__(self, name: str, arity: int, num_parameters: int, site_tuples: collections.abc.Sequence[mqt.core.mlir.CompilerTarget.SiteTuple] | None = None, duration: int | None = None, fidelity: float | None = None, *, fixed_parameters: collections.abc.Sequence[float | None] = [], canonical_name: str | None = None) -> None

Invoked with types: mqt.core.mlir.OperationCapability, kwargs = { name: str, arity: int, num_parameters: int, parameter_bounds: list }",,,equatorial_frames,371189,7491,10964f41c3c481187a48d9bacf0821c9d2a9034a807023a090e145229e593b69,,numeric,,,,,,,,synthetic,9.403793,"[10.080886, 9.23984, 9.283279, 9.454145, 9.403793]",69.26171875,104,,target_unsupported,,,ibm_fractional_bounded,,
main,equatorial_frames_104_numeric,static: each control-flow region counted once,2497,flat circuit,,12.680413,"[13.720934, 12.680413, 12.395642, 12.67518, 13.005392]",equatorial_frames,371189,7491,10964f41c3c481187a48d9bacf0821c9d2a9034a807023a090e145229e593b69,289274,numeric,3121,1248,312,2497,1873,0,"{""rz"": 1873, ""sx"": 1248, ""cx"": 312}",synthetic,9.376625,"[9.376625, 10.044006, 9.31984, 9.369057, 9.438785]",133.421875,104,321,exported,51.349977,"[51.414106, 51.435402, 51.237192, 51.349977, 51.321273]",ibm_sxz_cx,312,"{""kind"": ""native_contract_only"", ""passed"": true, ""errors"": [], ""checked_instructions"": 3433, ""bindings"": 1, ""semantic_equivalence"": ""not checked at large width""}"
main,equatorial_frames_104_numeric,static: each control-flow region counted once,1872,flat circuit,,7.93394,"[9.119934, 8.084102, 7.845491, 7.93394, 7.773475]",equatorial_frames,371189,7491,10964f41c3c481187a48d9bacf0821c9d2a9034a807023a090e145229e593b69,198438,numeric,1560,624,312,1872,936,0,"{""rz"": 936, ""sx"": 624, ""cz"": 312}",synthetic,9.413777,"[9.412865, 10.051975, 9.445857, 9.413777, 9.387168]",126.26171875,104,317,exported,45.904186,"[45.85737, 45.951947, 45.972443, 45.904186, 45.747945]",ibm_sxz_cz,312,"{""kind"": ""native_contract_only"", ""passed"": true, ""errors"": [], ""checked_instructions"": 1872, ""bindings"": 1, ""semantic_equivalence"": ""not checked at large width""}"
main,equatorial_frames_104_numeric,static: each control-flow region counted once,1873,flat circuit,,8.873724,"[9.919349, 8.934365, 8.711162, 8.811932, 8.873724]",equatorial_frames,371189,7491,10964f41c3c481187a48d9bacf0821c9d2a9034a807023a090e145229e593b69,237141,numeric,2184,1248,312,1873,936,0,"{""rx"": 1248, ""rz"": 936, ""rzz"": 312}",synthetic,9.447409,"[9.310816, 10.146103, 9.447409, 9.595618, 9.386737]",134.5390625,104,942,exported,46.235181,"[46.485887, 46.374126, 46.177836, 46.199613, 46.235181]",rxrz_rzz_unbounded,312,"{""kind"": ""native_contract_only"", ""passed"": true, ""errors"": [], ""checked_instructions"": 2496, ""bindings"": 1, ""semantic_equivalence"": ""not checked at large width""}"
main,equatorial_frames_104_symbolic,,,,"__init__(): incompatible function arguments. The following argument types are supported:
    1. __init__(self, name: str, arity: mqt.core.mlir.CompilerTarget.OperationArity, num_parameters: int, site_tuples: collections.abc.Sequence[mqt.core.mlir.CompilerTarget.SiteTuple] | None = None, duration: int | None = None, fidelity: float | None = None, *, fixed_parameters: collections.abc.Sequence[float | None] = [], canonical_name: str | None = None) -> None
    2. __init__(self, name: str, arity: int, num_parameters: int, site_tuples: collections.abc.Sequence[mqt.core.mlir.CompilerTarget.SiteTuple] | None = None, duration: int | None = None, fidelity: float | None = None, *, fixed_parameters: collections.abc.Sequence[float | None] = [], canonical_name: str | None = None) -> None

Invoked with types: mqt.core.mlir.OperationCapability, kwargs = { name: str, arity: int, num_parameters: int, parameter_bounds: list }",,,equatorial_frames,425445,7491,680e63a1a1ed9d1ebf788373934d3bcaa10f7d4a84bc1539d2209f6660d87253,,symbolic,,,,,,,,synthetic,28.619825,"[27.842843, 28.619825, 28.317103, 29.27087, 28.889028]",69.25,104,,target_unsupported,,,ibm_fractional_bounded,,
main,equatorial_frames_104_symbolic,static: each control-flow region counted once,2497,flat circuit,,43.554783,"[44.145205, 43.554783, 43.286014, 43.225549, 43.914227]",equatorial_frames,425445,7491,680e63a1a1ed9d1ebf788373934d3bcaa10f7d4a84bc1539d2209f6660d87253,464375,symbolic,3121,1248,312,2497,1873,0,"{""rz"": 1873, ""sx"": 1248, ""cx"": 312}",synthetic,29.036054,"[28.375328, 29.727371, 28.519393, 29.036054, 30.546034]",144.72265625,104,3124,exported,192.804045,"[192.07316, 192.529723, 196.740718, 196.782703, 192.804045]",ibm_sxz_cx,312,"{""kind"": ""native_contract_only"", ""passed"": true, ""errors"": [], ""checked_instructions"": 10299, ""bindings"": 3, ""semantic_equivalence"": ""not checked at large width""}"
main,equatorial_frames_104_symbolic,static: each control-flow region counted once,1872,flat circuit,,25.401062,"[26.245725, 25.799322, 25.274453, 25.401062, 25.39511]",equatorial_frames,425445,7491,680e63a1a1ed9d1ebf788373934d3bcaa10f7d4a84bc1539d2209f6660d87253,314521,symbolic,1560,624,312,1872,936,0,"{""rz"": 936, ""sx"": 624, ""cz"": 312}",synthetic,28.941269,"[27.811755, 28.811187, 28.941269, 29.322535, 29.797292]",136.3203125,104,1565,exported,179.915407,"[179.817917, 182.95556, 179.828174, 179.915407, 183.311531]",ibm_sxz_cz,312,"{""kind"": ""native_contract_only"", ""passed"": true, ""errors"": [], ""checked_instructions"": 5616, ""bindings"": 3, ""semantic_equivalence"": ""not checked at large width""}"
main,equatorial_frames_104_symbolic,static: each control-flow region counted once,2185,flat circuit,,18.755294,"[19.65359, 19.143153, 18.643245, 18.605133, 18.755294]",equatorial_frames,425445,7491,680e63a1a1ed9d1ebf788373934d3bcaa10f7d4a84bc1539d2209f6660d87253,274452,symbolic,2496,1248,312,2185,1248,0,"{""rz"": 1248, ""rx"": 1248, ""rzz"": 312}",synthetic,28.621537,"[27.785419, 28.621537, 28.551185, 29.12191, 28.873763]",138.375,104,9,exported,163.292545,"[163.292545, 163.40269, 163.264513, 162.14756, 166.541724]",rxrz_rzz_unbounded,312,"{""kind"": ""native_contract_only"", ""passed"": true, ""errors"": [], ""checked_instructions"": 8424, ""bindings"": 3, ""semantic_equivalence"": ""not checked at large width""}"
main,equatorial_frames_156_numeric,,,,"__init__(): incompatible function arguments. The following argument types are supported:
    1. __init__(self, name: str, arity: mqt.core.mlir.CompilerTarget.OperationArity, num_parameters: int, site_tuples: collections.abc.Sequence[mqt.core.mlir.CompilerTarget.SiteTuple] | None = None, duration: int | None = None, fidelity: float | None = None, *, fixed_parameters: collections.abc.Sequence[float | None] = [], canonical_name: str | None = None) -> None
    2. __init__(self, name: str, arity: int, num_parameters: int, site_tuples: collections.abc.Sequence[mqt.core.mlir.CompilerTarget.SiteTuple] | None = None, duration: int | None = None, fidelity: float | None = None, *, fixed_parameters: collections.abc.Sequence[float | None] = [], canonical_name: str | None = None) -> None

Invoked with types: mqt.core.mlir.OperationCapability, kwargs = { name: str, arity: int, num_parameters: int, parameter_bounds: list }",,,equatorial_frames,560264,11235,8e0ec71bb9d9757b881772665e8baf74c25ae2a345d5bfd1d41ddafe7e5a150b,,numeric,,,,,,,,synthetic,14.327853,"[14.499134, 13.975258, 14.251292, 14.418461, 14.327853]",68.34765625,156,,target_unsupported,,,ibm_fractional_bounded,,
main,equatorial_frames_156_numeric,static: each control-flow region counted once,3745,flat circuit,,20.222842,"[21.363698, 19.837079, 19.798582, 20.222842, 20.419131]",equatorial_frames,560264,11235,8e0ec71bb9d9757b881772665e8baf74c25ae2a345d5bfd1d41ddafe7e5a150b,435379,numeric,4681,1872,468,3745,2809,0,"{""rz"": 2809, ""sx"": 1872, ""cx"": 468}",synthetic,14.444782,"[13.928666, 14.289452, 15.421046, 14.649567, 14.444782]",140.68359375,156,477,exported,85.338392,"[85.123079, 85.925789, 85.338392, 85.445113, 85.167367]",ibm_sxz_cx,468,"{""kind"": ""native_contract_only"", ""passed"": true, ""errors"": [], ""checked_instructions"": 5149, ""bindings"": 1, ""semantic_equivalence"": ""not checked at large width""}"
main,equatorial_frames_156_numeric,static: each control-flow region counted once,2808,flat circuit,,12.706273,"[13.880969, 12.829697, 12.587248, 12.69928, 12.706273]",equatorial_frames,560264,11235,8e0ec71bb9d9757b881772665e8baf74c25ae2a345d5bfd1d41ddafe7e5a150b,299264,numeric,2340,936,468,2808,1404,0,"{""rz"": 1404, ""sx"": 936, ""cz"": 468}",synthetic,14.338605,"[14.472206, 14.100027, 14.104891, 14.503167, 14.338605]",136.44921875,156,473,exported,76.937577,"[76.916808, 76.937577, 77.072249, 76.933416, 77.196314]",ibm_sxz_cz,468,"{""kind"": ""native_contract_only"", ""passed"": true, ""errors"": [], ""checked_instructions"": 2808, ""bindings"": 1, ""semantic_equivalence"": ""not checked at large width""}"
main,equatorial_frames_156_numeric,static: each control-flow region counted once,2809,flat circuit,,13.718568,"[14.829569, 13.718568, 13.720696, 13.653592, 13.532727]",equatorial_frames,560264,11235,8e0ec71bb9d9757b881772665e8baf74c25ae2a345d5bfd1d41ddafe7e5a150b,357392,numeric,3276,1872,468,2809,1404,0,"{""rx"": 1872, ""rz"": 1404, ""rzz"": 468}",synthetic,14.065851,"[14.031258, 14.065851, 14.011339, 14.278204, 14.249916]",140.6953125,156,1410,exported,76.975672,"[77.355195, 76.778071, 76.829384, 76.975672, 77.43166]",rxrz_rzz_unbounded,468,"{""kind"": ""native_contract_only"", ""passed"": true, ""errors"": [], ""checked_instructions"": 3744, ""bindings"": 1, ""semantic_equivalence"": ""not checked at large width""}"
main,equatorial_frames_156_symbolic,,,,"__init__(): incompatible function arguments. The following argument types are supported:
    1. __init__(self, name: str, arity: mqt.core.mlir.CompilerTarget.OperationArity, num_parameters: int, site_tuples: collections.abc.Sequence[mqt.core.mlir.CompilerTarget.SiteTuple] | None = None, duration: int | None = None, fidelity: float | None = None, *, fixed_parameters: collections.abc.Sequence[float | None] = [], canonical_name: str | None = None) -> None
    2. __init__(self, name: str, arity: int, num_parameters: int, site_tuples: collections.abc.Sequence[mqt.core.mlir.CompilerTarget.SiteTuple] | None = None, duration: int | None = None, fidelity: float | None = None, *, fixed_parameters: collections.abc.Sequence[float | None] = [], canonical_name: str | None = None) -> None

Invoked with types: mqt.core.mlir.OperationCapability, kwargs = { name: str, arity: int, num_parameters: int, parameter_bounds: list }",,,equatorial_frames,641817,11235,8af98b0e4bcfaa51b3e98d40c4a16fdf56af0d2e66702648e0bba82b6525c050,,symbolic,,,,,,,,synthetic,66.870929,"[60.779923, 66.526493, 66.870929, 69.103265, 68.922527]",68.36328125,156,,target_unsupported,,,ibm_fractional_bounded,,
main,equatorial_frames_156_symbolic,static: each control-flow region counted once,3745,flat circuit,,81.037824,"[81.684454, 80.978495, 80.687693, 81.037824, 81.649014]",equatorial_frames,641817,11235,8af98b0e4bcfaa51b3e98d40c4a16fdf56af0d2e66702648e0bba82b6525c050,697491,symbolic,4681,1872,468,3745,2809,0,"{""rz"": 2809, ""sx"": 1872, ""cx"": 468}",synthetic,63.403703,"[58.103561, 61.506343, 63.403703, 64.38464, 64.545041]",156.09765625,156,4684,exported,400.888715,"[397.839537, 407.956458, 400.747691, 402.066646, 400.888715]",ibm_sxz_cx,468,"{""kind"": ""native_contract_only"", ""passed"": true, ""errors"": [], ""checked_instructions"": 15447, ""bindings"": 3, ""semantic_equivalence"": ""not checked at large width""}"
main,equatorial_frames_156_symbolic,static: each control-flow region counted once,2808,flat circuit,,55.500573,"[56.62551, 55.370428, 55.968608, 55.500573, 54.904857]",equatorial_frames,641817,11235,8af98b0e4bcfaa51b3e98d40c4a16fdf56af0d2e66702648e0bba82b6525c050,472757,symbolic,2340,936,468,2808,1404,0,"{""rz"": 1404, ""sx"": 936, ""cz"": 468}",synthetic,66.783137,"[59.719964, 68.369165, 66.373022, 67.103796, 66.783137]",145.80859375,156,2345,exported,393.333472,"[387.739782, 393.333472, 398.630231, 389.220161, 399.042602]",ibm_sxz_cz,468,"{""kind"": ""native_contract_only"", ""passed"": true, ""errors"": [], ""checked_instructions"": 8424, ""bindings"": 3, ""semantic_equivalence"": ""not checked at large width""}"
main,equatorial_frames_156_symbolic,static: each control-flow region counted once,3277,flat circuit,,35.097153,"[36.303531, 35.097153, 35.365779, 34.850846, 34.732558]",equatorial_frames,641817,11235,8af98b0e4bcfaa51b3e98d40c4a16fdf56af0d2e66702648e0bba82b6525c050,412559,symbolic,3744,1872,468,3277,1872,0,"{""rz"": 1872, ""rx"": 1872, ""rzz"": 468}",synthetic,62.038683,"[58.117289, 62.010122, 62.038683, 64.769186, 63.301894]",143.3984375,156,9,exported,351.626045,"[351.626045, 351.790655, 350.513235, 350.397314, 358.806331]",rxrz_rzz_unbounded,468,"{""kind"": ""native_contract_only"", ""passed"": true, ""errors"": [], ""checked_instructions"": 12636, ""bindings"": 3, ""semantic_equivalence"": ""not checked at large width""}"
main,equatorial_frames_24_numeric,,,,"__init__(): incompatible function arguments. The following argument types are supported:
    1. __init__(self, name: str, arity: mqt.core.mlir.CompilerTarget.OperationArity, num_parameters: int, site_tuples: collections.abc.Sequence[mqt.core.mlir.CompilerTarget.SiteTuple] | None = None, duration: int | None = None, fidelity: float | None = None, *, fixed_parameters: collections.abc.Sequence[float | None] = [], canonical_name: str | None = None) -> None
    2. __init__(self, name: str, arity: int, num_parameters: int, site_tuples: collections.abc.Sequence[mqt.core.mlir.CompilerTarget.SiteTuple] | None = None, duration: int | None = None, fidelity: float | None = None, *, fixed_parameters: collections.abc.Sequence[float | None] = [], canonical_name: str | None = None) -> None

Invoked with types: mqt.core.mlir.OperationCapability, kwargs = { name: str, arity: int, num_parameters: int, parameter_bounds: list }",,,equatorial_frames,83039,1731,586b7bcef81b9bc1f69aa9896d41d53c281efb27014b680bf8baed11f34ef08f,,numeric,,,,,,,,synthetic,2.583599,"[2.709056, 2.523871, 2.526671, 2.583599, 2.920225]",70.1875,24,,target_unsupported,,,ibm_fractional_bounded,,
main,equatorial_frames_24_numeric,static: each control-flow region counted once,577,flat circuit,,2.634464,"[3.306244, 2.721791, 2.634464, 2.607167, 2.603695]",equatorial_frames,83039,1731,586b7bcef81b9bc1f69aa9896d41d53c281efb27014b680bf8baed11f34ef08f,66138,numeric,721,288,72,577,433,0,"{""rz"": 433, ""sx"": 288, ""cx"": 72}",synthetic,2.579439,"[2.700128, 2.486878, 2.472511, 2.579439, 2.629279]",125.02734375,24,81,exported,10.131562,"[10.224108, 10.166507, 10.110139, 10.131562, 10.086395]",ibm_sxz_cx,72,"{""kind"": ""native_contract_only"", ""passed"": true, ""errors"": [], ""checked_instructions"": 793, ""bindings"": 1, ""semantic_equivalence"": ""not checked at large width""}"
main,equatorial_frames_24_numeric,static: each control-flow region counted once,432,flat circuit,,1.717386,"[2.253022, 1.795562, 1.717386, 1.68561, 1.677322]",equatorial_frames,83039,1731,586b7bcef81b9bc1f69aa9896d41d53c281efb27014b680bf8baed11f34ef08f,45879,numeric,360,144,72,432,216,0,"{""rz"": 216, ""sx"": 144, ""cz"": 72}",synthetic,2.53715,"[2.717711, 2.489295, 2.526351, 2.546847, 2.53715]",121.6640625,24,77,exported,8.98882,"[9.094533, 8.998468, 8.98882, 8.945012, 8.926324]",ibm_sxz_cz,72,"{""kind"": ""native_contract_only"", ""passed"": true, ""errors"": [], ""checked_instructions"": 432, ""bindings"": 1, ""semantic_equivalence"": ""not checked at large width""}"
main,equatorial_frames_24_numeric,,,,"Target synthesis failed: loc(""/home/nvidia/.codex/experiments/core-synthesis-refined-20261004/corpus/equatorial_frames_24_numeric.mlir"":1:1): target compilation requires a single-qubit synthesis basis
loc(""/home/nvidia/.codex/experiments/core-synthesis-refined-20261004/corpus/equatorial_frames_24_numeric.mlir"":1:1): failed to synthesize the QCO program for the target",,,equatorial_frames,83039,1731,586b7bcef81b9bc1f69aa9896d41d53c281efb27014b680bf8baed11f34ef08f,,numeric,,,,,,,,synthetic,2.547583,"[2.716816, 2.486319, 2.484142, 2.547583, 2.558239]",70.19921875,24,,synthesis_failed,,,ionq_fixed_r_zz,,
main,equatorial_frames_24_numeric,static: each control-flow region counted once,288,flat circuit,,1.591945,"[2.164093, 1.675146, 1.591945, 1.588809, 1.56945]",equatorial_frames,83039,1731,586b7bcef81b9bc1f69aa9896d41d53c281efb27014b680bf8baed11f34ef08f,48344,numeric,216,216,72,288,0,0,"{""r"": 216, ""cz"": 72}",synthetic,2.579615,"[2.730911, 2.512223, 2.530719, 2.579615, 2.587743]",121.66015625,24,219,exported,8.879892,"[9.001093, 8.874084, 8.899588, 8.879892, 8.877811]",iqm_r_cz,72,"{""kind"": ""native_contract_only"", ""passed"": true, ""errors"": [], ""checked_instructions"": 288, ""bindings"": 1, ""semantic_equivalence"": ""not checked at large width""}"
main,equatorial_frames_24_numeric,static: each control-flow region counted once,432,flat circuit,,2.65832,"[3.17725, 2.65832, 2.588335, 2.662223, 2.547007]",equatorial_frames,83039,1731,586b7bcef81b9bc1f69aa9896d41d53c281efb27014b680bf8baed11f34ef08f,47680,numeric,360,144,72,432,216,0,"{""rz"": 216, ""rxpi2"": 144, ""cz"": 72}",synthetic,2.700975,"[2.700975, 2.495631, 2.46411, 2.937425, 3.058242]",121.87109375,24,78,exported,9.236997,"[9.349734, 9.227334, 9.275814, 9.236997, 9.217445]",rigetti_rx_cz,72,"{""kind"": ""native_contract_only"", ""passed"": true, ""errors"": [], ""checked_instructions"": 432, ""bindings"": 1, ""semantic_equivalence"": ""not checked at large width""}"
main,equatorial_frames_24_numeric,static: each control-flow region counted once,433,flat circuit,,1.958267,"[2.550814, 2.085165, 1.958267, 1.937755, 1.939339]",equatorial_frames,83039,1731,586b7bcef81b9bc1f69aa9896d41d53c281efb27014b680bf8baed11f34ef08f,54558,numeric,504,288,72,433,216,0,"{""rx"": 288, ""rz"": 216, ""rzz"": 72}",synthetic,2.543775,"[2.746144, 2.483087, 2.478302, 2.543775, 3.001153]",122.1328125,24,222,exported,9.067797,"[9.158853, 9.067797, 9.050741, 9.043573, 9.126037]",rxrz_rzz_unbounded,72,"{""kind"": ""native_contract_only"", ""passed"": true, ""errors"": [], ""checked_instructions"": 576, ""bindings"": 1, ""semantic_equivalence"": ""not checked at large width""}"
main,equatorial_frames_24_symbolic,,,,"__init__(): incompatible function arguments. The following argument types are supported:
    1. __init__(self, name: str, arity: mqt.core.mlir.CompilerTarget.OperationArity, num_parameters: int, site_tuples: collections.abc.Sequence[mqt.core.mlir.CompilerTarget.SiteTuple] | None = None, duration: int | None = None, fidelity: float | None = None, *, fixed_parameters: collections.abc.Sequence[float | None] = [], canonical_name: str | None = None) -> None
    2. __init__(self, name: str, arity: int, num_parameters: int, site_tuples: collections.abc.Sequence[mqt.core.mlir.CompilerTarget.SiteTuple] | None = None, duration: int | None = None, fidelity: float | None = None, *, fixed_parameters: collections.abc.Sequence[float | None] = [], canonical_name: str | None = None) -> None

Invoked with types: mqt.core.mlir.OperationCapability, kwargs = { name: str, arity: int, num_parameters: int, parameter_bounds: list }",,,equatorial_frames,95410,1731,015689d3fa1e90f687a17c27c6a6e4b1e0f3a5fc91549d65e97d72aed9a66eae,,symbolic,,,,,,,,synthetic,3.81783,"[3.81783, 3.639685, 3.911527, 3.67743, 4.179288]",70.20703125,24,,target_unsupported,,,ibm_fractional_bounded,,
main,equatorial_frames_24_symbolic,static: each control-flow region counted once,577,flat circuit,,6.12978,"[6.883688, 6.26794, 6.080628, 6.12978, 6.050531]",equatorial_frames,95410,1731,015689d3fa1e90f687a17c27c6a6e4b1e0f3a5fc91549d65e97d72aed9a66eae,105934,symbolic,721,288,72,577,433,0,"{""rz"": 433, ""sx"": 288, ""cx"": 72}",synthetic,4.207192,"[3.984103, 4.22476, 4.35977, 4.207192, 3.729894]",124.3046875,24,724,exported,18.424843,"[18.56974, 18.419947, 18.369467, 18.443724, 18.424843]",ibm_sxz_cx,72,"{""kind"": ""native_contract_only"", ""passed"": true, ""errors"": [], ""checked_instructions"": 2379, ""bindings"": 3, ""semantic_equivalence"": ""not checked at large width""}"
main,equatorial_frames_24_symbolic,static: each control-flow region counted once,432,flat circuit,,3.591685,"[4.334394, 3.707973, 3.591685, 3.573653, 3.568261]",equatorial_frames,95410,1731,015689d3fa1e90f687a17c27c6a6e4b1e0f3a5fc91549d65e97d72aed9a66eae,71648,symbolic,360,144,72,432,216,0,"{""rz"": 216, ""sx"": 144, ""cz"": 72}",synthetic,3.825798,"[3.825798, 3.716102, 4.328281, 3.826374, 3.704326]",122.70703125,24,365,exported,16.295535,"[16.329631, 16.480016, 16.245279, 16.295535, 16.257327]",ibm_sxz_cz,72,"{""kind"": ""native_contract_only"", ""passed"": true, ""errors"": [], ""checked_instructions"": 1296, ""bindings"": 3, ""semantic_equivalence"": ""not checked at large width""}"
main,equatorial_frames_24_symbolic,,,,"Target synthesis failed: loc(""/home/nvidia/.codex/experiments/core-synthesis-refined-20261004/corpus/equatorial_frames_24_symbolic.mlir"":1:1): target compilation requires a single-qubit synthesis basis
loc(""/home/nvidia/.codex/experiments/core-synthesis-refined-20261004/corpus/equatorial_frames_24_symbolic.mlir"":1:1): failed to synthesize the QCO program for the target",,,equatorial_frames,95410,1731,015689d3fa1e90f687a17c27c6a6e4b1e0f3a5fc91549d65e97d72aed9a66eae,,symbolic,,,,,,,,synthetic,3.859719,"[3.859719, 3.574293, 3.979719, 4.166728, 3.801078]",70.203125,24,,synthesis_failed,,,ionq_fixed_r_zz,,
main,equatorial_frames_24_symbolic,static: each control-flow region counted once,360,flat circuit,,3.596325,"[4.361386, 3.709717, 3.596325, 3.581189, 3.572645]",equatorial_frames,95410,1731,015689d3fa1e90f687a17c27c6a6e4b1e0f3a5fc91549d65e97d72aed9a66eae,66887,symbolic,288,288,72,360,0,0,"{""r"": 288, ""cz"": 72}",synthetic,3.820086,"[3.820086, 3.633589, 3.583877, 4.323529, 3.960167]",125.28125,24,297,exported,15.07428,"[14.934855, 15.077272, 14.864167, 15.07428, 15.079911]",iqm_r_cz,72,"{""kind"": ""native_contract_only"", ""passed"": true, ""errors"": [], ""checked_instructions"": 1080, ""bindings"": 3, ""semantic_equivalence"": ""not checked at large width""}"
main,equatorial_frames_24_symbolic,static: each control-flow region counted once,432,flat circuit,,4.536363,"[5.202942, 4.545547, 4.427465, 4.536363, 4.371289]",equatorial_frames,95410,1731,015689d3fa1e90f687a17c27c6a6e4b1e0f3a5fc91549d65e97d72aed9a66eae,73306,symbolic,360,144,72,432,216,0,"{""rz"": 216, ""rxpi2"": 144, ""cz"": 72}",synthetic,3.812918,"[3.87671, 3.610949, 4.38137, 3.661973, 3.812918]",125.6640625,24,366,exported,16.653041,"[16.669697, 16.536609, 16.569137, 16.653041, 16.708722]",rigetti_rx_cz,72,"{""kind"": ""native_contract_only"", ""passed"": true, ""errors"": [], ""checked_instructions"": 1296, ""bindings"": 3, ""semantic_equivalence"": ""not checked at large width""}"
main,equatorial_frames_24_symbolic,static: each control-flow region counted once,505,flat circuit,,2.824897,"[3.474788, 2.901073, 2.815008, 2.824897, 2.783808]",equatorial_frames,95410,1731,015689d3fa1e90f687a17c27c6a6e4b1e0f3a5fc91549d65e97d72aed9a66eae,63115,symbolic,576,288,72,505,288,0,"{""rz"": 288, ""rx"": 288, ""rzz"": 72}",synthetic,3.807334,"[3.807334, 3.610197, 3.921975, 4.146696, 3.73543]",124.9375,24,9,exported,14.696646,"[14.803526, 14.696646, 14.672421, 14.710117, 14.691862]",rxrz_rzz_unbounded,72,"{""kind"": ""native_contract_only"", ""passed"": true, ""errors"": [], ""checked_instructions"": 1944, ""bindings"": 3, ""semantic_equivalence"": ""not checked at large width""}"
main,equatorial_frames_36_numeric,,,,"__init__(): incompatible function arguments. The following argument types are supported:
    1. __init__(self, name: str, arity: mqt.core.mlir.CompilerTarget.OperationArity, num_parameters: int, site_tuples: collections.abc.Sequence[mqt.core.mlir.CompilerTarget.SiteTuple] | None = None, duration: int | None = None, fidelity: float | None = None, *, fixed_parameters: collections.abc.Sequence[float | None] = [], canonical_name: str | None = None) -> None
    2. __init__(self, name: str, arity: int, num_parameters: int, site_tuples: collections.abc.Sequence[mqt.core.mlir.CompilerTarget.SiteTuple] | None = None, duration: int | None = None, fidelity: float | None = None, *, fixed_parameters: collections.abc.Sequence[float | None] = [], canonical_name: str | None = None) -> None

Invoked with types: mqt.core.mlir.OperationCapability, kwargs = { name: str, arity: int, num_parameters: int, parameter_bounds: list }",,,equatorial_frames,125310,2595,2ee1d92370426e0089c9c09325898f1b812b06c1456395df1b18f037c1c53fa2,,numeric,,,,,,,,synthetic,3.779014,"[3.779014, 3.821622, 4.057752, 3.603013, 3.547093]",69.2265625,36,,target_unsupported,,,ibm_fractional_bounded,,
main,equatorial_frames_36_numeric,static: each control-flow region counted once,865,flat circuit,,4.075112,"[4.857052, 4.158505, 4.064792, 4.061863, 4.075112]",equatorial_frames,125310,2595,2ee1d92370426e0089c9c09325898f1b812b06c1456395df1b18f037c1c53fa2,99592,numeric,1081,432,108,865,649,0,"{""rz"": 649, ""sx"": 432, ""cx"": 108}",synthetic,3.725702,"[3.725702, 3.509748, 3.481605, 4.012007, 3.910151]",126.25,36,117,exported,15.500939,"[15.571947, 15.513899, 15.496394, 15.500939, 15.419306]",ibm_sxz_cx,108,"{""kind"": ""native_contract_only"", ""passed"": true, ""errors"": [], ""checked_instructions"": 1189, ""bindings"": 1, ""semantic_equivalence"": ""not checked at large width""}"
main,equatorial_frames_36_numeric,static: each control-flow region counted once,648,flat circuit,,2.628335,"[3.263491, 2.712768, 2.628335, 2.590095, 2.588095]",equatorial_frames,125310,2595,2ee1d92370426e0089c9c09325898f1b812b06c1456395df1b18f037c1c53fa2,68586,numeric,540,216,108,648,324,0,"{""rz"": 324, ""sx"": 216, ""cz"": 108}",synthetic,3.740134,"[3.751302, 3.459589, 4.247576, 3.740134, 3.539365]",125.23828125,36,113,exported,14.089106,"[14.179155, 14.142819, 14.089106, 14.065507, 14.076131]",ibm_sxz_cz,108,"{""kind"": ""native_contract_only"", ""passed"": true, ""errors"": [], ""checked_instructions"": 648, ""bindings"": 1, ""semantic_equivalence"": ""not checked at large width""}"
main,equatorial_frames_36_numeric,,,,"Target synthesis failed: loc(""/home/nvidia/.codex/experiments/core-synthesis-refined-20261004/corpus/equatorial_frames_36_numeric.mlir"":1:1): target compilation requires a single-qubit synthesis basis
loc(""/home/nvidia/.codex/experiments/core-synthesis-refined-20261004/corpus/equatorial_frames_36_numeric.mlir"":1:1): failed to synthesize the QCO program for the target",,,equatorial_frames,125310,2595,2ee1d92370426e0089c9c09325898f1b812b06c1456395df1b18f037c1c53fa2,,numeric,,,,,,,,synthetic,3.748998,"[3.748998, 3.503189, 4.140616, 3.959959, 3.562277]",69.26171875,36,,synthesis_failed,,,ionq_fixed_r_zz,,
main,equatorial_frames_36_numeric,static: each control-flow region counted once,432,flat circuit,,2.418574,"[3.082354, 2.490366, 2.418574, 2.398862, 2.396735]",equatorial_frames,125310,2595,2ee1d92370426e0089c9c09325898f1b812b06c1456395df1b18f037c1c53fa2,72251,numeric,324,324,108,432,0,0,"{""r"": 324, ""cz"": 108}",synthetic,3.699046,"[3.699046, 3.4969, 3.504117, 4.08508, 4.043704]",122.31640625,36,327,exported,13.65808,"[13.725296, 13.65808, 13.640928, 13.661168, 13.638847]",iqm_r_cz,108,"{""kind"": ""native_contract_only"", ""passed"": true, ""errors"": [], ""checked_instructions"": 432, ""bindings"": 1, ""semantic_equivalence"": ""not checked at large width""}"
main,equatorial_frames_36_numeric,static: each control-flow region counted once,648,flat circuit,,3.84143,"[4.573723, 4.013112, 3.84143, 3.823591, 3.813478]",equatorial_frames,125310,2595,2ee1d92370426e0089c9c09325898f1b812b06c1456395df1b18f037c1c53fa2,71250,numeric,540,216,108,648,324,0,"{""rz"": 324, ""rxpi2"": 216, ""cz"": 108}",synthetic,3.628741,"[3.790502, 4.239545, 3.626117, 3.628741, 3.588725]",125.453125,36,114,exported,14.288404,"[14.305844, 14.218787, 14.291539, 14.288404, 14.185475]",rigetti_rx_cz,108,"{""kind"": ""native_contract_only"", ""passed"": true, ""errors"": [], ""checked_instructions"": 648, ""bindings"": 1, ""semantic_equivalence"": ""not checked at large width""}"
main,equatorial_frames_36_numeric,static: each control-flow region counted once,649,flat circuit,,2.937713,"[3.676118, 3.048658, 2.937713, 2.895585, 2.898369]",equatorial_frames,125310,2595,2ee1d92370426e0089c9c09325898f1b812b06c1456395df1b18f037c1c53fa2,81382,numeric,756,432,108,649,324,0,"{""rx"": 432, ""rz"": 324, ""rzz"": 108}",synthetic,3.767878,"[3.767878, 3.852166, 4.042728, 3.617573, 3.569013]",125.86328125,36,330,exported,13.944898,"[14.074082, 13.903106, 13.944898, 13.875345, 13.971698]",rxrz_rzz_unbounded,108,"{""kind"": ""native_contract_only"", ""passed"": true, ""errors"": [], ""checked_instructions"": 864, ""bindings"": 1, ""semantic_equivalence"": ""not checked at large width""}"
main,equatorial_frames_36_symbolic,,,,"__init__(): incompatible function arguments. The following argument types are supported:
    1. __init__(self, name: str, arity: mqt.core.mlir.CompilerTarget.OperationArity, num_parameters: int, site_tuples: collections.abc.Sequence[mqt.core.mlir.CompilerTarget.SiteTuple] | None = None, duration: int | None = None, fidelity: float | None = None, *, fixed_parameters: collections.abc.Sequence[float | None] = [], canonical_name: str | None = None) -> None
    2. __init__(self, name: str, arity: int, num_parameters: int, site_tuples: collections.abc.Sequence[mqt.core.mlir.CompilerTarget.SiteTuple] | None = None, duration: int | None = None, fidelity: float | None = None, *, fixed_parameters: collections.abc.Sequence[float | None] = [], canonical_name: str | None = None) -> None

Invoked with types: mqt.core.mlir.OperationCapability, kwargs = { name: str, arity: int, num_parameters: int, parameter_bounds: list }",,,equatorial_frames,143886,2595,003809b829d696edc2c71561c9182f48c86a5465f84bf7a06dcc5fe716cedbcd,,symbolic,,,,,,,,synthetic,6.048824,"[6.215146, 6.67048, 5.860646, 6.048824, 5.939911]",70.203125,36,,target_unsupported,,,ibm_fractional_bounded,,
main,equatorial_frames_36_symbolic,static: each control-flow region counted once,865,flat circuit,,9.976264,"[11.077285, 10.067145, 9.922007, 9.85087, 9.976264]",equatorial_frames,143886,2595,003809b829d696edc2c71561c9182f48c86a5465f84bf7a06dcc5fe716cedbcd,159894,symbolic,1081,432,108,865,649,0,"{""rz"": 649, ""sx"": 432, ""cx"": 108}",synthetic,6.075577,"[6.442638, 6.450253, 5.854166, 6.075577, 5.881143]",125.953125,36,1084,exported,32.70268,"[32.772121, 32.720776, 32.681064, 32.70268, 32.671736]",ibm_sxz_cx,108,"{""kind"": ""native_contract_only"", ""passed"": true, ""errors"": [], ""checked_instructions"": 3567, ""bindings"": 3, ""semantic_equivalence"": ""not checked at large width""}"
main,equatorial_frames_36_symbolic,static: each control-flow region counted once,648,flat circuit,,5.832277,"[6.663552, 5.919319, 5.832277, 5.766309, 5.771894]",equatorial_frames,143886,2595,003809b829d696edc2c71561c9182f48c86a5465f84bf7a06dcc5fe716cedbcd,107960,symbolic,540,216,108,648,324,0,"{""rz"": 324, ""sx"": 216, ""cz"": 108}",synthetic,6.074489,"[6.105977, 5.973335, 6.828946, 6.074489, 5.975992]",123.77734375,36,545,exported,30.019047,"[29.99143, 30.453869, 30.019047, 30.38598, 29.884902]",ibm_sxz_cz,108,"{""kind"": ""native_contract_only"", ""passed"": true, ""errors"": [], ""checked_instructions"": 1944, ""bindings"": 3, ""semantic_equivalence"": ""not checked at large width""}"
main,equatorial_frames_36_symbolic,,,,"Target synthesis failed: loc(""/home/nvidia/.codex/experiments/core-synthesis-refined-20261004/corpus/equatorial_frames_36_symbolic.mlir"":1:1): target compilation requires a single-qubit synthesis basis
loc(""/home/nvidia/.codex/experiments/core-synthesis-refined-20261004/corpus/equatorial_frames_36_symbolic.mlir"":1:1): failed to synthesize the QCO program for the target",,,equatorial_frames,143886,2595,003809b829d696edc2c71561c9182f48c86a5465f84bf7a06dcc5fe716cedbcd,,symbolic,,,,,,,,synthetic,5.980216,"[6.865698, 5.980216, 5.860806, 5.987591, 5.877367]",70.20703125,36,,synthesis_failed,,,ionq_fixed_r_zz,,
main,equatorial_frames_36_symbolic,static: each control-flow region counted once,540,flat circuit,,5.880198,"[6.66024, 5.967511, 5.823462, 5.813126, 5.880198]",equatorial_frames,143886,2595,003809b829d696edc2c71561c9182f48c86a5465f84bf7a06dcc5fe716cedbcd,100375,symbolic,432,432,108,540,0,0,"{""r"": 432, ""cz"": 108}",synthetic,6.000728,"[6.931411, 6.000728, 5.932791, 6.044249, 5.966759]",128.1953125,36,441,exported,27.712749,"[27.642171, 27.728365, 27.712749, 27.915215, 27.637675]",iqm_r_cz,108,"{""kind"": ""native_contract_only"", ""passed"": true, ""errors"": [], ""checked_instructions"": 1620, ""bindings"": 3, ""semantic_equivalence"": ""not checked at large width""}"
main,equatorial_frames_36_symbolic,static: each control-flow region counted once,648,flat circuit,,6.96922,"[7.789645, 7.242694, 6.96922, 6.954035, 6.934354]",equatorial_frames,143886,2595,003809b829d696edc2c71561c9182f48c86a5465f84bf7a06dcc5fe716cedbcd,110194,symbolic,540,216,108,648,324,0,"{""rz"": 324, ""rxpi2"": 216, ""cz"": 108}",synthetic,6.083944,"[6.18297, 6.776113, 5.859078, 6.025432, 6.083944]",126.29296875,36,546,exported,30.621806,"[30.621806, 30.835376, 30.507548, 30.34473, 30.838224]",rigetti_rx_cz,108,"{""kind"": ""native_contract_only"", ""passed"": true, ""errors"": [], ""checked_instructions"": 1944, ""bindings"": 3, ""semantic_equivalence"": ""not checked at large width""}"
main,equatorial_frames_36_symbolic,static: each control-flow region counted once,757,flat circuit,,4.54591,"[5.357904, 4.600567, 4.54591, 4.494726, 4.467798]",equatorial_frames,143886,2595,003809b829d696edc2c71561c9182f48c86a5465f84bf7a06dcc5fe716cedbcd,94402,symbolic,864,432,108,757,432,0,"{""rz"": 432, ""rx"": 432, ""rzz"": 108}",synthetic,6.038248,"[6.127305, 6.824706, 5.934087, 6.038248, 5.9606]",125.953125,36,9,exported,27.216422,"[27.280567, 27.216422, 27.117508, 27.147429, 27.595067]",rxrz_rzz_unbounded,108,"{""kind"": ""native_contract_only"", ""passed"": true, ""errors"": [], ""checked_instructions"": 2916, ""bindings"": 3, ""semantic_equivalence"": ""not checked at large width""}"
main,equatorial_frames_54_numeric,,,,"__init__(): incompatible function arguments. The following argument types are supported:
    1. __init__(self, name: str, arity: mqt.core.mlir.CompilerTarget.OperationArity, num_parameters: int, site_tuples: collections.abc.Sequence[mqt.core.mlir.CompilerTarget.SiteTuple] | None = None, duration: int | None = None, fidelity: float | None = None, *, fixed_parameters: collections.abc.Sequence[float | None] = [], canonical_name: str | None = None) -> None
    2. __init__(self, name: str, arity: int, num_parameters: int, site_tuples: collections.abc.Sequence[mqt.core.mlir.CompilerTarget.SiteTuple] | None = None, duration: int | None = None, fidelity: float | None = None, *, fixed_parameters: collections.abc.Sequence[float | None] = [], canonical_name: str | None = None) -> None

Invoked with types: mqt.core.mlir.OperationCapability, kwargs = { name: str, arity: int, num_parameters: int, parameter_bounds: list }",,,equatorial_frames,189070,3891,dc812866f4b7684adb699b9b4d52deaccd1e6bdac28269ec588e4d07b5b3b1b5,,numeric,,,,,,,,synthetic,5.059999,"[5.509124, 5.600372, 5.015695, 5.059999, 5.027663]",70.20703125,54,,target_unsupported,,,ibm_fractional_bounded,,
main,equatorial_frames_54_numeric,static: each control-flow region counted once,1297,flat circuit,,6.129081,"[6.985985, 6.235786, 6.129081, 6.082729, 6.083353]",equatorial_frames,189070,3891,dc812866f4b7684adb699b9b4d52deaccd1e6bdac28269ec588e4d07b5b3b1b5,149803,numeric,1621,648,162,1297,973,0,"{""rz"": 973, ""sx"": 648, ""cx"": 162}",synthetic,5.109439,"[5.464579, 5.434371, 5.109439, 5.068832, 5.024783]",124.671875,54,171,exported,23.95984,"[24.088545, 23.95984, 23.910816, 23.937199, 23.96832]",ibm_sxz_cx,162,"{""kind"": ""native_contract_only"", ""passed"": true, ""errors"": [], ""checked_instructions"": 1783, ""bindings"": 1, ""semantic_equivalence"": ""not checked at large width""}"
main,equatorial_frames_54_numeric,static: each control-flow region counted once,972,flat circuit,,3.949317,"[4.88587, 4.091126, 3.949317, 3.92778, 3.915189]",equatorial_frames,189070,3891,dc812866f4b7684adb699b9b4d52deaccd1e6bdac28269ec588e4d07b5b3b1b5,102513,numeric,810,324,162,972,486,0,"{""rz"": 486, ""sx"": 324, ""cz"": 162}",synthetic,5.075535,"[5.13296, 5.780694, 4.965503, 5.075535, 5.014863]",126.08984375,54,168,exported,21.325847,"[21.392056, 21.304887, 21.353495, 21.325847, 21.302742]",ibm_sxz_cz,162,"{""kind"": ""native_contract_only"", ""passed"": true, ""errors"": [], ""checked_instructions"": 972, ""bindings"": 1, ""semantic_equivalence"": ""not checked at large width""}"
main,equatorial_frames_54_numeric,,,,"Target synthesis failed: loc(""/home/nvidia/.codex/experiments/core-synthesis-refined-20261004/corpus/equatorial_frames_54_numeric.mlir"":1:1): target compilation requires a single-qubit synthesis basis
loc(""/home/nvidia/.codex/experiments/core-synthesis-refined-20261004/corpus/equatorial_frames_54_numeric.mlir"":1:1): failed to synthesize the QCO program for the target",,,equatorial_frames,189070,3891,dc812866f4b7684adb699b9b4d52deaccd1e6bdac28269ec588e4d07b5b3b1b5,,numeric,,,,,,,,synthetic,5.083919,"[5.165584, 5.808134, 4.959199, 5.083919, 4.988479]",70.19921875,54,,synthesis_failed,,,ionq_fixed_r_zz,,
main,equatorial_frames_54_numeric,static: each control-flow region counted once,648,flat circuit,,3.63965,"[4.454921, 3.782228, 3.63965, 3.625714, 3.610577]",equatorial_frames,189070,3891,dc812866f4b7684adb699b9b4d52deaccd1e6bdac28269ec588e4d07b5b3b1b5,108076,numeric,486,486,162,648,0,0,"{""r"": 486, ""cz"": 162}",synthetic,5.105808,"[5.105808, 5.294513, 5.587637, 5.040767, 5.032447]",126.1796875,54,489,exported,21.236183,"[21.236183, 21.279383, 21.299319, 21.200438, 21.161813]",iqm_r_cz,162,"{""kind"": ""native_contract_only"", ""passed"": true, ""errors"": [], ""checked_instructions"": 648, ""bindings"": 1, ""semantic_equivalence"": ""not checked at large width""}"
main,equatorial_frames_54_numeric,static: each control-flow region counted once,972,flat circuit,,5.999624,"[6.652446, 5.893191, 7.45423, 5.999624, 5.77799]",equatorial_frames,189070,3891,dc812866f4b7684adb699b9b4d52deaccd1e6bdac28269ec588e4d07b5b3b1b5,106177,numeric,810,324,162,972,486,0,"{""rz"": 486, ""rxpi2"": 324, ""cz"": 162}",synthetic,5.080719,"[5.556068, 5.530307, 5.071263, 5.080719, 5.071328]",126.4140625,54,168,exported,21.973245,"[22.056509, 22.02395, 21.941725, 21.973245, 21.88406]",rigetti_rx_cz,162,"{""kind"": ""native_contract_only"", ""passed"": true, ""errors"": [], ""checked_instructions"": 972, ""bindings"": 1, ""semantic_equivalence"": ""not checked at large width""}"
main,equatorial_frames_54_numeric,static: each control-flow region counted once,973,flat circuit,,4.459625,"[5.333554, 4.609643, 4.440153, 4.426874, 4.459625]",equatorial_frames,189070,3891,dc812866f4b7684adb699b9b4d52deaccd1e6bdac28269ec588e4d07b5b3b1b5,121992,numeric,1134,648,162,973,486,0,"{""rx"": 648, ""rz"": 486, ""rzz"": 162}",synthetic,5.13496,"[5.13496, 4.97067, 5.381058, 5.674597, 5.002639]",127.27734375,54,492,exported,21.58057,"[21.670234, 21.604185, 21.531353, 21.571561, 21.58057]",rxrz_rzz_unbounded,162,"{""kind"": ""native_contract_only"", ""passed"": true, ""errors"": [], ""checked_instructions"": 1296, ""bindings"": 1, ""semantic_equivalence"": ""not checked at large width""}"
main,equatorial_frames_54_symbolic,,,,"__init__(): incompatible function arguments. The following argument types are supported:
    1. __init__(self, name: str, arity: mqt.core.mlir.CompilerTarget.OperationArity, num_parameters: int, site_tuples: collections.abc.Sequence[mqt.core.mlir.CompilerTarget.SiteTuple] | None = None, duration: int | None = None, fidelity: float | None = None, *, fixed_parameters: collections.abc.Sequence[float | None] = [], canonical_name: str | None = None) -> None
    2. __init__(self, name: str, arity: int, num_parameters: int, site_tuples: collections.abc.Sequence[mqt.core.mlir.CompilerTarget.SiteTuple] | None = None, duration: int | None = None, fidelity: float | None = None, *, fixed_parameters: collections.abc.Sequence[float | None] = [], canonical_name: str | None = None) -> None

Invoked with types: mqt.core.mlir.OperationCapability, kwargs = { name: str, arity: int, num_parameters: int, parameter_bounds: list }",,,equatorial_frames,217182,3891,0bf07086805c6121c6907527e5557b0fafae27353125de752e03cac13ec040a1,,symbolic,,,,,,,,synthetic,10.267166,"[11.167943, 10.108892, 10.143036, 10.276414, 10.267166]",70.20703125,54,,target_unsupported,,,ibm_fractional_bounded,,
main,equatorial_frames_54_symbolic,static: each control-flow region counted once,1297,flat circuit,,16.645161,"[17.665938, 17.175022, 16.473432, 16.645161, 16.501607]",equatorial_frames,217182,3891,0bf07086805c6121c6907527e5557b0fafae27353125de752e03cac13ec040a1,240570,symbolic,1621,648,162,1297,973,0,"{""rz"": 973, ""sx"": 648, ""cx"": 162}",synthetic,10.300159,"[11.035301, 10.430112, 10.16379, 10.292254, 10.300159]",130.125,54,1624,exported,61.766184,"[61.766184, 61.322388, 61.902297, 61.391765, 62.234684]",ibm_sxz_cx,162,"{""kind"": ""native_contract_only"", ""passed"": true, ""errors"": [], ""checked_instructions"": 5349, ""bindings"": 3, ""semantic_equivalence"": ""not checked at large width""}"
main,equatorial_frames_54_symbolic,static: each control-flow region counted once,972,flat circuit,,9.765034,"[10.799587, 9.901083, 9.765034, 9.706585, 9.596168]",equatorial_frames,217182,3891,0bf07086805c6121c6907527e5557b0fafae27353125de752e03cac13ec040a1,162796,symbolic,810,324,162,972,486,0,"{""rz"": 486, ""sx"": 324, ""cz"": 162}",synthetic,10.234222,"[11.340345, 10.178589, 10.154509, 10.263215, 10.234222]",130.00390625,54,816,exported,56.33447,"[56.234677, 56.590024, 56.2533, 56.33447, 56.494871]",ibm_sxz_cz,162,"{""kind"": ""native_contract_only"", ""passed"": true, ""errors"": [], ""checked_instructions"": 2916, ""bindings"": 3, ""semantic_equivalence"": ""not checked at large width""}"
main,equatorial_frames_54_symbolic,,,,"Target synthesis failed: loc(""/home/nvidia/.codex/experiments/core-synthesis-refined-20261004/corpus/equatorial_frames_54_symbolic.mlir"":1:1): target compilation requires a single-qubit synthesis basis
loc(""/home/nvidia/.codex/experiments/core-synthesis-refined-20261004/corpus/equatorial_frames_54_symbolic.mlir"":1:1): failed to synthesize the QCO program for the target",,,equatorial_frames,217182,3891,0bf07086805c6121c6907527e5557b0fafae27353125de752e03cac13ec040a1,,symbolic,,,,,,,,synthetic,10.238206,"[11.368713, 10.158957, 10.166781, 10.332655, 10.238206]",69.2578125,54,,synthesis_failed,,,ionq_fixed_r_zz,,
main,equatorial_frames_54_symbolic,static: each control-flow region counted once,810,flat circuit,,9.602969,"[10.490945, 9.862986, 9.602969, 9.522615, 9.416071]",equatorial_frames,217182,3891,0bf07086805c6121c6907527e5557b0fafae27353125de752e03cac13ec040a1,151371,symbolic,648,648,162,810,0,0,"{""r"": 648, ""cz"": 162}",synthetic,10.20691,"[11.137062, 10.062253, 10.20691, 10.341919, 10.167213]",127.1875,54,657,exported,53.581996,"[53.582141, 53.581996, 53.08436, 53.458795, 53.585725]",iqm_r_cz,162,"{""kind"": ""native_contract_only"", ""passed"": true, ""errors"": [], ""checked_instructions"": 2430, ""bindings"": 3, ""semantic_equivalence"": ""not checked at large width""}"
main,equatorial_frames_54_symbolic,static: each control-flow region counted once,972,flat circuit,,11.973086,"[12.41885, 11.554778, 13.574588, 11.973086, 11.556618]",equatorial_frames,217182,3891,0bf07086805c6121c6907527e5557b0fafae27353125de752e03cac13ec040a1,165814,symbolic,810,324,162,972,486,0,"{""rz"": 486, ""rxpi2"": 324, ""cz"": 162}",synthetic,10.256094,"[11.237, 10.09846, 10.142349, 10.256094, 10.348751]",127.78515625,54,816,exported,57.306734,"[57.441247, 57.306734, 57.286717, 58.110421, 57.234509]",rigetti_rx_cz,162,"{""kind"": ""native_contract_only"", ""passed"": true, ""errors"": [], ""checked_instructions"": 2916, ""bindings"": 3, ""semantic_equivalence"": ""not checked at large width""}"
main,equatorial_frames_54_symbolic,static: each control-flow region counted once,1135,flat circuit,,7.597046,"[8.564927, 7.65031, 7.597046, 7.545541, 7.476021]",equatorial_frames,217182,3891,0bf07086805c6121c6907527e5557b0fafae27353125de752e03cac13ec040a1,141992,symbolic,1296,648,162,1135,648,0,"{""rz"": 648, ""rx"": 648, ""rzz"": 162}",synthetic,10.152157,"[11.289079, 10.098413, 10.152157, 10.329119, 10.142573]",129.1953125,54,9,exported,52.228608,"[51.378199, 52.330881, 51.286295, 52.299824, 52.228608]",rxrz_rzz_unbounded,162,"{""kind"": ""native_contract_only"", ""passed"": true, ""errors"": [], ""checked_instructions"": 4374, ""bindings"": 3, ""semantic_equivalence"": ""not checked at large width""}"
main,pauli_layers_104_numeric,,,,"__init__(): incompatible function arguments. The following argument types are supported:
    1. __init__(self, name: str, arity: mqt.core.mlir.CompilerTarget.OperationArity, num_parameters: int, site_tuples: collections.abc.Sequence[mqt.core.mlir.CompilerTarget.SiteTuple] | None = None, duration: int | None = None, fidelity: float | None = None, *, fixed_parameters: collections.abc.Sequence[float | None] = [], canonical_name: str | None = None) -> None
    2. __init__(self, name: str, arity: int, num_parameters: int, site_tuples: collections.abc.Sequence[mqt.core.mlir.CompilerTarget.SiteTuple] | None = None, duration: int | None = None, fidelity: float | None = None, *, fixed_parameters: collections.abc.Sequence[float | None] = [], canonical_name: str | None = None) -> None

Invoked with types: mqt.core.mlir.OperationCapability, kwargs = { name: str, arity: int, num_parameters: int, parameter_bounds: list }",,,pauli_layers,449227,7179,240d3d21bb97579ecfd17819ba3a505c718f3d6f014eae53f58ae3262956f0a8,,numeric,,,,,,,,synthetic,10.978974,"[11.765077, 10.787661, 10.786236, 11.028943, 10.978974]",70.203125,104,,target_unsupported,,,ibm_fractional_bounded,,
main,pauli_layers_104_numeric,static: each control-flow region counted once,3298,flat circuit,,23.594171,"[24.711157, 23.934367, 23.533739, 23.594171, 23.42505]",pauli_layers,449227,7179,240d3d21bb97579ecfd17819ba3a505c718f3d6f014eae53f58ae3262956f0a8,546803,numeric,5036,1902,624,3298,3134,0,"{""rz"": 3134, ""sx"": 1850, ""cx"": 624, ""x"": 52}",synthetic,10.888862,"[11.301953, 10.753821, 10.719708, 10.936687, 10.888862]",139.953125,104,1363,exported,64.062472,"[64.080936, 64.182089, 64.01404, 63.997096, 64.062472]",ibm_sxz_cx,624,"{""kind"": ""native_contract_only"", ""passed"": true, ""errors"": [], ""checked_instructions"": 5660, ""bindings"": 1, ""semantic_equivalence"": ""not checked at large width""}"
main,pauli_layers_104_numeric,static: each control-flow region counted once,3706,flat circuit,,26.242098,"[27.546685, 26.242098, 26.081329, 26.244209, 26.182482]",pauli_layers,449227,7179,240d3d21bb97579ecfd17819ba3a505c718f3d6f014eae53f58ae3262956f0a8,607967,numeric,6046,2397,624,3706,3649,0,"{""rz"": 3649, ""sx"": 2323, ""cz"": 624, ""x"": 74}",synthetic,10.862525,"[11.362034, 10.862525, 10.762429, 10.838301, 10.899774]",141.421875,104,1432,exported,67.152337,"[67.209778, 67.222131, 67.09829, 67.152337, 67.0528]",ibm_sxz_cz,624,"{""kind"": ""native_contract_only"", ""passed"": true, ""errors"": [], ""checked_instructions"": 6670, ""bindings"": 1, ""semantic_equivalence"": ""not checked at large width""}"
main,pauli_layers_104_numeric,static: each control-flow region counted once,2502,flat circuit,,15.927689,"[17.395493, 16.220476, 15.829448, 15.876552, 15.927689]",pauli_layers,449227,7179,240d3d21bb97579ecfd17819ba3a505c718f3d6f014eae53f58ae3262956f0a8,425866,numeric,3875,2595,624,2502,1280,0,"{""rx"": 2595, ""rz"": 1280, ""rzz"": 624}",synthetic,10.861677,"[10.819981, 11.675029, 10.748556, 10.974431, 10.861677]",140.16796875,104,1507,exported,52.35293,"[52.409075, 52.158913, 52.413171, 52.35293, 52.303362]",rxrz_rzz_unbounded,624,"{""kind"": ""native_contract_only"", ""passed"": true, ""errors"": [], ""checked_instructions"": 4499, ""bindings"": 1, ""semantic_equivalence"": ""not checked at large width""}"
main,pauli_layers_104_symbolic,,,,"__init__(): incompatible function arguments. The following argument types are supported:
    1. __init__(self, name: str, arity: mqt.core.mlir.CompilerTarget.OperationArity, num_parameters: int, site_tuples: collections.abc.Sequence[mqt.core.mlir.CompilerTarget.SiteTuple] | None = None, duration: int | None = None, fidelity: float | None = None, *, fixed_parameters: collections.abc.Sequence[float | None] = [], canonical_name: str | None = None) -> None
    2. __init__(self, name: str, arity: int, num_parameters: int, site_tuples: collections.abc.Sequence[mqt.core.mlir.CompilerTarget.SiteTuple] | None = None, duration: int | None = None, fidelity: float | None = None, *, fixed_parameters: collections.abc.Sequence[float | None] = [], canonical_name: str | None = None) -> None

Invoked with types: mqt.core.mlir.OperationCapability, kwargs = { name: str, arity: int, num_parameters: int, parameter_bounds: list }",,,pauli_layers,493205,7179,a50d7d4e188938e1de2a3bc96b4bbe6e500bbb84f1288c00574332870ad49b7a,,symbolic,,,,,,,,synthetic,36.170722,"[33.75235, 35.493196, 36.408644, 36.170722, 36.362707]",70.16796875,104,,target_unsupported,,,ibm_fractional_bounded,,
main,pauli_layers_104_symbolic,,,,"Target synthesis failed: loc(""/home/nvidia/.codex/experiments/core-synthesis-refined-20261004/corpus/pauli_layers_104_symbolic.mlir"":4791:42): target-native synthesis cannot lower operation 'qco.rxx': its unitary matrix is not available at compile time
loc(""/home/nvidia/.codex/experiments/core-synthesis-refined-20261004/corpus/pauli_layers_104_symbolic.mlir"":1:1): failed to synthesize the QCO program for the target",,,pauli_layers,493205,7179,a50d7d4e188938e1de2a3bc96b4bbe6e500bbb84f1288c00574332870ad49b7a,,symbolic,,,,,,,,synthetic,35.720815,"[33.891311, 35.551422, 35.720815, 36.666246, 36.492486]",70.203125,104,,synthesis_failed,,,ibm_sxz_cx,,
main,pauli_layers_104_symbolic,,,,"Target synthesis failed: loc(""/home/nvidia/.codex/experiments/core-synthesis-refined-20261004/corpus/pauli_layers_104_symbolic.mlir"":4791:42): target-native synthesis cannot lower operation 'qco.rxx': its unitary matrix is not available at compile time
loc(""/home/nvidia/.codex/experiments/core-synthesis-refined-20261004/corpus/pauli_layers_104_symbolic.mlir"":1:1): failed to synthesize the QCO program for the target",,,pauli_layers,493205,7179,a50d7d4e188938e1de2a3bc96b4bbe6e500bbb84f1288c00574332870ad49b7a,,symbolic,,,,,,,,synthetic,35.878272,"[33.911807, 35.878272, 35.759359, 38.349428, 38.224388]",70.203125,104,,synthesis_failed,,,ibm_sxz_cz,,
main,pauli_layers_104_symbolic,,,,"Target synthesis failed: loc(""/home/nvidia/.codex/experiments/core-synthesis-refined-20261004/corpus/pauli_layers_104_symbolic.mlir"":4791:42): target-native synthesis cannot lower operation 'qco.rxx': its unitary matrix is not available at compile time
loc(""/home/nvidia/.codex/experiments/core-synthesis-refined-20261004/corpus/pauli_layers_104_symbolic.mlir"":1:1): failed to synthesize the QCO program for the target",,,pauli_layers,493205,7179,a50d7d4e188938e1de2a3bc96b4bbe6e500bbb84f1288c00574332870ad49b7a,,symbolic,,,,,,,,synthetic,36.257187,"[34.167153, 36.257187, 35.989616, 36.80932, 36.564069]",70.203125,104,,synthesis_failed,,,rxrz_rzz_unbounded,,
main,pauli_layers_156_numeric,,,,"__init__(): incompatible function arguments. The following argument types are supported:
    1. __init__(self, name: str, arity: mqt.core.mlir.CompilerTarget.OperationArity, num_parameters: int, site_tuples: collections.abc.Sequence[mqt.core.mlir.CompilerTarget.SiteTuple] | None = None, duration: int | None = None, fidelity: float | None = None, *, fixed_parameters: collections.abc.Sequence[float | None] = [], canonical_name: str | None = None) -> None
    2. __init__(self, name: str, arity: int, num_parameters: int, site_tuples: collections.abc.Sequence[mqt.core.mlir.CompilerTarget.SiteTuple] | None = None, duration: int | None = None, fidelity: float | None = None, *, fixed_parameters: collections.abc.Sequence[float | None] = [], canonical_name: str | None = None) -> None

Invoked with types: mqt.core.mlir.OperationCapability, kwargs = { name: str, arity: int, num_parameters: int, parameter_bounds: list }",,,pauli_layers,677798,10767,905e91331e0fb8c12acba82ad71df36377f3e5b23533e35cef4844d66c076e54,,numeric,,,,,,,,synthetic,16.505438,"[16.500845, 16.3463, 16.505438, 16.654095, 16.845504]",70.203125,156,,target_unsupported,,,ibm_fractional_bounded,,
main,pauli_layers_156_numeric,static: each control-flow region counted once,4947,flat circuit,,37.621103,"[39.279067, 37.621103, 37.922257, 37.326012, 37.440781]",pauli_layers,677798,10767,905e91331e0fb8c12acba82ad71df36377f3e5b23533e35cef4844d66c076e54,824268,numeric,7601,2873,936,4947,4728,0,"{""rz"": 4728, ""sx"": 2791, ""cx"": 936, ""x"": 82}",synthetic,16.507966,"[16.206667, 16.373165, 16.516526, 16.507966, 16.623086]",149.21875,156,2032,exported,105.910646,"[105.889286, 106.228042, 106.189721, 105.904135, 105.910646]",ibm_sxz_cx,936,"{""kind"": ""native_contract_only"", ""passed"": true, ""errors"": [], ""checked_instructions"": 8537, ""bindings"": 1, ""semantic_equivalence"": ""not checked at large width""}"
main,pauli_layers_156_numeric,static: each control-flow region counted once,5545,flat circuit,,42.241506,"[43.556619, 42.868326, 42.052832, 42.156161, 42.241506]",pauli_layers,677798,10767,905e91331e0fb8c12acba82ad71df36377f3e5b23533e35cef4844d66c076e54,901996,numeric,8979,3558,936,5545,5421,0,"{""rz"": 5421, ""sx"": 3472, ""cz"": 936, ""x"": 86}",synthetic,16.659455,"[16.507182, 16.439917, 16.659455, 16.727535, 16.86976]",153.4140625,156,2029,exported,110.709066,"[110.709066, 110.820108, 110.779451, 110.615082, 110.43932]",ibm_sxz_cz,936,"{""kind"": ""native_contract_only"", ""passed"": true, ""errors"": [], ""checked_instructions"": 9915, ""bindings"": 1, ""semantic_equivalence"": ""not checked at large width""}"
main,pauli_layers_156_numeric,static: each control-flow region counted once,3750,flat circuit,,24.415066,"[25.496754, 24.415066, 24.326793, 24.357497, 24.632572]",pauli_layers,677798,10767,905e91331e0fb8c12acba82ad71df36377f3e5b23533e35cef4844d66c076e54,630921,numeric,5810,3883,936,3750,1927,0,"{""rx"": 3883, ""rz"": 1927, ""rzz"": 936}",synthetic,16.686015,"[16.890497, 16.376828, 16.433053, 16.686015, 16.744272]",143.55078125,156,2090,exported,87.23268,"[87.23268, 87.272456, 87.049526, 87.295368, 86.881317]",rxrz_rzz_unbounded,936,"{""kind"": ""native_contract_only"", ""passed"": true, ""errors"": [], ""checked_instructions"": 6746, ""bindings"": 1, ""semantic_equivalence"": ""not checked at large width""}"
main,pauli_layers_156_symbolic,,,,"__init__(): incompatible function arguments. The following argument types are supported:
    1. __init__(self, name: str, arity: mqt.core.mlir.CompilerTarget.OperationArity, num_parameters: int, site_tuples: collections.abc.Sequence[mqt.core.mlir.CompilerTarget.SiteTuple] | None = None, duration: int | None = None, fidelity: float | None = None, *, fixed_parameters: collections.abc.Sequence[float | None] = [], canonical_name: str | None = None) -> None
    2. __init__(self, name: str, arity: int, num_parameters: int, site_tuples: collections.abc.Sequence[mqt.core.mlir.CompilerTarget.SiteTuple] | None = None, duration: int | None = None, fidelity: float | None = None, *, fixed_parameters: collections.abc.Sequence[float | None] = [], canonical_name: str | None = None) -> None

Invoked with types: mqt.core.mlir.OperationCapability, kwargs = { name: str, arity: int, num_parameters: int, parameter_bounds: list }",,,pauli_layers,744365,10767,3fdf0b83917c0306e4ed62394122621c478767896d1a932370ebfbf2f52dfb5b,,symbolic,,,,,,,,synthetic,190.547214,"[190.547214, 238.030337, 270.360114, 137.836757, 84.574327]",68.33984375,156,,target_unsupported,,,ibm_fractional_bounded,,
main,pauli_layers_156_symbolic,,,,"Target synthesis failed: loc(""/home/nvidia/.codex/experiments/core-synthesis-refined-20261004/corpus/pauli_layers_156_symbolic.mlir"":7183:42): target-native synthesis cannot lower operation 'qco.rxx': its unitary matrix is not available at compile time
loc(""/home/nvidia/.codex/experiments/core-synthesis-refined-20261004/corpus/pauli_layers_156_symbolic.mlir"":1:1): failed to synthesize the QCO program for the target",,,pauli_layers,744365,10767,3fdf0b83917c0306e4ed62394122621c478767896d1a932370ebfbf2f52dfb5b,,symbolic,,,,,,,,synthetic,79.889782,"[73.98545, 79.889782, 79.412627, 80.244137, 83.215967]",70.203125,156,,synthesis_failed,,,ibm_sxz_cx,,
main,pauli_layers_156_symbolic,,,,"Target synthesis failed: loc(""/home/nvidia/.codex/experiments/core-synthesis-refined-20261004/corpus/pauli_layers_156_symbolic.mlir"":7183:42): target-native synthesis cannot lower operation 'qco.rxx': its unitary matrix is not available at compile time
loc(""/home/nvidia/.codex/experiments/core-synthesis-refined-20261004/corpus/pauli_layers_156_symbolic.mlir"":1:1): failed to synthesize the QCO program for the target",,,pauli_layers,744365,10767,3fdf0b83917c0306e4ed62394122621c478767896d1a932370ebfbf2f52dfb5b,,symbolic,,,,,,,,synthetic,80.128775,"[74.023082, 78.34833, 80.128775, 80.980206, 81.520705]",70.19921875,156,,synthesis_failed,,,ibm_sxz_cz,,
main,pauli_layers_156_symbolic,,,,"Target synthesis failed: loc(""/home/nvidia/.codex/experiments/core-synthesis-refined-20261004/corpus/pauli_layers_156_symbolic.mlir"":7183:42): target-native synthesis cannot lower operation 'qco.rxx': its unitary matrix is not available at compile time
loc(""/home/nvidia/.codex/experiments/core-synthesis-refined-20261004/corpus/pauli_layers_156_symbolic.mlir"":1:1): failed to synthesize the QCO program for the target",,,pauli_layers,744365,10767,3fdf0b83917c0306e4ed62394122621c478767896d1a932370ebfbf2f52dfb5b,,symbolic,,,,,,,,synthetic,79.526338,"[74.66731, 77.964295, 79.526338, 79.912934, 80.588618]",70.20703125,156,,synthesis_failed,,,rxrz_rzz_unbounded,,
main,pauli_layers_24_numeric,,,,"__init__(): incompatible function arguments. The following argument types are supported:
    1. __init__(self, name: str, arity: mqt.core.mlir.CompilerTarget.OperationArity, num_parameters: int, site_tuples: collections.abc.Sequence[mqt.core.mlir.CompilerTarget.SiteTuple] | None = None, duration: int | None = None, fidelity: float | None = None, *, fixed_parameters: collections.abc.Sequence[float | None] = [], canonical_name: str | None = None) -> None
    2. __init__(self, name: str, arity: int, num_parameters: int, site_tuples: collections.abc.Sequence[mqt.core.mlir.CompilerTarget.SiteTuple] | None = None, duration: int | None = None, fidelity: float | None = None, *, fixed_parameters: collections.abc.Sequence[float | None] = [], canonical_name: str | None = None) -> None

Invoked with types: mqt.core.mlir.OperationCapability, kwargs = { name: str, arity: int, num_parameters: int, parameter_bounds: list }",,,pauli_layers,100637,1659,b3ee3fbe412143c81b20f2779b6034de07493fbe3ab86b417f99b18d187fd46f,,numeric,,,,,,,,synthetic,2.925713,"[2.994802, 2.78688, 2.925713, 2.878369, 3.627093]",69.25,24,,target_unsupported,,,ibm_fractional_bounded,,
main,pauli_layers_24_numeric,static: each control-flow region counted once,777,flat circuit,,4.823132,"[5.603121, 5.083133, 4.823132, 4.795244, 4.791436]",pauli_layers,100637,1659,b3ee3fbe412143c81b20f2779b6034de07493fbe3ab86b417f99b18d187fd46f,127975,numeric,1180,447,144,777,733,0,"{""rz"": 733, ""sx"": 432, ""x"": 15, ""cx"": 144}",synthetic,2.871601,"[2.996882, 2.872336, 2.799793, 2.852464, 2.871601]",126.49609375,24,368,exported,12.78945,"[12.879755, 12.746778, 12.800346, 12.733114, 12.78945]",ibm_sxz_cx,144,"{""kind"": ""native_contract_only"", ""passed"": true, ""errors"": [], ""checked_instructions"": 1324, ""bindings"": 1, ""semantic_equivalence"": ""not checked at large width""}"
main,pauli_layers_24_numeric,static: each control-flow region counted once,859,flat circuit,,5.384768,"[6.387013, 5.585552, 5.384768, 5.353007, 5.346735]",pauli_layers,100637,1659,b3ee3fbe412143c81b20f2779b6034de07493fbe3ab86b417f99b18d187fd46f,140827,numeric,1406,562,144,859,844,0,"{""rz"": 844, ""sx"": 546, ""x"": 16, ""cz"": 144}",synthetic,3.050258,"[3.050258, 2.779312, 2.819952, 3.486469, 3.17117]",123.90625,24,371,exported,13.298349,"[13.345934, 13.302973, 13.298349, 13.258221, 13.239933]",ibm_sxz_cz,144,"{""kind"": ""native_contract_only"", ""passed"": true, ""errors"": [], ""checked_instructions"": 1550, ""bindings"": 1, ""semantic_equivalence"": ""not checked at large width""}"
main,pauli_layers_24_numeric,,,,"Target synthesis failed: loc(""/home/nvidia/.codex/experiments/core-synthesis-refined-20261004/corpus/pauli_layers_24_numeric.mlir"":1:1): target compilation requires a single-qubit synthesis basis
loc(""/home/nvidia/.codex/experiments/core-synthesis-refined-20261004/corpus/pauli_layers_24_numeric.mlir"":1:1): failed to synthesize the QCO program for the target",,,pauli_layers,100637,1659,b3ee3fbe412143c81b20f2779b6034de07493fbe3ab86b417f99b18d187fd46f,,numeric,,,,,,,,synthetic,2.879777,"[2.998178, 2.802752, 2.879777, 2.897985, 2.8508]",70.2421875,24,,synthesis_failed,,,ionq_fixed_r_zz,,
main,pauli_layers_24_numeric,static: each control-flow region counted once,582,flat circuit,,4.528043,"[5.383312, 4.641579, 4.49065, 4.49561, 4.528043]",pauli_layers,100637,1659,b3ee3fbe412143c81b20f2779b6034de07493fbe3ab86b417f99b18d187fd46f,121243,numeric,909,909,144,582,0,0,"{""r"": 909, ""cz"": 144}",synthetic,2.970945,"[2.970945, 2.863361, 3.573156, 2.839761, 2.975841]",126.56640625,24,328,exported,11.569315,"[11.652308, 11.561507, 11.577491, 11.569315, 11.558948]",iqm_r_cz,144,"{""kind"": ""native_contract_only"", ""passed"": true, ""errors"": [], ""checked_instructions"": 1053, ""bindings"": 1, ""semantic_equivalence"": ""not checked at large width""}"
main,pauli_layers_24_numeric,static: each control-flow region counted once,857,flat circuit,,8.771139,"[9.389927, 10.378284, 8.771139, 8.575922, 8.487474]",pauli_layers,100637,1659,b3ee3fbe412143c81b20f2779b6034de07493fbe3ab86b417f99b18d187fd46f,147136,numeric,1408,562,144,857,846,0,"{""rz"": 846, ""rxpi2"": 551, ""cz"": 144, ""rxpi"": 11}",synthetic,3.010209,"[3.010209, 2.857121, 3.153378, 2.891185, 3.397012]",127.93359375,24,373,exported,14.050066,"[14.21173, 14.10637, 14.014722, 14.027714, 14.050066]",rigetti_rx_cz,144,"{""kind"": ""native_contract_only"", ""passed"": true, ""errors"": [], ""checked_instructions"": 1552, ""bindings"": 1, ""semantic_equivalence"": ""not checked at large width""}"
main,pauli_layers_24_numeric,static: each control-flow region counted once,582,flat circuit,,3.458085,"[4.157593, 3.562964, 3.446132, 3.458085, 3.4437]",pauli_layers,100637,1659,b3ee3fbe412143c81b20f2779b6034de07493fbe3ab86b417f99b18d187fd46f,97454,numeric,912,609,144,582,303,0,"{""rx"": 609, ""rz"": 303, ""rzz"": 144}",synthetic,2.860033,"[3.040082, 2.784176, 3.183667, 2.860033, 2.846528]",123.28125,24,358,exported,10.402477,"[10.457245, 10.415245, 10.402477, 10.336685, 10.301724]",rxrz_rzz_unbounded,144,"{""kind"": ""native_contract_only"", ""passed"": true, ""errors"": [], ""checked_instructions"": 1056, ""bindings"": 1, ""semantic_equivalence"": ""not checked at large width""}"
main,pauli_layers_24_symbolic,,,,"__init__(): incompatible function arguments. The following argument types are supported:
    1. __init__(self, name: str, arity: mqt.core.mlir.CompilerTarget.OperationArity, num_parameters: int, site_tuples: collections.abc.Sequence[mqt.core.mlir.CompilerTarget.SiteTuple] | None = None, duration: int | None = None, fidelity: float | None = None, *, fixed_parameters: collections.abc.Sequence[float | None] = [], canonical_name: str | None = None) -> None
    2. __init__(self, name: str, arity: int, num_parameters: int, site_tuples: collections.abc.Sequence[mqt.core.mlir.CompilerTarget.SiteTuple] | None = None, duration: int | None = None, fidelity: float | None = None, *, fixed_parameters: collections.abc.Sequence[float | None] = [], canonical_name: str | None = None) -> None

Invoked with types: mqt.core.mlir.OperationCapability, kwargs = { name: str, arity: int, num_parameters: int, parameter_bounds: list }",,,pauli_layers,110246,1659,5a645838571b562e2816e9a8f68f54772b5c3567c7d9abbfc5110c9b748a1424,,symbolic,,,,,,,,synthetic,4.292441,"[4.292441, 4.110552, 4.386474, 4.689035, 4.122568]",69.26171875,24,,target_unsupported,,,ibm_fractional_bounded,,
main,pauli_layers_24_symbolic,,,,"Target synthesis failed: loc(""/home/nvidia/.codex/experiments/core-synthesis-refined-20261004/corpus/pauli_layers_24_symbolic.mlir"":1111:42): target-native synthesis cannot lower operation 'qco.rxx': its unitary matrix is not available at compile time
loc(""/home/nvidia/.codex/experiments/core-synthesis-refined-20261004/corpus/pauli_layers_24_symbolic.mlir"":1:1): failed to synthesize the QCO program for the target",,,pauli_layers,110246,1659,5a645838571b562e2816e9a8f68f54772b5c3567c7d9abbfc5110c9b748a1424,,symbolic,,,,,,,,synthetic,4.202537,"[4.338281, 4.781356, 4.202537, 4.154328, 4.101784]",69.26171875,24,,synthesis_failed,,,ibm_sxz_cx,,
main,pauli_layers_24_symbolic,,,,"Target synthesis failed: loc(""/home/nvidia/.codex/experiments/core-synthesis-refined-20261004/corpus/pauli_layers_24_symbolic.mlir"":1111:42): target-native synthesis cannot lower operation 'qco.rxx': its unitary matrix is not available at compile time
loc(""/home/nvidia/.codex/experiments/core-synthesis-refined-20261004/corpus/pauli_layers_24_symbolic.mlir"":1:1): failed to synthesize the QCO program for the target",,,pauli_layers,110246,1659,5a645838571b562e2816e9a8f68f54772b5c3567c7d9abbfc5110c9b748a1424,,symbolic,,,,,,,,synthetic,4.297289,"[4.239833, 4.034568, 4.512298, 4.679563, 4.297289]",70.203125,24,,synthesis_failed,,,ibm_sxz_cz,,
main,pauli_layers_24_symbolic,,,,"Target synthesis failed: loc(""/home/nvidia/.codex/experiments/core-synthesis-refined-20261004/corpus/pauli_layers_24_symbolic.mlir"":1:1): target compilation requires a single-qubit synthesis basis
loc(""/home/nvidia/.codex/experiments/core-synthesis-refined-20261004/corpus/pauli_layers_24_symbolic.mlir"":1:1): failed to synthesize the QCO program for the target",,,pauli_layers,110246,1659,5a645838571b562e2816e9a8f68f54772b5c3567c7d9abbfc5110c9b748a1424,,symbolic,,,,,,,,synthetic,4.263881,"[4.263881, 4.44521, 4.235864, 4.559563, 4.112376]",70.203125,24,,synthesis_failed,,,ionq_fixed_r_zz,,
main,pauli_layers_24_symbolic,,,,"Target synthesis failed: loc(""/home/nvidia/.codex/experiments/core-synthesis-refined-20261004/corpus/pauli_layers_24_symbolic.mlir"":1111:42): target-native synthesis cannot lower operation 'qco.rxx': its unitary matrix is not available at compile time
loc(""/home/nvidia/.codex/experiments/core-synthesis-refined-20261004/corpus/pauli_layers_24_symbolic.mlir"":1:1): failed to synthesize the QCO program for the target",,,pauli_layers,110246,1659,5a645838571b562e2816e9a8f68f54772b5c3567c7d9abbfc5110c9b748a1424,,symbolic,,,,,,,,synthetic,4.401066,"[4.284473, 4.401066, 4.454634, 4.411257, 4.09372]",69.26171875,24,,synthesis_failed,,,iqm_r_cz,,
main,pauli_layers_24_symbolic,,,,"Target synthesis failed: loc(""/home/nvidia/.codex/experiments/core-synthesis-refined-20261004/corpus/pauli_layers_24_symbolic.mlir"":1111:42): target-native synthesis cannot lower operation 'qco.rxx': its unitary matrix is not available at compile time
loc(""/home/nvidia/.codex/experiments/core-synthesis-refined-20261004/corpus/pauli_layers_24_symbolic.mlir"":1:1): failed to synthesize the QCO program for the target",,,pauli_layers,110246,1659,5a645838571b562e2816e9a8f68f54772b5c3567c7d9abbfc5110c9b748a1424,,symbolic,,,,,,,,synthetic,4.238536,"[4.238536, 4.132408, 4.395658, 4.690187, 4.119112]",70.19921875,24,,synthesis_failed,,,rigetti_rx_cz,,
main,pauli_layers_24_symbolic,,,,"Target synthesis failed: loc(""/home/nvidia/.codex/experiments/core-synthesis-refined-20261004/corpus/pauli_layers_24_symbolic.mlir"":1111:42): target-native synthesis cannot lower operation 'qco.rxx': its unitary matrix is not available at compile time
loc(""/home/nvidia/.codex/experiments/core-synthesis-refined-20261004/corpus/pauli_layers_24_symbolic.mlir"":1:1): failed to synthesize the QCO program for the target",,,pauli_layers,110246,1659,5a645838571b562e2816e9a8f68f54772b5c3567c7d9abbfc5110c9b748a1424,,symbolic,,,,,,,,synthetic,4.107128,"[4.281497, 4.107128, 4.016152, 4.095687, 4.883725]",69.265625,24,,synthesis_failed,,,rxrz_rzz_unbounded,,
main,pauli_layers_36_numeric,,,,"__init__(): incompatible function arguments. The following argument types are supported:
    1. __init__(self, name: str, arity: mqt.core.mlir.CompilerTarget.OperationArity, num_parameters: int, site_tuples: collections.abc.Sequence[mqt.core.mlir.CompilerTarget.SiteTuple] | None = None, duration: int | None = None, fidelity: float | None = None, *, fixed_parameters: collections.abc.Sequence[float | None] = [], canonical_name: str | None = None) -> None
    2. __init__(self, name: str, arity: int, num_parameters: int, site_tuples: collections.abc.Sequence[mqt.core.mlir.CompilerTarget.SiteTuple] | None = None, duration: int | None = None, fidelity: float | None = None, *, fixed_parameters: collections.abc.Sequence[float | None] = [], canonical_name: str | None = None) -> None

Invoked with types: mqt.core.mlir.OperationCapability, kwargs = { name: str, arity: int, num_parameters: int, parameter_bounds: list }",,,pauli_layers,152234,2487,d943cb4b5413fddd1c099521ad0384268d3e8d081560c2a18eb3b13f4092d0a0,,numeric,,,,,,,,synthetic,4.137064,"[4.137064, 3.964551, 4.305018, 3.967255, 4.583979]",69.23828125,36,,target_unsupported,,,ibm_fractional_bounded,,
main,pauli_layers_36_numeric,static: each control-flow region counted once,1153,flat circuit,,7.408171,"[8.369153, 7.5735, 7.408171, 7.396828, 7.338459]",pauli_layers,152234,2487,d943cb4b5413fddd1c099521ad0384268d3e8d081560c2a18eb3b13f4092d0a0,194682,numeric,1792,687,216,1153,1105,0,"{""sx"": 674, ""rz"": 1105, ""cx"": 216, ""x"": 13}",synthetic,4.11724,"[4.107432, 4.329529, 4.510907, 4.11724, 3.956631]",128.140625,36,567,exported,19.512643,"[19.608403, 19.514674, 19.48069, 19.444338, 19.512643]",ibm_sxz_cx,216,"{""kind"": ""native_contract_only"", ""passed"": true, ""errors"": [], ""checked_instructions"": 2008, ""bindings"": 1, ""semantic_equivalence"": ""not checked at large width""}"
main,pauli_layers_36_numeric,static: each control-flow region counted once,1286,flat circuit,,8.612787,"[9.61228, 8.612787, 8.448817, 8.330961, 8.646627]",pauli_layers,152234,2487,d943cb4b5413fddd1c099521ad0384268d3e8d081560c2a18eb3b13f4092d0a0,215028,numeric,2126,843,216,1286,1283,0,"{""sx"": 816, ""rz"": 1283, ""cz"": 216, ""x"": 27}",synthetic,4.127448,"[4.127448, 3.963031, 4.346586, 3.975191, 4.607659]",130.30078125,36,593,exported,20.432328,"[20.558072, 20.432328, 20.360503, 20.41244, 20.433704]",ibm_sxz_cz,216,"{""kind"": ""native_contract_only"", ""passed"": true, ""errors"": [], ""checked_instructions"": 2342, ""bindings"": 1, ""semantic_equivalence"": ""not checked at large width""}"
main,pauli_layers_36_numeric,,,,"Target synthesis failed: loc(""/home/nvidia/.codex/experiments/core-synthesis-refined-20261004/corpus/pauli_layers_36_numeric.mlir"":1:1): target compilation requires a single-qubit synthesis basis
loc(""/home/nvidia/.codex/experiments/core-synthesis-refined-20261004/corpus/pauli_layers_36_numeric.mlir"":1:1): failed to synthesize the QCO program for the target",,,pauli_layers,152234,2487,d943cb4b5413fddd1c099521ad0384268d3e8d081560c2a18eb3b13f4092d0a0,,numeric,,,,,,,,synthetic,4.111,"[4.111, 3.945495, 4.329098, 4.51289, 3.937607]",69.2578125,36,,synthesis_failed,,,ionq_fixed_r_zz,,
main,pauli_layers_36_numeric,static: each control-flow region counted once,869,flat circuit,,6.769672,"[7.610381, 6.778503, 6.769672, 6.705927, 6.699928]",pauli_layers,152234,2487,d943cb4b5413fddd1c099521ad0384268d3e8d081560c2a18eb3b13f4092d0a0,181901,numeric,1352,1352,216,869,0,0,"{""r"": 1352, ""cz"": 216}",synthetic,4.174088,"[4.145224, 4.514411, 3.913143, 4.174088, 4.277417]",128.01171875,36,490,exported,17.843304,"[17.847689, 17.718328, 17.618535, 17.947705, 17.843304]",iqm_r_cz,216,"{""kind"": ""native_contract_only"", ""passed"": true, ""errors"": [], ""checked_instructions"": 1568, ""bindings"": 1, ""semantic_equivalence"": ""not checked at large width""}"
main,pauli_layers_36_numeric,static: each control-flow region counted once,1286,flat circuit,,13.363822,"[15.858797, 13.550688, 13.158285, 13.363822, 13.084173]",pauli_layers,152234,2487,d943cb4b5413fddd1c099521ad0384268d3e8d081560c2a18eb3b13f4092d0a0,223207,numeric,2124,843,216,1286,1281,0,"{""rxpi2"": 826, ""rz"": 1281, ""cz"": 216, ""rxpi"": 17}",synthetic,4.260312,"[4.157128, 4.260312, 4.40041, 4.262569, 3.995416]",132.23046875,36,583,exported,21.583086,"[21.783376, 21.691343, 21.532014, 21.581918, 21.583086]",rigetti_rx_cz,216,"{""kind"": ""native_contract_only"", ""passed"": true, ""errors"": [], ""checked_instructions"": 2340, ""bindings"": 1, ""semantic_equivalence"": ""not checked at large width""}"
main,pauli_layers_36_numeric,static: each control-flow region counted once,870,flat circuit,,5.236607,"[6.074947, 5.316159, 5.236607, 5.173054, 5.216959]",pauli_layers,152234,2487,d943cb4b5413fddd1c099521ad0384268d3e8d081560c2a18eb3b13f4092d0a0,148387,numeric,1355,907,216,870,448,0,"{""rx"": 907, ""rz"": 448, ""rzz"": 216}",synthetic,4.077464,"[4.077464, 3.940215, 4.274953, 4.556155, 3.897335]",127.58203125,36,582,exported,15.731164,"[15.808844, 15.732252, 15.679579, 15.731164, 15.713116]",rxrz_rzz_unbounded,216,"{""kind"": ""native_contract_only"", ""passed"": true, ""errors"": [], ""checked_instructions"": 1571, ""bindings"": 1, ""semantic_equivalence"": ""not checked at large width""}"
main,pauli_layers_36_symbolic,,,,"__init__(): incompatible function arguments. The following argument types are supported:
    1. __init__(self, name: str, arity: mqt.core.mlir.CompilerTarget.OperationArity, num_parameters: int, site_tuples: collections.abc.Sequence[mqt.core.mlir.CompilerTarget.SiteTuple] | None = None, duration: int | None = None, fidelity: float | None = None, *, fixed_parameters: collections.abc.Sequence[float | None] = [], canonical_name: str | None = None) -> None
    2. __init__(self, name: str, arity: int, num_parameters: int, site_tuples: collections.abc.Sequence[mqt.core.mlir.CompilerTarget.SiteTuple] | None = None, duration: int | None = None, fidelity: float | None = None, *, fixed_parameters: collections.abc.Sequence[float | None] = [], canonical_name: str | None = None) -> None

Invoked with types: mqt.core.mlir.OperationCapability, kwargs = { name: str, arity: int, num_parameters: int, parameter_bounds: list }",,,pauli_layers,166718,2487,62ba9b0f43804b419df42ad8e7a2deb3e3221e26faf17aead2019daa10bb1110,,symbolic,,,,,,,,synthetic,6.816978,"[6.962467, 7.579931, 6.734961, 6.816978, 6.704193]",69.26171875,36,,target_unsupported,,,ibm_fractional_bounded,,
main,pauli_layers_36_symbolic,,,,"Target synthesis failed: loc(""/home/nvidia/.codex/experiments/core-synthesis-refined-20261004/corpus/pauli_layers_36_symbolic.mlir"":1663:42): target-native synthesis cannot lower operation 'qco.rxx': its unitary matrix is not available at compile time
loc(""/home/nvidia/.codex/experiments/core-synthesis-refined-20261004/corpus/pauli_layers_36_symbolic.mlir"":1:1): failed to synthesize the QCO program for the target",,,pauli_layers,166718,2487,62ba9b0f43804b419df42ad8e7a2deb3e3221e26faf17aead2019daa10bb1110,,symbolic,,,,,,,,synthetic,6.790685,"[7.629042, 6.96531, 6.770268, 6.76222, 6.790685]",70.203125,36,,synthesis_failed,,,ibm_sxz_cx,,
main,pauli_layers_36_symbolic,,,,"Target synthesis failed: loc(""/home/nvidia/.codex/experiments/core-synthesis-refined-20261004/corpus/pauli_layers_36_symbolic.mlir"":1663:42): target-native synthesis cannot lower operation 'qco.rxx': its unitary matrix is not available at compile time
loc(""/home/nvidia/.codex/experiments/core-synthesis-refined-20261004/corpus/pauli_layers_36_symbolic.mlir"":1:1): failed to synthesize the QCO program for the target",,,pauli_layers,166718,2487,62ba9b0f43804b419df42ad8e7a2deb3e3221e26faf17aead2019daa10bb1110,,symbolic,,,,,,,,synthetic,6.757074,"[7.244695, 7.231095, 6.757074, 6.728657, 6.734449]",69.22265625,36,,synthesis_failed,,,ibm_sxz_cz,,
main,pauli_layers_36_symbolic,,,,"Target synthesis failed: loc(""/home/nvidia/.codex/experiments/core-synthesis-refined-20261004/corpus/pauli_layers_36_symbolic.mlir"":1:1): target compilation requires a single-qubit synthesis basis
loc(""/home/nvidia/.codex/experiments/core-synthesis-refined-20261004/corpus/pauli_layers_36_symbolic.mlir"":1:1): failed to synthesize the QCO program for the target",,,pauli_layers,166718,2487,62ba9b0f43804b419df42ad8e7a2deb3e3221e26faf17aead2019daa10bb1110,,symbolic,,,,,,,,synthetic,6.775378,"[6.908803, 7.573803, 6.7012, 6.680384, 6.775378]",69.265625,36,,synthesis_failed,,,ionq_fixed_r_zz,,
main,pauli_layers_36_symbolic,,,,"Target synthesis failed: loc(""/home/nvidia/.codex/experiments/core-synthesis-refined-20261004/corpus/pauli_layers_36_symbolic.mlir"":1663:42): target-native synthesis cannot lower operation 'qco.rxx': its unitary matrix is not available at compile time
loc(""/home/nvidia/.codex/experiments/core-synthesis-refined-20261004/corpus/pauli_layers_36_symbolic.mlir"":1:1): failed to synthesize the QCO program for the target",,,pauli_layers,166718,2487,62ba9b0f43804b419df42ad8e7a2deb3e3221e26faf17aead2019daa10bb1110,,symbolic,,,,,,,,synthetic,6.829592,"[7.639692, 6.844744, 6.754424, 6.829592, 6.705751]",70.1953125,36,,synthesis_failed,,,iqm_r_cz,,
main,pauli_layers_36_symbolic,,,,"Target synthesis failed: loc(""/home/nvidia/.codex/experiments/core-synthesis-refined-20261004/corpus/pauli_layers_36_symbolic.mlir"":1663:42): target-native synthesis cannot lower operation 'qco.rxx': its unitary matrix is not available at compile time
loc(""/home/nvidia/.codex/experiments/core-synthesis-refined-20261004/corpus/pauli_layers_36_symbolic.mlir"":1:1): failed to synthesize the QCO program for the target",,,pauli_layers,166718,2487,62ba9b0f43804b419df42ad8e7a2deb3e3221e26faf17aead2019daa10bb1110,,symbolic,,,,,,,,synthetic,6.819266,"[7.614124, 6.819266, 6.749697, 6.827186, 6.802802]",70.1953125,36,,synthesis_failed,,,rigetti_rx_cz,,
main,pauli_layers_36_symbolic,,,,"Target synthesis failed: loc(""/home/nvidia/.codex/experiments/core-synthesis-refined-20261004/corpus/pauli_layers_36_symbolic.mlir"":1663:42): target-native synthesis cannot lower operation 'qco.rxx': its unitary matrix is not available at compile time
loc(""/home/nvidia/.codex/experiments/core-synthesis-refined-20261004/corpus/pauli_layers_36_symbolic.mlir"":1:1): failed to synthesize the QCO program for the target",,,pauli_layers,166718,2487,62ba9b0f43804b419df42ad8e7a2deb3e3221e26faf17aead2019daa10bb1110,,symbolic,,,,,,,,synthetic,6.756065,"[7.265271, 7.183495, 6.667888, 6.756065, 6.713873]",70.1953125,36,,synthesis_failed,,,rxrz_rzz_unbounded,,
main,pauli_layers_54_numeric,,,,"__init__(): incompatible function arguments. The following argument types are supported:
    1. __init__(self, name: str, arity: mqt.core.mlir.CompilerTarget.OperationArity, num_parameters: int, site_tuples: collections.abc.Sequence[mqt.core.mlir.CompilerTarget.SiteTuple] | None = None, duration: int | None = None, fidelity: float | None = None, *, fixed_parameters: collections.abc.Sequence[float | None] = [], canonical_name: str | None = None) -> None
    2. __init__(self, name: str, arity: int, num_parameters: int, site_tuples: collections.abc.Sequence[mqt.core.mlir.CompilerTarget.SiteTuple] | None = None, duration: int | None = None, fidelity: float | None = None, *, fixed_parameters: collections.abc.Sequence[float | None] = [], canonical_name: str | None = None) -> None

Invoked with types: mqt.core.mlir.OperationCapability, kwargs = { name: str, arity: int, num_parameters: int, parameter_bounds: list }",,,pauli_layers,229526,3729,99fac0fe767254821129571e4c009df2df56569ed7b6e2edba05c190ba22805d,,numeric,,,,,,,,synthetic,5.771526,"[5.938008, 6.612078, 5.732341, 5.74199, 5.771526]",70.203125,54,,target_unsupported,,,ibm_fractional_bounded,,
main,pauli_layers_54_numeric,static: each control-flow region counted once,1735,flat circuit,,11.527196,"[12.64007, 11.711054, 11.4907, 11.404811, 11.527196]",pauli_layers,229526,3729,99fac0fe767254821129571e4c009df2df56569ed7b6e2edba05c190ba22805d,290254,numeric,2673,1008,324,1735,1665,0,"{""sx"": 981, ""rz"": 1665, ""cx"": 324, ""x"": 27}",synthetic,5.894615,"[5.894615, 5.99044, 6.221099, 5.711269, 5.710454]",131.8828125,54,803,exported,30.369053,"[30.469245, 30.288684, 30.315325, 30.369053, 30.407006]",ibm_sxz_cx,324,"{""kind"": ""native_contract_only"", ""passed"": true, ""errors"": [], ""checked_instructions"": 2997, ""bindings"": 1, ""semantic_equivalence"": ""not checked at large width""}"
main,pauli_layers_54_numeric,static: each control-flow region counted once,1927,flat circuit,,12.82036,"[14.224213, 13.031274, 12.82036, 12.788104, 12.80596]",pauli_layers,229526,3729,99fac0fe767254821129571e4c009df2df56569ed7b6e2edba05c190ba22805d,318969,numeric,3175,1260,324,1927,1915,0,"{""sx"": 1228, ""rz"": 1915, ""cz"": 324, ""x"": 32}",synthetic,5.756982,"[6.486156, 5.964984, 5.709046, 5.756982, 5.723206]",132.86328125,54,813,exported,31.652665,"[31.669769, 31.781738, 31.652665, 31.564776, 31.551864]",ibm_sxz_cz,324,"{""kind"": ""native_contract_only"", ""passed"": true, ""errors"": [], ""checked_instructions"": 3499, ""bindings"": 1, ""semantic_equivalence"": ""not checked at large width""}"
main,pauli_layers_54_numeric,,,,"Target synthesis failed: loc(""/home/nvidia/.codex/experiments/core-synthesis-refined-20261004/corpus/pauli_layers_54_numeric.mlir"":1:1): target compilation requires a single-qubit synthesis basis
loc(""/home/nvidia/.codex/experiments/core-synthesis-refined-20261004/corpus/pauli_layers_54_numeric.mlir"":1:1): failed to synthesize the QCO program for the target",,,pauli_layers,229526,3729,99fac0fe767254821129571e4c009df2df56569ed7b6e2edba05c190ba22805d,,numeric,,,,,,,,synthetic,5.892712,"[6.272619, 6.222906, 5.892712, 5.771926, 5.757045]",70.203125,54,,synthesis_failed,,,ionq_fixed_r_zz,,
main,pauli_layers_54_numeric,static: each control-flow region counted once,1300,flat circuit,,10.514658,"[11.842687, 10.738517, 10.514658, 10.455891, 10.434401]",pauli_layers,229526,3729,99fac0fe767254821129571e4c009df2df56569ed7b6e2edba05c190ba22805d,274018,numeric,2036,2036,324,1300,0,0,"{""r"": 2036, ""cz"": 324}",synthetic,5.955848,"[6.188426, 6.147866, 5.955848, 5.755958, 5.725877]",134.47265625,54,718,exported,27.620803,"[27.781476, 27.722676, 27.620803, 27.612787, 27.590419]",iqm_r_cz,324,"{""kind"": ""native_contract_only"", ""passed"": true, ""errors"": [], ""checked_instructions"": 2360, ""bindings"": 1, ""semantic_equivalence"": ""not checked at large width""}"
main,pauli_layers_54_numeric,static: each control-flow region counted once,1927,flat circuit,,20.019867,"[22.676692, 20.585729, 19.907098, 20.019867, 19.978283]",pauli_layers,229526,3729,99fac0fe767254821129571e4c009df2df56569ed7b6e2edba05c190ba22805d,332171,numeric,3178,1267,324,1927,1911,0,"{""rxpi2"": 1236, ""rz"": 1911, ""cz"": 324, ""rxpi"": 31}",synthetic,5.734117,"[6.270634, 6.280315, 5.695669, 5.734117, 5.713158]",140.359375,54,811,exported,33.460905,"[33.502153, 33.456681, 33.346535, 33.460905, 33.469193]",rigetti_rx_cz,324,"{""kind"": ""native_contract_only"", ""passed"": true, ""errors"": [], ""checked_instructions"": 3502, ""bindings"": 1, ""semantic_equivalence"": ""not checked at large width""}"
main,pauli_layers_54_numeric,static: each control-flow region counted once,1302,flat circuit,,7.90993,"[8.901908, 8.14958, 7.90097, 7.816841, 7.90993]",pauli_layers,229526,3729,99fac0fe767254821129571e4c009df2df56569ed7b6e2edba05c190ba22805d,220555,numeric,2026,1355,324,1302,671,0,"{""rx"": 1355, ""rz"": 671, ""rzz"": 324}",synthetic,5.770791,"[6.225178, 5.690822, 6.264218, 5.770791, 5.753205]",130.9140625,54,814,exported,24.803768,"[24.863208, 24.826232, 24.761384, 24.803768, 24.765767]",rxrz_rzz_unbounded,324,"{""kind"": ""native_contract_only"", ""passed"": true, ""errors"": [], ""checked_instructions"": 2350, ""bindings"": 1, ""semantic_equivalence"": ""not checked at large width""}"
main,pauli_layers_54_symbolic,,,,"__init__(): incompatible function arguments. The following argument types are supported:
    1. __init__(self, name: str, arity: mqt.core.mlir.CompilerTarget.OperationArity, num_parameters: int, site_tuples: collections.abc.Sequence[mqt.core.mlir.CompilerTarget.SiteTuple] | None = None, duration: int | None = None, fidelity: float | None = None, *, fixed_parameters: collections.abc.Sequence[float | None] = [], canonical_name: str | None = None) -> None
    2. __init__(self, name: str, arity: int, num_parameters: int, site_tuples: collections.abc.Sequence[mqt.core.mlir.CompilerTarget.SiteTuple] | None = None, duration: int | None = None, fidelity: float | None = None, *, fixed_parameters: collections.abc.Sequence[float | None] = [], canonical_name: str | None = None) -> None

Invoked with types: mqt.core.mlir.OperationCapability, kwargs = { name: str, arity: int, num_parameters: int, parameter_bounds: list }",,,pauli_layers,252002,3729,22513b39c1cc9c03635c6298b1c315a46ffa0dc74c76a12d37c8a8e18003197f,,symbolic,,,,,,,,synthetic,12.087871,"[12.580964, 11.861005, 12.087871, 11.951358, 12.169584]",69.26171875,54,,target_unsupported,,,ibm_fractional_bounded,,
main,pauli_layers_54_symbolic,,,,"Target synthesis failed: loc(""/home/nvidia/.codex/experiments/core-synthesis-refined-20261004/corpus/pauli_layers_54_symbolic.mlir"":2491:42): target-native synthesis cannot lower operation 'qco.rxx': its unitary matrix is not available at compile time
loc(""/home/nvidia/.codex/experiments/core-synthesis-refined-20261004/corpus/pauli_layers_54_symbolic.mlir"":1:1): failed to synthesize the QCO program for the target",,,pauli_layers,252002,3729,22513b39c1cc9c03635c6298b1c315a46ffa0dc74c76a12d37c8a8e18003197f,,symbolic,,,,,,,,synthetic,11.967183,"[12.816886, 11.967183, 11.885053, 12.070336, 11.870141]",69.265625,54,,synthesis_failed,,,ibm_sxz_cx,,
main,pauli_layers_54_symbolic,,,,"Target synthesis failed: loc(""/home/nvidia/.codex/experiments/core-synthesis-refined-20261004/corpus/pauli_layers_54_symbolic.mlir"":2491:42): target-native synthesis cannot lower operation 'qco.rxx': its unitary matrix is not available at compile time
loc(""/home/nvidia/.codex/experiments/core-synthesis-refined-20261004/corpus/pauli_layers_54_symbolic.mlir"":1:1): failed to synthesize the QCO program for the target",,,pauli_layers,252002,3729,22513b39c1cc9c03635c6298b1c315a46ffa0dc74c76a12d37c8a8e18003197f,,symbolic,,,,,,,,synthetic,11.805421,"[12.607348, 11.805421, 11.74118, 11.754749, 11.900014]",70.19921875,54,,synthesis_failed,,,ibm_sxz_cz,,
main,pauli_layers_54_symbolic,,,,"Target synthesis failed: loc(""/home/nvidia/.codex/experiments/core-synthesis-refined-20261004/corpus/pauli_layers_54_symbolic.mlir"":1:1): target compilation requires a single-qubit synthesis basis
loc(""/home/nvidia/.codex/experiments/core-synthesis-refined-20261004/corpus/pauli_layers_54_symbolic.mlir"":1:1): failed to synthesize the QCO program for the target",,,pauli_layers,252002,3729,22513b39c1cc9c03635c6298b1c315a46ffa0dc74c76a12d37c8a8e18003197f,,symbolic,,,,,,,,synthetic,11.761549,"[12.529939, 11.782141, 11.723452, 11.714523, 11.761549]",70.1953125,54,,synthesis_failed,,,ionq_fixed_r_zz,,
main,pauli_layers_54_symbolic,,,,"Target synthesis failed: loc(""/home/nvidia/.codex/experiments/core-synthesis-refined-20261004/corpus/pauli_layers_54_symbolic.mlir"":2491:42): target-native synthesis cannot lower operation 'qco.rxx': its unitary matrix is not available at compile time
loc(""/home/nvidia/.codex/experiments/core-synthesis-refined-20261004/corpus/pauli_layers_54_symbolic.mlir"":1:1): failed to synthesize the QCO program for the target",,,pauli_layers,252002,3729,22513b39c1cc9c03635c6298b1c315a46ffa0dc74c76a12d37c8a8e18003197f,,symbolic,,,,,,,,synthetic,11.73182,"[12.79703, 11.713116, 11.675692, 11.815181, 11.73182]",70.203125,54,,synthesis_failed,,,iqm_r_cz,,
main,pauli_layers_54_symbolic,,,,"Target synthesis failed: loc(""/home/nvidia/.codex/experiments/core-synthesis-refined-20261004/corpus/pauli_layers_54_symbolic.mlir"":2491:42): target-native synthesis cannot lower operation 'qco.rxx': its unitary matrix is not available at compile time
loc(""/home/nvidia/.codex/experiments/core-synthesis-refined-20261004/corpus/pauli_layers_54_symbolic.mlir"":1:1): failed to synthesize the QCO program for the target",,,pauli_layers,252002,3729,22513b39c1cc9c03635c6298b1c315a46ffa0dc74c76a12d37c8a8e18003197f,,symbolic,,,,,,,,synthetic,11.877485,"[12.472915, 11.738076, 11.921453, 11.691804, 11.877485]",69.265625,54,,synthesis_failed,,,rigetti_rx_cz,,
main,pauli_layers_54_symbolic,,,,"Target synthesis failed: loc(""/home/nvidia/.codex/experiments/core-synthesis-refined-20261004/corpus/pauli_layers_54_symbolic.mlir"":2491:42): target-native synthesis cannot lower operation 'qco.rxx': its unitary matrix is not available at compile time
loc(""/home/nvidia/.codex/experiments/core-synthesis-refined-20261004/corpus/pauli_layers_54_symbolic.mlir"":1:1): failed to synthesize the QCO program for the target",,,pauli_layers,252002,3729,22513b39c1cc9c03635c6298b1c315a46ffa0dc74c76a12d37c8a8e18003197f,,symbolic,,,,,,,,synthetic,11.791996,"[12.684197, 11.67918, 11.791996, 11.803645, 11.763036]",70.2109375,54,,synthesis_failed,,,rxrz_rzz_unbounded,,
previous,core_bv_104,static: each control-flow region counted once,59,flat circuit,,2.245614,"[2.89669, 2.342335, 2.245614, 2.231806, 2.223918]",bv,163993,3614,2f87f82eadbe29dc7fdb661e49e8ad43141df5ae5c24fb5a9507c08f2aa745d5,58517,numeric,313,105,52,58,208,0,"{""x"": 1, ""rz"": 208, ""rx"": 104, ""cz"": 52, ""measure"": 103}",core,4.441467,"[4.409611, 4.565533, 4.645774, 4.441467, 4.249291]",122.609375,104,104,exported,19.360154,"[19.416538, 19.329562, 19.360154, 19.360874, 19.287481]",ibm_fractional_bounded,52,"{""kind"": ""native_contract_only"", ""passed"": true, ""errors"": [], ""checked_instructions"": 468, ""bindings"": 1, ""semantic_equivalence"": ""not checked at large width""}"
previous,core_bv_104,static: each control-flow region counted once,59,flat circuit,,2.200238,"[2.856819, 2.286206, 2.200238, 2.174478, 2.165821]",bv,163993,3614,2f87f82eadbe29dc7fdb661e49e8ad43141df5ae5c24fb5a9507c08f2aa745d5,58400,numeric,318,106,52,58,212,0,"{""rz"": 212, ""sx"": 106, ""cx"": 52, ""measure"": 103}",core,4.381372,"[4.381372, 4.184922, 4.511373, 4.203482, 4.734078]",122.125,104,105,exported,20.474481,"[20.526513, 20.510898, 20.438769, 20.474481, 20.418336]",ibm_sxz_cx,52,"{""kind"": ""native_contract_only"", ""passed"": true, ""errors"": [], ""checked_instructions"": 473, ""bindings"": 1, ""semantic_equivalence"": ""not checked at large width""}"
previous,core_bv_104,static: each control-flow region counted once,59,flat circuit,,2.187502,"[2.802514, 2.294958, 2.187502, 2.173902, 2.170894]",bv,163993,3614,2f87f82eadbe29dc7fdb661e49e8ad43141df5ae5c24fb5a9507c08f2aa745d5,57649,numeric,313,105,52,58,208,0,"{""x"": 1, ""rz"": 208, ""sx"": 104, ""cz"": 52, ""measure"": 103}",core,4.255435,"[4.461916, 4.87627, 4.255435, 4.253787, 4.159402]",122.13671875,104,104,exported,19.539531,"[19.594731, 19.462858, 19.509003, 19.539531, 19.65566]",ibm_sxz_cz,52,"{""kind"": ""native_contract_only"", ""passed"": true, ""errors"": [], ""checked_instructions"": 468, ""bindings"": 1, ""semantic_equivalence"": ""not checked at large width""}"
previous,core_bv_104,static: each control-flow region counted once,109,flat circuit,,1.949772,"[2.518704, 2.040813, 1.949772, 1.927676, 1.932492]",bv,163993,3614,2f87f82eadbe29dc7fdb661e49e8ad43141df5ae5c24fb5a9507c08f2aa745d5,52629,numeric,315,105,52,108,210,0,"{""rz"": 210, ""rx"": 105, ""rzz"": 52, ""measure"": 103}",core,4.405227,"[4.405227, 4.190187, 4.477388, 4.772494, 4.190203]",122.61328125,104,107,exported,20.348208,"[20.427169, 20.348208, 20.370544, 20.270528, 20.31696]",rxrz_rzz_unbounded,52,"{""kind"": ""native_contract_only"", ""passed"": true, ""errors"": [], ""checked_instructions"": 470, ""bindings"": 1, ""semantic_equivalence"": ""not checked at large width""}"
previous,core_bv_156,static: each control-flow region counted once,85,flat circuit,,3.361781,"[4.144506, 3.641799, 3.361781, 3.360565, 3.324901]",bv,248777,5434,38e2413836e6c5fdc49d5937fd6146ccdca0f49645301e6b446652a95ce33bbe,87689,numeric,469,157,78,84,312,0,"{""x"": 1, ""rz"": 312, ""rx"": 156, ""cz"": 78, ""measure"": 155}",core,6.15615,"[7.03374, 6.28068, 6.093062, 6.128503, 6.15615]",125.28125,156,156,exported,36.173235,"[36.25346, 36.135187, 36.173235, 36.270548, 36.172547]",ibm_fractional_bounded,78,"{""kind"": ""native_contract_only"", ""passed"": true, ""errors"": [], ""checked_instructions"": 702, ""bindings"": 1, ""semantic_equivalence"": ""not checked at large width""}"
previous,core_bv_156,static: each control-flow region counted once,85,flat circuit,,3.339365,"[4.179354, 3.44287, 3.339365, 3.285285, 3.28746]",bv,248777,5434,38e2413836e6c5fdc49d5937fd6146ccdca0f49645301e6b446652a95ce33bbe,87548,numeric,474,158,78,84,316,0,"{""rz"": 316, ""sx"": 158, ""cx"": 78, ""measure"": 155}",core,6.160935,"[6.31092, 5.964869, 7.096397, 6.160935, 6.140566]",125.8125,156,158,exported,38.003999,"[38.208912, 37.895166, 38.05592, 38.003999, 37.949038]",ibm_sxz_cx,78,"{""kind"": ""native_contract_only"", ""passed"": true, ""errors"": [], ""checked_instructions"": 707, ""bindings"": 1, ""semantic_equivalence"": ""not checked at large width""}"
previous,core_bv_156,static: each control-flow region counted once,85,flat circuit,,3.310261,"[4.100378, 3.432838, 3.310261, 3.287732, 3.278021]",bv,248777,5434,38e2413836e6c5fdc49d5937fd6146ccdca0f49645301e6b446652a95ce33bbe,86589,numeric,469,157,78,84,312,0,"{""x"": 1, ""rz"": 312, ""sx"": 156, ""cz"": 78, ""measure"": 155}",core,6.270696,"[6.270696, 6.359464, 6.737274, 6.144503, 6.144934]",125.78515625,156,157,exported,36.544693,"[36.60407, 36.528117, 36.434469, 36.544693, 36.548118]",ibm_sxz_cz,78,"{""kind"": ""native_contract_only"", ""passed"": true, ""errors"": [], ""checked_instructions"": 702, ""bindings"": 1, ""semantic_equivalence"": ""not checked at large width""}"
previous,core_bv_156,static: each control-flow region counted once,161,flat circuit,,2.951187,"[3.663415, 3.040979, 2.951187, 2.922114, 2.908642]",bv,248777,5434,38e2413836e6c5fdc49d5937fd6146ccdca0f49645301e6b446652a95ce33bbe,78862,numeric,471,157,78,160,314,0,"{""rz"": 314, ""rx"": 157, ""rzz"": 78, ""measure"": 155}",core,6.148231,"[6.267943, 6.882155, 6.030134, 6.148231, 6.146438]",125.31640625,156,159,exported,37.924543,"[37.805981, 38.046431, 38.034831, 37.924543, 37.869454]",rxrz_rzz_unbounded,78,"{""kind"": ""native_contract_only"", ""passed"": true, ""errors"": [], ""checked_instructions"": 704, ""bindings"": 1, ""semantic_equivalence"": ""not checked at large width""}"
previous,core_bv_24,static: each control-flow region counted once,19,flat circuit,,0.571043,"[0.926694, 0.616612, 0.571043, 0.548132, 0.545747]",bv,36211,814,1e8859888f01df6f3601028324a859e1825aa42dd0ed3a855b9fae474684ac7e,14170,numeric,73,25,12,18,48,0,"{""x"": 1, ""rz"": 48, ""rx"": 24, ""cz"": 12, ""measure"": 23}",core,1.419145,"[1.628859, 1.419145, 1.47697, 1.401113, 1.397097]",119.10546875,24,24,exported,2.954467,"[3.162916, 3.000275, 2.954467, 2.945171, 2.948707]",ibm_fractional_bounded,12,"{""kind"": ""native_contract_only"", ""passed"": true, ""errors"": [], ""checked_instructions"": 108, ""bindings"": 1, ""semantic_equivalence"": ""not checked at large width""}"
previous,core_bv_24,static: each control-flow region counted once,19,flat circuit,,0.559284,"[0.947542, 0.614068, 0.559284, 0.558307, 0.548148]",bv,36211,814,1e8859888f01df6f3601028324a859e1825aa42dd0ed3a855b9fae474684ac7e,14231,numeric,78,26,12,18,52,0,"{""rz"": 52, ""sx"": 26, ""cx"": 12, ""measure"": 23}",core,1.420009,"[1.628379, 1.420009, 1.436217, 1.407049, 1.391257]",119.09765625,24,25,exported,3.258101,"[3.258101, 3.938074, 3.507991, 3.227301, 3.20282]",ibm_sxz_cx,12,"{""kind"": ""native_contract_only"", ""passed"": true, ""errors"": [], ""checked_instructions"": 113, ""bindings"": 1, ""semantic_equivalence"": ""not checked at large width""}"
previous,core_bv_24,static: each control-flow region counted once,19,flat circuit,,0.561635,"[0.931798, 0.594532, 0.561635, 0.5441, 0.526499]",bv,36211,814,1e8859888f01df6f3601028324a859e1825aa42dd0ed3a855b9fae474684ac7e,13782,numeric,73,25,12,18,48,0,"{""x"": 1, ""rz"": 48, ""sx"": 24, ""cz"": 12, ""measure"": 23}",core,1.403785,"[1.61169, 1.409049, 1.403785, 1.379753, 1.387593]",119.0859375,24,24,exported,3.038371,"[3.433734, 3.038371, 3.560247, 3.01514, 2.997604]",ibm_sxz_cz,12,"{""kind"": ""native_contract_only"", ""passed"": true, ""errors"": [], ""checked_instructions"": 108, ""bindings"": 1, ""semantic_equivalence"": ""not checked at large width""}"
previous,core_bv_24,static: each control-flow region counted once,29,flat circuit,,0.877141,"[1.204696, 0.877141, 0.829862, 0.947638, 0.822405]",bv,36211,814,1e8859888f01df6f3601028324a859e1825aa42dd0ed3a855b9fae474684ac7e,13294,numeric,74,25,12,28,49,0,"{""rz"": 49, ""gpi2"": 24, ""rzz"": 12, ""gpi"": 1, ""measure"": 23}",core,1.420265,"[1.62537, 1.488602, 1.386873, 1.409497, 1.420265]",118.82421875,24,29,exported,3.309414,"[3.688168, 3.338198, 3.309414, 3.293797, 3.294741]",ionq_fixed_r_zz,12,"{""kind"": ""native_contract_only"", ""passed"": true, ""errors"": [], ""checked_instructions"": 109, ""bindings"": 1, ""semantic_equivalence"": ""not checked at large width""}"
previous,core_bv_24,static: each control-flow region counted once,16,flat circuit,,0.449027,"[0.805125, 0.497539, 0.449027, 0.440899, 0.427443]",bv,36211,814,1e8859888f01df6f3601028324a859e1825aa42dd0ed3a855b9fae474684ac7e,11668,numeric,26,26,12,15,0,0,"{""r"": 26, ""cz"": 12, ""measure"": 23}",core,1.414361,"[1.645595, 1.414361, 1.375817, 1.425529, 1.401929]",118.6328125,24,28,exported,3.037043,"[3.497799, 3.343558, 3.037043, 3.007987, 3.005171]",iqm_r_cz,12,"{""kind"": ""native_contract_only"", ""passed"": true, ""errors"": [], ""checked_instructions"": 61, ""bindings"": 1, ""semantic_equivalence"": ""not checked at large width""}"
previous,core_bv_24,static: each control-flow region counted once,19,flat circuit,,0.787253,"[1.192424, 0.839765, 0.787253, 0.763333, 0.765877]",bv,36211,814,1e8859888f01df6f3601028324a859e1825aa42dd0ed3a855b9fae474684ac7e,14604,numeric,73,25,12,18,48,0,"{""rxpi"": 1, ""rz"": 48, ""rxpi2"": 24, ""cz"": 12, ""measure"": 23}",core,1.404297,"[1.630346, 1.416698, 1.389816, 1.390089, 1.404297]",118.6015625,24,25,exported,3.055684,"[3.08498, 3.055684, 3.572807, 3.021652, 2.997588]",rigetti_rx_cz,12,"{""kind"": ""native_contract_only"", ""passed"": true, ""errors"": [], ""checked_instructions"": 108, ""bindings"": 1, ""semantic_equivalence"": ""not checked at large width""}"
previous,core_bv_24,static: each control-flow region counted once,29,flat circuit,,0.507076,"[0.888326, 0.560019, 0.507076, 0.494691, 0.488723]",bv,36211,814,1e8859888f01df6f3601028324a859e1825aa42dd0ed3a855b9fae474684ac7e,12816,numeric,75,25,12,28,50,0,"{""rz"": 50, ""rx"": 25, ""rzz"": 12, ""measure"": 23}",core,1.420665,"[1.632603, 1.420665, 1.478538, 1.402681, 1.391721]",118.60546875,24,27,exported,3.280709,"[3.309509, 3.402534, 3.280709, 3.238485, 3.233813]",rxrz_rzz_unbounded,12,"{""kind"": ""native_contract_only"", ""passed"": true, ""errors"": [], ""checked_instructions"": 110, ""bindings"": 1, ""semantic_equivalence"": ""not checked at large width""}"
previous,core_bv_36,static: each control-flow region counted once,25,flat circuit,,0.806437,"[1.255032, 0.857478, 0.806437, 0.804037, 0.786053]",bv,55145,1234,1bfa7fac034ddab621396652290226fe562a9444fff85951d792c455ea24e891,20746,numeric,109,37,18,24,72,0,"{""x"": 1, ""rz"": 72, ""rx"": 36, ""cz"": 18, ""measure"": 35}",core,1.83582,"[2.043117, 1.873724, 1.822028, 1.83582, 1.811707]",118.85546875,36,36,exported,4.734062,"[4.855391, 4.769055, 4.734062, 4.711182, 4.72979]",ibm_fractional_bounded,18,"{""kind"": ""native_contract_only"", ""passed"": true, ""errors"": [], ""checked_instructions"": 162, ""bindings"": 1, ""semantic_equivalence"": ""not checked at large width""}"
previous,core_bv_36,static: each control-flow region counted once,25,flat circuit,,0.826341,"[1.229608, 0.892646, 0.826341, 0.798725, 0.791301]",bv,55145,1234,1bfa7fac034ddab621396652290226fe562a9444fff85951d792c455ea24e891,20845,numeric,114,38,18,24,76,0,"{""rz"": 76, ""sx"": 38, ""cx"": 18, ""measure"": 35}",core,1.821371,"[2.057117, 1.821371, 1.805932, 1.818268, 1.925932]",119.4765625,36,38,exported,5.111025,"[5.372754, 5.143137, 5.111025, 5.078688, 5.107745]",ibm_sxz_cx,18,"{""kind"": ""native_contract_only"", ""passed"": true, ""errors"": [], ""checked_instructions"": 167, ""bindings"": 1, ""semantic_equivalence"": ""not checked at large width""}"
previous,core_bv_36,static: each control-flow region counted once,25,flat circuit,,0.800134,"[1.265224, 0.861733, 0.800134, 0.785861, 0.775269]",bv,55145,1234,1bfa7fac034ddab621396652290226fe562a9444fff85951d792c455ea24e891,20366,numeric,109,37,18,24,72,0,"{""x"": 1, ""rz"": 72, ""sx"": 36, ""cz"": 18, ""measure"": 35}",core,1.87222,"[2.049277, 1.822908, 1.87222, 1.8079, 2.600208]",119.3515625,36,37,exported,4.745822,"[4.840047, 4.815487, 4.745822, 4.743422, 4.734398]",ibm_sxz_cz,18,"{""kind"": ""native_contract_only"", ""passed"": true, ""errors"": [], ""checked_instructions"": 162, ""bindings"": 1, ""semantic_equivalence"": ""not checked at large width""}"
previous,core_bv_36,static: each control-flow region counted once,41,flat circuit,,1.293272,"[1.634587, 1.293272, 1.333929, 1.170167, 1.146967]",bv,55145,1234,1bfa7fac034ddab621396652290226fe562a9444fff85951d792c455ea24e891,19280,numeric,110,37,18,40,73,0,"{""rz"": 73, ""gpi2"": 36, ""rzz"": 18, ""gpi"": 1, ""measure"": 35}",core,1.900508,"[2.064877, 1.900508, 1.795788, 1.812315, 2.24667]",121.8671875,36,41,exported,5.182642,"[5.410179, 5.166705, 5.182642, 5.169249, 5.203585]",ionq_fixed_r_zz,18,"{""kind"": ""native_contract_only"", ""passed"": true, ""errors"": [], ""checked_instructions"": 163, ""bindings"": 1, ""semantic_equivalence"": ""not checked at large width""}"
previous,core_bv_36,static: each control-flow region counted once,22,flat circuit,,0.634644,"[1.029223, 0.691972, 0.634644, 0.62818, 0.617364]",bv,55145,1234,1bfa7fac034ddab621396652290226fe562a9444fff85951d792c455ea24e891,16924,numeric,38,38,18,21,0,0,"{""r"": 38, ""cz"": 18, ""measure"": 35}",core,1.837068,"[2.071629, 1.837068, 1.799915, 1.804411, 2.392927]",118.8828125,36,40,exported,4.746782,"[4.822703, 4.919279, 4.746782, 4.692238, 4.729598]",iqm_r_cz,18,"{""kind"": ""native_contract_only"", ""passed"": true, ""errors"": [], ""checked_instructions"": 91, ""bindings"": 1, ""semantic_equivalence"": ""not checked at large width""}"
previous,core_bv_36,static: each control-flow region counted once,25,flat circuit,,1.090551,"[1.528025, 1.15684, 1.090551, 1.072791, 1.065926]",bv,55145,1234,1bfa7fac034ddab621396652290226fe562a9444fff85951d792c455ea24e891,21254,numeric,109,37,18,24,72,0,"{""rxpi"": 1, ""rz"": 72, ""rxpi2"": 36, ""cz"": 18, ""measure"": 35}",core,1.82342,"[2.042605, 1.82342, 1.81398, 1.805659, 2.206302]",119.51171875,36,37,exported,4.78907,"[5.01616, 4.824175, 4.78907, 4.787455, 4.772942]",rigetti_rx_cz,18,"{""kind"": ""native_contract_only"", ""passed"": true, ""errors"": [], ""checked_instructions"": 162, ""bindings"": 1, ""semantic_equivalence"": ""not checked at large width""}"
previous,core_bv_36,static: each control-flow region counted once,41,flat circuit,,0.726388,"[1.142792, 0.771493, 0.726388, 0.701685, 0.693684]",bv,55145,1234,1bfa7fac034ddab621396652290226fe562a9444fff85951d792c455ea24e891,18704,numeric,111,37,18,40,74,0,"{""rz"": 74, ""rx"": 37, ""rzz"": 18, ""measure"": 35}",core,1.823436,"[2.040077, 1.823436, 1.790539, 1.807692, 1.88694]",119.36328125,36,39,exported,5.077233,"[5.759413, 5.092656, 5.044736, 5.042928, 5.077233]",rxrz_rzz_unbounded,18,"{""kind"": ""native_contract_only"", ""passed"": true, ""errors"": [], ""checked_instructions"": 164, ""bindings"": 1, ""semantic_equivalence"": ""not checked at large width""}"
previous,core_bv_54,static: each control-flow region counted once,34,flat circuit,,1.179464,"[1.691066, 1.272712, 1.179464, 1.163527, 1.154279]",bv,83691,1864,3a71e1e1581add67c5ab877b6faf9a8579bbbc0060246e54a221faff14bfd8fb,30762,numeric,163,55,27,33,108,0,"{""x"": 1, ""rz"": 108, ""rx"": 54, ""cz"": 27, ""measure"": 53}",core,2.490944,"[2.663537, 2.490944, 2.734193, 2.436912, 2.455343]",121.3125,54,55,exported,7.903426,"[7.932547, 7.903426, 7.925986, 7.889666, 7.830513]",ibm_fractional_bounded,27,"{""kind"": ""native_contract_only"", ""passed"": true, ""errors"": [], ""checked_instructions"": 243, ""bindings"": 1, ""semantic_equivalence"": ""not checked at large width""}"
previous,core_bv_54,static: each control-flow region counted once,34,flat circuit,,1.183496,"[1.686394, 1.254264, 1.183496, 1.158407, 1.145031]",bv,83691,1864,3a71e1e1581add67c5ab877b6faf9a8579bbbc0060246e54a221faff14bfd8fb,30686,numeric,168,56,27,33,112,0,"{""rz"": 112, ""sx"": 56, ""cx"": 27, ""measure"": 53}",core,2.459711,"[2.673264, 2.419088, 2.459711, 2.43472, 2.812802]",119.78125,54,55,exported,8.367445,"[8.436949, 8.371221, 8.353941, 8.362117, 8.367445]",ibm_sxz_cx,27,"{""kind"": ""native_contract_only"", ""passed"": true, ""errors"": [], ""checked_instructions"": 248, ""bindings"": 1, ""semantic_equivalence"": ""not checked at large width""}"
previous,core_bv_54,static: each control-flow region counted once,34,flat circuit,,1.16012,"[1.657914, 1.225768, 1.16012, 1.151319, 1.141447]",bv,83691,1864,3a71e1e1581add67c5ab877b6faf9a8579bbbc0060246e54a221faff14bfd8fb,30195,numeric,163,55,27,33,108,0,"{""x"": 1, ""rz"": 108, ""sx"": 54, ""cz"": 27, ""measure"": 53}",core,2.693009,"[2.693009, 2.469375, 2.415727, 2.864914, 2.93781]",119.765625,54,55,exported,7.872498,"[7.959074, 7.872498, 7.87125, 7.885394, 7.844113]",ibm_sxz_cz,27,"{""kind"": ""native_contract_only"", ""passed"": true, ""errors"": [], ""checked_instructions"": 243, ""bindings"": 1, ""semantic_equivalence"": ""not checked at large width""}"
previous,core_bv_54,static: each control-flow region counted once,59,flat circuit,,1.821835,"[2.233102, 2.000989, 1.821835, 1.699995, 1.672475]",bv,83691,1864,3a71e1e1581add67c5ab877b6faf9a8579bbbc0060246e54a221faff14bfd8fb,28338,numeric,164,55,27,58,109,0,"{""rz"": 109, ""gpi2"": 54, ""rzz"": 27, ""gpi"": 1, ""measure"": 53}",core,2.474847,"[2.674529, 2.433984, 2.446703, 2.474896, 2.474847]",121.7734375,54,59,exported,8.481814,"[8.554678, 8.481814, 8.471478, 8.484598, 8.477301]",ionq_fixed_r_zz,27,"{""kind"": ""native_contract_only"", ""passed"": true, ""errors"": [], ""checked_instructions"": 244, ""bindings"": 1, ""semantic_equivalence"": ""not checked at large width""}"
previous,core_bv_54,static: each control-flow region counted once,31,flat circuit,,0.923974,"[1.359977, 1.009062, 0.923974, 0.91839, 0.912005]",bv,83691,1864,3a71e1e1581add67c5ab877b6faf9a8579bbbc0060246e54a221faff14bfd8fb,24974,numeric,56,56,27,30,0,0,"{""r"": 56, ""cz"": 27, ""measure"": 53}",core,2.48856,"[2.698609, 2.529904, 2.416431, 2.48856, 2.474048]",119.671875,54,58,exported,7.845714,"[7.929506, 7.833298, 7.859762, 7.821937, 7.845714]",iqm_r_cz,27,"{""kind"": ""native_contract_only"", ""passed"": true, ""errors"": [], ""checked_instructions"": 136, ""bindings"": 1, ""semantic_equivalence"": ""not checked at large width""}"
previous,core_bv_54,static: each control-flow region counted once,34,flat circuit,,1.660426,"[2.063581, 1.660426, 1.587258, 1.545178, 1.700267]",bv,83691,1864,3a71e1e1581add67c5ab877b6faf9a8579bbbc0060246e54a221faff14bfd8fb,31356,numeric,163,55,27,33,108,0,"{""rxpi"": 1, ""rz"": 108, ""rxpi2"": 54, ""cz"": 27, ""measure"": 53}",core,2.443967,"[2.678128, 2.434592, 2.400783, 2.443967, 2.919171]",119.24609375,54,56,exported,7.871665,"[8.128676, 7.938754, 7.86853, 7.863153, 7.871665]",rigetti_rx_cz,27,"{""kind"": ""native_contract_only"", ""passed"": true, ""errors"": [], ""checked_instructions"": 243, ""bindings"": 1, ""semantic_equivalence"": ""not checked at large width""}"
previous,core_bv_54,static: each control-flow region counted once,59,flat circuit,,1.062663,"[1.498842, 1.104791, 1.043926, 1.023879, 1.062663]",bv,83691,1864,3a71e1e1581add67c5ab877b6faf9a8579bbbc0060246e54a221faff14bfd8fb,27618,numeric,165,55,27,58,110,0,"{""rz"": 110, ""rx"": 55, ""rzz"": 27, ""measure"": 53}",core,2.65888,"[2.65888, 2.409936, 2.382623, 2.844018, 2.92261]",121.75,54,57,exported,8.303188,"[8.357301, 8.314021, 8.303188, 8.293653, 8.294932]",rxrz_rzz_unbounded,27,"{""kind"": ""native_contract_only"", ""passed"": true, ""errors"": [], ""checked_instructions"": 245, ""bindings"": 1, ""semantic_equivalence"": ""not checked at large width""}"
previous,core_ghz_104,static: each control-flow region counted once,313,flat circuit,,3.227972,"[3.943609, 3.327669, 3.227972, 3.212245, 3.198916]",ghz,99145,1865,82927e6907aeecfc4c3fa8bb5234c581d762cd6c227990c35bfb8e05b0ed64f4,84105,numeric,724,310,103,312,414,0,"{""rz"": 414, ""rx"": 310, ""rzz"": 103, ""measure"": 104}",core,3.003987,"[3.003987, 2.741569, 3.181092, 2.848274, 3.295813]",122.48828125,104,109,exported,15.496833,"[15.576898, 15.555042, 15.493618, 15.488914, 15.496833]",ibm_fractional_bounded,103,"{""kind"": ""native_contract_only"", ""passed"": true, ""errors"": [], ""checked_instructions"": 931, ""bindings"": 1, ""semantic_equivalence"": ""not checked at large width""}"
previous,core_ghz_104,static: each control-flow region counted once,107,flat circuit,,1.842236,"[2.395631, 1.954204, 1.842236, 1.810267, 1.792316]",ghz,99145,1865,82927e6907aeecfc4c3fa8bb5234c581d762cd6c227990c35bfb8e05b0ed64f4,54527,numeric,3,1,103,106,2,0,"{""rz"": 2, ""sx"": 1, ""cx"": 103, ""measure"": 104}",core,2.835282,"[2.975314, 2.77357, 2.835282, 3.197876, 2.832866]",121.3515625,104,106,exported,12.532303,"[12.631295, 12.580991, 12.507487, 12.458367, 12.532303]",ibm_sxz_cx,103,"{""kind"": ""native_contract_only"", ""passed"": true, ""errors"": [], ""checked_instructions"": 210, ""bindings"": 1, ""semantic_equivalence"": ""not checked at large width""}"
previous,core_ghz_104,static: each control-flow region counted once,416,flat circuit,,3.493078,"[4.24065, 3.559767, 3.493078, 3.435078, 3.445317]",ghz,99145,1865,82927e6907aeecfc4c3fa8bb5234c581d762cd6c227990c35bfb8e05b0ed64f4,88372,numeric,621,207,103,415,414,0,"{""rz"": 414, ""sx"": 207, ""cz"": 103, ""measure"": 104}",core,3.068387,"[3.068387, 2.750065, 2.778098, 3.526806, 3.16362]",122.39453125,104,107,exported,14.202441,"[14.292602, 14.199802, 14.21785, 14.202441, 14.175242]",ibm_sxz_cz,103,"{""kind"": ""native_contract_only"", ""passed"": true, ""errors"": [], ""checked_instructions"": 828, ""bindings"": 1, ""semantic_equivalence"": ""not checked at large width""}"
previous,core_ghz_104,static: each control-flow region counted once,313,flat circuit,,2.95565,"[3.646167, 3.032275, 2.951011, 2.95565, 2.929635]",ghz,99145,1865,82927e6907aeecfc4c3fa8bb5234c581d762cd6c227990c35bfb8e05b0ed64f4,77537,numeric,621,207,103,312,414,0,"{""rz"": 414, ""rx"": 207, ""rzz"": 103, ""measure"": 104}",core,2.840594,"[2.998835, 2.737089, 2.81597, 3.194276, 2.840594]",122.8125,104,108,exported,13.968712,"[13.987176, 13.937528, 13.999417, 13.935145, 13.968712]",rxrz_rzz_unbounded,103,"{""kind"": ""native_contract_only"", ""passed"": true, ""errors"": [], ""checked_instructions"": 828, ""bindings"": 1, ""semantic_equivalence"": ""not checked at large width""}"
previous,core_ghz_156,static: each control-flow region counted once,469,flat circuit,,4.940655,"[5.895253, 5.03992, 4.940655, 4.889679, 4.881135]",ghz,150469,2801,a2956f90b4f44761b1b2ca8ea66492bb0e1d5f303d2fe7eec6943ddcc98467a2,126557,numeric,1088,466,155,468,622,0,"{""rz"": 622, ""rx"": 466, ""rzz"": 155, ""measure"": 156}",core,4.225482,"[4.530461, 4.301323, 4.225482, 4.000218, 4.022473]",126.48828125,156,161,exported,25.352336,"[25.357456, 25.242639, 25.352336, 25.184959, 25.371328]",ibm_fractional_bounded,155,"{""kind"": ""native_contract_only"", ""passed"": true, ""errors"": [], ""checked_instructions"": 1399, ""bindings"": 1, ""semantic_equivalence"": ""not checked at large width""}"
previous,core_ghz_156,static: each control-flow region counted once,159,flat circuit,,2.736849,"[3.443638, 2.815538, 2.736849, 2.706993, 2.686785]",ghz,150469,2801,a2956f90b4f44761b1b2ca8ea66492bb0e1d5f303d2fe7eec6943ddcc98467a2,81775,numeric,3,1,155,158,2,0,"{""rz"": 2, ""sx"": 1, ""cx"": 155, ""measure"": 156}",core,4.13753,"[4.13753, 3.950409, 4.005049, 4.380859, 4.589869]",122.0390625,156,158,exported,20.802195,"[20.844019, 20.805123, 20.775891, 20.802195, 20.783091]",ibm_sxz_cx,155,"{""kind"": ""native_contract_only"", ""passed"": true, ""errors"": [], ""checked_instructions"": 314, ""bindings"": 1, ""semantic_equivalence"": ""not checked at large width""}"
previous,core_ghz_156,static: each control-flow region counted once,624,flat circuit,,5.322945,"[6.228295, 5.417314, 5.322945, 5.289938, 5.274001]",ghz,150469,2801,a2956f90b4f44761b1b2ca8ea66492bb0e1d5f303d2fe7eec6943ddcc98467a2,133166,numeric,933,311,155,623,622,0,"{""rz"": 622, ""sx"": 311, ""cz"": 155, ""measure"": 156}",core,4.243803,"[4.210634, 4.243803, 4.347339, 4.29366, 4.026249]",126.3125,156,159,exported,23.399523,"[23.459844, 23.503284, 23.399523, 23.335139, 23.309395]",ibm_sxz_cz,155,"{""kind"": ""native_contract_only"", ""passed"": true, ""errors"": [], ""checked_instructions"": 1244, ""bindings"": 1, ""semantic_equivalence"": ""not checked at large width""}"
previous,core_ghz_156,static: each control-flow region counted once,469,flat circuit,,4.542684,"[5.396322, 4.624494, 4.542684, 4.521373, 4.5171]",ghz,150469,2801,a2956f90b4f44761b1b2ca8ea66492bb0e1d5f303d2fe7eec6943ddcc98467a2,116563,numeric,933,311,155,468,622,0,"{""rz"": 622, ""rx"": 311, ""rzz"": 155, ""measure"": 156}",core,4.185115,"[4.185115, 4.225403, 4.491612, 4.019641, 3.972729]",125.65234375,156,160,exported,22.856672,"[23.035665, 22.8392, 22.887265, 22.856672, 22.75528]",rxrz_rzz_unbounded,155,"{""kind"": ""native_contract_only"", ""passed"": true, ""errors"": [], ""checked_instructions"": 1244, ""bindings"": 1, ""semantic_equivalence"": ""not checked at large width""}"
previous,core_ghz_24,static: each control-flow region counted once,73,flat circuit,,0.779733,"[1.163768, 0.828341, 0.779733, 0.755716, 0.763765]",ghz,22241,425,0126a50ff345d83deae734493df23b170e8fe048ca4fe877a52a74e2d2e611c7,20037,numeric,164,70,23,72,94,0,"{""rz"": 94, ""rx"": 70, ""rzz"": 23, ""measure"": 24}",core,1.085063,"[1.291897, 1.170023, 1.085063, 1.078182, 1.078743]",118.46875,24,29,exported,3.307077,"[3.307077, 3.697975, 3.547206, 3.224052, 3.226756]",ibm_fractional_bounded,23,"{""kind"": ""native_contract_only"", ""passed"": true, ""errors"": [], ""checked_instructions"": 211, ""bindings"": 1, ""semantic_equivalence"": ""not checked at large width""}"
previous,core_ghz_24,static: each control-flow region counted once,27,flat circuit,,0.477587,"[0.818997, 0.528419, 0.477587, 0.457347, 0.449043]",ghz,22241,425,0126a50ff345d83deae734493df23b170e8fe048ca4fe877a52a74e2d2e611c7,13203,numeric,3,1,23,26,2,0,"{""rz"": 2, ""sx"": 1, ""cx"": 23, ""measure"": 24}",core,1.128103,"[1.300264, 1.128103, 1.078295, 1.084951, 1.135703]",118.93359375,24,26,exported,2.65856,"[2.65856, 3.286404, 2.826882, 2.593841, 2.551728]",ibm_sxz_cx,23,"{""kind"": ""native_contract_only"", ""passed"": true, ""errors"": [], ""checked_instructions"": 50, ""bindings"": 1, ""semantic_equivalence"": ""not checked at large width""}"
previous,core_ghz_24,static: each control-flow region counted once,96,flat circuit,,0.821285,"[1.205031, 0.877606, 0.821285, 0.804725, 0.800021]",ghz,22241,425,0126a50ff345d83deae734493df23b170e8fe048ca4fe877a52a74e2d2e611c7,20708,numeric,141,47,23,95,94,0,"{""rz"": 94, ""sx"": 47, ""cz"": 23, ""measure"": 24}",core,1.122919,"[1.324904, 1.122919, 1.079575, 1.078662, 1.127079]",118.48046875,24,27,exported,3.036355,"[3.036355, 3.373077, 3.23786, 2.950387, 2.936658]",ibm_sxz_cz,23,"{""kind"": ""native_contract_only"", ""passed"": true, ""errors"": [], ""checked_instructions"": 188, ""bindings"": 1, ""semantic_equivalence"": ""not checked at large width""}"
previous,core_ghz_24,static: each control-flow region counted once,96,flat circuit,,1.370361,"[1.780843, 1.55337, 1.370361, 1.327368, 1.331656]",ghz,22241,425,0126a50ff345d83deae734493df23b170e8fe048ca4fe877a52a74e2d2e611c7,20214,numeric,164,47,23,95,117,0,"{""rz"": 117, ""gpi2"": 47, ""rzz"": 23, ""measure"": 24}",core,1.108471,"[1.302072, 1.182456, 1.108471, 1.093815, 1.082822]",120.92578125,24,29,exported,3.021475,"[3.767944, 3.329317, 3.021475, 3.000003, 2.990131]",ionq_fixed_r_zz,23,"{""kind"": ""native_contract_only"", ""passed"": true, ""errors"": [], ""checked_instructions"": 211, ""bindings"": 1, ""semantic_equivalence"": ""not checked at large width""}"
previous,core_ghz_24,static: each control-flow region counted once,48,flat circuit,,0.6045,"[0.97879, 0.662836, 0.6045, 0.59202, 0.579828]",ghz,22241,425,0126a50ff345d83deae734493df23b170e8fe048ca4fe877a52a74e2d2e611c7,15886,numeric,47,47,23,47,0,0,"{""r"": 47, ""cz"": 23, ""measure"": 24}",core,1.093943,"[1.32212, 1.145575, 1.093319, 1.093943, 1.081895]",118.44921875,24,27,exported,3.223604,"[3.392069, 3.246948, 3.223604, 2.945522, 2.93349]",iqm_r_cz,23,"{""kind"": ""native_contract_only"", ""passed"": true, ""errors"": [], ""checked_instructions"": 94, ""bindings"": 1, ""semantic_equivalence"": ""not checked at large width""}"
previous,core_ghz_24,static: each control-flow region counted once,96,flat circuit,,1.232856,"[1.600746, 1.232856, 1.176727, 1.152551, 1.294824]",ghz,22241,425,0126a50ff345d83deae734493df23b170e8fe048ca4fe877a52a74e2d2e611c7,21478,numeric,141,47,23,95,94,0,"{""rz"": 94, ""rxpi2"": 47, ""cz"": 23, ""measure"": 24}",core,1.08023,"[1.299833, 1.133575, 1.08023, 1.079143, 1.076775]",119.23046875,24,26,exported,2.98229,"[3.398949, 3.555462, 2.98229, 2.961747, 2.958803]",rigetti_rx_cz,23,"{""kind"": ""native_contract_only"", ""passed"": true, ""errors"": [], ""checked_instructions"": 188, ""bindings"": 1, ""semantic_equivalence"": ""not checked at large width""}"
previous,core_ghz_24,static: each control-flow region counted once,73,flat circuit,,0.711797,"[1.120727, 0.756645, 0.711797, 0.710052, 0.696596]",ghz,22241,425,0126a50ff345d83deae734493df23b170e8fe048ca4fe877a52a74e2d2e611c7,18271,numeric,141,47,23,72,94,0,"{""rz"": 94, ""rx"": 47, ""rzz"": 23, ""measure"": 24}",core,1.093735,"[1.307112, 1.116151, 1.072455, 1.093735, 1.077559]",118.47265625,24,28,exported,2.909074,"[3.305316, 2.909074, 3.414725, 2.885458, 2.908978]",rxrz_rzz_unbounded,23,"{""kind"": ""native_contract_only"", ""passed"": true, ""errors"": [], ""checked_instructions"": 188, ""bindings"": 1, ""semantic_equivalence"": ""not checked at large width""}"
previous,core_ghz_36,static: each control-flow region counted once,109,flat circuit,,1.153399,"[1.626939, 1.20252, 1.153399, 1.130631, 1.1278]",ghz,33647,641,59318b9fa04dc94f29ad9faa2807379242b66278f588963937a02790964987f3,29599,numeric,248,106,35,108,142,0,"{""rz"": 142, ""rx"": 106, ""rzz"": 35, ""measure"": 36}",core,1.335352,"[1.576522, 1.353721, 1.330809, 1.335352, 1.334361]",120.91796875,36,41,exported,4.872095,"[5.609156, 5.188913, 4.872095, 4.849567, 4.842031]",ibm_fractional_bounded,35,"{""kind"": ""native_contract_only"", ""passed"": true, ""errors"": [], ""checked_instructions"": 319, ""bindings"": 1, ""semantic_equivalence"": ""not checked at large width""}"
previous,core_ghz_36,static: each control-flow region counted once,39,flat circuit,,0.670852,"[1.058263, 0.727221, 0.670852, 0.658484, 0.6577]",ghz,33647,641,59318b9fa04dc94f29ad9faa2807379242b66278f588963937a02790964987f3,19317,numeric,3,1,35,38,2,0,"{""rz"": 2, ""sx"": 1, ""cx"": 35, ""measure"": 36}",core,1.369737,"[1.607114, 1.369737, 1.337449, 1.428329, 1.356073]",119.10546875,36,38,exported,3.840969,"[4.520317, 3.863273, 3.840969, 3.821512, 3.802328]",ibm_sxz_cx,35,"{""kind"": ""native_contract_only"", ""passed"": true, ""errors"": [], ""checked_instructions"": 74, ""bindings"": 1, ""semantic_equivalence"": ""not checked at large width""}"
previous,core_ghz_36,static: each control-flow region counted once,144,flat circuit,,1.219448,"[1.668059, 1.26996, 1.219448, 1.205863, 1.195112]",ghz,33647,641,59318b9fa04dc94f29ad9faa2807379242b66278f588963937a02790964987f3,30808,numeric,213,71,35,143,142,0,"{""rz"": 142, ""sx"": 71, ""cz"": 35, ""measure"": 36}",core,1.343208,"[1.581658, 1.358921, 1.324841, 1.343208, 1.334009]",121.4375,36,39,exported,4.4123,"[5.048784, 4.452764, 4.4123, 4.371772, 4.373052]",ibm_sxz_cz,35,"{""kind"": ""native_contract_only"", ""passed"": true, ""errors"": [], ""checked_instructions"": 284, ""bindings"": 1, ""semantic_equivalence"": ""not checked at large width""}"
previous,core_ghz_36,static: each control-flow region counted once,144,flat circuit,,2.015133,"[2.669906, 2.045133, 1.981405, 1.957804, 2.015133]",ghz,33647,641,59318b9fa04dc94f29ad9faa2807379242b66278f588963937a02790964987f3,29920,numeric,248,71,35,143,177,0,"{""rz"": 177, ""gpi2"": 71, ""rzz"": 35, ""measure"": 36}",core,1.362185,"[1.579546, 1.362185, 1.330248, 1.412329, 1.340457]",122.140625,36,41,exported,4.471053,"[4.560893, 4.50046, 4.471053, 4.447549, 4.445372]",ionq_fixed_r_zz,35,"{""kind"": ""native_contract_only"", ""passed"": true, ""errors"": [], ""checked_instructions"": 319, ""bindings"": 1, ""semantic_equivalence"": ""not checked at large width""}"
previous,core_ghz_36,static: each control-flow region counted once,72,flat circuit,,0.878933,"[1.278488, 0.956295, 0.878933, 0.861542, 0.849925]",ghz,33647,641,59318b9fa04dc94f29ad9faa2807379242b66278f588963937a02790964987f3,23600,numeric,71,71,35,71,0,0,"{""r"": 71, ""cz"": 35, ""measure"": 36}",core,1.3794,"[1.593243, 1.3794, 1.342121, 1.406249, 1.344649]",119.21484375,36,39,exported,4.359484,"[5.418291, 4.420476, 4.359484, 4.334492, 4.330428]",iqm_r_cz,35,"{""kind"": ""native_contract_only"", ""passed"": true, ""errors"": [], ""checked_instructions"": 142, ""bindings"": 1, ""semantic_equivalence"": ""not checked at large width""}"
previous,core_ghz_36,static: each control-flow region counted once,144,flat circuit,,1.748491,"[2.155374, 1.748491, 1.822364, 1.677163, 1.655019]",ghz,33647,641,59318b9fa04dc94f29ad9faa2807379242b66278f588963937a02790964987f3,31768,numeric,213,71,35,143,142,0,"{""rz"": 142, ""rxpi2"": 71, ""cz"": 35, ""measure"": 36}",core,1.335241,"[1.604442, 1.366345, 1.312408, 1.335241, 1.329561]",120.9453125,36,38,exported,4.409756,"[5.394371, 4.43422, 4.392124, 4.395644, 4.409756]",rigetti_rx_cz,35,"{""kind"": ""native_contract_only"", ""passed"": true, ""errors"": [], ""checked_instructions"": 284, ""bindings"": 1, ""semantic_equivalence"": ""not checked at large width""}"
previous,core_ghz_36,static: each control-flow region counted once,109,flat circuit,,1.058246,"[1.500074, 1.139719, 1.049031, 1.032695, 1.058246]",ghz,33647,641,59318b9fa04dc94f29ad9faa2807379242b66278f588963937a02790964987f3,27115,numeric,213,71,35,108,142,0,"{""rz"": 142, ""rx"": 71, ""rzz"": 35, ""measure"": 36}",core,1.366329,"[1.569146, 1.366329, 1.324776, 1.405033, 1.341321]",121.46875,36,40,exported,4.327308,"[4.714303, 4.935552, 4.319932, 4.327308, 4.28342]",rxrz_rzz_unbounded,35,"{""kind"": ""native_contract_only"", ""passed"": true, ""errors"": [], ""checked_instructions"": 284, ""bindings"": 1, ""semantic_equivalence"": ""not checked at large width""}"
previous,core_ghz_54,static: each control-flow region counted once,163,flat circuit,,1.686443,"[2.188094, 1.743675, 1.686443, 1.678939, 1.64857]",ghz,50765,965,10bc6a6378618b5e8af453594576c42594efbed4ae3318d3c49eebbf0907dc3c,43964,numeric,374,160,53,162,214,0,"{""rz"": 214, ""rx"": 160, ""rzz"": 53, ""measure"": 54}",core,1.758123,"[1.928093, 1.717451, 1.772043, 1.715883, 1.758123]",121.1953125,54,59,exported,7.448544,"[7.848482, 7.470111, 7.448544, 7.4408, 7.407759]",ibm_fractional_bounded,53,"{""kind"": ""native_contract_only"", ""passed"": true, ""errors"": [], ""checked_instructions"": 481, ""bindings"": 1, ""semantic_equivalence"": ""not checked at large width""}"
previous,core_ghz_54,static: each control-flow region counted once,57,flat circuit,,0.97695,"[1.437977, 1.046215, 0.97695, 0.967798, 0.944598]",ghz,50765,965,10bc6a6378618b5e8af453594576c42594efbed4ae3318d3c49eebbf0907dc3c,28515,numeric,3,1,53,56,2,0,"{""rz"": 2, ""sx"": 1, ""cx"": 53, ""measure"": 54}",core,1.727643,"[1.939981, 1.715243, 1.762955, 1.715451, 1.727643]",118.76171875,54,56,exported,5.895686,"[6.499226, 5.894997, 5.896789, 5.858982, 5.895686]",ibm_sxz_cx,53,"{""kind"": ""native_contract_only"", ""passed"": true, ""errors"": [], ""checked_instructions"": 110, ""bindings"": 1, ""semantic_equivalence"": ""not checked at large width""}"
previous,core_ghz_54,static: each control-flow region counted once,216,flat circuit,,1.792988,"[2.366415, 1.856508, 1.792988, 1.763611, 1.757515]",ghz,50765,965,10bc6a6378618b5e8af453594576c42594efbed4ae3318d3c49eebbf0907dc3c,45984,numeric,321,107,53,215,214,0,"{""rz"": 214, ""sx"": 107, ""cz"": 53, ""measure"": 54}",core,1.758027,"[1.925996, 1.720427, 1.758027, 1.720955, 1.76406]",121.765625,54,57,exported,6.714203,"[6.820668, 6.719402, 6.708875, 6.714203, 6.711387]",ibm_sxz_cz,53,"{""kind"": ""native_contract_only"", ""passed"": true, ""errors"": [], ""checked_instructions"": 428, ""bindings"": 1, ""semantic_equivalence"": ""not checked at large width""}"
previous,core_ghz_54,static: each control-flow region counted once,216,flat circuit,,2.980003,"[3.610423, 2.980003, 2.985667, 2.876914, 2.956275]",ghz,50765,965,10bc6a6378618b5e8af453594576c42594efbed4ae3318d3c49eebbf0907dc3c,44501,numeric,374,107,53,215,267,0,"{""rz"": 267, ""gpi2"": 107, ""rzz"": 53, ""measure"": 54}",core,1.735515,"[1.950381, 1.717931, 1.781515, 1.726763, 1.735515]",122.92578125,54,59,exported,6.888908,"[7.589088, 6.888908, 6.892364, 6.86838, 6.823755]",ionq_fixed_r_zz,53,"{""kind"": ""native_contract_only"", ""passed"": true, ""errors"": [], ""checked_instructions"": 481, ""bindings"": 1, ""semantic_equivalence"": ""not checked at large width""}"
previous,core_ghz_54,static: each control-flow region counted once,108,flat circuit,,1.289624,"[1.796603, 1.400249, 1.289624, 1.278233, 1.266488]",ghz,50765,965,10bc6a6378618b5e8af453594576c42594efbed4ae3318d3c49eebbf0907dc3c,35210,numeric,107,107,53,107,0,0,"{""r"": 107, ""cz"": 53, ""measure"": 54}",core,1.755035,"[1.950748, 1.737963, 1.801292, 1.733691, 1.755035]",121.08984375,54,57,exported,6.726827,"[6.809883, 6.751627, 6.726827, 6.715707, 6.697386]",iqm_r_cz,53,"{""kind"": ""native_contract_only"", ""passed"": true, ""errors"": [], ""checked_instructions"": 214, ""bindings"": 1, ""semantic_equivalence"": ""not checked at large width""}"
previous,core_ghz_54,static: each control-flow region counted once,216,flat circuit,,2.47984,"[3.132868, 2.680049, 2.47984, 2.457871, 2.446576]",ghz,50765,965,10bc6a6378618b5e8af453594576c42594efbed4ae3318d3c49eebbf0907dc3c,47230,numeric,321,107,53,215,214,0,"{""rz"": 214, ""rxpi2"": 107, ""cz"": 53, ""measure"": 54}",core,1.728619,"[1.921884, 1.728619, 1.714091, 1.713787, 1.791804]",121.93359375,54,56,exported,6.85054,"[6.931341, 6.85054, 6.863196, 6.849563, 6.838236]",rigetti_rx_cz,53,"{""kind"": ""native_contract_only"", ""passed"": true, ""errors"": [], ""checked_instructions"": 428, ""bindings"": 1, ""semantic_equivalence"": ""not checked at large width""}"
previous,core_ghz_54,static: each control-flow region counted once,163,flat circuit,,1.567834,"[2.060109, 1.608378, 1.548506, 1.567834, 1.522826]",ghz,50765,965,10bc6a6378618b5e8af453594576c42594efbed4ae3318d3c49eebbf0907dc3c,40398,numeric,321,107,53,162,214,0,"{""rz"": 214, ""rx"": 107, ""rzz"": 53, ""measure"": 54}",core,1.782443,"[1.949404, 1.79942, 1.720363, 1.730507, 1.782443]",121.29296875,54,58,exported,6.681402,"[6.781291, 6.681402, 6.821019, 6.639418, 6.643163]",rxrz_rzz_unbounded,53,"{""kind"": ""native_contract_only"", ""passed"": true, ""errors"": [], ""checked_instructions"": 428, ""bindings"": 1, ""semantic_equivalence"": ""not checked at large width""}"
previous,core_grover_24,static: each control-flow region counted once,8642,flat circuit,,113.960929,"[113.021802, 114.729846, 113.932608, 114.171858, 113.960929]",grover,88603,1826,54d15e00b0f0ece1297e853f0cbdd5fb0579e83ae99b2fa610b79eb12f2fc509,2712598,numeric,22396,7158,4052,8641,15238,0,"{""rz"": 15238, ""rx"": 7158, ""rzz"": 4052, ""measure"": 24}",core,2.707202,"[2.731793, 2.594913, 2.530401, 3.330469, 2.707202]",258.23828125,24,11580,exported,495.679077,"[490.90983, 495.679077, 497.755777, 494.330939, 496.221336]",ibm_fractional_bounded,2288,"{""kind"": ""native_contract_only"", ""passed"": true, ""errors"": [], ""checked_instructions"": 26472, ""bindings"": 1, ""semantic_equivalence"": ""not checked at large width""}"
previous,core_grover_24,static: each control-flow region counted once,9208,flat circuit,,136.996694,"[131.806022, 136.68042, 136.996694, 138.83205, 139.363124]",grover,88603,1826,54d15e00b0f0ece1297e853f0cbdd5fb0579e83ae99b2fa610b79eb12f2fc509,2720454,numeric,9367,475,7968,9207,8892,0,"{""rz"": 8892, ""sx"": 464, ""cx"": 7968, ""x"": 11, ""measure"": 24}",core,2.571457,"[2.734497, 2.575056, 2.508607, 2.571457, 2.543215]",238.25,24,106,exported,333.484591,"[333.104173, 333.23307, 334.021123, 333.484591, 333.919778]",ibm_sxz_cx,4508,"{""kind"": ""native_contract_only"", ""passed"": true, ""errors"": [], ""checked_instructions"": 17359, ""bindings"": 1, ""semantic_equivalence"": ""not checked at large width""}"
previous,core_grover_24,static: each control-flow region counted once,25874,flat circuit,,288.28026,"[279.472643, 284.345541, 288.28026, 289.180383, 289.906915]",grover,88603,1826,54d15e00b0f0ece1297e853f0cbdd5fb0579e83ae99b2fa610b79eb12f2fc509,4574098,numeric,40553,16065,7968,25873,24488,0,"{""rz"": 24488, ""sx"": 16056, ""cz"": 7968, ""x"": 9, ""measure"": 24}",core,2.595088,"[2.746609, 2.535408, 2.595088, 2.56168, 2.920562]",273.95703125,24,197,exported,559.065293,"[557.696836, 559.065293, 559.939491, 563.312904, 557.943047]",ibm_sxz_cz,4508,"{""kind"": ""native_contract_only"", ""passed"": true, ""errors"": [], ""checked_instructions"": 48545, ""bindings"": 1, ""semantic_equivalence"": ""not checked at large width""}"
previous,core_grover_24,static: each control-flow region counted once,13088,flat circuit,,406.962326,"[406.962326, 391.432785, 425.611693, 393.283773, 467.932095]",grover,88603,1826,54d15e00b0f0ece1297e853f0cbdd5fb0579e83ae99b2fa610b79eb12f2fc509,3996363,numeric,38613,15321,4052,13087,23292,0,"{""rz"": 23292, ""gpi2"": 15179, ""rzz"": 4052, ""gpi"": 142, ""measure"": 24}",core,2.583297,"[2.734049, 2.48312, 2.583297, 2.547665, 3.279669]",484.65625,24,12325,exported,902.924811,"[902.924811, 902.031509, 903.228188, 902.560184, 903.523086]",ionq_fixed_r_zz,2288,"{""kind"": ""native_contract_only"", ""passed"": true, ""errors"": [], ""checked_instructions"": 42689, ""bindings"": 1, ""semantic_equivalence"": ""not checked at large width""}"
previous,core_grover_24,static: each control-flow region counted once,8774,flat circuit,,152.155508,"[151.312415, 151.560609, 152.155508, 152.647016, 153.338156]",grover,88603,1826,54d15e00b0f0ece1297e853f0cbdd5fb0579e83ae99b2fa610b79eb12f2fc509,2853313,numeric,8104,8104,7968,8773,0,0,"{""r"": 8104, ""cz"": 7968, ""measure"": 24}",core,2.569776,"[2.735489, 2.521056, 2.569776, 2.564576, 2.907378]",232.83203125,24,1969,exported,518.215247,"[517.7811, 517.8527, 519.513143, 518.215247, 519.950249]",iqm_r_cz,4508,"{""kind"": ""native_contract_only"", ""passed"": true, ""errors"": [], ""checked_instructions"": 16096, ""bindings"": 1, ""semantic_equivalence"": ""not checked at large width""}"
previous,core_grover_24,static: each control-flow region counted once,25874,flat circuit,,361.026635,"[345.172964, 353.111912, 377.860951, 361.026635, 362.465011]",grover,88603,1826,54d15e00b0f0ece1297e853f0cbdd5fb0579e83ae99b2fa610b79eb12f2fc509,4723628,numeric,40553,16065,7968,25873,24488,0,"{""rz"": 24488, ""rxpi2"": 16056, ""cz"": 7968, ""rxpi"": 9, ""measure"": 24}",core,2.601585,"[2.769825, 2.524401, 2.546896, 2.601585, 2.911283]",289.2890625,24,214,exported,583.296998,"[582.612066, 582.229055, 583.296998, 585.44482, 590.745494]",rigetti_rx_cz,4508,"{""kind"": ""native_contract_only"", ""passed"": true, ""errors"": [], ""checked_instructions"": 48545, ""bindings"": 1, ""semantic_equivalence"": ""not checked at large width""}"
previous,core_grover_24,static: each control-flow region counted once,8597,flat circuit,,128.132349,"[128.132349, 127.804746, 127.832635, 128.249166, 129.274436]",grover,88603,1826,54d15e00b0f0ece1297e853f0cbdd5fb0579e83ae99b2fa610b79eb12f2fc509,2726730,numeric,22545,7241,4052,8596,15304,0,"{""rz"": 15304, ""rx"": 7241, ""rzz"": 4052, ""measure"": 24}",core,2.861363,"[2.78885, 2.893427, 2.862211, 2.577568, 2.861363]",259.3046875,24,11663,exported,494.380686,"[489.901089, 494.487391, 494.380686, 495.917352, 491.25921]",rxrz_rzz_unbounded,2288,"{""kind"": ""native_contract_only"", ""passed"": true, ""errors"": [], ""checked_instructions"": 26621, ""bindings"": 1, ""semantic_equivalence"": ""not checked at large width""}"
previous,core_grover_36,static: each control-flow region counted once,35282,flat circuit,,309.077385,"[307.530352, 309.077385, 308.826056, 310.177312, 311.483433]",grover,133253,2726,338e20d58451d02a86011549149878cbeb8bd543607de3825fc43d337ce958d7,5456808,numeric,50563,17253,15057,35281,33310,0,"{""rz"": 33310, ""rx"": 17253, ""rzz"": 15057, ""measure"": 36}",core,3.677783,"[4.071754, 3.458774, 3.965978, 3.677783, 3.563175]",433.2578125,36,321,exported,1265.385457,"[1265.555395, 1263.591126, 1265.385457, 1267.851168, 1261.999962]",ibm_fractional_bounded,12817,"{""kind"": ""native_contract_only"", ""passed"": true, ""errors"": [], ""checked_instructions"": 65656, ""bindings"": 1, ""semantic_equivalence"": ""not checked at large width""}"
previous,core_grover_36,static: each control-flow region counted once,30951,flat circuit,,398.463438,"[389.702822, 396.508176, 398.463438, 405.047047, 403.636158]",grover,133253,2726,338e20d58451d02a86011549149878cbeb8bd543607de3825fc43d337ce958d7,6153437,numeric,26010,5527,16752,30950,20483,0,"{""rz"": 20483, ""sx"": 4512, ""cx"": 16752, ""x"": 1015, ""measure"": 36}",core,3.683127,"[3.683127, 3.493063, 3.878745, 3.944505, 3.537191]",393.9765625,36,187,exported,823.289029,"[818.797528, 827.175198, 823.978489, 822.003324, 823.289029]",ibm_sxz_cx,13616,"{""kind"": ""native_contract_only"", ""passed"": true, ""errors"": [], ""checked_instructions"": 42798, ""bindings"": 1, ""semantic_equivalence"": ""not checked at large width""}"
previous,core_grover_36,static: each control-flow region counted once,62537,flat circuit,,689.637683,"[670.275783, 684.71394, 689.637683, 693.015016, 699.2316]",grover,133253,2726,338e20d58451d02a86011549149878cbeb8bd543607de3825fc43d337ce958d7,9272857,numeric,78896,29029,16752,62536,49867,0,"{""rz"": 49867, ""sx"": 28578, ""cz"": 16752, ""x"": 451, ""measure"": 36}",core,3.687816,"[3.687816, 3.80708, 3.480102, 3.552599, 4.05633]",439.4765625,36,259,exported,1299.426408,"[1285.360463, 1301.012851, 1303.806629, 1299.426408, 1295.432014]",ibm_sxz_cz,13616,"{""kind"": ""native_contract_only"", ""passed"": true, ""errors"": [], ""checked_instructions"": 95684, ""bindings"": 1, ""semantic_equivalence"": ""not checked at large width""}"
previous,core_grover_36,static: each control-flow region counted once,52650,flat circuit,,803.7185,"[750.749793, 803.7185, 839.636696, 855.116988, 784.17535]",grover,133253,2726,338e20d58451d02a86011549149878cbeb8bd543607de3825fc43d337ce958d7,6754944,numeric,68707,25141,15057,52649,43566,0,"{""rz"": 43566, ""gpi2"": 23010, ""gpi"": 2131, ""rzz"": 15057, ""measure"": 36}",core,3.71804,"[3.71804, 3.551367, 3.8182, 4.090538, 3.568887]",601.98828125,36,376,exported,1264.993034,"[1263.087247, 1263.820995, 1265.146699, 1266.423539, 1264.993034]",ionq_fixed_r_zz,12817,"{""kind"": ""native_contract_only"", ""passed"": true, ""errors"": [], ""checked_instructions"": 83800, ""bindings"": 1, ""semantic_equivalence"": ""not checked at large width""}"
previous,core_grover_36,static: each control-flow region counted once,23321,flat circuit,,448.920914,"[439.349189, 444.257941, 448.920914, 452.265192, 450.992831]",grover,133253,2726,338e20d58451d02a86011549149878cbeb8bd543607de3825fc43d337ce958d7,6192258,numeric,18336,18336,16752,23320,0,0,"{""r"": 18336, ""cz"": 16752, ""measure"": 36}",core,3.740168,"[3.740168, 3.48759, 4.144363, 3.919593, 3.590695]",391.46875,36,4505,exported,1289.744154,"[1284.323753, 1287.40398, 1289.744154, 1291.248276, 1291.022353]",iqm_r_cz,13616,"{""kind"": ""native_contract_only"", ""passed"": true, ""errors"": [], ""checked_instructions"": 35124, ""bindings"": 1, ""semantic_equivalence"": ""not checked at large width""}"
previous,core_grover_36,static: each control-flow region counted once,62539,flat circuit,,829.805332,"[829.805332, 823.420571, 827.585574, 875.087364, 841.081612]",grover,133253,2726,338e20d58451d02a86011549149878cbeb8bd543607de3825fc43d337ce958d7,9533557,numeric,78898,29030,16752,62538,49868,0,"{""rz"": 49868, ""rxpi2"": 28579, ""cz"": 16752, ""rxpi"": 451, ""measure"": 36}",core,3.824344,"[4.094906, 3.477206, 3.832505, 3.824344, 3.550039]",478.09375,36,292,exported,1366.473082,"[1362.228287, 1366.473082, 1369.04969, 1368.850728, 1366.34164]",rigetti_rx_cz,13616,"{""kind"": ""native_contract_only"", ""passed"": true, ""errors"": [], ""checked_instructions"": 95686, ""bindings"": 1, ""semantic_equivalence"": ""not checked at large width""}"
previous,core_grover_36,static: each control-flow region counted once,39357,flat circuit,,331.771773,"[325.602005, 328.486584, 332.389009, 331.771773, 337.500177]",grover,133253,2726,338e20d58451d02a86011549149878cbeb8bd543607de3825fc43d337ce958d7,5444138,numeric,51002,16455,15057,39356,34547,0,"{""rz"": 34547, ""rx"": 16455, ""rzz"": 15057, ""measure"": 36}",core,3.722728,"[3.722728, 3.570759, 3.832153, 4.149914, 3.487367]",415.27734375,36,401,exported,1115.467113,"[1080.942845, 1117.242085, 1101.937091, 1117.479493, 1115.467113]",rxrz_rzz_unbounded,12817,"{""kind"": ""native_contract_only"", ""passed"": true, ""errors"": [], ""checked_instructions"": 66095, ""bindings"": 1, ""semantic_equivalence"": ""not checked at large width""}"
previous,core_grover_54,static: each control-flow region counted once,53498,flat circuit,,498.826888,"[493.801625, 498.071427, 498.826888, 503.114643, 502.41523]",grover,201803,4076,874cea4e1d01f431871dd0bcdc822ecaf552b52d333d1c779ab6da4e3e8592e7,8311971,numeric,76701,26208,22872,53497,50493,0,"{""rz"": 50493, ""rx"": 26208, ""rzz"": 22872, ""measure"": 54}",core,5.181825,"[5.181825, 4.969088, 5.382258, 5.706228, 5.076256]",588.50390625,54,435,exported,2147.721512,"[2157.668536, 2147.721512, 2149.626851, 2145.419096, 2141.316269]",ibm_fractional_bounded,19408,"{""kind"": ""native_contract_only"", ""passed"": true, ""errors"": [], ""checked_instructions"": 99627, ""bindings"": 1, ""semantic_equivalence"": ""not checked at large width""}"
previous,core_grover_54,static: each control-flow region counted once,47109,flat circuit,,662.668754,"[643.690233, 659.041339, 662.668754, 675.983926, 677.789762]",grover,201803,4076,874cea4e1d01f431871dd0bcdc822ecaf552b52d333d1c779ab6da4e3e8592e7,9344954,numeric,39384,8314,25392,47108,31070,0,"{""rz"": 31070, ""sx"": 6898, ""cx"": 25392, ""x"": 1416, ""measure"": 54}",core,5.118496,"[5.584259, 5.430483, 5.118496, 5.035328, 5.01736]",528.05859375,54,241,exported,1425.270799,"[1415.291633, 1436.003013, 1452.086266, 1418.446244, 1425.270799]",ibm_sxz_cx,20617,"{""kind"": ""native_contract_only"", ""passed"": true, ""errors"": [], ""checked_instructions"": 64830, ""bindings"": 1, ""semantic_equivalence"": ""not checked at large width""}"
previous,core_grover_54,static: each control-flow region counted once,94938,flat circuit,,1110.474804,"[1073.459258, 1097.578098, 1110.474804, 1122.303215, 1126.423625]",grover,201803,4076,874cea4e1d01f431871dd0bcdc822ecaf552b52d333d1c779ab6da4e3e8592e7,14160118,numeric,119497,43911,25392,94937,75586,0,"{""rz"": 75586, ""sx"": 43295, ""cz"": 25392, ""x"": 616, ""measure"": 54}",core,5.142705,"[5.142705, 5.712804, 5.299746, 5.051104, 5.025072]",611.51171875,54,313,exported,2137.232711,"[2134.309063, 2180.158057, 2173.209149, 2137.232711, 2132.559785]",ibm_sxz_cz,20617,"{""kind"": ""native_contract_only"", ""passed"": true, ""errors"": [], ""checked_instructions"": 144943, ""bindings"": 1, ""semantic_equivalence"": ""not checked at large width""}"
previous,core_grover_54,static: each control-flow region counted once,80076,flat circuit,,1314.064512,"[1220.279327, 1250.361661, 1401.911357, 1314.064512, 1362.725652]",grover,201803,4076,874cea4e1d01f431871dd0bcdc822ecaf552b52d333d1c779ab6da4e3e8592e7,10306622,numeric,104625,38338,22872,80075,66287,0,"{""rz"": 66287, ""gpi2"": 35132, ""gpi"": 3206, ""rzz"": 22872, ""measure"": 54}",core,5.077616,"[5.231121, 5.786116, 4.967664, 5.077616, 5.00768]",811.109375,54,502,exported,2151.56705,"[2141.692254, 2166.671147, 2147.824579, 2151.56705, 2158.872792]",ionq_fixed_r_zz,19408,"{""kind"": ""native_contract_only"", ""passed"": true, ""errors"": [], ""checked_instructions"": 127551, ""bindings"": 1, ""semantic_equivalence"": ""not checked at large width""}"
previous,core_grover_54,static: each control-flow region counted once,35313,flat circuit,,743.649734,"[751.327159, 739.240586, 741.646201, 759.97979, 743.649734]",grover,201803,4076,874cea4e1d01f431871dd0bcdc822ecaf552b52d333d1c779ab6da4e3e8592e7,9371875,numeric,27720,27720,25392,35312,0,0,"{""r"": 27720, ""cz"": 25392, ""measure"": 54}",core,5.184577,"[5.184577, 5.566147, 5.312402, 5.05096, 5.058128]",528.7265625,54,6282,exported,2290.548735,"[2272.341822, 2324.623322, 2274.334105, 2315.243676, 2290.548735]",iqm_r_cz,20617,"{""kind"": ""native_contract_only"", ""passed"": true, ""errors"": [], ""checked_instructions"": 53166, ""bindings"": 1, ""semantic_equivalence"": ""not checked at large width""}"
previous,core_grover_54,static: each control-flow region counted once,94938,flat circuit,,1330.552048,"[1305.542003, 1309.218922, 1349.172982, 1330.552048, 1373.727602]",grover,201803,4076,874cea4e1d01f431871dd0bcdc822ecaf552b52d333d1c779ab6da4e3e8592e7,14551668,numeric,119501,43913,25392,94937,75588,0,"{""rz"": 75588, ""rxpi2"": 43297, ""cz"": 25392, ""rxpi"": 616, ""measure"": 54}",core,5.174161,"[5.174161, 5.289922, 4.966127, 5.591283, 5.06312]",534.984375,54,357,exported,2263.158049,"[2263.158049, 2239.501258, 2237.506717, 2267.935149, 2278.142173]",rigetti_rx_cz,20617,"{""kind"": ""native_contract_only"", ""passed"": true, ""errors"": [], ""checked_instructions"": 144947, ""bindings"": 1, ""semantic_equivalence"": ""not checked at large width""}"
previous,core_grover_54,static: each control-flow region counted once,59734,flat circuit,,531.475306,"[523.674857, 530.082753, 531.475306, 541.810939, 533.053364]",grover,201803,4076,874cea4e1d01f431871dd0bcdc822ecaf552b52d333d1c779ab6da4e3e8592e7,8292661,numeric,77457,25010,22872,59733,52447,0,"{""rz"": 52447, ""rx"": 25010, ""rzz"": 22872, ""measure"": 54}",core,5.061984,"[5.542051, 5.514147, 5.001999, 5.061984, 4.990608]",568.83984375,54,530,exported,1895.650214,"[1892.221457, 1895.650214, 1883.71057, 1896.200232, 1902.123422]",rxrz_rzz_unbounded,19408,"{""kind"": ""native_contract_only"", ""passed"": true, ""errors"": [], ""checked_instructions"": 100383, ""bindings"": 1, ""semantic_equivalence"": ""not checked at large width""}"
previous,core_multiplexer_104,static: each control-flow region counted once,99,flat circuit,,2.568512,"[3.249637, 2.675345, 2.568512, 2.53688, 2.559536]",multiplexer,104776,2015,7d724cfba62b84c6b78bc42c05817c267e6fa09fad9f19478ca7f1dfaeb80a44,69020,numeric,498,152,47,98,346,0,"{""rz"": 346, ""rx"": 152, ""rzz"": 47, ""measure"": 104}",core,3.101635,"[3.169892, 2.924146, 2.975603, 3.101635, 3.389846]",122.88671875,104,198,exported,11.522681,"[11.679882, 11.532137, 11.522681, 11.521448, 11.500904]",ibm_fractional_bounded,47,"{""kind"": ""native_contract_only"", ""passed"": true, ""errors"": [], ""checked_instructions"": 649, ""bindings"": 1, ""semantic_equivalence"": ""not checked at large width""}"
previous,core_multiplexer_104,static: each control-flow region counted once,192,flat circuit,,2.955395,"[3.753544, 3.062435, 2.927906, 2.955395, 2.869906]",multiplexer,104776,2015,7d724cfba62b84c6b78bc42c05817c267e6fa09fad9f19478ca7f1dfaeb80a44,80436,numeric,405,105,94,191,300,0,"{""rz"": 300, ""sx"": 105, ""cx"": 94, ""measure"": 104}",core,3.238293,"[3.238293, 3.374309, 2.957763, 3.579302, 3.058868]",122.84765625,104,198,exported,11.563065,"[11.82345, 11.569689, 11.543688, 11.563065, 11.546296]",ibm_sxz_cx,94,"{""kind"": ""native_contract_only"", ""passed"": true, ""errors"": [], ""checked_instructions"": 603, ""bindings"": 1, ""semantic_equivalence"": ""not checked at large width""}"
previous,core_multiplexer_104,static: each control-flow region counted once,555,flat circuit,,3.833096,"[4.618669, 3.928649, 3.791944, 3.793592, 3.833096]",multiplexer,104776,2015,7d724cfba62b84c6b78bc42c05817c267e6fa09fad9f19478ca7f1dfaeb80a44,97621,numeric,769,287,94,554,482,0,"{""rz"": 482, ""sx"": 287, ""cz"": 94, ""measure"": 104}",core,3.026547,"[3.18882, 2.94317, 2.962691, 3.095636, 3.026547]",122.68359375,104,156,exported,12.428383,"[13.181139, 12.558608, 12.428383, 12.415583, 12.423566]",ibm_sxz_cz,94,"{""kind"": ""native_contract_only"", ""passed"": true, ""errors"": [], ""checked_instructions"": 967, ""bindings"": 1, ""semantic_equivalence"": ""not checked at large width""}"
previous,core_multiplexer_104,static: each control-flow region counted once,97,flat circuit,,2.538,"[3.183332, 2.621361, 2.538, 2.486016, 2.482783]",multiplexer,104776,2015,7d724cfba62b84c6b78bc42c05817c267e6fa09fad9f19478ca7f1dfaeb80a44,61922,numeric,357,105,47,96,252,0,"{""rz"": 252, ""rx"": 105, ""rzz"": 47, ""measure"": 104}",core,3.014995,"[3.227669, 2.925922, 2.951523, 3.058147, 3.014995]",122.06640625,104,244,exported,10.779396,"[10.848149, 10.792036, 10.779396, 10.761636, 10.734851]",rxrz_rzz_unbounded,47,"{""kind"": ""native_contract_only"", ""passed"": true, ""errors"": [], ""checked_instructions"": 508, ""bindings"": 1, ""semantic_equivalence"": ""not checked at large width""}"
previous,core_multiplexer_156,static: each control-flow region counted once,99,flat circuit,,3.432309,"[4.193819, 3.568166, 3.427814, 3.432309, 3.414102]",multiplexer,155996,2951,6af5e986dc83533664b8b88395f711a19fe61c66c6d887b93556617cf2007c16,91848,numeric,654,204,47,98,450,0,"{""rz"": 450, ""rx"": 204, ""rzz"": 47, ""measure"": 156}",core,4.269051,"[4.269051, 4.459884, 4.601933, 4.265451, 4.144426]",123.41796875,156,250,exported,15.358001,"[15.531874, 15.326352, 15.316672, 15.358001, 15.405969]",ibm_fractional_bounded,47,"{""kind"": ""native_contract_only"", ""passed"": true, ""errors"": [], ""checked_instructions"": 857, ""bindings"": 1, ""semantic_equivalence"": ""not checked at large width""}"
previous,core_multiplexer_156,static: each control-flow region counted once,192,flat circuit,,3.834216,"[4.645437, 3.962441, 3.834216, 3.803976, 3.781032]",multiplexer,155996,2951,6af5e986dc83533664b8b88395f711a19fe61c66c6d887b93556617cf2007c16,102853,numeric,561,157,94,191,404,0,"{""rz"": 404, ""sx"": 157, ""cx"": 94, ""measure"": 156}",core,4.298956,"[4.298956, 4.359691, 4.683869, 4.187451, 4.14049]",122.95703125,156,251,exported,15.282384,"[15.401841, 15.281985, 15.307824, 15.282384, 15.266432]",ibm_sxz_cx,94,"{""kind"": ""native_contract_only"", ""passed"": true, ""errors"": [], ""checked_instructions"": 811, ""bindings"": 1, ""semantic_equivalence"": ""not checked at large width""}"
previous,core_multiplexer_156,static: each control-flow region counted once,555,flat circuit,,4.76947,"[5.642771, 4.850143, 4.76947, 4.651677, 4.686797]",multiplexer,155996,2951,6af5e986dc83533664b8b88395f711a19fe61c66c6d887b93556617cf2007c16,120331,numeric,925,339,94,554,586,0,"{""rz"": 586, ""sx"": 339, ""cz"": 94, ""measure"": 156}",core,4.39238,"[4.269274, 4.39238, 4.522621, 4.496956, 4.111866]",123.6796875,156,208,exported,16.269959,"[16.294774, 16.285702, 16.250374, 16.269959, 16.226918]",ibm_sxz_cz,94,"{""kind"": ""native_contract_only"", ""passed"": true, ""errors"": [], ""checked_instructions"": 1175, ""bindings"": 1, ""semantic_equivalence"": ""not checked at large width""}"
previous,core_multiplexer_156,static: each control-flow region counted once,97,flat circuit,,3.487062,"[4.261435, 3.616631, 3.487062, 3.486486, 3.449158]",multiplexer,155996,2951,6af5e986dc83533664b8b88395f711a19fe61c66c6d887b93556617cf2007c16,84594,numeric,513,157,47,96,356,0,"{""rz"": 356, ""rx"": 157, ""rzz"": 47, ""measure"": 156}",core,4.314379,"[4.314379, 4.048906, 4.143178, 4.558765, 4.767246]",122.82421875,156,296,exported,14.512555,"[14.616412, 14.564748, 14.512555, 14.506635, 14.486171]",rxrz_rzz_unbounded,47,"{""kind"": ""native_contract_only"", ""passed"": true, ""errors"": [], ""checked_instructions"": 716, ""bindings"": 1, ""semantic_equivalence"": ""not checked at large width""}"
previous,core_multiplexer_24,static: each control-flow region counted once,52,flat circuit,,0.833942,"[1.22676, 0.851269, 0.833942, 0.805237, 0.796661]",multiplexer,24528,491,5f5d9a41e065f99a4a9d2fec21fae872911437519e7d73be3e760142580bb623,22610,numeric,163,48,23,51,115,0,"{""rz"": 115, ""rx"": 48, ""rzz"": 23, ""measure"": 24}",core,1.189976,"[1.391017, 1.191784, 1.152983, 1.189976, 1.160088]",118.83203125,24,71,exported,3.691672,"[4.093162, 3.686007, 4.204443, 3.691672, 3.655911]",ibm_fractional_bounded,23,"{""kind"": ""native_contract_only"", ""passed"": true, ""errors"": [], ""checked_instructions"": 210, ""bindings"": 1, ""semantic_equivalence"": ""not checked at large width""}"
previous,core_multiplexer_24,static: each control-flow region counted once,98,flat circuit,,1.033447,"[1.461641, 1.096471, 1.033447, 1.010135, 1.01119]",multiplexer,24528,491,5f5d9a41e065f99a4a9d2fec21fae872911437519e7d73be3e760142580bb623,28458,numeric,119,25,46,97,94,0,"{""rz"": 94, ""sx"": 25, ""cx"": 46, ""measure"": 24}",core,1.194135,"[1.377401, 1.194135, 1.156504, 1.250568, 1.170295]",118.73046875,24,72,exported,3.691543,"[3.772745, 3.846809, 3.691543, 3.674888, 3.67644]",ibm_sxz_cx,46,"{""kind"": ""native_contract_only"", ""passed"": true, ""errors"": [], ""checked_instructions"": 189, ""bindings"": 1, ""semantic_equivalence"": ""not checked at large width""}"
previous,core_multiplexer_24,static: each control-flow region counted once,277,flat circuit,,1.424233,"[1.93734, 1.472778, 1.424233, 1.403689, 1.415433]",multiplexer,24528,491,5f5d9a41e065f99a4a9d2fec21fae872911437519e7d73be3e760142580bb623,36964,numeric,299,115,46,276,184,0,"{""rz"": 184, ""sx"": 115, ""cz"": 46, ""measure"": 24}",core,1.189831,"[1.401641, 1.189831, 1.157992, 1.23604, 1.158103]",121.08984375,24,51,exported,4.164795,"[4.896255, 4.485229, 4.164795, 4.13001, 4.142458]",ibm_sxz_cz,46,"{""kind"": ""native_contract_only"", ""passed"": true, ""errors"": [], ""checked_instructions"": 369, ""bindings"": 1, ""semantic_equivalence"": ""not checked at large width""}"
previous,core_multiplexer_24,static: each control-flow region counted once,52,flat circuit,,1.198904,"[1.480153, 1.198904, 1.117287, 1.249624, 1.084215]",multiplexer,24528,491,5f5d9a41e065f99a4a9d2fec21fae872911437519e7d73be3e760142580bb623,19601,numeric,96,25,23,51,71,0,"{""rz"": 71, ""gpi2"": 25, ""rzz"": 23, ""measure"": 24}",core,1.193928,"[1.389081, 1.193928, 1.161111, 1.231016, 1.160232]",121.5546875,24,95,exported,3.527046,"[4.205531, 3.826472, 3.527046, 3.49591, 3.48655]",ionq_fixed_r_zz,23,"{""kind"": ""native_contract_only"", ""passed"": true, ""errors"": [], ""checked_instructions"": 143, ""bindings"": 1, ""semantic_equivalence"": ""not checked at large width""}"
previous,core_multiplexer_24,static: each control-flow region counted once,93,flat circuit,,0.894934,"[1.318248, 0.941286, 0.894934, 0.868902, 0.861477]",multiplexer,24528,491,5f5d9a41e065f99a4a9d2fec21fae872911437519e7d73be3e760142580bb623,24696,numeric,69,69,46,92,0,0,"{""r"": 69, ""cz"": 46, ""measure"": 24}",core,1.194296,"[1.402841, 1.194296, 1.161495, 1.234184, 1.157976]",118.69921875,24,51,exported,3.885881,"[4.300699, 4.503405, 3.885881, 3.870153, 3.851769]",iqm_r_cz,46,"{""kind"": ""native_contract_only"", ""passed"": true, ""errors"": [], ""checked_instructions"": 139, ""bindings"": 1, ""semantic_equivalence"": ""not checked at large width""}"
previous,core_multiplexer_24,static: each control-flow region counted once,277,flat circuit,,2.17875,"[2.692609, 2.367488, 2.17875, 2.17067, 2.163054]",multiplexer,24528,491,5f5d9a41e065f99a4a9d2fec21fae872911437519e7d73be3e760142580bb623,40065,numeric,299,115,46,276,184,0,"{""rz"": 184, ""rxpi2"": 115, ""cz"": 46, ""measure"": 24}",core,1.187607,"[1.383033, 1.197976, 1.153687, 1.16492, 1.187607]",121.296875,24,80,exported,4.375756,"[4.808335, 4.952207, 4.375756, 4.344828, 4.352396]",rigetti_rx_cz,46,"{""kind"": ""native_contract_only"", ""passed"": true, ""errors"": [], ""checked_instructions"": 369, ""bindings"": 1, ""semantic_equivalence"": ""not checked at large width""}"
previous,core_multiplexer_24,static: each control-flow region counted once,50,flat circuit,,0.764069,"[1.190327, 0.820662, 0.764069, 0.748853, 0.738708]",multiplexer,24528,491,5f5d9a41e065f99a4a9d2fec21fae872911437519e7d73be3e760142580bb623,18975,numeric,94,25,23,49,69,0,"{""rz"": 69, ""rx"": 25, ""rzz"": 23, ""measure"": 24}",core,1.182552,"[1.388441, 1.195896, 1.153543, 1.167208, 1.182552]",119.27734375,24,93,exported,3.36879,"[3.36879, 3.295861, 3.670568, 3.798473, 3.296325]",rxrz_rzz_unbounded,23,"{""kind"": ""native_contract_only"", ""passed"": true, ""errors"": [], ""checked_instructions"": 141, ""bindings"": 1, ""semantic_equivalence"": ""not checked at large width""}"
previous,core_multiplexer_36,static: each control-flow region counted once,76,flat circuit,,1.232984,"[1.76366, 1.27308, 1.232984, 1.215128, 1.216599]",multiplexer,37396,743,3cce1dad3e77e1f27af830d7d11f939ccfc32912b3d925def5a681e893bbae47,33707,numeric,247,72,35,75,175,0,"{""rz"": 175, ""rx"": 72, ""rzz"": 35, ""measure"": 36}",core,1.504346,"[1.69961, 1.504346, 1.457769, 1.460026, 1.850315]",121.08203125,36,107,exported,5.458787,"[5.940006, 5.505587, 5.446403, 5.442723, 5.458787]",ibm_fractional_bounded,35,"{""kind"": ""native_contract_only"", ""passed"": true, ""errors"": [], ""checked_instructions"": 318, ""bindings"": 1, ""semantic_equivalence"": ""not checked at large width""}"
previous,core_multiplexer_36,static: each control-flow region counted once,146,flat circuit,,1.515994,"[2.049101, 1.58969, 1.515994, 1.484745, 1.491306]",multiplexer,37396,743,3cce1dad3e77e1f27af830d7d11f939ccfc32912b3d925def5a681e893bbae47,42708,numeric,179,37,70,145,142,0,"{""rz"": 142, ""sx"": 37, ""cx"": 70, ""measure"": 36}",core,1.460425,"[1.678923, 1.474201, 1.44665, 1.459977, 1.460425]",121.07421875,36,109,exported,5.614916,"[6.095815, 5.514707, 5.479315, 5.870598, 5.614916]",ibm_sxz_cx,70,"{""kind"": ""native_contract_only"", ""passed"": true, ""errors"": [], ""checked_instructions"": 285, ""bindings"": 1, ""semantic_equivalence"": ""not checked at large width""}"
previous,core_multiplexer_36,static: each control-flow region counted once,421,flat circuit,,2.16067,"[2.759506, 2.225614, 2.16067, 2.14331, 2.142269]",multiplexer,37396,743,3cce1dad3e77e1f27af830d7d11f939ccfc32912b3d925def5a681e893bbae47,55690,numeric,455,175,70,420,280,0,"{""rz"": 280, ""sx"": 175, ""cz"": 70, ""measure"": 36}",core,1.475706,"[1.66865, 1.475706, 1.532074, 1.465625, 1.464713]",121.58203125,36,76,exported,6.209224,"[6.495322, 6.242616, 6.209224, 6.156168, 6.193448]",ibm_sxz_cz,70,"{""kind"": ""native_contract_only"", ""passed"": true, ""errors"": [], ""checked_instructions"": 561, ""bindings"": 1, ""semantic_equivalence"": ""not checked at large width""}"
previous,core_multiplexer_36,static: each control-flow region counted once,76,flat circuit,,1.715883,"[2.114781, 1.715883, 1.770316, 1.562122, 1.573482]",multiplexer,37396,743,3cce1dad3e77e1f27af830d7d11f939ccfc32912b3d925def5a681e893bbae47,29089,numeric,144,37,35,75,107,0,"{""rz"": 107, ""gpi2"": 37, ""rzz"": 35, ""measure"": 36}",core,1.461866,"[1.708315, 1.473497, 1.439241, 1.461866, 1.458185]",121.88671875,36,143,exported,5.170368,"[5.864341, 5.233649, 5.146065, 5.170368, 5.145377]",ionq_fixed_r_zz,35,"{""kind"": ""native_contract_only"", ""passed"": true, ""errors"": [], ""checked_instructions"": 215, ""bindings"": 1, ""semantic_equivalence"": ""not checked at large width""}"
previous,core_multiplexer_36,static: each control-flow region counted once,141,flat circuit,,1.310744,"[1.845243, 1.363545, 1.310744, 1.282393, 1.273896]",multiplexer,37396,743,3cce1dad3e77e1f27af830d7d11f939ccfc32912b3d925def5a681e893bbae47,37192,numeric,105,105,70,140,0,0,"{""r"": 105, ""cz"": 70, ""measure"": 36}",core,1.460521,"[1.659963, 1.48377, 1.442905, 1.446969, 1.460521]",119.4921875,36,75,exported,5.750773,"[6.704459, 5.791621, 5.750757, 5.750773, 5.723444]",iqm_r_cz,70,"{""kind"": ""native_contract_only"", ""passed"": true, ""errors"": [], ""checked_instructions"": 211, ""bindings"": 1, ""semantic_equivalence"": ""not checked at large width""}"
previous,core_multiplexer_36,static: each control-flow region counted once,421,flat circuit,,3.327973,"[4.074362, 3.379237, 3.275157, 3.261573, 3.327973]",multiplexer,37396,743,3cce1dad3e77e1f27af830d7d11f939ccfc32912b3d925def5a681e893bbae47,60393,numeric,455,175,70,420,280,0,"{""rz"": 280, ""rxpi2"": 175, ""cz"": 70, ""measure"": 36}",core,1.473849,"[1.712811, 1.479161, 1.463465, 1.452442, 1.473849]",122.55859375,36,124,exported,6.545434,"[6.790796, 6.583962, 6.545434, 6.522985, 6.52601]",rigetti_rx_cz,70,"{""kind"": ""native_contract_only"", ""passed"": true, ""errors"": [], ""checked_instructions"": 561, ""bindings"": 1, ""semantic_equivalence"": ""not checked at large width""}"
previous,core_multiplexer_36,static: each control-flow region counted once,74,flat circuit,,1.147239,"[1.571706, 1.199208, 1.130647, 1.104391, 1.147239]",multiplexer,37396,743,3cce1dad3e77e1f27af830d7d11f939ccfc32912b3d925def5a681e893bbae47,28379,numeric,142,37,35,73,105,0,"{""rz"": 105, ""rx"": 37, ""rzz"": 35, ""measure"": 36}",core,1.48577,"[1.706939, 1.48577, 1.522729, 1.458938, 1.456233]",120.97265625,36,141,exported,4.891839,"[4.933247, 4.892415, 4.873183, 4.891839, 4.869471]",rxrz_rzz_unbounded,35,"{""kind"": ""native_contract_only"", ""passed"": true, ""errors"": [], ""checked_instructions"": 213, ""bindings"": 1, ""semantic_equivalence"": ""not checked at large width""}"
previous,core_multiplexer_54,static: each control-flow region counted once,99,flat circuit,,1.702843,"[2.231726, 1.764699, 1.702843, 1.68225, 1.673067]",multiplexer,56414,1115,5b1da6348d22308526fab8319c87a94b3eccd66a76dd13a369da82075ea24384,47280,numeric,348,102,47,98,246,0,"{""rz"": 246, ""rx"": 102, ""rzz"": 47, ""measure"": 54}",core,1.933693,"[2.146797, 1.91126, 1.883916, 1.933693, 2.349055]",121.9765625,54,148,exported,7.814786,"[8.073843, 7.830417, 7.814786, 7.80061, 7.812786]",ibm_fractional_bounded,47,"{""kind"": ""native_contract_only"", ""passed"": true, ""errors"": [], ""checked_instructions"": 449, ""bindings"": 1, ""semantic_equivalence"": ""not checked at large width""}"
previous,core_multiplexer_54,static: each control-flow region counted once,192,flat circuit,,2.100685,"[2.700673, 2.160078, 2.100685, 2.082125, 2.073981]",multiplexer,56414,1115,5b1da6348d22308526fab8319c87a94b3eccd66a76dd13a369da82075ea24384,59143,numeric,255,55,94,191,200,0,"{""rz"": 200, ""sx"": 55, ""cx"": 94, ""measure"": 54}",core,1.964124,"[2.131406, 1.917756, 1.870764, 1.971468, 1.964124]",121.53125,54,148,exported,7.891362,"[7.957746, 7.861106, 7.900866, 7.891362, 7.851538]",ibm_sxz_cx,94,"{""kind"": ""native_contract_only"", ""passed"": true, ""errors"": [], ""checked_instructions"": 403, ""bindings"": 1, ""semantic_equivalence"": ""not checked at large width""}"
previous,core_multiplexer_54,static: each control-flow region counted once,555,flat circuit,,2.973075,"[3.702632, 3.050707, 2.954979, 2.973075, 2.94517]",multiplexer,56414,1115,5b1da6348d22308526fab8319c87a94b3eccd66a76dd13a369da82075ea24384,76270,numeric,619,237,94,554,382,0,"{""rz"": 382, ""sx"": 237, ""cz"": 94, ""measure"": 54}",core,1.915996,"[2.152286, 1.90638, 1.891036, 1.915996, 2.355455]",122.15234375,54,105,exported,8.884456,"[9.011001, 8.89316, 8.884456, 8.871816, 8.842936]",ibm_sxz_cz,94,"{""kind"": ""native_contract_only"", ""passed"": true, ""errors"": [], ""checked_instructions"": 767, ""bindings"": 1, ""semantic_equivalence"": ""not checked at large width""}"
previous,core_multiplexer_54,static: each control-flow region counted once,99,flat circuit,,2.29179,"[2.84445, 2.506704, 2.29179, 2.253038, 2.240511]",multiplexer,56414,1115,5b1da6348d22308526fab8319c87a94b3eccd66a76dd13a369da82075ea24384,41226,numeric,209,55,47,98,154,0,"{""rz"": 154, ""gpi2"": 55, ""rzz"": 47, ""measure"": 54}",core,1.928988,"[2.145022, 1.918204, 1.890812, 1.928988, 1.939004]",121.93359375,54,197,exported,7.503696,"[7.754961, 7.547376, 7.501935, 7.496912, 7.503696]",ionq_fixed_r_zz,47,"{""kind"": ""native_contract_only"", ""passed"": true, ""errors"": [], ""checked_instructions"": 310, ""bindings"": 1, ""semantic_equivalence"": ""not checked at large width""}"
previous,core_multiplexer_54,static: each control-flow region counted once,187,flat circuit,,1.799771,"[2.384143, 1.879324, 1.799771, 1.771211, 1.764844]",multiplexer,56414,1115,5b1da6348d22308526fab8319c87a94b3eccd66a76dd13a369da82075ea24384,51343,numeric,145,145,94,186,0,0,"{""r"": 145, ""cz"": 94, ""measure"": 54}",core,1.971821,"[2.116573, 1.971821, 1.874412, 1.91206, 2.280014]",121.46484375,54,104,exported,8.24082,"[8.275493, 8.24082, 8.179428, 8.243204, 8.19442]",iqm_r_cz,94,"{""kind"": ""native_contract_only"", ""passed"": true, ""errors"": [], ""checked_instructions"": 293, ""bindings"": 1, ""semantic_equivalence"": ""not checked at large width""}"
previous,core_multiplexer_54,static: each control-flow region counted once,555,flat circuit,,4.554061,"[5.271185, 4.554061, 4.558813, 4.419212, 4.393164]",multiplexer,56414,1115,5b1da6348d22308526fab8319c87a94b3eccd66a76dd13a369da82075ea24384,82822,numeric,619,237,94,554,382,0,"{""rz"": 382, ""rxpi2"": 237, ""cz"": 94, ""measure"": 54}",core,1.95366,"[2.151038, 1.923996, 1.91478, 1.963549, 1.95366]",123.26953125,54,176,exported,9.277019,"[9.356619, 9.278283, 9.277019, 9.242538, 9.246059]",rigetti_rx_cz,94,"{""kind"": ""native_contract_only"", ""passed"": true, ""errors"": [], ""checked_instructions"": 767, ""bindings"": 1, ""semantic_equivalence"": ""not checked at large width""}"
previous,core_multiplexer_54,static: each control-flow region counted once,97,flat circuit,,1.583482,"[2.133822, 1.672427, 1.583482, 1.564921, 1.555002]",multiplexer,56414,1115,5b1da6348d22308526fab8319c87a94b3eccd66a76dd13a369da82075ea24384,40334,numeric,207,55,47,96,152,0,"{""rz"": 152, ""rx"": 55, ""rzz"": 47, ""measure"": 54}",core,1.957517,"[2.16651, 1.997101, 1.867467, 1.957517, 1.939116]",121.96875,54,194,exported,7.089309,"[7.132717, 7.097053, 7.089309, 7.047292, 7.023084]",rxrz_rzz_unbounded,47,"{""kind"": ""native_contract_only"", ""passed"": true, ""errors"": [], ""checked_instructions"": 308, ""bindings"": 1, ""semantic_equivalence"": ""not checked at large width""}"
previous,core_qft_104,static: each control-flow region counted once,416,flat circuit,,56.027474,"[57.245401, 56.027474, 55.684607, 55.954338, 56.092114]",qft,3484620,72048,3eb5be37ef39dd2320a6c6c9d13d9edf236c89f3d2b7828764a6a703326403d4,1053892,numeric,7819,206,3760,415,7613,0,"{""rz"": 7613, ""rx"": 206, ""rzz"": 3760, ""measure"": 104}",core,115.354681,"[97.642121, 110.468474, 115.354681, 119.289329, 119.289297]",191.12109375,104,247,exported,516.347035,"[516.957663, 522.153808, 516.347035, 515.775287, 515.801656]",ibm_fractional_bounded,205,"{""kind"": ""native_contract_only"", ""passed"": true, ""errors"": [], ""checked_instructions"": 11683, ""bindings"": 1, ""semantic_equivalence"": ""not checked at large width""}"
previous,core_qft_104,static: each control-flow region counted once,826,flat circuit,,185.863158,"[186.529978, 184.978608, 185.711845, 185.863158, 186.722603]",qft,3484620,72048,3eb5be37ef39dd2320a6c6c9d13d9edf236c89f3d2b7828764a6a703326403d4,2764618,numeric,11366,154,7520,825,11212,0,"{""rz"": 11212, ""sx"": 154, ""cx"": 7520, ""measure"": 104}",core,116.294111,"[99.553365, 113.091194, 116.294111, 119.618947, 119.578691]",210.81640625,104,199,exported,545.263731,"[524.57317, 547.250608, 540.117716, 547.192864, 545.263731]",ibm_sxz_cx,410,"{""kind"": ""native_contract_only"", ""passed"": true, ""errors"": [], ""checked_instructions"": 18990, ""bindings"": 1, ""semantic_equivalence"": ""not checked at large width""}"
previous,core_qft_104,static: each control-flow region counted once,2054,flat circuit,,319.123888,"[313.418731, 313.135881, 319.123888, 319.748387, 319.296992]",qft,3484620,72048,3eb5be37ef39dd2320a6c6c9d13d9edf236c89f3d2b7828764a6a703326403d4,4514170,numeric,41093,14966,7520,2053,26127,0,"{""rz"": 26127, ""sx"": 14966, ""cz"": 7520, ""measure"": 104}",core,116.173165,"[97.836714, 110.849756, 116.173165, 119.581748, 119.695715]",274.82421875,104,275,exported,786.543047,"[767.63712, 789.7479, 783.982919, 788.58338, 786.543047]",ibm_sxz_cz,410,"{""kind"": ""native_contract_only"", ""passed"": true, ""errors"": [], ""checked_instructions"": 48717, ""bindings"": 1, ""semantic_equivalence"": ""not checked at large width""}"
previous,core_qft_104,static: each control-flow region counted once,416,flat circuit,,60.341533,"[61.009377, 60.121499, 59.919035, 60.341533, 61.191666]",qft,3484620,72048,3eb5be37ef39dd2320a6c6c9d13d9edf236c89f3d2b7828764a6a703326403d4,1027732,numeric,7663,154,3760,415,7509,0,"{""rz"": 7509, ""rx"": 154, ""rzz"": 3760, ""measure"": 104}",core,116.183933,"[98.625166, 111.682113, 116.183933, 119.146608, 119.68714]",191.7109375,104,245,exported,464.869879,"[464.869879, 466.681954, 464.606565, 465.682028, 464.535941]",rxrz_rzz_unbounded,205,"{""kind"": ""native_contract_only"", ""passed"": true, ""errors"": [], ""checked_instructions"": 11527, ""bindings"": 1, ""semantic_equivalence"": ""not checked at large width""}"
previous,core_qft_156,static: each control-flow region counted once,624,flat circuit,,114.318112,"[115.578584, 116.336444, 112.960232, 113.817884, 114.318112]",qft,7727534,154676,85d92c0dc719c93279161459568e9dddb7f4fb9a5809e67fd29f006d7a25a400,1737488,numeric,12811,310,6204,623,12501,0,"{""rz"": 12501, ""rx"": 310, ""rzz"": 6204, ""measure"": 156}",core,335.011133,"[256.89685, 311.959772, 335.011133, 344.022662, 346.871464]",255.4296875,156,299,exported,1278.918099,"[1278.918099, 1292.468376, 1280.667887, 1265.01878, 1260.537279]",ibm_fractional_bounded,309,"{""kind"": ""native_contract_only"", ""passed"": true, ""errors"": [], ""checked_instructions"": 19171, ""bindings"": 1, ""semantic_equivalence"": ""not checked at large width""}"
previous,core_qft_156,static: each control-flow region counted once,1242,flat circuit,,384.383877,"[380.91312, 376.85975, 389.073715, 387.064982, 384.383877]",qft,7727534,154676,85d92c0dc719c93279161459568e9dddb7f4fb9a5809e67fd29f006d7a25a400,4576813,numeric,18672,232,12408,1241,18440,0,"{""rz"": 18440, ""sx"": 232, ""cx"": 12408, ""measure"": 156}",core,330.977061,"[252.375526, 307.295568, 330.977061, 338.116226, 343.452643]",267.6328125,156,251,exported,1292.356541,"[1248.084487, 1292.356541, 1281.520168, 1298.604965, 1296.631959]",ibm_sxz_cx,618,"{""kind"": ""native_contract_only"", ""passed"": true, ""errors"": [], ""checked_instructions"": 31236, ""bindings"": 1, ""semantic_equivalence"": ""not checked at large width""}"
previous,core_qft_156,static: each control-flow region counted once,3094,flat circuit,,625.293283,"[618.741113, 624.398636, 625.293283, 628.48903, 628.258165]",qft,7727534,154676,85d92c0dc719c93279161459568e9dddb7f4fb9a5809e67fd29f006d7a25a400,7452997,numeric,67587,24612,12408,3093,42975,0,"{""rz"": 42975, ""sx"": 24612, ""cz"": 12408, ""measure"": 156}",core,327.182413,"[254.772437, 303.634808, 327.182413, 339.507771, 344.251048]",374.44921875,156,327,exported,1736.679194,"[1685.344583, 1745.687844, 1729.155259, 1740.290081, 1736.679194]",ibm_sxz_cz,618,"{""kind"": ""native_contract_only"", ""passed"": true, ""errors"": [], ""checked_instructions"": 80151, ""bindings"": 1, ""semantic_equivalence"": ""not checked at large width""}"
previous,core_qft_156,static: each control-flow region counted once,624,flat circuit,,120.726392,"[123.786891, 120.726392, 120.197829, 120.304805, 122.987751]",qft,7727534,154676,85d92c0dc719c93279161459568e9dddb7f4fb9a5809e67fd29f006d7a25a400,1695854,numeric,12577,232,6204,623,12345,0,"{""rz"": 12345, ""rx"": 232, ""rzz"": 6204, ""measure"": 156}",core,338.982183,"[265.072213, 323.524517, 338.982183, 345.432159, 346.427029]",255.06640625,156,297,exported,1144.521798,"[1144.521798, 1150.914366, 1143.275838, 1153.882625, 1132.588443]",rxrz_rzz_unbounded,309,"{""kind"": ""native_contract_only"", ""passed"": true, ""errors"": [], ""checked_instructions"": 18937, ""bindings"": 1, ""semantic_equivalence"": ""not checked at large width""}"
previous,core_qft_24,static: each control-flow region counted once,96,flat circuit,,3.053252,"[3.772263, 3.118323, 3.044131, 3.053252, 3.003234]",qft,189922,4142,8cf0a6fd21d8e33a2b1bde61cd78b5a2e245a93bfdbc61b1a42a78fbf1e18a2d,87994,numeric,645,46,276,95,599,0,"{""rz"": 599, ""rx"": 46, ""rzz"": 276, ""measure"": 24}",core,4.965039,"[5.092816, 5.720275, 4.902431, 4.965039, 4.942127]",123.43359375,24,97,exported,22.74659,"[22.850638, 22.851374, 22.74659, 22.684093, 22.69939]",ibm_fractional_bounded,45,"{""kind"": ""native_contract_only"", ""passed"": true, ""errors"": [], ""checked_instructions"": 945, ""bindings"": 1, ""semantic_equivalence"": ""not checked at large width""}"
previous,core_qft_24,static: each control-flow region counted once,186,flat circuit,,7.936274,"[9.040328, 8.001426, 7.936274, 7.892785, 7.877921]",qft,189922,4142,8cf0a6fd21d8e33a2b1bde61cd78b5a2e245a93bfdbc61b1a42a78fbf1e18a2d,206556,numeric,885,34,552,185,851,0,"{""rz"": 851, ""sx"": 34, ""cx"": 552, ""measure"": 24}",core,5.073792,"[5.073792, 5.409058, 5.151616, 4.929743, 4.88915]",127.12109375,24,73,exported,23.543667,"[23.603651, 23.592451, 23.517891, 23.481875, 23.543667]",ibm_sxz_cx,90,"{""kind"": ""native_contract_only"", ""passed"": true, ""errors"": [], ""checked_instructions"": 1461, ""bindings"": 1, ""semantic_equivalence"": ""not checked at large width""}"
previous,core_qft_24,static: each control-flow region counted once,454,flat circuit,,14.42465,"[15.617825, 14.432874, 14.162184, 14.186441, 14.42465]",qft,189922,4142,8cf0a6fd21d8e33a2b1bde61cd78b5a2e245a93bfdbc61b1a42a78fbf1e18a2d,335414,numeric,3116,1138,552,453,1978,0,"{""rz"": 1978, ""sx"": 1138, ""cz"": 552, ""measure"": 24}",core,4.930319,"[5.041807, 5.67626, 4.83939, 4.930319, 4.90187]",133.02734375,24,103,exported,32.960254,"[32.960254, 32.96243, 32.884877, 32.982813, 32.908333]",ibm_sxz_cz,90,"{""kind"": ""native_contract_only"", ""passed"": true, ""errors"": [], ""checked_instructions"": 3692, ""bindings"": 1, ""semantic_equivalence"": ""not checked at large width""}"
previous,core_qft_24,static: each control-flow region counted once,96,flat circuit,,3.975929,"[4.577421, 3.975929, 4.033673, 3.817992, 3.792711]",qft,189922,4142,8cf0a6fd21d8e33a2b1bde61cd78b5a2e245a93bfdbc61b1a42a78fbf1e18a2d,84433,numeric,609,34,276,95,575,0,"{""rz"": 575, ""gpi2"": 34, ""rzz"": 276, ""measure"": 24}",core,5.046128,"[5.046128, 5.455378, 5.181184, 4.966383, 4.903295]",123.1796875,24,95,exported,20.12243,"[20.262671, 20.12243, 20.043437, 20.153182, 20.088509]",ionq_fixed_r_zz,45,"{""kind"": ""native_contract_only"", ""passed"": true, ""errors"": [], ""checked_instructions"": 909, ""bindings"": 1, ""semantic_equivalence"": ""not checked at large width""}"
previous,core_qft_24,static: each control-flow region counted once,160,flat circuit,,7.1863,"[8.155059, 7.26939, 7.1863, 7.116925, 7.167596]",qft,189922,4142,8cf0a6fd21d8e33a2b1bde61cd78b5a2e245a93bfdbc61b1a42a78fbf1e18a2d,197779,numeric,587,587,552,159,0,0,"{""r"": 587, ""cz"": 552, ""measure"": 24}",core,5.053807,"[5.053807, 5.157952, 5.410242, 4.933615, 4.901966]",127.44140625,24,136,exported,30.504014,"[30.54939, 30.487774, 30.464414, 30.504014, 30.510878]",iqm_r_cz,90,"{""kind"": ""native_contract_only"", ""passed"": true, ""errors"": [], ""checked_instructions"": 1163, ""bindings"": 1, ""semantic_equivalence"": ""not checked at large width""}"
previous,core_qft_24,static: each control-flow region counted once,454,flat circuit,,20.723633,"[21.88188, 22.624541, 20.723633, 20.46, 20.622257]",qft,189922,4142,8cf0a6fd21d8e33a2b1bde61cd78b5a2e245a93bfdbc61b1a42a78fbf1e18a2d,346125,numeric,3116,1138,552,453,1978,0,"{""rz"": 1978, ""rxpi2"": 1138, ""cz"": 552, ""measure"": 24}",core,4.945151,"[5.053456, 5.635091, 4.847566, 4.945151, 4.876734]",137.38671875,24,103,exported,34.60364,"[34.549703, 34.610023, 34.60364, 34.659273, 34.522919]",rigetti_rx_cz,90,"{""kind"": ""native_contract_only"", ""passed"": true, ""errors"": [], ""checked_instructions"": 3692, ""bindings"": 1, ""semantic_equivalence"": ""not checked at large width""}"
previous,core_qft_24,static: each control-flow region counted once,96,flat circuit,,3.333204,"[4.049769, 3.39759, 3.333204, 3.282229, 3.287652]",qft,189922,4142,8cf0a6fd21d8e33a2b1bde61cd78b5a2e245a93bfdbc61b1a42a78fbf1e18a2d,83882,numeric,609,34,276,95,575,0,"{""rz"": 575, ""rx"": 34, ""rzz"": 276, ""measure"": 24}",core,5.047839,"[5.047839, 5.198897, 5.416402, 4.932766, 4.903279]",123.30859375,24,94,exported,19.915692,"[20.102957, 19.89614, 19.895293, 19.987965, 19.915692]",rxrz_rzz_unbounded,45,"{""kind"": ""native_contract_only"", ""passed"": true, ""errors"": [], ""checked_instructions"": 909, ""bindings"": 1, ""semantic_equivalence"": ""not checked at large width""}"
previous,core_qft_36,static: each control-flow region counted once,144,flat circuit,,6.890157,"[8.009188, 7.026413, 6.87798, 6.890157, 6.852028]",qft,424840,9236,d446df6065a0c00a75adf1bbc71a3307505e1ea5c5cdda105fd74f550303fe9a,189382,numeric,1401,70,630,143,1331,0,"{""rz"": 1331, ""rx"": 70, ""rzz"": 630, ""measure"": 36}",core,10.409827,"[11.104439, 10.108561, 10.358323, 10.416515, 10.409827]",131.08203125,36,145,exported,52.82986,"[52.82986, 52.51941, 52.840052, 53.042021, 52.785363]",ibm_fractional_bounded,69,"{""kind"": ""native_contract_only"", ""passed"": true, ""errors"": [], ""checked_instructions"": 2067, ""bindings"": 1, ""semantic_equivalence"": ""not checked at large width""}"
previous,core_qft_36,static: each control-flow region counted once,282,flat circuit,,19.504814,"[20.746373, 19.554846, 19.504814, 19.256188, 19.404461]",qft,424840,9236,d446df6065a0c00a75adf1bbc71a3307505e1ea5c5cdda105fd74f550303fe9a,468263,numeric,1977,52,1260,281,1925,0,"{""rz"": 1925, ""sx"": 52, ""cx"": 1260, ""measure"": 36}",core,10.456099,"[11.17068, 10.116801, 10.457843, 10.456099, 10.416675]",137.08203125,36,109,exported,55.725655,"[55.503941, 55.801111, 55.63975, 55.834584, 55.725655]",ibm_sxz_cx,138,"{""kind"": ""native_contract_only"", ""passed"": true, ""errors"": [], ""checked_instructions"": 3273, ""bindings"": 1, ""semantic_equivalence"": ""not checked at large width""}"
previous,core_qft_36,static: each control-flow region counted once,694,flat circuit,,35.891287,"[37.493745, 35.892087, 35.684742, 35.891287, 35.792918]",qft,424840,9236,d446df6065a0c00a75adf1bbc71a3307505e1ea5c5cdda105fd74f550303fe9a,758601,numeric,7052,2572,1260,693,4480,0,"{""rz"": 4480, ""sx"": 2572, ""cz"": 1260, ""measure"": 36}",core,10.439908,"[10.922694, 10.252226, 10.376915, 10.474371, 10.439908]",148.01171875,36,160,exported,78.394841,"[78.261896, 78.629178, 78.302456, 78.60473, 78.394841]",ibm_sxz_cz,138,"{""kind"": ""native_contract_only"", ""passed"": true, ""errors"": [], ""checked_instructions"": 8348, ""bindings"": 1, ""semantic_equivalence"": ""not checked at large width""}"
previous,core_qft_36,static: each control-flow region counted once,144,flat circuit,,8.45087,"[9.410764, 8.599128, 8.45087, 8.34551, 8.248821]",qft,424840,9236,d446df6065a0c00a75adf1bbc71a3307505e1ea5c5cdda105fd74f550303fe9a,183364,numeric,1347,52,630,143,1295,0,"{""rz"": 1295, ""gpi2"": 52, ""rzz"": 630, ""measure"": 36}",core,10.415139,"[10.22309, 11.130375, 10.366723, 10.464819, 10.415139]",128.1796875,36,143,exported,46.707708,"[46.748733, 46.822749, 46.696061, 46.51798, 46.707708]",ionq_fixed_r_zz,69,"{""kind"": ""native_contract_only"", ""passed"": true, ""errors"": [], ""checked_instructions"": 2013, ""bindings"": 1, ""semantic_equivalence"": ""not checked at large width""}"
previous,core_qft_36,static: each control-flow region counted once,244,flat circuit,,17.984164,"[18.837529, 18.114933, 17.791954, 17.984164, 17.70661]",qft,424840,9236,d446df6065a0c00a75adf1bbc71a3307505e1ea5c5cdda105fd74f550303fe9a,445545,numeric,1313,1313,1260,243,0,0,"{""r"": 1313, ""cz"": 1260, ""measure"": 36}",core,10.460403,"[11.232248, 10.294786, 10.460403, 10.475812, 10.426819]",135.32421875,36,201,exported,72.108672,"[72.108672, 72.387554, 72.092496, 72.315938, 72.07824]",iqm_r_cz,138,"{""kind"": ""native_contract_only"", ""passed"": true, ""errors"": [], ""checked_instructions"": 2609, ""bindings"": 1, ""semantic_equivalence"": ""not checked at large width""}"
previous,core_qft_36,static: each control-flow region counted once,694,flat circuit,,49.909025,"[50.990712, 49.909025, 50.644054, 49.557087, 49.628335]",qft,424840,9236,d446df6065a0c00a75adf1bbc71a3307505e1ea5c5cdda105fd74f550303fe9a,781264,numeric,7052,2572,1260,693,4480,0,"{""rz"": 4480, ""rxpi2"": 2572, ""cz"": 1260, ""measure"": 36}",core,10.51466,"[10.680612, 10.937558, 10.439491, 10.51466, 10.424387]",151.44921875,36,146,exported,82.890197,"[82.65226, 82.888981, 82.890197, 83.118151, 83.357417]",rigetti_rx_cz,138,"{""kind"": ""native_contract_only"", ""passed"": true, ""errors"": [], ""checked_instructions"": 8348, ""bindings"": 1, ""semantic_equivalence"": ""not checked at large width""}"
previous,core_qft_36,static: each control-flow region counted once,144,flat circuit,,7.425792,"[8.45863, 7.504512, 7.423392, 7.425792, 7.385007]",qft,424840,9236,d446df6065a0c00a75adf1bbc71a3307505e1ea5c5cdda105fd74f550303fe9a,182667,numeric,1347,52,630,143,1295,0,"{""rz"": 1295, ""rx"": 52, ""rzz"": 630, ""measure"": 36}",core,10.403619,"[11.090008, 10.133457, 10.347346, 10.467587, 10.403619]",127.9296875,36,142,exported,46.754221,"[46.594828, 46.797677, 46.754221, 46.621228, 46.779981]",rxrz_rzz_unbounded,69,"{""kind"": ""native_contract_only"", ""passed"": true, ""errors"": [], ""checked_instructions"": 2013, ""bindings"": 1, ""semantic_equivalence"": ""not checked at large width""}"
previous,core_qft_54,static: each control-flow region counted once,216,flat circuit,,16.569033,"[18.065011, 16.684522, 16.443817, 16.443593, 16.569033]",qft,949645,20648,cabc9c18667ab2f1842cee879472a35c9c85464808583b2fcd975bf50b133308,408002,numeric,3019,106,1410,215,2913,0,"{""rz"": 2913, ""rx"": 106, ""rzz"": 1410, ""measure"": 54}",core,24.430859,"[22.807713, 23.809704, 24.430859, 24.82795, 24.909983]",140.578125,54,197,exported,132.382891,"[133.131808, 132.331451, 132.700526, 132.335275, 132.382891]",ibm_fractional_bounded,105,"{""kind"": ""native_contract_only"", ""passed"": true, ""errors"": [], ""checked_instructions"": 4483, ""bindings"": 1, ""semantic_equivalence"": ""not checked at large width""}"
previous,core_qft_54,static: each control-flow region counted once,426,flat circuit,,50.037343,"[51.585625, 49.740045, 50.085887, 50.037343, 49.842061]",qft,949645,20648,cabc9c18667ab2f1842cee879472a35c9c85464808583b2fcd975bf50b133308,1036215,numeric,4341,79,2820,425,4262,0,"{""rz"": 4262, ""sx"": 79, ""cx"": 2820, ""measure"": 54}",core,24.318203,"[22.578656, 23.720375, 24.318203, 24.598604, 24.672941]",148.55078125,54,149,exported,140.047196,"[138.011951, 140.752737, 139.736586, 140.655632, 140.047196]",ibm_sxz_cx,210,"{""kind"": ""native_contract_only"", ""passed"": true, ""errors"": [], ""checked_instructions"": 7215, ""bindings"": 1, ""semantic_equivalence"": ""not checked at large width""}"
previous,core_qft_54,static: each control-flow region counted once,1054,flat circuit,,94.773388,"[96.874441, 94.391209, 94.432378, 94.773388, 95.030509]",qft,949645,20648,cabc9c18667ab2f1842cee879472a35c9c85464808583b2fcd975bf50b133308,1696747,numeric,15618,5691,2820,1053,9927,0,"{""rz"": 9927, ""sx"": 5691, ""cz"": 2820, ""measure"": 54}",core,24.663054,"[22.852721, 24.041161, 24.663054, 25.188128, 25.187617]",183.609375,54,225,exported,197.259337,"[196.346227, 197.999213, 197.259337, 198.503552, 197.029336]",ibm_sxz_cz,210,"{""kind"": ""native_contract_only"", ""passed"": true, ""errors"": [], ""checked_instructions"": 18492, ""bindings"": 1, ""semantic_equivalence"": ""not checked at large width""}"
previous,core_qft_54,static: each control-flow region counted once,216,flat circuit,,19.826526,"[21.003302, 19.704398, 19.624717, 19.826526, 20.071584]",qft,949645,20648,cabc9c18667ab2f1842cee879472a35c9c85464808583b2fcd975bf50b133308,397180,numeric,2938,79,1410,215,2859,0,"{""rz"": 2859, ""gpi2"": 79, ""rzz"": 1410, ""measure"": 54}",core,24.293146,"[22.712352, 23.737496, 24.293146, 24.677918, 24.79747]",139.34375,54,196,exported,117.399611,"[117.399611, 117.197723, 117.408748, 117.446028, 117.362636]",ionq_fixed_r_zz,105,"{""kind"": ""native_contract_only"", ""passed"": true, ""errors"": [], ""checked_instructions"": 4402, ""bindings"": 1, ""semantic_equivalence"": ""not checked at large width""}"
previous,core_qft_54,static: each control-flow region counted once,370,flat circuit,,47.151965,"[47.802801, 47.466766, 46.649466, 47.147388, 47.151965]",qft,949645,20648,cabc9c18667ab2f1842cee879472a35c9c85464808583b2fcd975bf50b133308,982518,numeric,2886,2886,2820,369,0,0,"{""r"": 2886, ""cz"": 2820, ""measure"": 54}",core,24.189738,"[22.719377, 23.694503, 24.189738, 24.772302, 24.624253]",147.125,54,270,exported,183.799684,"[183.773603, 183.788595, 184.21903, 184.162469, 183.799684]",iqm_r_cz,210,"{""kind"": ""native_contract_only"", ""passed"": true, ""errors"": [], ""checked_instructions"": 5760, ""bindings"": 1, ""semantic_equivalence"": ""not checked at large width""}"
previous,core_qft_54,static: each control-flow region counted once,1054,flat circuit,,124.215495,"[126.920616, 124.215495, 124.02351, 125.023724, 124.038054]",qft,949645,20648,cabc9c18667ab2f1842cee879472a35c9c85464808583b2fcd975bf50b133308,1746106,numeric,15618,5691,2820,1053,9927,0,"{""rz"": 9927, ""rxpi2"": 5691, ""cz"": 2820, ""measure"": 54}",core,24.13265,"[22.701904, 23.802647, 24.13265, 24.805294, 24.793646]",201.4765625,54,194,exported,205.211483,"[205.211483, 206.058049, 205.001785, 206.227073, 204.832632]",rigetti_rx_cz,210,"{""kind"": ""native_contract_only"", ""passed"": true, ""errors"": [], ""checked_instructions"": 18492, ""bindings"": 1, ""semantic_equivalence"": ""not checked at large width""}"
previous,core_qft_54,static: each control-flow region counted once,216,flat circuit,,18.030083,"[18.963993, 18.030083, 18.035635, 17.892674, 17.846977]",qft,949645,20648,cabc9c18667ab2f1842cee879472a35c9c85464808583b2fcd975bf50b133308,396267,numeric,2938,79,1410,215,2859,0,"{""rz"": 2859, ""rx"": 79, ""rzz"": 1410, ""measure"": 54}",core,24.348683,"[22.815441, 23.756072, 24.348683, 24.729821, 24.942847]",140.296875,54,195,exported,116.970217,"[117.403259, 116.970217, 116.910537, 117.074586, 116.695]",rxrz_rzz_unbounded,105,"{""kind"": ""native_contract_only"", ""passed"": true, ""errors"": [], ""checked_instructions"": 4402, ""bindings"": 1, ""semantic_equivalence"": ""not checked at large width""}"
previous,core_qft_adder_104,static: each control-flow region counted once,3066,flat circuit,,55.016731,"[55.189612, 55.016731, 55.435086, 54.89873, 54.715193]",qft_adder,2677182,57620,30d26e33ef32512f1b131cbe967c67c127cd6a9f757b0b64314117d335696e6c,1130584,numeric,8519,309,3964,3065,8210,0,"{""rz"": 8210, ""rx"": 309, ""rzz"": 3964, ""measure"": 104}",core,85.581724,"[73.681152, 83.0675, 85.581724, 87.86913, 87.024581]",190.90234375,104,303,exported,419.539125,"[421.925509, 418.873489, 419.994024, 419.405285, 419.539125]",ibm_fractional_bounded,1430,"{""kind"": ""native_contract_only"", ""passed"": true, ""errors"": [], ""checked_instructions"": 12587, ""bindings"": 1, ""semantic_equivalence"": ""not checked at large width""}"
previous,core_qft_adder_104,static: each control-flow region counted once,4366,flat circuit,,168.158949,"[169.821759, 166.011991, 166.834732, 168.158949, 169.973184]",qft_adder,2677182,57620,30d26e33ef32512f1b131cbe967c67c127cd6a9f757b0b64314117d335696e6c,2647070,numeric,11128,273,7136,4365,10855,0,"{""x"": 54, ""rz"": 10855, ""sx"": 219, ""cx"": 7136, ""measure"": 104}",core,85.815566,"[72.337737, 80.950526, 85.815566, 86.962532, 86.774212]",203.17578125,104,280,exported,450.386377,"[426.542994, 450.058327, 450.386377, 466.038364, 451.365631]",ibm_sxz_cx,2118,"{""kind"": ""native_contract_only"", ""passed"": true, ""errors"": [], ""checked_instructions"": 18368, ""bindings"": 1, ""semantic_equivalence"": ""not checked at large width""}"
previous,core_qft_adder_104,static: each control-flow region counted once,12362,flat circuit,,293.230761,"[290.084341, 291.501998, 293.230761, 294.580658, 296.271149]",qft_adder,2677182,57620,30d26e33ef32512f1b131cbe967c67c127cd6a9f757b0b64314117d335696e6c,4310823,numeric,39029,14245,7136,12361,24784,0,"{""x"": 75, ""rz"": 24784, ""sx"": 14170, ""cz"": 7136, ""measure"": 104}",core,86.218864,"[72.56985, 81.22448, 86.218864, 87.995051, 87.399719]",270.32421875,104,469,exported,677.54661,"[659.844657, 679.49131, 674.380862, 681.347945, 677.54661]",ibm_sxz_cz,2118,"{""kind"": ""native_contract_only"", ""passed"": true, ""errors"": [], ""checked_instructions"": 46269, ""bindings"": 1, ""semantic_equivalence"": ""not checked at large width""}"
previous,core_qft_adder_104,static: each control-flow region counted once,3066,flat circuit,,59.953866,"[59.918298, 59.959082, 60.370061, 59.953866, 59.67852]",qft_adder,2677182,57620,30d26e33ef32512f1b131cbe967c67c127cd6a9f757b0b64314117d335696e6c,1111180,numeric,8364,258,3964,3065,8106,0,"{""rz"": 8106, ""rx"": 258, ""rzz"": 3964, ""measure"": 104}",core,85.439083,"[72.516249, 81.144272, 85.439083, 86.544338, 87.205173]",191.08984375,104,406,exported,382.147594,"[381.742072, 382.522316, 381.932904, 382.147594, 382.355979]",rxrz_rzz_unbounded,1430,"{""kind"": ""native_contract_only"", ""passed"": true, ""errors"": [], ""checked_instructions"": 12432, ""bindings"": 1, ""semantic_equivalence"": ""not checked at large width""}"
previous,core_qft_adder_156,static: each control-flow region counted once,5692,flat circuit,,131.35577,"[131.35577, 130.549829, 131.605035, 131.177401, 131.572971]",qft_adder,5973137,125857,be4dc2fe4f6e0100e3aac49682c8970dc5f44ce3e30ef7aee189c5e75f874969,2164413,numeric,16059,465,7656,5691,15594,0,"{""rz"": 15594, ""rx"": 465, ""rzz"": 7656, ""measure"": 156}",core,239.8985,"[189.536919, 224.212274, 239.8985, 246.981617, 250.192292]",268.5078125,156,355,exported,1077.727287,"[1074.163233, 1074.651188, 1078.336427, 1077.727287, 1079.467794]",ibm_fractional_bounded,2704,"{""kind"": ""native_contract_only"", ""passed"": true, ""errors"": [], ""checked_instructions"": 23871, ""bindings"": 1, ""semantic_equivalence"": ""not checked at large width""}"
previous,core_qft_adder_156,static: each control-flow region counted once,9462,flat circuit,,424.800752,"[414.183613, 421.267241, 424.800752, 426.973533, 427.890611]",qft_adder,5973137,125857,be4dc2fe4f6e0100e3aac49682c8970dc5f44ce3e30ef7aee189c5e75f874969,5369505,numeric,22152,403,14494,9461,21749,0,"{""x"": 80, ""rz"": 21749, ""sx"": 323, ""cx"": 14494, ""measure"": 156}",core,239.065264,"[190.102316, 222.152869, 239.065264, 246.20678, 249.686275]",284.82421875,156,332,exported,1194.298296,"[1081.839876, 1194.298296, 1191.598758, 1223.298285, 1207.963661]",ibm_sxz_cx,4666,"{""kind"": ""native_contract_only"", ""passed"": true, ""errors"": [], ""checked_instructions"": 36802, ""bindings"": 1, ""semantic_equivalence"": ""not checked at large width""}"
previous,core_qft_adder_156,static: each control-flow region counted once,27182,flat circuit,,681.687999,"[666.921554, 673.551899, 681.687999, 685.461702, 691.611293]",qft_adder,5973137,125857,be4dc2fe4f6e0100e3aac49682c8970dc5f44ce3e30ef7aee189c5e75f874969,8722142,numeric,78549,28649,14494,27181,49900,0,"{""x"": 127, ""rz"": 49900, ""sx"": 28522, ""cz"": 14494, ""measure"": 156}",core,238.82483,"[192.1186, 225.614395, 238.82483, 246.625343, 251.666223]",389.40234375,156,521,exported,1746.572135,"[1667.829208, 1764.091141, 1742.771055, 1746.572135, 1749.586554]",ibm_sxz_cz,4666,"{""kind"": ""native_contract_only"", ""passed"": true, ""errors"": [], ""checked_instructions"": 93199, ""bindings"": 1, ""semantic_equivalence"": ""not checked at large width""}"
previous,core_qft_adder_156,static: each control-flow region counted once,5692,flat circuit,,142.485072,"[142.867058, 142.364879, 142.485072, 142.182094, 142.761697]",qft_adder,5973137,125857,be4dc2fe4f6e0100e3aac49682c8970dc5f44ce3e30ef7aee189c5e75f874969,2127186,numeric,15826,388,7656,5691,15438,0,"{""rz"": 15438, ""rx"": 388, ""rzz"": 7656, ""measure"": 156}",core,238.165209,"[189.164549, 223.466813, 238.165209, 247.09749, 252.075776]",270.7109375,156,458,exported,1003.195587,"[999.20969, 994.728414, 1012.61123, 1004.116873, 1003.195587]",rxrz_rzz_unbounded,2704,"{""kind"": ""native_contract_only"", ""passed"": true, ""errors"": [], ""checked_instructions"": 23638, ""bindings"": 1, ""semantic_equivalence"": ""not checked at large width""}"
previous,core_qft_adder_24,static: each control-flow region counted once,251,flat circuit,,2.559296,"[3.249957, 2.601585, 2.559296, 2.510017, 2.521248]",qft_adder,147968,3220,9008e35287e6a72ff77ade60f12ca6428204b4494da14186863c47d8733a277d,72088,numeric,559,69,210,250,490,0,"{""rz"": 490, ""rx"": 69, ""rzz"": 210, ""measure"": 24}",core,4.042426,"[4.191787, 4.631982, 4.042426, 4.03873, 3.991082]",122.453125,24,72,exported,16.503722,"[16.605755, 16.505051, 16.463098, 16.480107, 16.503722]",ibm_fractional_bounded,100,"{""kind"": ""native_contract_only"", ""passed"": true, ""errors"": [], ""checked_instructions"": 793, ""bindings"": 1, ""semantic_equivalence"": ""not checked at large width""}"
previous,core_qft_adder_24,static: each control-flow region counted once,426,flat circuit,,5.954711,"[6.92566, 6.035255, 5.954711, 5.921734, 5.874758]",qft_adder,147968,3220,9008e35287e6a72ff77ade60f12ca6428204b4494da14186863c47d8733a277d,156076,numeric,708,58,408,425,650,0,"{""x"": 14, ""rz"": 650, ""sx"": 44, ""cx"": 408, ""measure"": 24}",core,4.107098,"[4.107098, 3.929034, 4.271643, 4.613342, 3.946378]",123.8828125,24,51,exported,17.688482,"[17.724962, 17.758147, 17.66845, 17.688434, 17.688482]",ibm_sxz_cx,198,"{""kind"": ""native_contract_only"", ""passed"": true, ""errors"": [], ""checked_instructions"": 1140, ""bindings"": 1, ""semantic_equivalence"": ""not checked at large width""}"
previous,core_qft_adder_24,static: each control-flow region counted once,1100,flat circuit,,10.234482,"[11.365769, 10.474884, 10.234482, 10.099985, 10.188642]",qft_adder,147968,3220,9008e35287e6a72ff77ade60f12ca6428204b4494da14186863c47d8733a277d,243416,numeric,2207,817,408,1099,1390,0,"{""x"": 23, ""rz"": 1390, ""sx"": 794, ""cz"": 408, ""measure"": 24}",core,4.244939,"[4.550157, 4.244939, 4.051098, 4.308444, 4.062586]",131.18359375,24,89,exported,24.136284,"[24.245884, 24.195516, 24.11678, 24.135564, 24.136284]",ibm_sxz_cz,198,"{""kind"": ""native_contract_only"", ""passed"": true, ""errors"": [], ""checked_instructions"": 2639, ""bindings"": 1, ""semantic_equivalence"": ""not checked at large width""}"
previous,core_qft_adder_24,static: each control-flow region counted once,240,flat circuit,,3.587687,"[4.235196, 3.778792, 3.587687, 3.527143, 3.500535]",qft_adder,147968,3220,9008e35287e6a72ff77ade60f12ca6428204b4494da14186863c47d8733a277d,68585,numeric,491,58,210,239,433,0,"{""gpi"": 34, ""rz"": 433, ""gpi2"": 24, ""rzz"": 210, ""measure"": 24}",core,4.207163,"[4.222587, 3.896473, 4.711407, 4.207163, 4.004298]",125.63671875,24,94,exported,15.301379,"[15.352323, 15.289779, 15.301379, 15.258322, 15.308835]",ionq_fixed_r_zz,100,"{""kind"": ""native_contract_only"", ""passed"": true, ""errors"": [], ""checked_instructions"": 725, ""bindings"": 1, ""semantic_equivalence"": ""not checked at large width""}"
previous,core_qft_adder_24,static: each control-flow region counted once,387,flat circuit,,5.24877,"[6.267241, 5.371122, 5.24877, 5.206642, 5.163057]",qft_adder,147968,3220,9008e35287e6a72ff77ade60f12ca6428204b4494da14186863c47d8733a277d,148919,numeric,432,432,408,386,0,0,"{""r"": 432, ""cz"": 408, ""measure"": 24}",core,4.142091,"[4.142091, 3.969577, 3.93417, 4.646446, 4.264987]",124.17578125,24,135,exported,22.321616,"[22.450832, 22.325856, 22.243503, 22.321616, 22.276639]",iqm_r_cz,198,"{""kind"": ""native_contract_only"", ""passed"": true, ""errors"": [], ""checked_instructions"": 864, ""bindings"": 1, ""semantic_equivalence"": ""not checked at large width""}"
previous,core_qft_adder_24,static: each control-flow region counted once,1100,flat circuit,,15.028545,"[15.951815, 16.637131, 15.028545, 14.701967, 14.756495]",qft_adder,147968,3220,9008e35287e6a72ff77ade60f12ca6428204b4494da14186863c47d8733a277d,251679,numeric,2207,817,408,1099,1390,0,"{""rxpi"": 23, ""rz"": 1390, ""rxpi2"": 794, ""cz"": 408, ""measure"": 24}",core,4.184955,"[4.244348, 4.66115, 3.919129, 4.184955, 4.041242]",132.890625,24,96,exported,25.343187,"[25.534181, 25.425636, 25.343187, 25.327747, 25.298276]",rigetti_rx_cz,198,"{""kind"": ""native_contract_only"", ""passed"": true, ""errors"": [], ""checked_instructions"": 2639, ""bindings"": 1, ""semantic_equivalence"": ""not checked at large width""}"
previous,core_qft_adder_24,static: each control-flow region counted once,251,flat circuit,,2.829331,"[3.545927, 2.927603, 2.825698, 2.829331, 2.815954]",qft_adder,147968,3220,9008e35287e6a72ff77ade60f12ca6428204b4494da14186863c47d8733a277d,69712,numeric,524,58,210,250,466,0,"{""rz"": 466, ""rx"": 58, ""rzz"": 210, ""measure"": 24}",core,4.269355,"[4.185147, 4.269355, 4.390189, 4.346924, 4.036634]",123.02734375,24,92,exported,15.359779,"[15.385204, 15.359779, 15.366435, 15.314834, 15.299186]",rxrz_rzz_unbounded,100,"{""kind"": ""native_contract_only"", ""passed"": true, ""errors"": [], ""checked_instructions"": 758, ""bindings"": 1, ""semantic_equivalence"": ""not checked at large width""}"
previous,core_qft_adder_36,static: each control-flow region counted once,485,flat circuit,,5.5389,"[6.329384, 5.5389, 5.540035, 5.432979, 5.454723]",qft_adder,326784,7096,cd43e150a57e3ce028cb0a9157c2c567fad375ff5695ae00ae11cc2abf6aa507,150179,numeric,1165,105,477,484,1060,0,"{""rz"": 1060, ""rx"": 105, ""rzz"": 477, ""measure"": 36}",core,8.110804,"[9.029482, 7.863746, 8.110804, 8.052067, 8.114116]",125.1796875,36,106,exported,36.751579,"[36.849036, 36.796747, 36.72321, 36.733818, 36.751579]",ibm_fractional_bounded,205,"{""kind"": ""native_contract_only"", ""passed"": true, ""errors"": [], ""checked_instructions"": 1678, ""bindings"": 1, ""semantic_equivalence"": ""not checked at large width""}"
previous,core_qft_adder_36,static: each control-flow region counted once,858,flat circuit,,14.239659,"[15.96103, 14.40126, 14.169659, 14.239659, 14.200874]",qft_adder,326784,7096,cd43e150a57e3ce028cb0a9157c2c567fad375ff5695ae00ae11cc2abf6aa507,352336,numeric,1551,88,936,857,1463,0,"{""x"": 20, ""rz"": 1463, ""sx"": 68, ""cx"": 936, ""measure"": 36}",core,8.173764,"[8.173764, 8.698952, 8.086835, 8.218965, 8.114708]",132.953125,36,75,exported,39.865503,"[39.753406, 40.01896, 39.751406, 39.865503, 39.947039]",ibm_sxz_cx,408,"{""kind"": ""native_contract_only"", ""passed"": true, ""errors"": [], ""checked_instructions"": 2523, ""bindings"": 1, ""semantic_equivalence"": ""not checked at large width""}"
previous,core_qft_adder_36,static: each control-flow region counted once,2312,flat circuit,,25.170865,"[26.540618, 25.231633, 25.158913, 25.148272, 25.170865]",qft_adder,326784,7096,cd43e150a57e3ce028cb0a9157c2c567fad375ff5695ae00ae11cc2abf6aa507,556407,numeric,5090,1873,936,2311,3217,0,"{""x"": 35, ""rz"": 3217, ""sx"": 1838, ""cz"": 936, ""measure"": 36}",core,8.323557,"[8.930905, 8.389526, 8.108084, 8.323557, 8.254564]",140.16015625,36,133,exported,56.725834,"[56.674186, 56.963564, 56.681578, 56.884619, 56.725834]",ibm_sxz_cz,408,"{""kind"": ""native_contract_only"", ""passed"": true, ""errors"": [], ""checked_instructions"": 6062, ""bindings"": 1, ""semantic_equivalence"": ""not checked at large width""}"
previous,core_qft_adder_36,static: each control-flow region counted once,468,flat circuit,,7.252191,"[8.131204, 7.305199, 7.165357, 7.252191, 7.151885]",qft_adder,326784,7096,cd43e150a57e3ce028cb0a9157c2c567fad375ff5695ae00ae11cc2abf6aa507,144342,numeric,1061,88,477,467,973,0,"{""gpi"": 52, ""rz"": 973, ""gpi2"": 36, ""rzz"": 477, ""measure"": 36}",core,8.202212,"[8.530183, 8.475286, 8.10626, 8.154532, 8.202212]",128.06640625,36,142,exported,34.009001,"[34.489004, 34.046953, 34.005273, 34.009001, 33.86708]",ionq_fixed_r_zz,205,"{""kind"": ""native_contract_only"", ""passed"": true, ""errors"": [], ""checked_instructions"": 1574, ""bindings"": 1, ""semantic_equivalence"": ""not checked at large width""}"
previous,core_qft_adder_36,static: each control-flow region counted once,801,flat circuit,,12.590832,"[13.784089, 12.708017, 12.545408, 12.590832, 12.581344]",qft_adder,326784,7096,cd43e150a57e3ce028cb0a9157c2c567fad375ff5695ae00ae11cc2abf6aa507,335373,numeric,972,972,936,800,0,0,"{""r"": 972, ""cz"": 936, ""measure"": 36}",core,8.300981,"[8.537798, 8.497862, 8.13866, 8.300981, 8.158101]",127.6484375,36,212,exported,51.735498,"[51.68833, 51.735498, 51.856459, 51.795147, 51.613561]",iqm_r_cz,408,"{""kind"": ""native_contract_only"", ""passed"": true, ""errors"": [], ""checked_instructions"": 1944, ""bindings"": 1, ""semantic_equivalence"": ""not checked at large width""}"
previous,core_qft_adder_36,static: each control-flow region counted once,2312,flat circuit,,36.005238,"[38.109619, 36.005238, 35.432386, 35.436322, 36.267336]",qft_adder,326784,7096,cd43e150a57e3ce028cb0a9157c2c567fad375ff5695ae00ae11cc2abf6aa507,574770,numeric,5090,1873,936,2311,3217,0,"{""rxpi"": 35, ""rz"": 3217, ""rxpi2"": 1838, ""cz"": 936, ""measure"": 36}",core,8.111764,"[9.143322, 8.241925, 8.111764, 8.102916, 8.092483]",142.7734375,36,147,exported,59.386027,"[59.386027, 59.428299, 59.271578, 59.417291, 59.370186]",rigetti_rx_cz,408,"{""kind"": ""native_contract_only"", ""passed"": true, ""errors"": [], ""checked_instructions"": 6062, ""bindings"": 1, ""semantic_equivalence"": ""not checked at large width""}"
previous,core_qft_adder_36,static: each control-flow region counted once,485,flat circuit,,6.024086,"[7.093262, 6.197399, 6.024086, 5.983943, 5.988214]",qft_adder,326784,7096,cd43e150a57e3ce028cb0a9157c2c567fad375ff5695ae00ae11cc2abf6aa507,146636,numeric,1112,88,477,484,1024,0,"{""rz"": 1024, ""rx"": 88, ""rzz"": 477, ""measure"": 36}",core,8.209892,"[9.127114, 8.083956, 8.209892, 8.32967, 8.201076]",124.92578125,36,140,exported,34.08737,"[34.115866, 34.08737, 34.06977, 33.962649, 34.115258]",rxrz_rzz_unbounded,205,"{""kind"": ""native_contract_only"", ""passed"": true, ""errors"": [], ""checked_instructions"": 1625, ""bindings"": 1, ""semantic_equivalence"": ""not checked at large width""}"
previous,core_qft_adder_54,static: each control-flow region counted once,971,flat circuit,,12.550239,"[13.625686, 12.550239, 12.554944, 12.460014, 12.306286]",qft_adder,725232,15745,1583a385f792f2ab191d2ba23ea897bf1c3693e294c6213d75358aeef62655fe,324190,numeric,2479,159,1080,970,2320,0,"{""rz"": 2320, ""rx"": 159, ""rzz"": 1080, ""measure"": 54}",core,18.198547,"[17.557119, 17.841601, 18.198547, 18.639286, 18.517125]",134.87890625,54,158,exported,87.987964,"[87.938668, 88.11651, 87.987964, 88.238174, 87.712971]",ibm_fractional_bounded,430,"{""kind"": ""native_contract_only"", ""passed"": true, ""errors"": [], ""checked_instructions"": 3613, ""bindings"": 1, ""semantic_equivalence"": ""not checked at large width""}"
previous,core_qft_adder_54,static: each control-flow region counted once,1672,flat circuit,,35.382287,"[37.124411, 35.474816, 35.131263, 35.382287, 35.182607]",qft_adder,725232,15745,1583a385f792f2ab191d2ba23ea897bf1c3693e294c6213d75358aeef62655fe,774798,numeric,3347,137,2077,1671,3210,0,"{""x"": 29, ""rz"": 3210, ""sx"": 108, ""cx"": 2077, ""measure"": 54}",core,18.289732,"[18.066882, 18.006338, 18.289732, 18.560661, 18.624598]",145.75390625,54,131,exported,96.846596,"[96.494114, 97.551369, 96.834277, 97.503385, 96.846596]",ibm_sxz_cx,802,"{""kind"": ""native_contract_only"", ""passed"": true, ""errors"": [], ""checked_instructions"": 5478, ""bindings"": 1, ""semantic_equivalence"": ""not checked at large width""}"
previous,core_qft_adder_54,static: each control-flow region counted once,4632,flat circuit,,63.232704,"[65.583886, 63.207328, 63.232704, 62.900814, 63.467201]",qft_adder,725232,15745,1583a385f792f2ab191d2ba23ea897bf1c3693e294c6213d75358aeef62655fe,1240061,numeric,11362,4162,2077,4631,7200,0,"{""x"": 46, ""rz"": 7200, ""sx"": 4116, ""cz"": 2077, ""measure"": 54}",core,18.263268,"[17.438127, 17.788944, 18.263268, 18.408244, 18.701126]",161.296875,54,207,exported,135.632666,"[135.511833, 136.340926, 135.526617, 136.31635, 135.632666]",ibm_sxz_cz,802,"{""kind"": ""native_contract_only"", ""passed"": true, ""errors"": [], ""checked_instructions"": 13493, ""bindings"": 1, ""semantic_equivalence"": ""not checked at large width""}"
previous,core_qft_adder_54,static: each control-flow region counted once,945,flat circuit,,15.642211,"[16.847243, 16.036965, 15.642211, 15.628915, 15.504722]",qft_adder,725232,15745,1583a385f792f2ab191d2ba23ea897bf1c3693e294c6213d75358aeef62655fe,314760,numeric,2321,133,1080,944,2188,0,"{""gpi"": 79, ""rz"": 2188, ""gpi2"": 54, ""rzz"": 1080, ""measure"": 54}",core,18.349764,"[17.731232, 18.07333, 18.349764, 18.515205, 18.553189]",136.40234375,54,214,exported,81.054592,"[81.472355, 81.432131, 80.850959, 81.054592, 80.644574]",ionq_fixed_r_zz,430,"{""kind"": ""native_contract_only"", ""passed"": true, ""errors"": [], ""checked_instructions"": 3455, ""bindings"": 1, ""semantic_equivalence"": ""not checked at large width""}"
previous,core_qft_adder_54,static: each control-flow region counted once,1580,flat circuit,,32.856576,"[33.299747, 32.621598, 32.501214, 32.856576, 33.085297]",qft_adder,725232,15745,1583a385f792f2ab191d2ba23ea897bf1c3693e294c6213d75358aeef62655fe,734830,numeric,2135,2135,2077,1579,0,0,"{""r"": 2135, ""cz"": 2077, ""measure"": 54}",core,18.352532,"[17.826784, 18.059827, 18.352532, 18.637958, 18.574613]",143.2890625,54,339,exported,127.534054,"[127.360422, 127.798584, 127.534054, 127.532359, 127.572998]",iqm_r_cz,802,"{""kind"": ""native_contract_only"", ""passed"": true, ""errors"": [], ""checked_instructions"": 4266, ""bindings"": 1, ""semantic_equivalence"": ""not checked at large width""}"
previous,core_qft_adder_54,static: each control-flow region counted once,4632,flat circuit,,86.397922,"[87.083367, 87.124214, 86.151921, 86.397922, 86.102576]",qft_adder,725232,15745,1583a385f792f2ab191d2ba23ea897bf1c3693e294c6213d75358aeef62655fe,1279297,numeric,11362,4162,2077,4631,7200,0,"{""rxpi"": 46, ""rz"": 7200, ""rxpi2"": 4116, ""cz"": 2077, ""measure"": 54}",core,18.359796,"[17.576271, 17.901441, 18.359796, 18.566293, 18.698822]",173.9453125,54,222,exported,143.478859,"[142.898167, 143.651772, 143.478859, 143.827102, 143.396667]",rigetti_rx_cz,802,"{""kind"": ""native_contract_only"", ""passed"": true, ""errors"": [], ""checked_instructions"": 13493, ""bindings"": 1, ""semantic_equivalence"": ""not checked at large width""}"
previous,core_qft_adder_54,static: each control-flow region counted once,971,flat circuit,,13.81108,"[14.85451, 13.843223, 13.81108, 13.773991, 13.67831]",qft_adder,725232,15745,1583a385f792f2ab191d2ba23ea897bf1c3693e294c6213d75358aeef62655fe,318402,numeric,2399,133,1080,970,2266,0,"{""rz"": 2266, ""rx"": 133, ""rzz"": 1080, ""measure"": 54}",core,18.551141,"[18.551141, 18.102627, 18.35098, 18.552309, 18.694439]",134.203125,54,212,exported,81.262354,"[81.65626, 81.262354, 81.429267, 80.848255, 81.00552]",rxrz_rzz_unbounded,430,"{""kind"": ""native_contract_only"", ""passed"": true, ""errors"": [], ""checked_instructions"": 3533, ""bindings"": 1, ""semantic_equivalence"": ""not checked at large width""}"
previous,core_qpe_104,static: each control-flow region counted once,7507,flat circuit,,54.813626,"[55.683104, 55.273196, 54.813626, 54.467224, 54.602168]",qpe,3473950,71951,d48d9f5e3627140da03a5660cb95c35763ac36c287286e6a66be8336c1bd625c,1034381,numeric,7768,209,3680,7506,7559,0,"{""rz"": 7559, ""rx"": 208, ""x"": 1, ""rzz"": 3680, ""measure"": 103}",core,119.901973,"[100.672331, 113.872926, 119.901973, 121.593935, 122.588037]",189.328125,104,227,exported,463.800526,"[464.435122, 466.267166, 463.800526, 461.998659, 462.772087]",ibm_fractional_bounded,3677,"{""kind"": ""native_contract_only"", ""passed"": true, ""errors"": [], ""checked_instructions"": 11551, ""bindings"": 1, ""semantic_equivalence"": ""not checked at large width""}"
previous,core_qpe_104,static: each control-flow region counted once,13356,flat circuit,,164.206397,"[166.530827, 163.460776, 164.034155, 164.206397, 164.847424]",qpe,3473950,71951,d48d9f5e3627140da03a5660cb95c35763ac36c287286e6a66be8336c1bd625c,2456023,numeric,10310,222,6619,13355,10088,0,"{""rz"": 10088, ""sx"": 221, ""x"": 1, ""cx"": 6619, ""measure"": 103}",core,116.632208,"[98.523118, 111.228798, 116.632208, 120.812154, 120.726042]",199.8046875,104,283,exported,518.259335,"[500.745544, 517.319217, 518.259335, 521.503483, 519.17774]",ibm_sxz_cx,6614,"{""kind"": ""native_contract_only"", ""passed"": true, ""errors"": [], ""checked_instructions"": 17032, ""bindings"": 1, ""semantic_equivalence"": ""not checked at large width""}"
previous,core_qpe_104,static: each control-flow region counted once,38844,flat circuit,,275.207848,"[275.49009, 272.890074, 274.688518, 275.207848, 276.344943]",qpe,3473950,71951,d48d9f5e3627140da03a5660cb95c35763ac36c287286e6a66be8336c1bd625c,3969216,numeric,36009,13146,6619,38843,22863,0,"{""rz"": 22863, ""sx"": 13072, ""cz"": 6619, ""x"": 74, ""measure"": 103}",core,117.653686,"[98.400701, 112.087732, 117.653686, 119.266385, 119.088799]",261.328125,104,351,exported,730.730067,"[713.00034, 730.711187, 733.011666, 730.730067, 737.815168]",ibm_sxz_cz,6614,"{""kind"": ""native_contract_only"", ""passed"": true, ""errors"": [], ""checked_instructions"": 42731, ""bindings"": 1, ""semantic_equivalence"": ""not checked at large width""}"
previous,core_qpe_104,static: each control-flow region counted once,7507,flat circuit,,60.408957,"[61.424531, 60.935841, 60.239452, 60.408957, 59.90801]",qpe,3473950,71951,d48d9f5e3627140da03a5660cb95c35763ac36c287286e6a66be8336c1bd625c,1026102,numeric,7765,207,3680,7506,7558,0,"{""rz"": 7558, ""rx"": 207, ""rzz"": 3680, ""measure"": 103}",core,118.730429,"[99.973734, 113.654702, 118.730429, 121.063484, 123.190345]",189.95703125,104,272,exported,466.816225,"[471.036364, 466.564432, 466.816225, 469.250673, 459.097968]",rxrz_rzz_unbounded,3677,"{""kind"": ""native_contract_only"", ""passed"": true, ""errors"": [], ""checked_instructions"": 11548, ""bindings"": 1, ""semantic_equivalence"": ""not checked at large width""}"
previous,core_qpe_156,static: each control-flow region counted once,12447,flat circuit,,110.025204,"[112.111729, 109.539889, 109.309904, 110.025204, 111.970448]",qpe,7713224,154605,025be7a9f59f4cf7c1c50778b0bf5fddf52bb53ca0187cdcd8f4a0bc555a32e5,1718762,numeric,12812,313,6124,12446,12499,0,"{""rz"": 12499, ""rx"": 312, ""x"": 1, ""rzz"": 6124, ""measure"": 155}",core,333.92042,"[255.473751, 306.066998, 333.92042, 346.211074, 344.922298]",254.11328125,156,279,exported,1117.354885,"[1123.856558, 1125.86881, 1117.354885, 1116.923426, 1116.148221]",ibm_fractional_bounded,6121,"{""kind"": ""native_contract_only"", ""passed"": true, ""errors"": [], ""checked_instructions"": 19091, ""bindings"": 1, ""semantic_equivalence"": ""not checked at large width""}"
previous,core_qpe_156,static: each control-flow region counted once,23132,flat circuit,,348.325088,"[350.997937, 345.805024, 348.332736, 348.325088, 347.969198]",qpe,7713224,154605,025be7a9f59f4cf7c1c50778b0bf5fddf52bb53ca0187cdcd8f4a0bc555a32e5,4276751,numeric,17746,326,11507,23131,17420,0,"{""rz"": 17420, ""sx"": 325, ""x"": 1, ""cx"": 11507, ""measure"": 155}",core,341.949369,"[256.687648, 307.997603, 345.682527, 341.949369, 342.559132]",258.04296875,156,335,exported,1256.303491,"[1246.938456, 1256.980407, 1256.303491, 1255.02985, 1259.268021]",ibm_sxz_cx,11502,"{""kind"": ""native_contract_only"", ""passed"": true, ""errors"": [], ""checked_instructions"": 29408, ""bindings"": 1, ""semantic_equivalence"": ""not checked at large width""}"
previous,core_qpe_156,static: each control-flow region counted once,67444,flat circuit,,569.270494,"[568.804076, 569.000716, 571.40006, 569.270494, 572.46165]",qpe,7713224,154605,025be7a9f59f4cf7c1c50778b0bf5fddf52bb53ca0187cdcd8f4a0bc555a32e5,6902174,numeric,62373,22766,11507,67443,39607,0,"{""rz"": 39607, ""sx"": 22640, ""cz"": 11507, ""x"": 126, ""measure"": 155}",core,329.451865,"[254.553922, 308.012578, 329.451865, 340.701745, 342.148505]",358.86328125,156,403,exported,1708.654657,"[1642.249503, 1708.654657, 1696.232658, 1709.804951, 1711.524642]",ibm_sxz_cz,11502,"{""kind"": ""native_contract_only"", ""passed"": true, ""errors"": [], ""checked_instructions"": 74035, ""bindings"": 1, ""semantic_equivalence"": ""not checked at large width""}"
previous,core_qpe_156,static: each control-flow region counted once,12447,flat circuit,,120.70948,"[120.70948, 120.994649, 120.299253, 122.13704, 120.694583]",qpe,7713224,154605,025be7a9f59f4cf7c1c50778b0bf5fddf52bb53ca0187cdcd8f4a0bc555a32e5,1704945,numeric,12809,311,6124,12446,12498,0,"{""rz"": 12498, ""rx"": 311, ""rzz"": 6124, ""measure"": 155}",core,330.189358,"[255.760105, 306.697353, 330.189358, 341.960535, 347.306681]",254.13671875,156,324,exported,1126.506494,"[1126.506494, 1133.402506, 1126.707008, 1119.063663, 1121.670736]",rxrz_rzz_unbounded,6121,"{""kind"": ""native_contract_only"", ""passed"": true, ""errors"": [], ""checked_instructions"": 19088, ""bindings"": 1, ""semantic_equivalence"": ""not checked at large width""}"
previous,core_qpe_24,static: each control-flow region counted once,554,flat circuit,,2.941762,"[3.656567, 3.023779, 2.941762, 2.90149, 2.911922]",qpe,186767,4089,4107059cad6048b4c6ad89a9570460290ece3a55673ebe23edf96940707bc5ee,82892,numeric,630,49,256,553,581,0,"{""rz"": 581, ""rx"": 48, ""x"": 1, ""rzz"": 256, ""measure"": 23}",core,4.85115,"[5.011551, 5.614739, 4.783006, 4.85115, 4.834639]",122.640625,24,78,exported,19.162424,"[19.307241, 19.091975, 19.215384, 19.04943, 19.162424]",ibm_fractional_bounded,253,"{""kind"": ""native_contract_only"", ""passed"": true, ""errors"": [], ""checked_instructions"": 909, ""bindings"": 1, ""semantic_equivalence"": ""not checked at large width""}"
previous,core_qpe_24,static: each control-flow region counted once,1036,flat circuit,,7.408686,"[8.288692, 7.408686, 7.33067, 7.270061, 7.452223]",qpe,186767,4089,4107059cad6048b4c6ad89a9570460290ece3a55673ebe23edf96940707bc5ee,191176,numeric,865,47,499,1035,818,0,"{""rz"": 818, ""sx"": 46, ""x"": 1, ""cx"": 499, ""measure"": 23}",core,4.933679,"[4.933679, 5.10496, 5.352193, 4.898831, 4.856734]",126.75,24,78,exported,22.44542,"[22.44542, 22.457628, 22.342027, 22.468221, 22.354043]",ibm_sxz_cx,494,"{""kind"": ""native_contract_only"", ""passed"": true, ""errors"": [], ""checked_instructions"": 1387, ""bindings"": 1, ""semantic_equivalence"": ""not checked at large width""}"
previous,core_qpe_24,static: each control-flow region counted once,2894,flat circuit,,12.699663,"[14.054887, 12.799168, 12.602271, 12.526446, 12.699663]",qpe,186767,4089,4107059cad6048b4c6ad89a9570460290ece3a55673ebe23edf96940707bc5ee,300791,numeric,2774,1021,499,2893,1753,0,"{""rz"": 1753, ""sx"": 1002, ""cz"": 499, ""x"": 19, ""measure"": 23}",core,5.074448,"[5.074448, 4.754014, 4.857118, 5.54821, 5.136911]",132.91796875,24,96,exported,30.821856,"[30.756224, 30.834496, 30.7432, 30.830576, 30.821856]",ibm_sxz_cz,494,"{""kind"": ""native_contract_only"", ""passed"": true, ""errors"": [], ""checked_instructions"": 3296, ""bindings"": 1, ""semantic_equivalence"": ""not checked at large width""}"
previous,core_qpe_24,static: each control-flow region counted once,554,flat circuit,,4.022841,"[4.758286, 4.238058, 4.022841, 3.978857, 3.977593]",qpe,186767,4089,4107059cad6048b4c6ad89a9570460290ece3a55673ebe23edf96940707bc5ee,83060,numeric,625,47,256,553,578,0,"{""rz"": 578, ""gpi2"": 44, ""gpi"": 3, ""rzz"": 256, ""measure"": 23}",core,5.01584,"[5.01584, 5.063599, 5.406578, 4.905502, 4.835055]",125.38671875,24,100,exported,19.042855,"[19.150455, 19.039159, 19.148728, 19.042855, 19.00087]",ionq_fixed_r_zz,253,"{""kind"": ""native_contract_only"", ""passed"": true, ""errors"": [], ""checked_instructions"": 904, ""bindings"": 1, ""semantic_equivalence"": ""not checked at large width""}"
previous,core_qpe_24,static: each control-flow region counted once,990,flat circuit,,6.318904,"[7.230973, 6.489096, 6.318904, 6.306247, 6.290887]",qpe,186767,4089,4107059cad6048b4c6ad89a9570460290ece3a55673ebe23edf96940707bc5ee,175419,numeric,525,525,499,989,0,0,"{""r"": 525, ""cz"": 499, ""measure"": 23}",core,4.92659,"[4.990831, 5.607395, 4.780798, 4.92659, 4.770766]",124.20703125,24,76,exported,27.990894,"[27.969822, 28.043071, 28.087775, 27.990894, 27.974303]",iqm_r_cz,494,"{""kind"": ""native_contract_only"", ""passed"": true, ""errors"": [], ""checked_instructions"": 1047, ""bindings"": 1, ""semantic_equivalence"": ""not checked at large width""}"
previous,core_qpe_24,static: each control-flow region counted once,2894,flat circuit,,18.966855,"[19.225703, 20.359967, 18.966855, 18.415922, 18.499908]",qpe,186767,4089,4107059cad6048b4c6ad89a9570460290ece3a55673ebe23edf96940707bc5ee,311672,numeric,2774,1021,499,2893,1753,0,"{""rz"": 1753, ""rxpi2"": 1002, ""cz"": 499, ""rxpi"": 19, ""measure"": 23}",core,4.986831,"[4.986831, 5.107392, 5.324065, 4.882591, 4.857934]",134.98046875,24,114,exported,32.232889,"[32.271962, 32.284041, 32.12148, 32.232889, 32.197193]",rigetti_rx_cz,494,"{""kind"": ""native_contract_only"", ""passed"": true, ""errors"": [], ""checked_instructions"": 3296, ""bindings"": 1, ""semantic_equivalence"": ""not checked at large width""}"
previous,core_qpe_24,static: each control-flow region counted once,554,flat circuit,,3.327189,"[4.099049, 3.396613, 3.327189, 3.294901, 3.293812]",qpe,186767,4089,4107059cad6048b4c6ad89a9570460290ece3a55673ebe23edf96940707bc5ee,82405,numeric,627,47,256,553,580,0,"{""rz"": 580, ""rx"": 47, ""rzz"": 256, ""measure"": 23}",core,4.942735,"[4.942735, 5.138624, 5.330225, 4.866574, 4.843374]",123.3046875,24,98,exported,19.066743,"[19.1506, 19.066743, 19.054454, 19.112551, 19.035223]",rxrz_rzz_unbounded,253,"{""kind"": ""native_contract_only"", ""passed"": true, ""errors"": [], ""checked_instructions"": 906, ""bindings"": 1, ""semantic_equivalence"": ""not checked at large width""}"
previous,core_qpe_36,static: each control-flow region counted once,1262,flat circuit,,6.558042,"[7.538768, 6.657643, 6.491786, 6.558042, 6.480954]",qpe,420128,9153,8b24673292c237ca6efd94c6f4860710dca1226b82c52ec7fa8b98884801d384,180535,numeric,1374,73,598,1261,1301,0,"{""rz"": 1301, ""rx"": 72, ""x"": 1, ""rzz"": 598, ""measure"": 35}",core,10.34085,"[11.163448, 10.149857, 10.236386, 10.345619, 10.34085]",128.38671875,36,114,exported,44.627983,"[44.954401, 44.627983, 44.766784, 44.499342, 44.604175]",ibm_fractional_bounded,595,"{""kind"": ""native_contract_only"", ""passed"": true, ""errors"": [], ""checked_instructions"": 2007, ""bindings"": 1, ""semantic_equivalence"": ""not checked at large width""}"
previous,core_qpe_36,static: each control-flow region counted once,1980,flat circuit,,15.098257,"[16.314713, 15.098257, 14.88568, 14.889008, 15.100145]",qpe,420128,9153,8b24673292c237ca6efd94c6f4860710dca1226b82c52ec7fa8b98884801d384,364856,numeric,1617,75,955,1979,1542,0,"{""rz"": 1542, ""sx"": 74, ""x"": 1, ""cx"": 955, ""measure"": 35}",core,10.362099,"[11.248712, 10.148129, 10.256114, 10.362099, 10.415763]",135.0390625,36,125,exported,49.387294,"[49.363197, 49.442574, 49.387294, 49.449854, 49.199213]",ibm_sxz_cx,950,"{""kind"": ""native_contract_only"", ""passed"": true, ""errors"": [], ""checked_instructions"": 2607, ""bindings"": 1, ""semantic_equivalence"": ""not checked at large width""}"
previous,core_qpe_36,static: each control-flow region counted once,5630,flat circuit,,26.329689,"[27.515537, 26.329689, 26.021256, 26.364713, 26.168985]",qpe,420128,9153,8b24673292c237ca6efd94c6f4860710dca1226b82c52ec7fa8b98884801d384,576736,numeric,5342,1957,955,5629,3385,0,"{""rz"": 3385, ""sx"": 1938, ""cz"": 955, ""x"": 19, ""measure"": 35}",core,10.435427,"[11.268664, 10.189922, 10.259186, 10.435427, 10.52602]",137.88671875,36,147,exported,67.549234,"[67.403377, 67.622706, 67.47661, 67.614371, 67.549234]",ibm_sxz_cz,950,"{""kind"": ""native_contract_only"", ""passed"": true, ""errors"": [], ""checked_instructions"": 6332, ""bindings"": 1, ""semantic_equivalence"": ""not checked at large width""}"
previous,core_qpe_36,static: each control-flow region counted once,1262,flat circuit,,8.585847,"[9.771982, 8.671064, 8.536711, 8.497799, 8.585847]",qpe,420128,9153,8b24673292c237ca6efd94c6f4860710dca1226b82c52ec7fa8b98884801d384,180474,numeric,1369,71,598,1261,1298,0,"{""rz"": 1298, ""gpi2"": 68, ""gpi"": 3, ""rzz"": 598, ""measure"": 35}",core,10.299282,"[11.073511, 10.146833, 10.21869, 10.299282, 10.439283]",129.08203125,36,148,exported,45.004001,"[44.897569, 45.295875, 45.004001, 45.167267, 44.998065]",ionq_fixed_r_zz,595,"{""kind"": ""native_contract_only"", ""passed"": true, ""errors"": [], ""checked_instructions"": 2002, ""bindings"": 1, ""semantic_equivalence"": ""not checked at large width""}"
previous,core_qpe_36,static: each control-flow region counted once,1902,flat circuit,,12.932003,"[14.144571, 12.932003, 12.770227, 13.012579, 12.727314]",qpe,420128,9153,8b24673292c237ca6efd94c6f4860710dca1226b82c52ec7fa8b98884801d384,336491,numeric,1003,1003,955,1901,0,0,"{""r"": 1003, ""cz"": 955, ""measure"": 35}",core,10.305139,"[11.239865, 10.119073, 10.152737, 10.311026, 10.305139]",130.72265625,36,131,exported,61.875678,"[61.875678, 61.987759, 61.840382, 61.87827, 61.739149]",iqm_r_cz,950,"{""kind"": ""native_contract_only"", ""passed"": true, ""errors"": [], ""checked_instructions"": 1993, ""bindings"": 1, ""semantic_equivalence"": ""not checked at large width""}"
previous,core_qpe_36,static: each control-flow region counted once,5630,flat circuit,,37.297439,"[39.513566, 37.117327, 37.297439, 37.146303, 37.927476]",qpe,420128,9153,8b24673292c237ca6efd94c6f4860710dca1226b82c52ec7fa8b98884801d384,596547,numeric,5342,1957,955,5629,3385,0,"{""rz"": 3385, ""rxpi2"": 1938, ""cz"": 955, ""rxpi"": 19, ""measure"": 35}",core,10.28261,"[11.136888, 10.102689, 10.156065, 10.28261, 10.360195]",141.1171875,36,171,exported,70.138387,"[70.002594, 70.200947, 69.913282, 70.307268, 70.138387]",rigetti_rx_cz,950,"{""kind"": ""native_contract_only"", ""passed"": true, ""errors"": [], ""checked_instructions"": 6332, ""bindings"": 1, ""semantic_equivalence"": ""not checked at large width""}"
previous,core_qpe_36,static: each control-flow region counted once,1262,flat circuit,,7.440847,"[8.44559, 7.542769, 7.440847, 7.435984, 7.396208]",qpe,420128,9153,8b24673292c237ca6efd94c6f4860710dca1226b82c52ec7fa8b98884801d384,179579,numeric,1371,71,598,1261,1300,0,"{""rz"": 1300, ""rx"": 71, ""rzz"": 598, ""measure"": 35}",core,10.549892,"[10.549892, 10.839366, 10.445795, 10.545828, 10.606132]",127.87109375,36,146,exported,45.166098,"[45.337699, 45.248403, 45.166098, 45.119778, 45.033137]",rxrz_rzz_unbounded,595,"{""kind"": ""native_contract_only"", ""passed"": true, ""errors"": [], ""checked_instructions"": 2004, ""bindings"": 1, ""semantic_equivalence"": ""not checked at large width""}"
previous,core_qpe_54,static: each control-flow region counted once,2757,flat circuit,,15.526675,"[16.440728, 15.605924, 15.482386, 15.496083, 15.526675]",qpe,942863,20526,badc29bda1176dc84b552697e1cc7ff3cb15628659863c1f267f44273034c6be,387397,numeric,2918,109,1330,2756,2809,0,"{""rz"": 2809, ""rx"": 108, ""x"": 1, ""rzz"": 1330, ""measure"": 53}",core,23.894456,"[22.586288, 23.433541, 23.894456, 24.350939, 24.313035]",139.40234375,54,177,exported,112.347115,"[112.307419, 112.231514, 112.539548, 112.347115, 112.482748]",ibm_fractional_bounded,1327,"{""kind"": ""native_contract_only"", ""passed"": true, ""errors"": [], ""checked_instructions"": 4301, ""bindings"": 1, ""semantic_equivalence"": ""not checked at large width""}"
previous,core_qpe_54,static: each control-flow region counted once,3956,flat circuit,,33.615831,"[35.408642, 34.036057, 33.604213, 33.615831, 33.595045]",qpe,942863,20526,badc29bda1176dc84b552697e1cc7ff3cb15628659863c1f267f44273034c6be,727032,numeric,3160,122,1919,3955,3038,0,"{""rz"": 3038, ""sx"": 121, ""x"": 1, ""cx"": 1919, ""measure"": 53}",core,24.256954,"[22.626608, 23.52543, 24.256954, 24.831678, 24.903519]",145.1640625,54,233,exported,119.864235,"[118.791268, 120.577248, 119.649658, 120.247021, 119.864235]",ibm_sxz_cx,1914,"{""kind"": ""native_contract_only"", ""passed"": true, ""errors"": [], ""checked_instructions"": 5132, ""bindings"": 1, ""semantic_equivalence"": ""not checked at large width""}"
previous,core_qpe_54,static: each control-flow region counted once,11344,flat circuit,,59.437067,"[61.204437, 59.437067, 58.904582, 59.161705, 59.611132]",qpe,942863,20526,badc29bda1176dc84b552697e1cc7ff3cb15628659863c1f267f44273034c6be,1160908,numeric,10659,3896,1919,11343,6763,0,"{""rz"": 6763, ""sx"": 3872, ""cz"": 1919, ""x"": 24, ""measure"": 53}",core,24.149258,"[22.604784, 23.608646, 24.149258, 24.573436, 24.607181]",160.92578125,54,301,exported,158.827683,"[156.72407, 159.179542, 158.435553, 159.160389, 158.827683]",ibm_sxz_cz,1914,"{""kind"": ""native_contract_only"", ""passed"": true, ""errors"": [], ""checked_instructions"": 12631, ""bindings"": 1, ""semantic_equivalence"": ""not checked at large width""}"
previous,core_qpe_54,static: each control-flow region counted once,2757,flat circuit,,19.658461,"[20.799221, 19.572428, 19.776574, 19.658461, 19.46774]",qpe,942863,20526,badc29bda1176dc84b552697e1cc7ff3cb15628659863c1f267f44273034c6be,386165,numeric,2913,107,1330,2756,2806,0,"{""rz"": 2806, ""gpi2"": 104, ""gpi"": 3, ""rzz"": 1330, ""measure"": 53}",core,24.292234,"[22.5932, 23.552006, 24.292234, 24.53982, 24.75211]",141.52734375,54,223,exported,113.386673,"[113.554371, 113.386673, 113.048768, 113.258785, 113.600131]",ionq_fixed_r_zz,1327,"{""kind"": ""native_contract_only"", ""passed"": true, ""errors"": [], ""checked_instructions"": 4296, ""bindings"": 1, ""semantic_equivalence"": ""not checked at large width""}"
previous,core_qpe_54,static: each control-flow region counted once,3820,flat circuit,,30.069071,"[30.942533, 30.493618, 29.511964, 30.069071, 29.921231]",qpe,942863,20526,badc29bda1176dc84b552697e1cc7ff3cb15628659863c1f267f44273034c6be,674268,numeric,1989,1989,1919,3819,0,0,"{""r"": 1989, ""cz"": 1919, ""measure"": 53}",core,24.138394,"[22.486719, 23.317252, 24.138394, 24.453068, 24.482268]",142.265625,54,232,exported,150.092428,"[149.927851, 150.333789, 150.28654, 150.092428, 150.015675]",iqm_r_cz,1914,"{""kind"": ""native_contract_only"", ""passed"": true, ""errors"": [], ""checked_instructions"": 3961, ""bindings"": 1, ""semantic_equivalence"": ""not checked at large width""}"
previous,core_qpe_54,static: each control-flow region counted once,11344,flat circuit,,81.08306,"[82.295404, 81.601655, 81.08306, 80.921283, 80.729794]",qpe,942863,20526,badc29bda1176dc84b552697e1cc7ff3cb15628659863c1f267f44273034c6be,1199114,numeric,10659,3896,1919,11343,6763,0,"{""rz"": 6763, ""rxpi2"": 3872, ""cz"": 1919, ""rxpi"": 24, ""measure"": 53}",core,24.150922,"[22.795601, 23.531622, 24.150922, 24.512444, 24.559292]",172.74609375,54,336,exported,163.73757,"[162.838765, 164.130325, 163.428192, 163.73757, 163.800658]",rigetti_rx_cz,1914,"{""kind"": ""native_contract_only"", ""passed"": true, ""errors"": [], ""checked_instructions"": 12631, ""bindings"": 1, ""semantic_equivalence"": ""not checked at large width""}"
previous,core_qpe_54,static: each control-flow region counted once,2757,flat circuit,,17.638848,"[18.641127, 17.638848, 17.56888, 17.428335, 17.668496]",qpe,942863,20526,badc29bda1176dc84b552697e1cc7ff3cb15628659863c1f267f44273034c6be,385058,numeric,2915,107,1330,2756,2808,0,"{""rz"": 2808, ""rx"": 107, ""rzz"": 1330, ""measure"": 53}",core,23.976136,"[22.651776, 23.523334, 23.976136, 24.384524, 24.502092]",140.06640625,54,222,exported,112.608285,"[112.608285, 112.601485, 112.444235, 112.786798, 112.886079]",rxrz_rzz_unbounded,1327,"{""kind"": ""native_contract_only"", ""passed"": true, ""errors"": [], ""checked_instructions"": 4298, ""bindings"": 1, ""semantic_equivalence"": ""not checked at large width""}"
previous,core_w_state_104,static: each control-flow region counted once,622,flat circuit,,4.483564,"[5.348402, 4.556717, 4.467212, 4.483564, 4.463756]",w_state,170789,3307,99423707524487125e9cedcb1f6bb2088807ce1dcc8fbd4b01293e9f126653d5,122551,numeric,928,413,206,621,515,0,"{""rx"": 413, ""rz"": 515, ""rzz"": 206, ""measure"": 104}",core,4.620637,"[4.620637, 4.380092, 4.882079, 5.097104, 4.489596]",126.44921875,104,291,exported,27.55555,"[27.651663, 27.520526, 27.58443, 27.524557, 27.55555]",ibm_fractional_bounded,206,"{""kind"": ""native_contract_only"", ""passed"": true, ""errors"": [], ""checked_instructions"": 1238, ""bindings"": 1, ""semantic_equivalence"": ""not checked at large width""}"
previous,core_w_state_104,static: each control-flow region counted once,742,flat circuit,,6.884844,"[7.689808, 6.884844, 6.763819, 6.922747, 6.712203]",w_state,170789,3307,99423707524487125e9cedcb1f6bb2088807ce1dcc8fbd4b01293e9f126653d5,174480,numeric,1357,517,206,741,840,0,"{""rz"": 840, ""sx"": 517, ""cx"": 206, ""measure"": 104}",core,4.640765,"[4.633341, 4.814559, 5.000415, 4.640765, 4.539149]",124.546875,104,384,exported,26.807865,"[26.948298, 26.772729, 26.807865, 26.684169, 26.875353]",ibm_sxz_cx,206,"{""kind"": ""native_contract_only"", ""passed"": true, ""errors"": [], ""checked_instructions"": 1667, ""bindings"": 1, ""semantic_equivalence"": ""not checked at large width""}"
previous,core_w_state_104,static: each control-flow region counted once,1096,flat circuit,,8.420005,"[9.435932, 8.603222, 8.329957, 8.420005, 8.385685]",w_state,170789,3307,99423707524487125e9cedcb1f6bb2088807ce1dcc8fbd4b01293e9f126653d5,205764,numeric,1882,775,206,1095,1107,0,"{""rz"": 1107, ""sx"": 730, ""cz"": 206, ""x"": 45, ""measure"": 104}",core,4.639485,"[4.71243, 5.160961, 4.639485, 4.536317, 4.497996]",131.8828125,104,409,exported,27.653182,"[27.759887, 27.667935, 27.60203, 27.653182, 27.440621]",ibm_sxz_cz,206,"{""kind"": ""native_contract_only"", ""passed"": true, ""errors"": [], ""checked_instructions"": 2192, ""bindings"": 1, ""semantic_equivalence"": ""not checked at large width""}"
previous,core_w_state_104,static: each control-flow region counted once,623,flat circuit,,5.265425,"[6.144743, 5.357794, 5.265425, 5.220065, 5.228129]",w_state,170789,3307,99423707524487125e9cedcb1f6bb2088807ce1dcc8fbd4b01293e9f126653d5,126318,numeric,930,413,206,622,517,0,"{""rz"": 517, ""rx"": 413, ""rzz"": 206, ""measure"": 104}",core,4.603965,"[4.715438, 5.197377, 4.603965, 4.528812, 4.521085]",126.13671875,104,419,exported,25.498432,"[25.559841, 25.537649, 25.446561, 25.422161, 25.498432]",rxrz_rzz_unbounded,206,"{""kind"": ""native_contract_only"", ""passed"": true, ""errors"": [], ""checked_instructions"": 1240, ""bindings"": 1, ""semantic_equivalence"": ""not checked at large width""}"
previous,core_w_state_156,static: each control-flow region counted once,934,flat circuit,,6.851979,"[7.849745, 7.008604, 6.838027, 6.851979, 6.835467]",w_state,258509,4971,f8cc445f3341f11c52acdf12faa7bf608314457ae027f621b687d95bf6fb9f5d,185430,numeric,1396,621,310,933,775,0,"{""rx"": 621, ""rz"": 775, ""rzz"": 310, ""measure"": 156}",core,6.690602,"[6.792651, 7.380798, 6.629914, 6.690602, 6.555898]",128.04296875,156,435,exported,45.711776,"[45.76016, 45.6848, 45.711776, 45.77136, 45.682047]",ibm_fractional_bounded,310,"{""kind"": ""native_contract_only"", ""passed"": true, ""errors"": [], ""checked_instructions"": 1862, ""bindings"": 1, ""semantic_equivalence"": ""not checked at large width""}"
previous,core_w_state_156,static: each control-flow region counted once,1114,flat circuit,,10.868068,"[11.713129, 10.970757, 10.764932, 10.726404, 10.868068]",w_state,258509,4971,f8cc445f3341f11c52acdf12faa7bf608314457ae027f621b687d95bf6fb9f5d,262672,numeric,2042,779,310,1113,1263,0,"{""rz"": 1263, ""sx"": 779, ""cx"": 310, ""measure"": 156}",core,6.618489,"[6.709066, 6.458761, 7.140285, 6.618489, 6.515065]",133.203125,156,552,exported,44.288967,"[44.335879, 44.244182, 44.353943, 44.274391, 44.288967]",ibm_sxz_cx,310,"{""kind"": ""native_contract_only"", ""passed"": true, ""errors"": [], ""checked_instructions"": 2508, ""bindings"": 1, ""semantic_equivalence"": ""not checked at large width""}"
previous,core_w_state_156,static: each control-flow region counted once,1637,flat circuit,,13.084642,"[14.217466, 13.084642, 12.864657, 12.828385, 13.270851]",w_state,258509,4971,f8cc445f3341f11c52acdf12faa7bf608314457ae027f621b687d95bf6fb9f5d,309062,numeric,2821,1164,310,1636,1657,0,"{""rz"": 1657, ""sx"": 1092, ""cz"": 310, ""x"": 72, ""measure"": 156}",core,6.656489,"[6.666682, 6.971516, 6.512969, 6.656489, 6.57561]",134.88671875,156,588,exported,45.711807,"[45.585839, 45.729168, 45.764688, 45.332846, 45.711807]",ibm_sxz_cz,310,"{""kind"": ""native_contract_only"", ""passed"": true, ""errors"": [], ""checked_instructions"": 3287, ""bindings"": 1, ""semantic_equivalence"": ""not checked at large width""}"
previous,core_w_state_156,static: each control-flow region counted once,935,flat circuit,,7.968738,"[9.021929, 8.180612, 7.968738, 7.91557, 7.954562]",w_state,258509,4971,f8cc445f3341f11c52acdf12faa7bf608314457ae027f621b687d95bf6fb9f5d,191221,numeric,1398,621,310,934,777,0,"{""rz"": 777, ""rx"": 621, ""rzz"": 310, ""measure"": 156}",core,6.676026,"[6.662394, 7.118653, 6.916508, 6.676026, 6.583225]",128.26171875,156,627,exported,42.18193,"[42.415739, 42.281562, 42.036249, 42.116601, 42.18193]",rxrz_rzz_unbounded,310,"{""kind"": ""native_contract_only"", ""passed"": true, ""errors"": [], ""checked_instructions"": 1864, ""bindings"": 1, ""semantic_equivalence"": ""not checked at large width""}"
previous,core_w_state_24,static: each control-flow region counted once,142,flat circuit,,1.07415,"[1.478377, 1.094839, 1.07415, 1.029479, 1.017206]",w_state,37781,747,3b4c2a33880d1adbb09478b58d87fcf116bd6c1c3781a0aa07078ff14e906f7c,28315,numeric,208,93,46,141,115,0,"{""rx"": 93, ""rz"": 115, ""rzz"": 46, ""measure"": 24}",core,1.451881,"[1.691675, 1.473129, 1.437705, 1.451881, 1.440665]",121.546875,24,70,exported,5.49509,"[5.74642, 5.522963, 5.46141, 5.49509, 5.46981]",ibm_fractional_bounded,46,"{""kind"": ""native_contract_only"", ""passed"": true, ""errors"": [], ""checked_instructions"": 278, ""bindings"": 1, ""semantic_equivalence"": ""not checked at large width""}"
previous,core_w_state_24,static: each control-flow region counted once,172,flat circuit,,1.531193,"[2.046333, 1.60057, 1.531193, 1.511562, 1.504921]",w_state,37781,747,3b4c2a33880d1adbb09478b58d87fcf116bd6c1c3781a0aa07078ff14e906f7c,40342,numeric,308,117,46,171,191,0,"{""rz"": 191, ""sx"": 117, ""cx"": 46, ""measure"": 24}",core,1.476633,"[1.69833, 1.496202, 1.437129, 1.476633, 1.469993]",121.6484375,24,101,exported,5.214848,"[5.849188, 5.255297, 5.196768, 5.214848, 5.188624]",ibm_sxz_cx,46,"{""kind"": ""native_contract_only"", ""passed"": true, ""errors"": [], ""checked_instructions"": 378, ""bindings"": 1, ""semantic_equivalence"": ""not checked at large width""}"
previous,core_w_state_24,static: each control-flow region counted once,254,flat circuit,,1.8459,"[2.375167, 1.886379, 1.8459, 1.803931, 1.792075]",w_state,37781,747,3b4c2a33880d1adbb09478b58d87fcf116bd6c1c3781a0aa07078ff14e906f7c,46882,numeric,419,173,46,253,246,0,"{""rz"": 246, ""sx"": 166, ""cz"": 46, ""x"": 7, ""measure"": 24}",core,1.453145,"[1.67353, 1.461946, 1.446137, 1.449113, 1.453145]",121.7265625,24,110,exported,5.504995,"[6.086694, 5.540339, 5.504995, 5.482547, 5.464674]",ibm_sxz_cz,46,"{""kind"": ""native_contract_only"", ""passed"": true, ""errors"": [], ""checked_instructions"": 489, ""bindings"": 1, ""semantic_equivalence"": ""not checked at large width""}"
previous,core_w_state_24,static: each control-flow region counted once,143,flat circuit,,2.5492,"[3.10218, 2.55584, 2.5492, 2.467663, 2.457999]",w_state,37781,747,3b4c2a33880d1adbb09478b58d87fcf116bd6c1c3781a0aa07078ff14e906f7c,33987,numeric,277,93,46,142,184,0,"{""gpi"": 1, ""gpi2"": 92, ""rz"": 184, ""rzz"": 46, ""measure"": 24}",core,1.485353,"[1.692506, 1.485353, 1.489242, 1.483145, 1.457641]",122.625,24,100,exported,5.485347,"[5.603059, 5.485347, 5.516179, 5.461138, 5.466034]",ionq_fixed_r_zz,46,"{""kind"": ""native_contract_only"", ""passed"": true, ""errors"": [], ""checked_instructions"": 347, ""bindings"": 1, ""semantic_equivalence"": ""not checked at large width""}"
previous,core_w_state_24,static: each control-flow region counted once,93,flat circuit,,1.113127,"[1.606506, 1.189863, 1.113127, 1.094039, 1.105143]",w_state,37781,747,3b4c2a33880d1adbb09478b58d87fcf116bd6c1c3781a0aa07078ff14e906f7c,32563,numeric,113,113,46,92,0,0,"{""r"": 113, ""cz"": 46, ""measure"": 24}",core,1.482489,"[1.675067, 1.482489, 1.486441, 1.47393, 1.457225]",119.41796875,24,136,exported,6.334584,"[7.384254, 6.374136, 6.334584, 6.309463, 6.323335]",iqm_r_cz,46,"{""kind"": ""native_contract_only"", ""passed"": true, ""errors"": [], ""checked_instructions"": 183, ""bindings"": 1, ""semantic_equivalence"": ""not checked at large width""}"
previous,core_w_state_24,static: each control-flow region counted once,249,flat circuit,,2.859089,"[3.540086, 2.927746, 2.852962, 2.812274, 2.859089]",w_state,37781,747,3b4c2a33880d1adbb09478b58d87fcf116bd6c1c3781a0aa07078ff14e906f7c,48664,numeric,418,173,46,248,245,0,"{""rz"": 245, ""rxpi2"": 164, ""cz"": 46, ""rxpi"": 9, ""measure"": 24}",core,1.491738,"[1.696123, 1.500553, 1.491738, 1.483913, 1.487193]",121.55078125,24,107,exported,5.734547,"[6.3926, 5.755028, 5.73034, 5.7033, 5.734547]",rigetti_rx_cz,46,"{""kind"": ""native_contract_only"", ""passed"": true, ""errors"": [], ""checked_instructions"": 488, ""bindings"": 1, ""semantic_equivalence"": ""not checked at large width""}"
previous,core_w_state_24,static: each control-flow region counted once,143,flat circuit,,1.217224,"[1.675322, 1.287688, 1.215512, 1.200151, 1.217224]",w_state,37781,747,3b4c2a33880d1adbb09478b58d87fcf116bd6c1c3781a0aa07078ff14e906f7c,29174,numeric,210,93,46,142,117,0,"{""rz"": 117, ""rx"": 93, ""rzz"": 46, ""measure"": 24}",core,1.478682,"[1.681834, 1.47425, 1.558249, 1.460889, 1.478682]",121.09765625,24,99,exported,5.013455,"[5.1244, 5.059312, 5.013455, 5.004191, 5.000719]",rxrz_rzz_unbounded,46,"{""kind"": ""native_contract_only"", ""passed"": true, ""errors"": [], ""checked_instructions"": 280, ""bindings"": 1, ""semantic_equivalence"": ""not checked at large width""}"
previous,core_w_state_36,static: each control-flow region counted once,214,flat circuit,,1.531002,"[2.071437, 1.58473, 1.531002, 1.50929, 1.511658]",w_state,57328,1131,e15637b9748ca47a7cf4430263c22060205043cf61a808a3e4b8fef70d4e3d3d,42315,numeric,316,141,70,213,175,0,"{""rx"": 141, ""rz"": 175, ""rzz"": 70, ""measure"": 36}",core,1.965549,"[2.159965, 1.925405, 1.965549, 1.902108, 2.706433]",121.8828125,36,104,exported,8.372854,"[8.466071, 8.379398, 8.344357, 8.348982, 8.372854]",ibm_fractional_bounded,70,"{""kind"": ""native_contract_only"", ""passed"": true, ""errors"": [], ""checked_instructions"": 422, ""bindings"": 1, ""semantic_equivalence"": ""not checked at large width""}"
previous,core_w_state_36,static: each control-flow region counted once,258,flat circuit,,2.316495,"[2.923491, 2.393775, 2.316495, 2.291199, 2.290847]",w_state,57328,1131,e15637b9748ca47a7cf4430263c22060205043cf61a808a3e4b8fef70d4e3d3d,60159,numeric,466,177,70,257,289,0,"{""rz"": 289, ""sx"": 177, ""cx"": 70, ""measure"": 36}",core,1.939677,"[2.19579, 1.939677, 1.879852, 1.912876, 2.339535]",122.24609375,36,142,exported,8.157605,"[8.274773, 8.157605, 8.188613, 8.140628, 8.146644]",ibm_sxz_cx,70,"{""kind"": ""native_contract_only"", ""passed"": true, ""errors"": [], ""checked_instructions"": 572, ""bindings"": 1, ""semantic_equivalence"": ""not checked at large width""}"
previous,core_w_state_36,static: each control-flow region counted once,383,flat circuit,,2.752194,"[3.422326, 2.826178, 2.752194, 2.721665, 2.730258]",w_state,57328,1131,e15637b9748ca47a7cf4430263c22060205043cf61a808a3e4b8fef70d4e3d3d,70256,numeric,638,264,70,382,374,0,"{""rz"": 374, ""sx"": 252, ""cz"": 70, ""x"": 12, ""measure"": 36}",core,1.984589,"[2.119869, 1.984589, 1.872908, 1.894684, 2.698946]",121.828125,36,153,exported,8.382725,"[8.446342, 8.382725, 8.38647, 8.379606, 8.363237]",ibm_sxz_cz,70,"{""kind"": ""native_contract_only"", ""passed"": true, ""errors"": [], ""checked_instructions"": 744, ""bindings"": 1, ""semantic_equivalence"": ""not checked at large width""}"
previous,core_w_state_36,static: each control-flow region counted once,215,flat circuit,,3.730504,"[4.293531, 3.834649, 3.716728, 3.730504, 3.722392]",w_state,57328,1131,e15637b9748ca47a7cf4430263c22060205043cf61a808a3e4b8fef70d4e3d3d,50908,numeric,421,141,70,214,280,0,"{""gpi"": 1, ""gpi2"": 140, ""rz"": 280, ""rzz"": 70, ""measure"": 36}",core,1.913437,"[2.140878, 1.913437, 1.869228, 1.906108, 1.990493]",125.53515625,36,148,exported,8.37255,"[8.490838, 8.400086, 8.35311, 8.37255, 8.347078]",ionq_fixed_r_zz,70,"{""kind"": ""native_contract_only"", ""passed"": true, ""errors"": [], ""checked_instructions"": 527, ""bindings"": 1, ""semantic_equivalence"": ""not checked at large width""}"
previous,core_w_state_36,static: each control-flow region counted once,141,flat circuit,,1.669979,"[2.228174, 1.745195, 1.669979, 1.645515, 1.643114]",w_state,57328,1131,e15637b9748ca47a7cf4430263c22060205043cf61a808a3e4b8fef70d4e3d3d,48451,numeric,173,173,70,140,0,0,"{""r"": 173, ""cz"": 70, ""measure"": 36}",core,1.942877,"[2.130717, 1.942877, 1.897036, 2.272511, 1.914716]",121.375,36,193,exported,9.675742,"[9.776431, 9.675742, 9.683198, 9.638206, 9.619518]",iqm_r_cz,70,"{""kind"": ""native_contract_only"", ""passed"": true, ""errors"": [], ""checked_instructions"": 279, ""bindings"": 1, ""semantic_equivalence"": ""not checked at large width""}"
previous,core_w_state_36,static: each control-flow region counted once,377,flat circuit,,4.263164,"[5.042336, 4.299003, 4.263164, 4.191291, 4.159642]",w_state,57328,1131,e15637b9748ca47a7cf4430263c22060205043cf61a808a3e4b8fef70d4e3d3d,72969,numeric,638,262,70,376,376,0,"{""rz"": 376, ""rxpi2"": 248, ""cz"": 70, ""rxpi"": 14, ""measure"": 36}",core,1.911996,"[2.16131, 1.911996, 1.88382, 1.904189, 2.349967]",122.4453125,36,147,exported,8.72884,"[8.835961, 8.745064, 8.6974, 8.72732, 8.72884]",rigetti_rx_cz,70,"{""kind"": ""native_contract_only"", ""passed"": true, ""errors"": [], ""checked_instructions"": 744, ""bindings"": 1, ""semantic_equivalence"": ""not checked at large width""}"
previous,core_w_state_36,static: each control-flow region counted once,215,flat circuit,,1.800667,"[2.340911, 1.865628, 1.800667, 1.778956, 1.768331]",w_state,57328,1131,e15637b9748ca47a7cf4430263c22060205043cf61a808a3e4b8fef70d4e3d3d,43667,numeric,318,141,70,214,177,0,"{""rz"": 177, ""rx"": 141, ""rzz"": 70, ""measure"": 36}",core,1.93782,"[2.125214, 1.93782, 1.875836, 1.973661, 1.937117]",121.98828125,36,147,exported,7.676737,"[7.720674, 7.645345, 7.633089, 7.676737, 7.76733]",rxrz_rzz_unbounded,70,"{""kind"": ""native_contract_only"", ""passed"": true, ""errors"": [], ""checked_instructions"": 424, ""bindings"": 1, ""semantic_equivalence"": ""not checked at large width""}"
previous,core_w_state_54,static: each control-flow region counted once,322,flat circuit,,2.31251,"[2.920018, 2.410848, 2.31251, 2.281039, 2.277935]",w_state,86648,1707,312de11a6de89c3af0cc49b346efcdcafcc9146b350aefb6507402caf6b59677,63087,numeric,478,213,106,321,265,0,"{""rx"": 213, ""rz"": 265, ""rzz"": 106, ""measure"": 54}",core,2.809218,"[2.809218, 2.63072, 2.911891, 2.636897, 3.192052]",122.5390625,54,151,exported,13.12898,"[13.215124, 13.171187, 13.107299, 13.076227, 13.12898]",ibm_fractional_bounded,106,"{""kind"": ""native_contract_only"", ""passed"": true, ""errors"": [], ""checked_instructions"": 638, ""bindings"": 1, ""semantic_equivalence"": ""not checked at large width""}"
previous,core_w_state_54,static: each control-flow region counted once,386,flat circuit,,3.452086,"[4.229851, 3.562087, 3.451606, 3.452086, 3.426886]",w_state,86648,1707,312de11a6de89c3af0cc49b346efcdcafcc9146b350aefb6507402caf6b59677,89967,numeric,702,267,106,385,435,0,"{""rz"": 435, ""sx"": 267, ""cx"": 106, ""measure"": 54}",core,2.809586,"[2.809586, 2.565104, 2.532976, 3.164148, 2.906403]",122.92578125,54,204,exported,12.563008,"[12.65328, 12.563008, 12.574576, 12.535952, 12.53904]",ibm_sxz_cx,106,"{""kind"": ""native_contract_only"", ""passed"": true, ""errors"": [], ""checked_instructions"": 862, ""bindings"": 1, ""semantic_equivalence"": ""not checked at large width""}"
previous,core_w_state_54,static: each control-flow region counted once,565,flat circuit,,4.344972,"[5.107441, 4.443452, 4.344972, 4.315531, 4.331308]",w_state,86648,1707,312de11a6de89c3af0cc49b346efcdcafcc9146b350aefb6507402caf6b59677,105122,numeric,959,397,106,564,562,0,"{""rz"": 562, ""sx"": 374, ""cz"": 106, ""x"": 23, ""measure"": 54}",core,2.739601,"[2.786545, 2.657969, 2.531377, 3.326773, 2.739601]",122.9375,54,219,exported,13.029571,"[13.049267, 13.037507, 12.997283, 13.029571, 12.948322]",ibm_sxz_cz,106,"{""kind"": ""native_contract_only"", ""passed"": true, ""errors"": [], ""checked_instructions"": 1119, ""bindings"": 1, ""semantic_equivalence"": ""not checked at large width""}"
previous,core_w_state_54,static: each control-flow region counted once,323,flat circuit,,5.826933,"[6.282184, 5.685109, 5.65986, 7.270926, 5.826933]",w_state,86648,1707,312de11a6de89c3af0cc49b346efcdcafcc9146b350aefb6507402caf6b59677,76284,numeric,637,213,106,322,424,0,"{""gpi"": 1, ""gpi2"": 212, ""rz"": 424, ""rzz"": 106, ""measure"": 54}",core,2.667921,"[2.870323, 2.565696, 2.586032, 3.231205, 2.667921]",126.30859375,54,220,exported,13.065395,"[13.164356, 13.065395, 13.061299, 13.061571, 13.094947]",ionq_fixed_r_zz,106,"{""kind"": ""native_contract_only"", ""passed"": true, ""errors"": [], ""checked_instructions"": 797, ""bindings"": 1, ""semantic_equivalence"": ""not checked at large width""}"
previous,core_w_state_54,static: each control-flow region counted once,213,flat circuit,,2.51088,"[3.182949, 2.590448, 2.51088, 2.48512, 2.475536]",w_state,86648,1707,312de11a6de89c3af0cc49b346efcdcafcc9146b350aefb6507402caf6b59677,72941,numeric,264,264,106,212,0,0,"{""r"": 264, ""cz"": 106, ""measure"": 54}",core,2.842146,"[2.842146, 2.589744, 2.510128, 3.216917, 2.906354]",122.48828125,54,286,exported,14.958703,"[15.074049, 14.981887, 14.958703, 14.95608, 14.944783]",iqm_r_cz,106,"{""kind"": ""native_contract_only"", ""passed"": true, ""errors"": [], ""checked_instructions"": 424, ""bindings"": 1, ""semantic_equivalence"": ""not checked at large width""}"
previous,core_w_state_54,static: each control-flow region counted once,559,flat circuit,,6.540778,"[7.250974, 6.540778, 6.388537, 6.391209, 7.969106]",w_state,86648,1707,312de11a6de89c3af0cc49b346efcdcafcc9146b350aefb6507402caf6b59677,109283,numeric,959,395,106,558,564,0,"{""rz"": 564, ""rxpi2"": 370, ""cz"": 106, ""rxpi"": 25, ""measure"": 54}",core,2.77437,"[2.77437, 2.602688, 2.906979, 2.617025, 3.1353]",123.41015625,54,214,exported,13.645014,"[13.702167, 13.691015, 13.645014, 13.636327, 13.594791]",rigetti_rx_cz,106,"{""kind"": ""native_contract_only"", ""passed"": true, ""errors"": [], ""checked_instructions"": 1119, ""bindings"": 1, ""semantic_equivalence"": ""not checked at large width""}"
previous,core_w_state_54,static: each control-flow region counted once,323,flat circuit,,2.902546,"[3.464518, 3.010276, 2.902546, 2.807458, 2.79349]",w_state,86648,1707,312de11a6de89c3af0cc49b346efcdcafcc9146b350aefb6507402caf6b59677,65353,numeric,480,213,106,322,267,0,"{""rz"": 267, ""rx"": 213, ""rzz"": 106, ""measure"": 54}",core,2.682049,"[2.805025, 2.565025, 2.555408, 2.682049, 3.007251]",122.6796875,54,218,exported,12.006604,"[12.117341, 12.010413, 12.006604, 11.974124, 11.975117]",rxrz_rzz_unbounded,106,"{""kind"": ""native_contract_only"", ""passed"": true, ""errors"": [], ""checked_instructions"": 640, ""bindings"": 1, ""semantic_equivalence"": ""not checked at large width""}"
previous,efficient_su2_104_numeric,static: each control-flow region counted once,941,flat circuit,,8.091891,"[9.218778, 8.28914, 8.071843, 8.028451, 8.091891]",efficient_su2,449245,8531,f70c3fa2f7a2840dbac6bade7658c722973b4c3cee4f7d65e9c3865881e5d7b7,225108,numeric,1773,728,312,941,1045,0,"{""rz"": 1045, ""rx"": 728, ""rzz"": 312}",synthetic,11.637769,"[12.363982, 11.315495, 11.38556, 11.637769, 11.722266]",133.5703125,104,1151,exported,76.22376,"[76.473458, 76.22376, 76.170624, 76.17648, 76.399666]",ibm_fractional_bounded,312,"{""kind"": ""native_contract_only"", ""passed"": true, ""errors"": [], ""checked_instructions"": 2085, ""bindings"": 1, ""semantic_equivalence"": ""not checked at large width""}"
previous,efficient_su2_104_numeric,static: each control-flow region counted once,328,flat circuit,,8.801816,"[10.067583, 8.918104, 8.801816, 8.773703, 8.763063]",efficient_su2,449245,8531,f70c3fa2f7a2840dbac6bade7658c722973b4c3cee4f7d65e9c3865881e5d7b7,232595,numeric,1664,832,312,328,832,0,"{""sx"": 832, ""rz"": 832, ""cx"": 312}",synthetic,11.699065,"[11.809242, 11.954316, 11.40196, 11.699065, 11.674186]",127.234375,104,834,exported,70.029082,"[70.096186, 70.029082, 70.004794, 69.986297, 70.108314]",ibm_sxz_cx,312,"{""kind"": ""native_contract_only"", ""passed"": true, ""errors"": [], ""checked_instructions"": 1976, ""bindings"": 1, ""semantic_equivalence"": ""not checked at large width""}"
previous,efficient_su2_104_numeric,static: each control-flow region counted once,1256,flat circuit,,13.098466,"[14.516027, 13.341829, 13.098466, 13.086739, 13.061986]",efficient_su2,449245,8531,f70c3fa2f7a2840dbac6bade7658c722973b4c3cee4f7d65e9c3865881e5d7b7,323523,numeric,2909,1144,312,1256,1765,0,"{""rz"": 1765, ""sx"": 1144, ""cz"": 312}",synthetic,11.592313,"[12.30443, 11.325751, 11.341144, 11.663577, 11.592313]",135.7578125,104,1145,exported,77.949147,"[77.949147, 77.851259, 78.003564, 78.12846, 77.863787]",ibm_sxz_cz,312,"{""kind"": ""native_contract_only"", ""passed"": true, ""errors"": [], ""checked_instructions"": 3221, ""bindings"": 1, ""semantic_equivalence"": ""not checked at large width""}"
previous,efficient_su2_104_numeric,static: each control-flow region counted once,940,flat circuit,,8.081747,"[9.217018, 8.320005, 8.073187, 8.026082, 8.081747]",efficient_su2,449245,8531,f70c3fa2f7a2840dbac6bade7658c722973b4c3cee4f7d65e9c3865881e5d7b7,224230,numeric,1767,728,312,940,1039,0,"{""rz"": 1039, ""rx"": 728, ""rzz"": 312}",synthetic,11.668441,"[11.895883, 12.01998, 11.534824, 11.668441, 11.623513]",134.015625,104,1147,exported,73.974035,"[74.042627, 73.923186, 73.928003, 74.040099, 73.974035]",rxrz_rzz_unbounded,312,"{""kind"": ""native_contract_only"", ""passed"": true, ""errors"": [], ""checked_instructions"": 2079, ""bindings"": 1, ""semantic_equivalence"": ""not checked at large width""}"
previous,efficient_su2_104_symbolic,static: each control-flow region counted once,948,flat circuit,,28.44714,"[28.808422, 28.517443, 28.44714, 28.391763, 28.391427]",efficient_su2,599201,8531,7f2e35e607b1814db1433865b327f27864338189850c2512d1b4d41a07c30d18,579745,symbolic,3111,1349,312,948,1762,0,"{""rz"": 1762, ""rx"": 1349, ""rzz"": 312}",synthetic,13.469749,"[14.031225, 13.140083, 13.43282, 13.499189, 13.469749]",152.21875,104,3662,exported,86.209695,"[85.930637, 86.437537, 86.335936, 86.13339, 86.209695]",ibm_fractional_bounded,312,"{""kind"": ""native_contract_only"", ""passed"": true, ""errors"": [], ""checked_instructions"": 10269, ""bindings"": 3, ""semantic_equivalence"": ""not checked at large width""}"
previous,efficient_su2_104_symbolic,static: each control-flow region counted once,328,flat circuit,,24.432394,"[24.915277, 24.449195, 24.432394, 24.211288, 24.205353]",efficient_su2,599201,8531,7f2e35e607b1814db1433865b327f27864338189850c2512d1b4d41a07c30d18,545657,symbolic,1664,832,312,328,832,0,"{""sx"": 832, ""rz"": 832, ""cx"": 312}",synthetic,13.535413,"[14.351499, 13.157939, 13.535413, 13.486277, 13.64295]",142.76953125,104,4164,exported,76.400545,"[75.748285, 76.223313, 76.504306, 76.400545, 76.453762]",ibm_sxz_cx,312,"{""kind"": ""native_contract_only"", ""passed"": true, ""errors"": [], ""checked_instructions"": 5928, ""bindings"": 3, ""semantic_equivalence"": ""not checked at large width""}"
previous,efficient_su2_104_symbolic,static: each control-flow region counted once,1257,flat circuit,,30.917667,"[30.968851, 30.917667, 31.029364, 30.641441, 30.856866]",efficient_su2,599201,8531,7f2e35e607b1814db1433865b327f27864338189850c2512d1b4d41a07c30d18,647589,symbolic,3218,1453,312,1257,1765,0,"{""sx"": 1453, ""rz"": 1765, ""cz"": 312}",synthetic,13.423765,"[13.557477, 13.087842, 13.366084, 13.568805, 13.423765]",154.734375,104,4491,exported,83.811521,"[83.432558, 83.811521, 83.766352, 84.028738, 83.936337]",ibm_sxz_cz,312,"{""kind"": ""native_contract_only"", ""passed"": true, ""errors"": [], ""checked_instructions"": 10590, ""bindings"": 3, ""semantic_equivalence"": ""not checked at large width""}"
previous,efficient_su2_104_symbolic,static: each control-flow region counted once,942,flat circuit,,26.149525,"[26.842121, 26.824074, 26.131604, 26.149525, 26.022212]",efficient_su2,599201,8531,7f2e35e607b1814db1433865b327f27864338189850c2512d1b4d41a07c30d18,541299,symbolic,2487,1037,312,942,1450,0,"{""rz"": 1450, ""rx"": 1037, ""rzz"": 312}",synthetic,13.441588,"[14.196489, 13.111811, 13.39034, 13.553206, 13.441588]",150.74609375,104,3646,exported,82.422008,"[82.348103, 82.571208, 82.394391, 82.422008, 82.56324]",rxrz_rzz_unbounded,312,"{""kind"": ""native_contract_only"", ""passed"": true, ""errors"": [], ""checked_instructions"": 8397, ""bindings"": 3, ""semantic_equivalence"": ""not checked at large width""}"
previous,efficient_su2_156_numeric,static: each control-flow region counted once,1407,flat circuit,,12.913377,"[14.032552, 13.098803, 12.772112, 12.842497, 12.913377]",efficient_su2,677619,12795,3de28cf9a65281c593df22b95f69c1ee82288cc0af9a4dda3d7fa28c1d6b11ef,339027,numeric,2656,1092,468,1407,1564,0,"{""rz"": 1564, ""rx"": 1092, ""rzz"": 468}",synthetic,18.18325,"[17.218908, 18.43594, 18.352611, 18.18325, 18.14189]",137.8359375,156,1723,exported,134.774847,"[135.787973, 135.829957, 134.774847, 134.500541, 134.708478]",ibm_fractional_bounded,468,"{""kind"": ""native_contract_only"", ""passed"": true, ""errors"": [], ""checked_instructions"": 3124, ""bindings"": 1, ""semantic_equivalence"": ""not checked at large width""}"
previous,efficient_su2_156_numeric,static: each control-flow region counted once,484,flat circuit,,14.268794,"[15.469793, 14.428667, 14.210425, 14.234841, 14.268794]",efficient_su2,677619,12795,3de28cf9a65281c593df22b95f69c1ee82288cc0af9a4dda3d7fa28c1d6b11ef,350595,numeric,2496,1248,468,484,1248,0,"{""sx"": 1248, ""rz"": 1248, ""cx"": 468}",synthetic,17.720223,"[17.198748, 17.328301, 17.720223, 17.990258, 18.127681]",136.6015625,156,1249,exported,125.380132,"[124.957329, 125.586101, 125.380132, 125.462901, 125.322179]",ibm_sxz_cx,468,"{""kind"": ""native_contract_only"", ""passed"": true, ""errors"": [], ""checked_instructions"": 2964, ""bindings"": 1, ""semantic_equivalence"": ""not checked at large width""}"
previous,efficient_su2_156_numeric,static: each control-flow region counted once,1881,flat circuit,,21.385606,"[22.669455, 21.653768, 21.38143, 21.385606, 21.23599]",efficient_su2,677619,12795,3de28cf9a65281c593df22b95f69c1ee82288cc0af9a4dda3d7fa28c1d6b11ef,487305,numeric,4366,1716,468,1881,2650,0,"{""rz"": 2650, ""sx"": 1716, ""cz"": 468}",synthetic,17.847536,"[17.847536, 17.480702, 17.641055, 17.975505, 18.095649]",140.8984375,156,1718,exported,138.539927,"[137.914083, 139.22646, 138.607768, 138.539927, 138.252565]",ibm_sxz_cz,468,"{""kind"": ""native_contract_only"", ""passed"": true, ""errors"": [], ""checked_instructions"": 4834, ""bindings"": 1, ""semantic_equivalence"": ""not checked at large width""}"
previous,efficient_su2_156_numeric,static: each control-flow region counted once,1407,flat circuit,,12.826305,"[13.821095, 12.889473, 12.645247, 12.722144, 12.826305]",efficient_su2,677619,12795,3de28cf9a65281c593df22b95f69c1ee82288cc0af9a4dda3d7fa28c1d6b11ef,338040,numeric,2650,1092,468,1407,1558,0,"{""rz"": 1558, ""rx"": 1092, ""rzz"": 468}",synthetic,17.609647,"[17.479918, 17.285405, 17.609647, 17.968753, 17.968753]",137.1875,156,1718,exported,130.901127,"[131.035639, 131.025863, 130.685637, 130.901127, 130.897831]",rxrz_rzz_unbounded,468,"{""kind"": ""native_contract_only"", ""passed"": true, ""errors"": [], ""checked_instructions"": 3118, ""bindings"": 1, ""semantic_equivalence"": ""not checked at large width""}"
previous,efficient_su2_156_symbolic,static: each control-flow region counted once,1416,flat circuit,,44.158421,"[45.248829, 44.158421, 44.791129, 43.874932, 44.093269]",efficient_su2,905901,12795,e48e9e32a3eecd63bcfa23ae967012d415c08bf360c336f9f6e4625736f52e72,873214,symbolic,4671,2025,468,1416,2646,0,"{""rz"": 2646, ""rx"": 2025, ""rzz"": 468}",synthetic,20.381888,"[19.74318, 19.925629, 20.381888, 20.534257, 20.600354]",174.30078125,156,5482,exported,150.279856,"[149.923838, 150.238736, 150.568706, 150.697826, 150.279856]",ibm_fractional_bounded,468,"{""kind"": ""native_contract_only"", ""passed"": true, ""errors"": [], ""checked_instructions"": 15417, ""bindings"": 3, ""semantic_equivalence"": ""not checked at large width""}"
previous,efficient_su2_156_symbolic,static: each control-flow region counted once,484,flat circuit,,37.862782,"[38.781043, 37.647965, 37.862782, 37.706461, 37.873854]",efficient_su2,905901,12795,e48e9e32a3eecd63bcfa23ae967012d415c08bf360c336f9f6e4625736f52e72,822665,symbolic,2496,1248,468,484,1248,0,"{""sx"": 1248, ""rz"": 1248, ""cx"": 468}",synthetic,20.529761,"[19.78254, 20.114815, 20.529761, 22.418396, 21.264885]",165.05078125,156,6244,exported,135.883094,"[133.92745, 135.631332, 135.883094, 136.150776, 136.304168]",ibm_sxz_cx,468,"{""kind"": ""native_contract_only"", ""passed"": true, ""errors"": [], ""checked_instructions"": 8892, ""bindings"": 3, ""semantic_equivalence"": ""not checked at large width""}"
previous,efficient_su2_156_symbolic,static: each control-flow region counted once,1881,flat circuit,,48.475585,"[49.791417, 48.475585, 48.181086, 49.378327, 48.392416]",efficient_su2,905901,12795,e48e9e32a3eecd63bcfa23ae967012d415c08bf360c336f9f6e4625736f52e72,979749,symbolic,4830,2181,468,1881,2649,0,"{""sx"": 2181, ""rz"": 2649, ""cz"": 468}",synthetic,20.426545,"[19.814189, 19.78326, 20.426545, 20.441168, 20.477569]",176.20703125,156,6727,exported,147.197469,"[146.12511, 147.107245, 147.688384, 147.197469, 147.769072]",ibm_sxz_cz,468,"{""kind"": ""native_contract_only"", ""passed"": true, ""errors"": [], ""checked_instructions"": 15894, ""bindings"": 3, ""semantic_equivalence"": ""not checked at large width""}"
previous,efficient_su2_156_symbolic,static: each control-flow region counted once,1410,flat circuit,,40.81336,"[41.556358, 40.719647, 41.247155, 40.747824, 40.81336]",efficient_su2,905901,12795,e48e9e32a3eecd63bcfa23ae967012d415c08bf360c336f9f6e4625736f52e72,815527,symbolic,3735,1557,468,1410,2178,0,"{""rz"": 2178, ""rx"": 1557, ""rzz"": 468}",synthetic,20.461472,"[20.756451, 20.00771, 20.35608, 20.461472, 20.547025]",168.40625,156,5467,exported,145.155584,"[144.5939, 145.155584, 145.239136, 144.359707, 145.46989]",rxrz_rzz_unbounded,468,"{""kind"": ""native_contract_only"", ""passed"": true, ""errors"": [], ""checked_instructions"": 12609, ""bindings"": 3, ""semantic_equivalence"": ""not checked at large width""}"
previous,efficient_su2_24_numeric,static: each control-flow region counted once,219,flat circuit,,1.772715,"[2.308975, 1.822188, 1.772715, 1.746267, 1.732364]",efficient_su2,100361,1971,e7b3f3bd599a6b09090b9f373108ed3d8800b4cf35da0d0d14eb6220309d90f8,51584,numeric,406,168,72,219,238,0,"{""rz"": 238, ""rx"": 168, ""rzz"": 72}",synthetic,3.025316,"[3.157205, 2.887506, 2.966931, 3.025316, 3.696088]",121.515625,24,265,exported,12.797858,"[12.850019, 12.784162, 12.804066, 12.797858, 12.77469]",ibm_fractional_bounded,72,"{""kind"": ""native_contract_only"", ""passed"": true, ""errors"": [], ""checked_instructions"": 478, ""bindings"": 1, ""semantic_equivalence"": ""not checked at large width""}"
previous,efficient_su2_24_numeric,static: each control-flow region counted once,88,flat circuit,,1.888044,"[2.501601, 1.94678, 1.888044, 1.852076, 1.863532]",efficient_su2,100361,1971,e7b3f3bd599a6b09090b9f373108ed3d8800b4cf35da0d0d14eb6220309d90f8,53549,numeric,384,192,72,88,192,0,"{""sx"": 192, ""rz"": 192, ""cx"": 72}",synthetic,3.034451,"[3.216165, 2.998532, 3.322181, 3.032164, 3.034451]",121.46484375,24,194,exported,11.412361,"[11.482986, 11.42457, 11.408969, 11.383433, 11.412361]",ibm_sxz_cx,72,"{""kind"": ""native_contract_only"", ""passed"": true, ""errors"": [], ""checked_instructions"": 456, ""bindings"": 1, ""semantic_equivalence"": ""not checked at large width""}"
previous,efficient_su2_24_numeric,static: each control-flow region counted once,296,flat circuit,,2.751202,"[3.42615, 2.841442, 2.751202, 2.744209, 2.725186]",efficient_su2,100361,1971,e7b3f3bd599a6b09090b9f373108ed3d8800b4cf35da0d0d14eb6220309d90f8,73557,numeric,669,264,72,296,405,0,"{""rz"": 405, ""sx"": 264, ""cz"": 72}",synthetic,3.024739,"[3.16114, 2.906067, 3.024739, 3.021556, 3.747272]",122.0625,24,265,exported,13.084516,"[13.20815, 13.309878, 13.084516, 13.051124, 13.081973]",ibm_sxz_cz,72,"{""kind"": ""native_contract_only"", ""passed"": true, ""errors"": [], ""checked_instructions"": 741, ""bindings"": 1, ""semantic_equivalence"": ""not checked at large width""}"
previous,efficient_su2_24_numeric,static: each control-flow region counted once,299,flat circuit,,5.633924,"[6.095783, 5.61474, 7.019934, 5.633924, 5.508067]",efficient_su2,100361,1971,e7b3f3bd599a6b09090b9f373108ed3d8800b4cf35da0d0d14eb6220309d90f8,71016,numeric,695,264,72,299,431,0,"{""rz"": 431, ""gpi2"": 264, ""rzz"": 72}",synthetic,3.238917,"[3.238917, 2.927154, 3.268838, 3.562967, 2.999059]",126.51171875,24,269,exported,13.903465,"[14.004938, 13.898906, 13.903465, 13.933418, 13.896842]",ionq_fixed_r_zz,72,"{""kind"": ""native_contract_only"", ""passed"": true, ""errors"": [], ""checked_instructions"": 767, ""bindings"": 1, ""semantic_equivalence"": ""not checked at large width""}"
previous,efficient_su2_24_numeric,static: each control-flow region counted once,146,flat circuit,,1.605082,"[2.148318, 1.660139, 1.605082, 1.591562, 1.591211]",efficient_su2,100361,1971,e7b3f3bd599a6b09090b9f373108ed3d8800b4cf35da0d0d14eb6220309d90f8,50157,numeric,192,192,72,146,0,0,"{""r"": 192, ""cz"": 72}",synthetic,3.171972,"[3.171972, 2.877443, 2.992403, 3.366022, 3.545623]",121.44921875,24,280,exported,12.447488,"[12.545729, 12.4844, 12.447488, 12.410832, 12.423008]",iqm_r_cz,72,"{""kind"": ""native_contract_only"", ""passed"": true, ""errors"": [], ""checked_instructions"": 264, ""bindings"": 1, ""semantic_equivalence"": ""not checked at large width""}"
previous,efficient_su2_24_numeric,static: each control-flow region counted once,296,flat circuit,,4.273387,"[5.123873, 4.328684, 4.273387, 4.201468, 4.198283]",efficient_su2,100361,1971,e7b3f3bd599a6b09090b9f373108ed3d8800b4cf35da0d0d14eb6220309d90f8,76378,numeric,669,264,72,296,405,0,"{""rz"": 405, ""rxpi2"": 264, ""cz"": 72}",synthetic,3.02514,"[3.163236, 2.950067, 3.001203, 3.02514, 3.346886]",123.18359375,24,265,exported,13.668952,"[13.719128, 13.674216, 13.64924, 13.668952, 13.64844]",rigetti_rx_cz,72,"{""kind"": ""native_contract_only"", ""passed"": true, ""errors"": [], ""checked_instructions"": 741, ""bindings"": 1, ""semantic_equivalence"": ""not checked at large width""}"
previous,efficient_su2_24_numeric,static: each control-flow region counted once,219,flat circuit,,1.741147,"[2.326463, 1.805772, 1.741147, 1.735947, 1.723035]",efficient_su2,100361,1971,e7b3f3bd599a6b09090b9f373108ed3d8800b4cf35da0d0d14eb6220309d90f8,51369,numeric,406,168,72,219,238,0,"{""rz"": 238, ""rx"": 168, ""rzz"": 72}",synthetic,3.184213,"[3.184213, 2.949795, 3.301605, 3.399206, 3.010803]",122.078125,24,266,exported,12.277583,"[12.387087, 12.250575, 12.336303, 12.23235, 12.277583]",rxrz_rzz_unbounded,72,"{""kind"": ""native_contract_only"", ""passed"": true, ""errors"": [], ""checked_instructions"": 478, ""bindings"": 1, ""semantic_equivalence"": ""not checked at large width""}"
previous,efficient_su2_24_symbolic,static: each control-flow region counted once,228,flat circuit,,5.832981,"[6.764444, 6.217128, 5.832981, 5.793558, 5.769669]",efficient_su2,135018,1971,b25357c03cad38d490a854447dafef57f5b1cf14f81c88fb7605d1b1e9891255,132926,symbolic,711,309,72,228,402,0,"{""rz"": 402, ""rx"": 309, ""rzz"": 72}",synthetic,3.443766,"[3.568887, 3.278357, 3.344198, 3.443766, 3.745192]",126.4921875,24,862,exported,14.680655,"[14.777167, 14.728383, 14.664542, 14.680655, 14.665487]",ibm_fractional_bounded,72,"{""kind"": ""native_contract_only"", ""passed"": true, ""errors"": [], ""checked_instructions"": 2349, ""bindings"": 3, ""semantic_equivalence"": ""not checked at large width""}"
previous,efficient_su2_24_symbolic,static: each control-flow region counted once,88,flat circuit,,4.994176,"[5.749221, 5.106545, 4.919824, 4.994176, 4.9144]",efficient_su2,135018,1971,b25357c03cad38d490a854447dafef57f5b1cf14f81c88fb7605d1b1e9891255,124680,symbolic,384,192,72,88,192,0,"{""sx"": 192, ""rz"": 192, ""cx"": 72}",synthetic,3.499831,"[3.647831, 3.290085, 4.008058, 3.499831, 3.400102]",126.06640625,24,964,exported,12.607473,"[12.67549, 12.607473, 12.538656, 12.540401, 12.640065]",ibm_sxz_cx,72,"{""kind"": ""native_contract_only"", ""passed"": true, ""errors"": [], ""checked_instructions"": 1368, ""bindings"": 3, ""semantic_equivalence"": ""not checked at large width""}"
previous,efficient_su2_24_symbolic,static: each control-flow region counted once,297,flat circuit,,6.20084,"[7.181934, 6.495354, 6.1622, 6.20084, 6.19988]",efficient_su2,135018,1971,b25357c03cad38d490a854447dafef57f5b1cf14f81c88fb7605d1b1e9891255,148452,symbolic,738,333,72,297,405,0,"{""sx"": 333, ""rz"": 405, ""cz"": 72}",synthetic,3.607735,"[3.607735, 3.283798, 3.394806, 3.782968, 3.954377]",126.265625,24,1051,exported,14.143787,"[14.212572, 14.167403, 14.133611, 14.124475, 14.143787]",ibm_sxz_cz,72,"{""kind"": ""native_contract_only"", ""passed"": true, ""errors"": [], ""checked_instructions"": 2430, ""bindings"": 3, ""semantic_equivalence"": ""not checked at large width""}"
previous,efficient_su2_24_symbolic,static: each control-flow region counted once,300,flat circuit,,10.432083,"[10.952807, 12.05739, 10.432083, 10.210418, 10.336002]",efficient_su2,135018,1971,b25357c03cad38d490a854447dafef57f5b1cf14f81c88fb7605d1b1e9891255,148449,symbolic,810,333,72,300,477,0,"{""gpi2"": 333, ""rz"": 477, ""rzz"": 72}",synthetic,3.566999,"[3.566999, 3.325333, 3.328405, 3.744681, 3.960985]",134.80078125,24,1053,exported,14.798479,"[14.874544, 14.806847, 14.798479, 14.775695, 14.737759]",ionq_fixed_r_zz,72,"{""kind"": ""native_contract_only"", ""passed"": true, ""errors"": [], ""checked_instructions"": 2646, ""bindings"": 3, ""semantic_equivalence"": ""not checked at large width""}"
previous,efficient_su2_24_symbolic,static: each control-flow region counted once,150,flat circuit,,5.470084,"[6.21796, 5.588308, 5.470084, 5.368994, 5.374547]",efficient_su2,135018,1971,b25357c03cad38d490a854447dafef57f5b1cf14f81c88fb7605d1b1e9891255,114594,symbolic,264,264,72,150,0,0,"{""r"": 264, ""cz"": 72}",synthetic,3.629943,"[3.629943, 3.33223, 3.959913, 3.687208, 3.395382]",125.34375,24,799,exported,11.868413,"[11.886637, 11.828972, 11.868413, 11.872541, 11.86398]",iqm_r_cz,72,"{""kind"": ""native_contract_only"", ""passed"": true, ""errors"": [], ""checked_instructions"": 1008, ""bindings"": 3, ""semantic_equivalence"": ""not checked at large width""}"
previous,efficient_su2_24_symbolic,static: each control-flow region counted once,297,flat circuit,,8.134021,"[8.912729, 8.382006, 8.134021, 8.130404, 8.037812]",efficient_su2,135018,1971,b25357c03cad38d490a854447dafef57f5b1cf14f81c88fb7605d1b1e9891255,151485,symbolic,738,333,72,297,405,0,"{""rxpi2"": 333, ""rz"": 405, ""cz"": 72}",synthetic,3.662199,"[3.662199, 3.322453, 3.953609, 3.704536, 3.43919]",127.30078125,24,1050,exported,14.525326,"[14.544462, 14.547086, 14.525326, 14.474493, 14.51299]",rigetti_rx_cz,72,"{""kind"": ""native_contract_only"", ""passed"": true, ""errors"": [], ""checked_instructions"": 2430, ""bindings"": 3, ""semantic_equivalence"": ""not checked at large width""}"
previous,efficient_su2_24_symbolic,static: each control-flow region counted once,222,flat circuit,,5.342915,"[6.212359, 5.566467, 5.342915, 5.315234, 5.292098]",efficient_su2,135018,1971,b25357c03cad38d490a854447dafef57f5b1cf14f81c88fb7605d1b1e9891255,123282,symbolic,567,237,72,222,330,0,"{""rz"": 330, ""rx"": 237, ""rzz"": 72}",synthetic,3.520647,"[3.635528, 3.279797, 4.06417, 3.520647, 3.407734]",125.76171875,24,846,exported,14.031771,"[14.059946, 14.044523, 13.98161, 14.031771, 13.960138]",rxrz_rzz_unbounded,72,"{""kind"": ""native_contract_only"", ""passed"": true, ""errors"": [], ""checked_instructions"": 1917, ""bindings"": 3, ""semantic_equivalence"": ""not checked at large width""}"
previous,efficient_su2_36_numeric,static: each control-flow region counted once,327,flat circuit,,2.649729,"[3.32199, 2.757121, 2.649729, 2.630449, 2.615457]",efficient_su2,151821,2955,acc3915c88ad2bc8c35f8ebd0e7c5e1e446d4ef097fdec5edf080bf3e7997892,77197,numeric,611,252,108,327,359,0,"{""rz"": 359, ""rx"": 252, ""rzz"": 108}",synthetic,4.261724,"[4.398412, 4.103722, 5.049568, 4.261724, 4.221354]",122.4609375,36,399,exported,20.042416,"[20.180721, 20.019808, 20.044944, 20.006416, 20.042416]",ibm_fractional_bounded,108,"{""kind"": ""native_contract_only"", ""passed"": true, ""errors"": [], ""checked_instructions"": 719, ""bindings"": 1, ""semantic_equivalence"": ""not checked at large width""}"
previous,efficient_su2_36_numeric,static: each control-flow region counted once,124,flat circuit,,2.819138,"[3.542695, 2.914658, 2.819138, 2.81501, 2.793266]",efficient_su2,151821,2955,acc3915c88ad2bc8c35f8ebd0e7c5e1e446d4ef097fdec5edf080bf3e7997892,79903,numeric,576,288,108,124,288,0,"{""sx"": 288, ""rz"": 288, ""cx"": 108}",synthetic,4.325275,"[4.325275, 4.149691, 4.548829, 4.72659, 4.212251]",122.19140625,36,290,exported,17.81773,"[17.982467, 17.78949, 17.818658, 17.777138, 17.81773]",ibm_sxz_cx,108,"{""kind"": ""native_contract_only"", ""passed"": true, ""errors"": [], ""checked_instructions"": 684, ""bindings"": 1, ""semantic_equivalence"": ""not checked at large width""}"
previous,efficient_su2_36_numeric,static: each control-flow region counted once,440,flat circuit,,4.229515,"[5.067409, 4.328891, 4.229515, 4.199755, 4.185659]",efficient_su2,151821,2955,acc3915c88ad2bc8c35f8ebd0e7c5e1e446d4ef097fdec5edf080bf3e7997892,110369,numeric,1005,396,108,440,609,0,"{""rz"": 609, ""sx"": 396, ""cz"": 108}",synthetic,4.345692,"[4.345692, 4.151114, 4.512444, 4.778751, 4.279659]",123.92578125,36,397,exported,20.62906,"[20.688516, 20.6345, 20.592547, 20.620836, 20.62906]",ibm_sxz_cz,108,"{""kind"": ""native_contract_only"", ""passed"": true, ""errors"": [], ""checked_instructions"": 1113, ""bindings"": 1, ""semantic_equivalence"": ""not checked at large width""}"
previous,efficient_su2_36_numeric,static: each control-flow region counted once,443,flat circuit,,8.543175,"[8.850328, 10.030448, 8.543175, 8.299797, 8.325029]",efficient_su2,151821,2955,acc3915c88ad2bc8c35f8ebd0e7c5e1e446d4ef097fdec5edf080bf3e7997892,106275,numeric,1043,396,108,443,647,0,"{""rz"": 647, ""gpi2"": 396, ""rzz"": 108}",synthetic,4.410988,"[4.410988, 4.444845, 4.67899, 4.249867, 4.210891]",131.91015625,36,403,exported,21.66393,"[21.744122, 21.66393, 21.788523, 21.572506, 21.548458]",ionq_fixed_r_zz,108,"{""kind"": ""native_contract_only"", ""passed"": true, ""errors"": [], ""checked_instructions"": 1151, ""bindings"": 1, ""semantic_equivalence"": ""not checked at large width""}"
previous,efficient_su2_36_numeric,static: each control-flow region counted once,218,flat circuit,,2.415375,"[3.063076, 2.50112, 2.415375, 2.399328, 2.391967]",efficient_su2,151821,2955,acc3915c88ad2bc8c35f8ebd0e7c5e1e446d4ef097fdec5edf080bf3e7997892,75031,numeric,288,288,108,218,0,0,"{""r"": 288, ""cz"": 108}",synthetic,4.337932,"[4.427788, 4.887055, 4.337932, 4.236731, 4.220587]",122.171875,36,420,exported,19.67971,"[19.760958, 19.700158, 19.626093, 19.665918, 19.67971]",iqm_r_cz,108,"{""kind"": ""native_contract_only"", ""passed"": true, ""errors"": [], ""checked_instructions"": 396, ""bindings"": 1, ""semantic_equivalence"": ""not checked at large width""}"
previous,efficient_su2_36_numeric,static: each control-flow region counted once,440,flat circuit,,6.539338,"[7.207054, 6.539338, 6.403353, 6.449993, 7.937954]",efficient_su2,151821,2955,acc3915c88ad2bc8c35f8ebd0e7c5e1e446d4ef097fdec5edf080bf3e7997892,114391,numeric,1005,396,108,440,609,0,"{""rz"": 609, ""rxpi2"": 396, ""cz"": 108}",synthetic,4.410844,"[4.32766, 4.531884, 4.702415, 4.410844, 4.247563]",124.2734375,36,397,exported,21.304632,"[21.304632, 21.247368, 21.31356, 21.318424, 21.192519]",rigetti_rx_cz,108,"{""kind"": ""native_contract_only"", ""passed"": true, ""errors"": [], ""checked_instructions"": 1113, ""bindings"": 1, ""semantic_equivalence"": ""not checked at large width""}"
previous,efficient_su2_36_numeric,static: each control-flow region counted once,327,flat circuit,,2.651233,"[3.310358, 2.745025, 2.650737, 2.651233, 2.637377]",efficient_su2,151821,2955,acc3915c88ad2bc8c35f8ebd0e7c5e1e446d4ef097fdec5edf080bf3e7997892,76714,numeric,610,252,108,327,358,0,"{""rz"": 358, ""rx"": 252, ""rzz"": 108}",synthetic,4.500189,"[4.327211, 4.502589, 4.500189, 4.648093, 4.226139]",122.4609375,36,397,exported,19.108026,"[19.261723, 19.131786, 19.108026, 19.086346, 19.055706]",rxrz_rzz_unbounded,108,"{""kind"": ""native_contract_only"", ""passed"": true, ""errors"": [], ""checked_instructions"": 718, ""bindings"": 1, ""semantic_equivalence"": ""not checked at large width""}"
previous,efficient_su2_36_symbolic,static: each control-flow region counted once,336,flat circuit,,8.901897,"[10.019344, 9.039593, 8.855881, 8.807704, 8.901897]",efficient_su2,203390,2955,e224064445495958e6dae7291b47e60883b96043ca14043d3945c72ee1d01eb9,199943,symbolic,1071,465,108,336,606,0,"{""rz"": 606, ""rx"": 465, ""rzz"": 108}",synthetic,5.009584,"[5.009584, 5.544948, 5.092032, 4.793535, 4.971839]",130.91015625,36,1282,exported,23.145796,"[23.237172, 23.290069, 23.141779, 23.145796, 23.070275]",ibm_fractional_bounded,108,"{""kind"": ""native_contract_only"", ""passed"": true, ""errors"": [], ""checked_instructions"": 3537, ""bindings"": 3, ""semantic_equivalence"": ""not checked at large width""}"
previous,efficient_su2_36_symbolic,static: each control-flow region counted once,124,flat circuit,,7.594368,"[8.457094, 7.700769, 7.538464, 7.482784, 7.594368]",efficient_su2,203390,2955,e224064445495958e6dae7291b47e60883b96043ca14043d3945c72ee1d01eb9,187824,symbolic,576,288,108,124,288,0,"{""sx"": 288, ""rz"": 288, ""cx"": 108}",synthetic,4.978432,"[4.978432, 5.105392, 5.349778, 4.803375, 4.779358]",129.56640625,36,1444,exported,19.745294,"[19.858655, 19.803038, 19.729069, 19.674846, 19.745294]",ibm_sxz_cx,108,"{""kind"": ""native_contract_only"", ""passed"": true, ""errors"": [], ""checked_instructions"": 2052, ""bindings"": 3, ""semantic_equivalence"": ""not checked at large width""}"
previous,efficient_su2_36_symbolic,static: each control-flow region counted once,441,flat circuit,,9.73859,"[10.7245, 9.948512, 9.686797, 9.609374, 9.73859]",efficient_su2,203390,2955,e224064445495958e6dae7291b47e60883b96043ca14043d3945c72ee1d01eb9,223320,symbolic,1110,501,108,441,609,0,"{""sx"": 501, ""rz"": 609, ""cz"": 108}",synthetic,5.117489,"[5.346882, 5.117489, 5.126241, 4.76163, 4.814303]",131.3046875,36,1567,exported,22.200189,"[22.329311, 22.200189, 22.145293, 22.218622, 22.192685]",ibm_sxz_cz,108,"{""kind"": ""native_contract_only"", ""passed"": true, ""errors"": [], ""checked_instructions"": 3654, ""bindings"": 3, ""semantic_equivalence"": ""not checked at large width""}"
previous,efficient_su2_36_symbolic,static: each control-flow region counted once,444,flat circuit,,15.73818,"[17.963138, 16.156663, 15.54562, 15.73818, 15.460803]",efficient_su2,203390,2955,e224064445495958e6dae7291b47e60883b96043ca14043d3945c72ee1d01eb9,223214,symbolic,1218,501,108,444,717,0,"{""gpi2"": 501, ""rz"": 717, ""rzz"": 108}",synthetic,5.049344,"[5.362546, 5.134625, 5.049344, 4.854223, 4.793566]",142.703125,36,1569,exported,23.134019,"[23.212869, 23.218708, 23.134019, 23.078563, 23.080339]",ionq_fixed_r_zz,108,"{""kind"": ""native_contract_only"", ""passed"": true, ""errors"": [], ""checked_instructions"": 3978, ""bindings"": 3, ""semantic_equivalence"": ""not checked at large width""}"
previous,efficient_su2_36_symbolic,static: each control-flow region counted once,222,flat circuit,,8.094756,"[8.927657, 8.370309, 8.084756, 8.054195, 8.094756]",efficient_su2,203390,2955,e224064445495958e6dae7291b47e60883b96043ca14043d3945c72ee1d01eb9,172764,symbolic,396,396,108,222,0,0,"{""r"": 396, ""cz"": 108}",synthetic,5.046528,"[5.046528, 5.070385, 5.283873, 4.759727, 4.806974]",128.94921875,36,1195,exported,18.689095,"[18.82436, 18.700392, 18.684776, 18.676391, 18.689095]",iqm_r_cz,108,"{""kind"": ""native_contract_only"", ""passed"": true, ""errors"": [], ""checked_instructions"": 1512, ""bindings"": 3, ""semantic_equivalence"": ""not checked at large width""}"
previous,efficient_su2_36_symbolic,static: each control-flow region counted once,441,flat circuit,,12.884834,"[13.583782, 12.642417, 12.479104, 14.654477, 12.884834]",efficient_su2,203390,2955,e224064445495958e6dae7291b47e60883b96043ca14043d3945c72ee1d01eb9,227697,symbolic,1110,501,108,441,609,0,"{""rxpi2"": 501, ""rz"": 609, ""cz"": 108}",synthetic,4.826415,"[5.372834, 5.419987, 4.826415, 4.79811, 4.788767]",132.0078125,36,1566,exported,22.736401,"[22.806721, 22.777378, 22.68288, 22.718353, 22.736401]",rigetti_rx_cz,108,"{""kind"": ""native_contract_only"", ""passed"": true, ""errors"": [], ""checked_instructions"": 3654, ""bindings"": 3, ""semantic_equivalence"": ""not checked at large width""}"
previous,efficient_su2_36_symbolic,static: each control-flow region counted once,330,flat circuit,,8.189989,"[9.294604, 8.391637, 8.165668, 8.182308, 8.189989]",efficient_su2,203390,2955,e224064445495958e6dae7291b47e60883b96043ca14043d3945c72ee1d01eb9,186062,symbolic,855,357,108,330,498,0,"{""rz"": 498, ""rx"": 357, ""rzz"": 108}",synthetic,5.096769,"[5.026096, 5.096769, 5.244097, 5.116721, 4.839727]",129.76953125,36,1267,exported,21.9203,"[22.005724, 21.85774, 21.943291, 21.862491, 21.9203]",rxrz_rzz_unbounded,108,"{""kind"": ""native_contract_only"", ""passed"": true, ""errors"": [], ""checked_instructions"": 2889, ""bindings"": 3, ""semantic_equivalence"": ""not checked at large width""}"
previous,efficient_su2_54_numeric,static: each control-flow region counted once,489,flat circuit,,4.06481,"[4.811423, 4.176538, 4.06481, 4.040425, 4.016634]",efficient_su2,229583,4431,2bb4f8982727cfdabebbcaf410ce2f75c7c05f531c3de5962259319ead9beefe,115389,numeric,918,378,162,489,540,0,"{""rz"": 540, ""rx"": 378, ""rzz"": 162}",synthetic,6.152727,"[6.664362, 5.954502, 6.795803, 6.143302, 6.152727]",124.30078125,54,597,exported,32.737326,"[32.865968, 32.737326, 32.69731, 32.740335, 32.696751]",ibm_fractional_bounded,162,"{""kind"": ""native_contract_only"", ""passed"": true, ""errors"": [], ""checked_instructions"": 1080, ""bindings"": 1, ""semantic_equivalence"": ""not checked at large width""}"
previous,efficient_su2_54_numeric,static: each control-flow region counted once,178,flat circuit,,4.410972,"[5.198161, 4.512173, 4.410972, 4.376219, 4.40686]",efficient_su2,229583,4431,2bb4f8982727cfdabebbcaf410ce2f75c7c05f531c3de5962259319ead9beefe,119519,numeric,864,432,162,178,432,0,"{""sx"": 432, ""rz"": 432, ""cx"": 162}",synthetic,6.213303,"[6.252536, 6.919659, 6.123351, 6.213303, 6.119735]",124.328125,54,434,exported,29.509051,"[29.53553, 29.401546, 29.425658, 29.586139, 29.509051]",ibm_sxz_cx,162,"{""kind"": ""native_contract_only"", ""passed"": true, ""errors"": [], ""checked_instructions"": 1026, ""bindings"": 1, ""semantic_equivalence"": ""not checked at large width""}"
previous,efficient_su2_54_numeric,static: each control-flow region counted once,656,flat circuit,,6.434441,"[7.510783, 6.589578, 6.368088, 6.434441, 6.419272]",efficient_su2,229583,4431,2bb4f8982727cfdabebbcaf410ce2f75c7c05f531c3de5962259319ead9beefe,166432,numeric,1509,594,162,656,915,0,"{""rz"": 915, ""sx"": 594, ""cz"": 162}",synthetic,6.147079,"[6.989788, 6.147079, 6.088263, 6.156247, 6.12439]",125.28125,54,595,exported,33.491988,"[33.598436, 33.491988, 33.468643, 33.513396, 33.446627]",ibm_sxz_cz,162,"{""kind"": ""native_contract_only"", ""passed"": true, ""errors"": [], ""checked_instructions"": 1671, ""bindings"": 1, ""semantic_equivalence"": ""not checked at large width""}"
previous,efficient_su2_54_numeric,static: each control-flow region counted once,659,flat circuit,,12.717409,"[14.835806, 12.994738, 12.717409, 12.370862, 12.374206]",efficient_su2,229583,4431,2bb4f8982727cfdabebbcaf410ce2f75c7c05f531c3de5962259319ead9beefe,161000,numeric,1565,594,162,659,971,0,"{""rz"": 971, ""gpi2"": 594, ""rzz"": 162}",synthetic,6.174104,"[6.288424, 6.92574, 6.112727, 6.139126, 6.174104]",134.87109375,54,600,exported,35.237086,"[35.401296, 35.288783, 35.237086, 35.112814, 35.10739]",ionq_fixed_r_zz,162,"{""kind"": ""native_contract_only"", ""passed"": true, ""errors"": [], ""checked_instructions"": 1727, ""bindings"": 1, ""semantic_equivalence"": ""not checked at large width""}"
previous,efficient_su2_54_numeric,static: each control-flow region counted once,326,flat circuit,,3.674903,"[4.487965, 3.750583, 3.674903, 3.641735, 3.625191]",efficient_su2,229583,4431,2bb4f8982727cfdabebbcaf410ce2f75c7c05f531c3de5962259319ead9beefe,111960,numeric,432,432,162,326,0,0,"{""r"": 432, ""cz"": 162}",synthetic,6.264135,"[6.264135, 6.308408, 6.686602, 6.218504, 6.108662]",123.83203125,54,623,exported,32.126315,"[32.154395, 32.126315, 32.142908, 32.097083, 32.080571]",iqm_r_cz,162,"{""kind"": ""native_contract_only"", ""passed"": true, ""errors"": [], ""checked_instructions"": 594, ""bindings"": 1, ""semantic_equivalence"": ""not checked at large width""}"
previous,efficient_su2_54_numeric,static: each control-flow region counted once,657,flat circuit,,9.995151,"[10.619283, 9.82203, 11.272616, 9.995151, 9.657117]",efficient_su2,229583,4431,2bb4f8982727cfdabebbcaf410ce2f75c7c05f531c3de5962259319ead9beefe,172954,numeric,1510,594,162,657,916,0,"{""rz"": 916, ""rxpi2"": 594, ""cz"": 162}",synthetic,6.146279,"[6.565785, 6.693739, 6.090038, 6.146279, 6.107655]",125.7734375,54,596,exported,34.358297,"[34.468938, 34.306505, 34.394506, 34.355849, 34.358297]",rigetti_rx_cz,162,"{""kind"": ""native_contract_only"", ""passed"": true, ""errors"": [], ""checked_instructions"": 1672, ""bindings"": 1, ""semantic_equivalence"": ""not checked at large width""}"
previous,efficient_su2_54_numeric,static: each control-flow region counted once,489,flat circuit,,4.031689,"[4.800847, 4.153098, 4.031689, 3.976089, 4.001738]",efficient_su2,229583,4431,2bb4f8982727cfdabebbcaf410ce2f75c7c05f531c3de5962259319ead9beefe,114926,numeric,916,378,162,489,538,0,"{""rz"": 538, ""rx"": 378, ""rzz"": 162}",synthetic,6.239912,"[6.239912, 6.750282, 6.439369, 6.223208, 6.15263]",123.71875,54,596,exported,31.392246,"[31.435079, 31.458375, 31.392246, 31.355702, 31.388887]",rxrz_rzz_unbounded,162,"{""kind"": ""native_contract_only"", ""passed"": true, ""errors"": [], ""checked_instructions"": 1078, ""bindings"": 1, ""semantic_equivalence"": ""not checked at large width""}"
previous,efficient_su2_54_symbolic,static: each control-flow region counted once,498,flat circuit,,13.887879,"[14.754413, 13.887879, 13.776263, 13.845799, 13.901576]",efficient_su2,308078,4431,c5437db5a453ec704ddd8594c5a6b46f38693fab95be17016e22296e824b7a98,301339,symbolic,1611,699,162,498,912,0,"{""rz"": 912, ""rx"": 699, ""rzz"": 162}",synthetic,7.04478,"[8.055523, 6.910412, 7.040396, 7.04478, 7.071533]",133.14453125,54,1912,exported,37.226668,"[37.253403, 37.270044, 37.201627, 37.16593, 37.226668]",ibm_fractional_bounded,162,"{""kind"": ""native_contract_only"", ""passed"": true, ""errors"": [], ""checked_instructions"": 5319, ""bindings"": 3, ""semantic_equivalence"": ""not checked at large width""}"
previous,efficient_su2_54_symbolic,static: each control-flow region counted once,178,flat circuit,,11.956971,"[12.551167, 12.046157, 11.956971, 11.753354, 11.737931]",efficient_su2,308078,4431,c5437db5a453ec704ddd8594c5a6b46f38693fab95be17016e22296e824b7a98,283404,symbolic,864,432,162,178,432,0,"{""sx"": 432, ""rz"": 432, ""cx"": 162}",synthetic,7.020508,"[8.045746, 6.831163, 7.020508, 7.00486, 7.031469]",132.484375,54,2164,exported,32.380077,"[32.412044, 32.464094, 32.36894, 32.334013, 32.380077]",ibm_sxz_cx,162,"{""kind"": ""native_contract_only"", ""passed"": true, ""errors"": [], ""checked_instructions"": 3078, ""bindings"": 3, ""semantic_equivalence"": ""not checked at large width""}"
previous,efficient_su2_54_symbolic,static: each control-flow region counted once,657,flat circuit,,15.005423,"[15.527891, 15.438177, 14.899838, 15.005423, 14.901374]",efficient_su2,308078,4431,c5437db5a453ec704ddd8594c5a6b46f38693fab95be17016e22296e824b7a98,336488,symbolic,1668,753,162,657,915,0,"{""sx"": 753, ""rz"": 915, ""cz"": 162}",synthetic,7.012973,"[8.179604, 7.001884, 6.951356, 7.012973, 7.06574]",132.74609375,54,2341,exported,35.912115,"[35.914403, 35.912115, 35.816706, 35.981188, 35.898771]",ibm_sxz_cz,162,"{""kind"": ""native_contract_only"", ""passed"": true, ""errors"": [], ""checked_instructions"": 5490, ""bindings"": 3, ""semantic_equivalence"": ""not checked at large width""}"
previous,efficient_su2_54_symbolic,static: each control-flow region counted once,660,flat circuit,,24.368762,"[26.646952, 24.368762, 24.10756, 24.121225, 25.609826]",efficient_su2,308078,4431,c5437db5a453ec704ddd8594c5a6b46f38693fab95be17016e22296e824b7a98,336213,symbolic,1830,753,162,660,1077,0,"{""gpi2"": 753, ""rz"": 1077, ""rzz"": 162}",synthetic,7.085677,"[7.883057, 6.967964, 7.054412, 7.085677, 7.283342]",152.64453125,54,2343,exported,37.429117,"[37.429117, 37.57019, 37.476125, 37.329852, 37.398364]",ionq_fixed_r_zz,162,"{""kind"": ""native_contract_only"", ""passed"": true, ""errors"": [], ""checked_instructions"": 5976, ""bindings"": 3, ""semantic_equivalence"": ""not checked at large width""}"
previous,efficient_su2_54_symbolic,static: each control-flow region counted once,330,flat circuit,,12.6924,"[13.112835, 12.874066, 12.515743, 12.562223, 12.6924]",efficient_su2,308078,4431,c5437db5a453ec704ddd8594c5a6b46f38693fab95be17016e22296e824b7a98,261017,symbolic,594,594,162,330,0,0,"{""r"": 594, ""cz"": 162}",synthetic,7.059885,"[7.647473, 7.438687, 6.986156, 7.059885, 6.992332]",133.05859375,54,1789,exported,30.612162,"[30.615185, 30.581089, 30.570241, 30.612162, 30.643089]",iqm_r_cz,162,"{""kind"": ""native_contract_only"", ""passed"": true, ""errors"": [], ""checked_instructions"": 2268, ""bindings"": 3, ""semantic_equivalence"": ""not checked at large width""}"
previous,efficient_su2_54_symbolic,static: each control-flow region counted once,657,flat circuit,,19.398443,"[19.874334, 19.283417, 21.5238, 19.398443, 19.286906]",efficient_su2,308078,4431,c5437db5a453ec704ddd8594c5a6b46f38693fab95be17016e22296e824b7a98,342879,symbolic,1668,753,162,657,915,0,"{""rxpi2"": 753, ""rz"": 915, ""cz"": 162}",synthetic,7.218925,"[7.608496, 7.706849, 7.121117, 7.218925, 7.107389]",134.5703125,54,2340,exported,36.682919,"[36.667144, 36.735384, 36.671512, 36.774344, 36.682919]",rigetti_rx_cz,162,"{""kind"": ""native_contract_only"", ""passed"": true, ""errors"": [], ""checked_instructions"": 5490, ""bindings"": 3, ""semantic_equivalence"": ""not checked at large width""}"
previous,efficient_su2_54_symbolic,static: each control-flow region counted once,492,flat circuit,,12.889009,"[13.711975, 12.889009, 12.91917, 12.787281, 12.731024]",efficient_su2,308078,4431,c5437db5a453ec704ddd8594c5a6b46f38693fab95be17016e22296e824b7a98,280919,symbolic,1287,537,162,492,750,0,"{""rz"": 750, ""rx"": 537, ""rzz"": 162}",synthetic,7.112013,"[8.090883, 7.112013, 6.966636, 7.087709, 7.152605]",134.51953125,54,1896,exported,35.415535,"[35.415535, 35.400096, 35.455328, 35.392336, 35.534689]",rxrz_rzz_unbounded,162,"{""kind"": ""native_contract_only"", ""passed"": true, ""errors"": [], ""checked_instructions"": 4347, ""bindings"": 3, ""semantic_equivalence"": ""not checked at large width""}"
previous,equatorial_frames_104_numeric,static: each control-flow region counted once,1248,flat circuit,,6.33668,"[7.393566, 6.488729, 6.33668, 6.305624, 6.313544]",equatorial_frames,371189,7491,10964f41c3c481187a48d9bacf0821c9d2a9034a807023a090e145229e593b69,166329,numeric,936,312,312,1248,624,0,"{""rz"": 624, ""rx"": 312, ""cz"": 312}",synthetic,9.449339,"[9.291851, 10.149152, 9.23689, 9.455788, 9.449339]",124.86328125,104,317,exported,43.741636,"[43.940485, 43.741636, 43.365841, 43.558275, 44.045366]",ibm_fractional_bounded,312,"{""kind"": ""native_contract_only"", ""passed"": true, ""errors"": [], ""checked_instructions"": 1248, ""bindings"": 1, ""semantic_equivalence"": ""not checked at large width""}"
previous,equatorial_frames_104_numeric,static: each control-flow region counted once,1875,flat circuit,,11.815162,"[13.366292, 11.94094, 11.600937, 11.815162, 11.654442]",equatorial_frames,371189,7491,10964f41c3c481187a48d9bacf0821c9d2a9034a807023a090e145229e593b69,288202,numeric,2499,937,312,1875,1562,0,"{""rz"": 1562, ""sx"": 937, ""cx"": 312}",synthetic,9.51502,"[9.75547, 9.777597, 9.369499, 9.509868, 9.51502]",132.67578125,104,941,exported,53.781443,"[53.845411, 53.836372, 53.738659, 53.781443, 53.72077]",ibm_sxz_cx,312,"{""kind"": ""native_contract_only"", ""passed"": true, ""errors"": [], ""checked_instructions"": 2811, ""bindings"": 1, ""semantic_equivalence"": ""not checked at large width""}"
previous,equatorial_frames_104_numeric,static: each control-flow region counted once,1872,flat circuit,,7.997139,"[9.179114, 8.103747, 7.997139, 7.871457, 7.946498]",equatorial_frames,371189,7491,10964f41c3c481187a48d9bacf0821c9d2a9034a807023a090e145229e593b69,198545,numeric,1560,624,312,1872,936,0,"{""rz"": 936, ""sx"": 624, ""cz"": 312}",synthetic,9.480156,"[10.318097, 9.230411, 9.30305, 9.480156, 9.483836]",125.72265625,104,317,exported,45.646816,"[45.705888, 45.692272, 45.593248, 45.646816, 45.623456]",ibm_sxz_cz,312,"{""kind"": ""native_contract_only"", ""passed"": true, ""errors"": [], ""checked_instructions"": 1872, ""bindings"": 1, ""semantic_equivalence"": ""not checked at large width""}"
previous,equatorial_frames_104_numeric,static: each control-flow region counted once,1251,flat circuit,,6.217511,"[7.300046, 6.363816, 6.217511, 6.195511, 6.206183]",equatorial_frames,371189,7491,10964f41c3c481187a48d9bacf0821c9d2a9034a807023a090e145229e593b69,164090,numeric,1563,625,312,1251,938,0,"{""rz"": 938, ""rx"": 625, ""rzz"": 312}",synthetic,9.378539,"[9.754702, 9.482556, 9.378539, 9.339163, 9.328331]",125.4375,104,324,exported,48.655938,"[48.756211, 48.611618, 48.694051, 48.576914, 48.655938]",rxrz_rzz_unbounded,312,"{""kind"": ""native_contract_only"", ""passed"": true, ""errors"": [], ""checked_instructions"": 1875, ""bindings"": 1, ""semantic_equivalence"": ""not checked at large width""}"
previous,equatorial_frames_104_symbolic,static: each control-flow region counted once,1248,flat circuit,,12.36147,"[13.220483, 12.451295, 12.0471, 12.36147, 12.117388]",equatorial_frames,425445,7491,680e63a1a1ed9d1ebf788373934d3bcaa10f7d4a84bc1539d2209f6660d87253,282321,symbolic,936,312,312,1248,624,0,"{""rz"": 624, ""rx"": 312, ""cz"": 312}",synthetic,10.037407,"[10.804468, 9.803853, 9.954991, 10.073872, 10.037407]",133.05859375,104,1565,exported,45.141404,"[45.232109, 45.1387, 45.141404, 44.954379, 45.167901]",ibm_fractional_bounded,312,"{""kind"": ""native_contract_only"", ""passed"": true, ""errors"": [], ""checked_instructions"": 3744, ""bindings"": 3, ""semantic_equivalence"": ""not checked at large width""}"
previous,equatorial_frames_104_symbolic,static: each control-flow region counted once,2497,flat circuit,,19.843693,"[20.606274, 19.848317, 19.843693, 19.708861, 19.628171]",equatorial_frames,425445,7491,680e63a1a1ed9d1ebf788373934d3bcaa10f7d4a84bc1539d2209f6660d87253,416736,symbolic,3121,1248,312,2497,1873,0,"{""rz"": 1873, ""sx"": 1248, ""cx"": 312}",synthetic,10.121872,"[10.370753, 10.345505, 9.937038, 10.121872, 10.047711]",137.91015625,104,1879,exported,53.881203,"[53.711698, 53.951028, 53.768563, 53.881203, 54.682456]",ibm_sxz_cx,312,"{""kind"": ""native_contract_only"", ""passed"": true, ""errors"": [], ""checked_instructions"": 10299, ""bindings"": 3, ""semantic_equivalence"": ""not checked at large width""}"
previous,equatorial_frames_104_symbolic,static: each control-flow region counted once,1872,flat circuit,,14.130169,"[14.832445, 14.392843, 14.045897, 14.130169, 14.127161]",equatorial_frames,425445,7491,680e63a1a1ed9d1ebf788373934d3bcaa10f7d4a84bc1539d2209f6660d87253,314522,symbolic,1560,624,312,1872,936,0,"{""rz"": 936, ""sx"": 624, ""cz"": 312}",synthetic,10.49141,"[10.569443, 11.037637, 10.49141, 10.287009, 10.129152]",133.328125,104,1565,exported,46.791751,"[46.736583, 46.760326, 46.803063, 46.871431, 46.791751]",ibm_sxz_cz,312,"{""kind"": ""native_contract_only"", ""passed"": true, ""errors"": [], ""checked_instructions"": 5616, ""bindings"": 3, ""semantic_equivalence"": ""not checked at large width""}"
previous,equatorial_frames_104_symbolic,static: each control-flow region counted once,1873,flat circuit,,15.264816,"[16.277718, 15.321713, 15.264816, 15.236144, 15.040895]",equatorial_frames,425445,7491,680e63a1a1ed9d1ebf788373934d3bcaa10f7d4a84bc1539d2209f6660d87253,330314,symbolic,2185,936,312,1873,1249,0,"{""rz"": 1249, ""rx"": 936, ""rzz"": 312}",synthetic,10.12464,"[10.333649, 10.444738, 10.12464, 10.094432, 10.103087]",141.5078125,104,1880,exported,51.821126,"[51.821126, 51.785046, 51.67935, 51.895239, 51.858231]",rxrz_rzz_unbounded,312,"{""kind"": ""native_contract_only"", ""passed"": true, ""errors"": [], ""checked_instructions"": 7491, ""bindings"": 3, ""semantic_equivalence"": ""not checked at large width""}"
previous,equatorial_frames_156_numeric,static: each control-flow region counted once,1872,flat circuit,,10.108064,"[11.259702, 10.236065, 10.011183, 9.942158, 10.108064]",equatorial_frames,560264,11235,8e0ec71bb9d9757b881772665e8baf74c25ae2a345d5bfd1d41ddafe7e5a150b,250887,numeric,1404,468,468,1872,936,0,"{""rz"": 936, ""rx"": 468, ""cz"": 468}",synthetic,14.437466,"[14.744237, 14.155977, 14.118729, 14.437466, 14.514444]",129.3671875,156,472,exported,72.682313,"[72.732329, 72.679929, 72.789801, 72.633352, 72.682313]",ibm_fractional_bounded,468,"{""kind"": ""native_contract_only"", ""passed"": true, ""errors"": [], ""checked_instructions"": 1872, ""bindings"": 1, ""semantic_equivalence"": ""not checked at large width""}"
previous,equatorial_frames_156_numeric,static: each control-flow region counted once,2811,flat circuit,,18.953927,"[20.108975, 18.848374, 18.953927, 18.996776, 18.833654]",equatorial_frames,560264,11235,8e0ec71bb9d9757b881772665e8baf74c25ae2a345d5bfd1d41ddafe7e5a150b,433984,numeric,3747,1405,468,2811,2342,0,"{""rz"": 2342, ""sx"": 1405, ""cx"": 468}",synthetic,14.294666,"[14.183657, 14.130121, 14.294666, 14.495915, 14.384954]",139.0859375,156,1409,exported,88.844766,"[88.844766, 89.113777, 88.750542, 89.006111, 88.830671]",ibm_sxz_cx,468,"{""kind"": ""native_contract_only"", ""passed"": true, ""errors"": [], ""checked_instructions"": 4215, ""bindings"": 1, ""semantic_equivalence"": ""not checked at large width""}"
previous,equatorial_frames_156_numeric,static: each control-flow region counted once,2808,flat circuit,,12.7724,"[14.187545, 12.751696, 12.79096, 12.517055, 12.7724]",equatorial_frames,560264,11235,8e0ec71bb9d9757b881772665e8baf74c25ae2a345d5bfd1d41ddafe7e5a150b,299378,numeric,2340,936,468,2808,1404,0,"{""rz"": 1404, ""sx"": 936, ""cz"": 468}",synthetic,14.244362,"[14.244362, 14.0282, 14.146937, 14.417003, 14.304249]",133.70703125,156,473,exported,76.32752,"[76.32752, 76.696418, 76.268432, 76.253391, 76.361728]",ibm_sxz_cz,468,"{""kind"": ""native_contract_only"", ""passed"": true, ""errors"": [], ""checked_instructions"": 2808, ""bindings"": 1, ""semantic_equivalence"": ""not checked at large width""}"
previous,equatorial_frames_156_numeric,static: each control-flow region counted once,1875,flat circuit,,9.900254,"[11.111206, 9.964766, 9.84419, 9.836078, 9.900254]",equatorial_frames,560264,11235,8e0ec71bb9d9757b881772665e8baf74c25ae2a345d5bfd1d41ddafe7e5a150b,247425,numeric,2343,937,468,1875,1406,0,"{""rz"": 1406, ""rx"": 937, ""rzz"": 468}",synthetic,14.315834,"[14.866733, 14.033032, 14.285194, 14.315834, 14.33169]",134.71875,156,480,exported,80.861628,"[81.073854, 80.861628, 80.857868, 80.812988, 80.991933]",rxrz_rzz_unbounded,468,"{""kind"": ""native_contract_only"", ""passed"": true, ""errors"": [], ""checked_instructions"": 2811, ""bindings"": 1, ""semantic_equivalence"": ""not checked at large width""}"
previous,equatorial_frames_156_symbolic,static: each control-flow region counted once,1872,flat circuit,,19.437818,"[19.733884, 19.537067, 19.406394, 19.437818, 19.260569]",equatorial_frames,641817,11235,8af98b0e4bcfaa51b3e98d40c4a16fdf56af0d2e66702648e0bba82b6525c050,424333,symbolic,1404,468,468,1872,936,0,"{""rz"": 936, ""rx"": 468, ""cz"": 468}",synthetic,15.262336,"[15.262336, 15.058543, 15.214927, 15.458849, 15.384241]",140.35546875,156,2345,exported,76.131246,"[75.76646, 76.195183, 76.172126, 76.131246, 75.893965]",ibm_fractional_bounded,468,"{""kind"": ""native_contract_only"", ""passed"": true, ""errors"": [], ""checked_instructions"": 5616, ""bindings"": 3, ""semantic_equivalence"": ""not checked at large width""}"
previous,equatorial_frames_156_symbolic,static: each control-flow region counted once,3745,flat circuit,,31.236948,"[31.787784, 31.236948, 31.219061, 31.206036, 31.392629]",equatorial_frames,641817,11235,8af98b0e4bcfaa51b3e98d40c4a16fdf56af0d2e66702648e0bba82b6525c050,625984,symbolic,4681,1872,468,3745,2809,0,"{""rz"": 2809, ""sx"": 1872, ""cx"": 468}",synthetic,15.275616,"[15.651138, 15.030462, 15.275616, 15.324449, 15.259583]",148.734375,156,2815,exported,90.43644,"[89.921573, 90.43644, 90.220679, 90.861611, 90.539688]",ibm_sxz_cx,468,"{""kind"": ""native_contract_only"", ""passed"": true, ""errors"": [], ""checked_instructions"": 15447, ""bindings"": 3, ""semantic_equivalence"": ""not checked at large width""}"
previous,equatorial_frames_156_symbolic,static: each control-flow region counted once,2808,flat circuit,,22.323452,"[22.714847, 22.724431, 22.320476, 22.2179, 22.323452]",equatorial_frames,641817,11235,8af98b0e4bcfaa51b3e98d40c4a16fdf56af0d2e66702648e0bba82b6525c050,472758,symbolic,2340,936,468,2808,1404,0,"{""rz"": 1404, ""sx"": 936, ""cz"": 468}",synthetic,15.380641,"[15.915412, 15.053279, 15.209471, 15.391601, 15.380641]",145.51171875,156,2345,exported,78.50155,"[77.974346, 78.807967, 78.50155, 78.59987, 78.353676]",ibm_sxz_cz,468,"{""kind"": ""native_contract_only"", ""passed"": true, ""errors"": [], ""checked_instructions"": 8424, ""bindings"": 3, ""semantic_equivalence"": ""not checked at large width""}"
previous,equatorial_frames_156_symbolic,static: each control-flow region counted once,2809,flat circuit,,23.535444,"[24.381321, 24.229208, 23.478452, 23.366467, 23.535444]",equatorial_frames,641817,11235,8af98b0e4bcfaa51b3e98d40c4a16fdf56af0d2e66702648e0bba82b6525c050,496345,symbolic,3277,1404,468,2809,1873,0,"{""rz"": 1873, ""rx"": 1404, ""rzz"": 468}",synthetic,15.350849,"[15.634274, 15.028063, 15.25592, 15.360944, 15.350849]",151.3984375,156,2816,exported,86.207774,"[86.068493, 86.003964, 86.207774, 86.25147, 86.231518]",rxrz_rzz_unbounded,468,"{""kind"": ""native_contract_only"", ""passed"": true, ""errors"": [], ""checked_instructions"": 11235, ""bindings"": 3, ""semantic_equivalence"": ""not checked at large width""}"
previous,equatorial_frames_24_numeric,static: each control-flow region counted once,288,flat circuit,,1.406537,"[1.915293, 1.490313, 1.406537, 1.388089, 1.366265]",equatorial_frames,83039,1731,586b7bcef81b9bc1f69aa9896d41d53c281efb27014b680bf8baed11f34ef08f,38897,numeric,216,72,72,288,144,0,"{""rz"": 144, ""rx"": 72, ""cz"": 72}",synthetic,2.545313,"[2.751186, 2.479856, 2.545313, 2.53272, 2.885443]",121.66015625,24,76,exported,8.402726,"[8.476999, 8.38031, 8.414998, 8.402726, 8.348101]",ibm_fractional_bounded,72,"{""kind"": ""native_contract_only"", ""passed"": true, ""errors"": [], ""checked_instructions"": 288, ""bindings"": 1, ""semantic_equivalence"": ""not checked at large width""}"
previous,equatorial_frames_24_numeric,static: each control-flow region counted once,435,flat circuit,,2.488832,"[3.130788, 2.567584, 2.488832, 2.476928, 2.474848]",equatorial_frames,83039,1731,586b7bcef81b9bc1f69aa9896d41d53c281efb27014b680bf8baed11f34ef08f,66192,numeric,579,217,72,435,362,0,"{""rz"": 362, ""sx"": 217, ""cx"": 72}",synthetic,2.558625,"[2.730961, 2.558625, 2.504736, 2.539136, 3.183461]",121.7421875,24,221,exported,10.670213,"[10.743605, 10.604885, 10.645557, 10.670213, 10.676277]",ibm_sxz_cx,72,"{""kind"": ""native_contract_only"", ""passed"": true, ""errors"": [], ""checked_instructions"": 651, ""bindings"": 1, ""semantic_equivalence"": ""not checked at large width""}"
previous,equatorial_frames_24_numeric,static: each control-flow region counted once,432,flat circuit,,1.715371,"[2.289135, 1.81038, 1.715371, 1.702155, 1.702939]",equatorial_frames,83039,1731,586b7bcef81b9bc1f69aa9896d41d53c281efb27014b680bf8baed11f34ef08f,45923,numeric,360,144,72,432,216,0,"{""rz"": 216, ""sx"": 144, ""cz"": 72}",synthetic,2.576673,"[2.732546, 2.503648, 2.51784, 2.576673, 2.602913]",121.69140625,24,77,exported,8.895865,"[9.003962, 8.953802, 8.88817, 8.895865, 8.870713]",ibm_sxz_cz,72,"{""kind"": ""native_contract_only"", ""passed"": true, ""errors"": [], ""checked_instructions"": 432, ""bindings"": 1, ""semantic_equivalence"": ""not checked at large width""}"
previous,equatorial_frames_24_numeric,static: each control-flow region counted once,434,flat circuit,,4.386412,"[4.833663, 4.386412, 5.784902, 4.350972, 4.302763]",equatorial_frames,83039,1731,586b7bcef81b9bc1f69aa9896d41d53c281efb27014b680bf8baed11f34ef08f,48777,numeric,506,217,72,434,289,0,"{""rz"": 289, ""gpi2"": 144, ""gpi"": 73, ""rzz"": 72}",synthetic,2.714593,"[2.714593, 2.493424, 2.467808, 2.952995, 2.967427]",126.19140625,24,86,exported,10.862566,"[10.931734, 10.88223, 10.862566, 10.796342, 10.801381]",ionq_fixed_r_zz,72,"{""kind"": ""native_contract_only"", ""passed"": true, ""errors"": [], ""checked_instructions"": 578, ""bindings"": 1, ""semantic_equivalence"": ""not checked at large width""}"
previous,equatorial_frames_24_numeric,static: each control-flow region counted once,168,flat circuit,,1.143943,"[1.626075, 1.201336, 1.143943, 1.132231, 1.123432]",equatorial_frames,83039,1731,586b7bcef81b9bc1f69aa9896d41d53c281efb27014b680bf8baed11f34ef08f,33629,numeric,96,96,72,168,0,0,"{""r"": 96, ""cz"": 72}",synthetic,2.56416,"[2.701457, 2.537008, 2.520161, 2.56416, 3.218821]",119.546875,24,102,exported,8.825657,"[8.935914, 8.874953, 8.825353, 8.791593, 8.825657]",iqm_r_cz,72,"{""kind"": ""native_contract_only"", ""passed"": true, ""errors"": [], ""checked_instructions"": 168, ""bindings"": 1, ""semantic_equivalence"": ""not checked at large width""}"
previous,equatorial_frames_24_numeric,static: each control-flow region counted once,432,flat circuit,,2.597713,"[3.174868, 2.811986, 2.597713, 2.564656, 2.585505]",equatorial_frames,83039,1731,586b7bcef81b9bc1f69aa9896d41d53c281efb27014b680bf8baed11f34ef08f,47640,numeric,360,144,72,432,216,0,"{""rz"": 216, ""rxpi2"": 144, ""cz"": 72}",synthetic,2.565409,"[2.701617, 2.565409, 2.527888, 2.554705, 3.246805]",121.87109375,24,77,exported,9.110395,"[9.382188, 9.133723, 9.103979, 9.110395, 9.106027]",rigetti_rx_cz,72,"{""kind"": ""native_contract_only"", ""passed"": true, ""errors"": [], ""checked_instructions"": 432, ""bindings"": 1, ""semantic_equivalence"": ""not checked at large width""}"
previous,equatorial_frames_24_numeric,static: each control-flow region counted once,291,flat circuit,,1.435129,"[1.928508, 1.507642, 1.435129, 1.416345, 1.401273]",equatorial_frames,83039,1731,586b7bcef81b9bc1f69aa9896d41d53c281efb27014b680bf8baed11f34ef08f,38659,numeric,363,145,72,291,218,0,"{""rz"": 218, ""rx"": 145, ""rzz"": 72}",synthetic,2.609745,"[2.722466, 2.491376, 2.476432, 2.609745, 2.911635]",121.234375,24,84,exported,9.654398,"[9.73939, 9.654398, 9.613582, 9.737167, 9.634126]",rxrz_rzz_unbounded,72,"{""kind"": ""native_contract_only"", ""passed"": true, ""errors"": [], ""checked_instructions"": 435, ""bindings"": 1, ""semantic_equivalence"": ""not checked at large width""}"
previous,equatorial_frames_24_symbolic,static: each control-flow region counted once,288,flat circuit,,2.700433,"[3.35119, 2.812818, 2.700433, 2.653425, 2.653538]",equatorial_frames,95410,1731,015689d3fa1e90f687a17c27c6a6e4b1e0f3a5fc91549d65e97d72aed9a66eae,64696,symbolic,216,72,72,288,144,0,"{""rz"": 144, ""rx"": 72, ""cz"": 72}",synthetic,2.698113,"[2.873458, 2.619249, 2.679665, 3.006548, 2.698113]",122.0625,24,365,exported,8.744952,"[8.823656, 8.788392, 8.739912, 8.694216, 8.744952]",ibm_fractional_bounded,72,"{""kind"": ""native_contract_only"", ""passed"": true, ""errors"": [], ""checked_instructions"": 864, ""bindings"": 3, ""semantic_equivalence"": ""not checked at large width""}"
previous,equatorial_frames_24_symbolic,static: each control-flow region counted once,577,flat circuit,,4.155211,"[4.867424, 4.219035, 4.155211, 4.082794, 4.068218]",equatorial_frames,95410,1731,015689d3fa1e90f687a17c27c6a6e4b1e0f3a5fc91549d65e97d72aed9a66eae,95015,symbolic,721,288,72,577,433,0,"{""rz"": 433, ""sx"": 288, ""cx"": 72}",synthetic,2.698049,"[2.849698, 2.639265, 2.702034, 2.670433, 2.698049]",123.40625,24,439,exported,10.663428,"[10.746053, 10.658212, 10.663428, 10.643412, 10.674053]",ibm_sxz_cx,72,"{""kind"": ""native_contract_only"", ""passed"": true, ""errors"": [], ""checked_instructions"": 2379, ""bindings"": 3, ""semantic_equivalence"": ""not checked at large width""}"
previous,equatorial_frames_24_symbolic,static: each control-flow region counted once,432,flat circuit,,3.019107,"[3.680295, 3.122724, 3.01666, 3.019107, 2.998596]",equatorial_frames,95410,1731,015689d3fa1e90f687a17c27c6a6e4b1e0f3a5fc91549d65e97d72aed9a66eae,71649,symbolic,360,144,72,432,216,0,"{""rz"": 216, ""sx"": 144, ""cz"": 72}",synthetic,2.684386,"[2.863186, 2.613729, 2.648993, 2.684386, 3.059571]",122.20703125,24,365,exported,9.061499,"[9.131883, 9.078122, 9.061499, 9.061403, 9.042122]",ibm_sxz_cz,72,"{""kind"": ""native_contract_only"", ""passed"": true, ""errors"": [], ""checked_instructions"": 1296, ""bindings"": 3, ""semantic_equivalence"": ""not checked at large width""}"
previous,equatorial_frames_24_symbolic,static: each control-flow region counted once,505,flat circuit,,7.154271,"[7.401408, 8.590727, 7.154271, 6.886892, 6.78958]",equatorial_frames,95410,1731,015689d3fa1e90f687a17c27c6a6e4b1e0f3a5fc91549d65e97d72aed9a66eae,81888,symbolic,577,288,72,505,289,0,"{""rz"": 289, ""gpi2"": 144, ""gpi"": 144, ""rzz"": 72}",synthetic,2.693234,"[2.872419, 2.674305, 2.971075, 2.688737, 2.693234]",131.0859375,24,442,exported,11.034983,"[11.113336, 11.088056, 11.027479, 11.033351, 11.034983]",ionq_fixed_r_zz,72,"{""kind"": ""native_contract_only"", ""passed"": true, ""errors"": [], ""checked_instructions"": 1947, ""bindings"": 3, ""semantic_equivalence"": ""not checked at large width""}"
previous,equatorial_frames_24_symbolic,static: each control-flow region counted once,168,flat circuit,,3.011139,"[3.687912, 3.112084, 3.011139, 2.982068, 2.953011]",equatorial_frames,95410,1731,015689d3fa1e90f687a17c27c6a6e4b1e0f3a5fc91549d65e97d72aed9a66eae,61908,symbolic,96,96,72,168,0,0,"{""r"": 96, ""cz"": 72}",synthetic,2.693537,"[2.905075, 2.602913, 2.643985, 3.342789, 2.693537]",122.1796875,24,463,exported,7.874994,"[7.947411, 7.923747, 7.861618, 7.874994, 7.87061]",iqm_r_cz,72,"{""kind"": ""native_contract_only"", ""passed"": true, ""errors"": [], ""checked_instructions"": 504, ""bindings"": 3, ""semantic_equivalence"": ""not checked at large width""}"
previous,equatorial_frames_24_symbolic,static: each control-flow region counted once,432,flat circuit,,3.823049,"[4.552734, 4.081722, 3.823049, 3.802232, 3.806537]",equatorial_frames,95410,1731,015689d3fa1e90f687a17c27c6a6e4b1e0f3a5fc91549d65e97d72aed9a66eae,73307,symbolic,360,144,72,432,216,0,"{""rz"": 216, ""rxpi2"": 144, ""cz"": 72}",synthetic,2.767186,"[2.911763, 2.661089, 2.663249, 3.346006, 2.767186]",122.5859375,24,366,exported,9.187355,"[9.281035, 9.239691, 9.187355, 9.170091, 9.169867]",rigetti_rx_cz,72,"{""kind"": ""native_contract_only"", ""passed"": true, ""errors"": [], ""checked_instructions"": 1296, ""bindings"": 3, ""semantic_equivalence"": ""not checked at large width""}"
previous,equatorial_frames_24_symbolic,static: each control-flow region counted once,433,flat circuit,,3.243845,"[3.961578, 3.337717, 3.243845, 3.222149, 3.205941]",equatorial_frames,95410,1731,015689d3fa1e90f687a17c27c6a6e4b1e0f3a5fc91549d65e97d72aed9a66eae,75297,symbolic,505,216,72,433,289,0,"{""rz"": 289, ""rx"": 216, ""rzz"": 72}",synthetic,2.862594,"[2.862594, 2.610577, 3.030804, 2.677489, 3.226677]",125.30859375,24,440,exported,10.23437,"[10.342307, 10.23437, 10.25693, 10.204721, 10.226354]",rxrz_rzz_unbounded,72,"{""kind"": ""native_contract_only"", ""passed"": true, ""errors"": [], ""checked_instructions"": 1731, ""bindings"": 3, ""semantic_equivalence"": ""not checked at large width""}"
previous,equatorial_frames_36_numeric,static: each control-flow region counted once,432,flat circuit,,2.106974,"[2.695217, 2.161918, 2.106974, 2.080845, 2.086461]",equatorial_frames,125310,2595,2ee1d92370426e0089c9c09325898f1b812b06c1456395df1b18f037c1c53fa2,58013,numeric,324,108,108,432,216,0,"{""rz"": 216, ""rx"": 108, ""cz"": 108}",synthetic,3.75548,"[3.75548, 3.486134, 4.165402, 3.907417, 3.508487]",121.4921875,36,112,exported,12.849474,"[12.947299, 12.914242, 12.849474, 12.841602, 12.828018]",ibm_fractional_bounded,108,"{""kind"": ""native_contract_only"", ""passed"": true, ""errors"": [], ""checked_instructions"": 432, ""bindings"": 1, ""semantic_equivalence"": ""not checked at large width""}"
previous,equatorial_frames_36_numeric,static: each control-flow region counted once,651,flat circuit,,3.810137,"[4.526493, 3.877016, 3.810137, 3.77036, 3.761528]",equatorial_frames,125310,2595,2ee1d92370426e0089c9c09325898f1b812b06c1456395df1b18f037c1c53fa2,98765,numeric,867,325,108,651,542,0,"{""rz"": 542, ""sx"": 325, ""cx"": 108}",synthetic,3.761352,"[3.761352, 3.472438, 4.188779, 3.877673, 3.585303]",123.1171875,36,329,exported,16.217383,"[16.26644, 16.274584, 16.217383, 16.204216, 16.193543]",ibm_sxz_cx,108,"{""kind"": ""native_contract_only"", ""passed"": true, ""errors"": [], ""checked_instructions"": 975, ""bindings"": 1, ""semantic_equivalence"": ""not checked at large width""}"
previous,equatorial_frames_36_numeric,static: each control-flow region counted once,648,flat circuit,,2.613424,"[3.272277, 2.702321, 2.613424, 2.597153, 2.580881]",equatorial_frames,125310,2595,2ee1d92370426e0089c9c09325898f1b812b06c1456395df1b18f037c1c53fa2,68627,numeric,540,216,108,648,324,0,"{""rz"": 324, ""sx"": 216, ""cz"": 108}",synthetic,3.863769,"[3.701544, 3.492054, 3.863769, 3.943529, 3.889305]",122.484375,36,113,exported,13.636039,"[13.725944, 13.636039, 13.651959, 13.585639, 13.612822]",ibm_sxz_cz,108,"{""kind"": ""native_contract_only"", ""passed"": true, ""errors"": [], ""checked_instructions"": 648, ""bindings"": 1, ""semantic_equivalence"": ""not checked at large width""}"
previous,equatorial_frames_36_numeric,static: each control-flow region counted once,650,flat circuit,,6.606298,"[6.960924, 7.968915, 6.606298, 6.458697, 6.353545]",equatorial_frames,125310,2595,2ee1d92370426e0089c9c09325898f1b812b06c1456395df1b18f037c1c53fa2,72281,numeric,758,325,108,650,433,0,"{""rz"": 433, ""gpi2"": 216, ""gpi"": 109, ""rzz"": 108}",synthetic,3.830088,"[3.737976, 3.469622, 3.971401, 4.014106, 3.830088]",128.15234375,36,122,exported,16.535898,"[16.622602, 16.535898, 16.519322, 16.537017, 16.472889]",ionq_fixed_r_zz,108,"{""kind"": ""native_contract_only"", ""passed"": true, ""errors"": [], ""checked_instructions"": 866, ""bindings"": 1, ""semantic_equivalence"": ""not checked at large width""}"
previous,equatorial_frames_36_numeric,static: each control-flow region counted once,252,flat circuit,,1.687467,"[2.278974, 1.760363, 1.687467, 1.662699, 1.652506]",equatorial_frames,125310,2595,2ee1d92370426e0089c9c09325898f1b812b06c1456395df1b18f037c1c53fa2,50212,numeric,144,144,108,252,0,0,"{""r"": 144, ""cz"": 108}",synthetic,3.667127,"[3.769368, 3.429078, 4.205771, 3.605287, 3.667127]",120.0625,36,151,exported,13.562903,"[13.656503, 13.58871, 13.562903, 13.535814, 13.545574]",iqm_r_cz,108,"{""kind"": ""native_contract_only"", ""passed"": true, ""errors"": [], ""checked_instructions"": 252, ""bindings"": 1, ""semantic_equivalence"": ""not checked at large width""}"
previous,equatorial_frames_36_numeric,static: each control-flow region counted once,648,flat circuit,,3.898201,"[4.75195, 4.075434, 3.898201, 3.895177, 3.8122]",equatorial_frames,125310,2595,2ee1d92370426e0089c9c09325898f1b812b06c1456395df1b18f037c1c53fa2,71291,numeric,540,216,108,648,324,0,"{""rz"": 324, ""rxpi2"": 216, ""cz"": 108}",synthetic,3.686743,"[3.686743, 3.527943, 3.799016, 4.172075, 3.518534]",122.2890625,36,114,exported,13.899273,"[14.037994, 13.907208, 13.895785, 13.899273, 13.879496]",rigetti_rx_cz,108,"{""kind"": ""native_contract_only"", ""passed"": true, ""errors"": [], ""checked_instructions"": 648, ""bindings"": 1, ""semantic_equivalence"": ""not checked at large width""}"
previous,equatorial_frames_36_numeric,static: each control-flow region counted once,435,flat circuit,,2.140445,"[2.723698, 2.177838, 2.140445, 2.096366, 2.083389]",equatorial_frames,125310,2595,2ee1d92370426e0089c9c09325898f1b812b06c1456395df1b18f037c1c53fa2,57289,numeric,543,217,108,435,326,0,"{""rz"": 326, ""rx"": 217, ""rzz"": 108}",synthetic,3.708663,"[3.708663, 3.509815, 3.85068, 4.087882, 3.582919]",121.796875,36,120,exported,14.713774,"[14.837502, 14.71267, 14.713774, 14.731934, 14.698062]",rxrz_rzz_unbounded,108,"{""kind"": ""native_contract_only"", ""passed"": true, ""errors"": [], ""checked_instructions"": 651, ""bindings"": 1, ""semantic_equivalence"": ""not checked at large width""}"
previous,equatorial_frames_36_symbolic,static: each control-flow region counted once,432,flat circuit,,3.954841,"[4.722223, 4.104842, 3.954841, 3.947145, 3.923289]",equatorial_frames,143886,2595,003809b829d696edc2c71561c9182f48c86a5465f84bf7a06dcc5fe716cedbcd,96960,symbolic,324,108,108,432,216,0,"{""rz"": 216, ""rx"": 108, ""cz"": 108}",synthetic,4.08265,"[3.974729, 4.08265, 4.092026, 4.121691, 3.745368]",123.30859375,36,545,exported,13.610487,"[13.658151, 13.568327, 13.610487, 13.672504, 13.573958]",ibm_fractional_bounded,108,"{""kind"": ""native_contract_only"", ""passed"": true, ""errors"": [], ""checked_instructions"": 1296, ""bindings"": 3, ""semantic_equivalence"": ""not checked at large width""}"
previous,equatorial_frames_36_symbolic,static: each control-flow region counted once,865,flat circuit,,6.201928,"[7.067869, 6.32348, 6.201928, 6.137943, 6.113607]",equatorial_frames,143886,2595,003809b829d696edc2c71561c9182f48c86a5465f84bf7a06dcc5fe716cedbcd,143467,symbolic,1081,432,108,865,649,0,"{""rz"": 649, ""sx"": 432, ""cx"": 108}",synthetic,3.941785,"[3.941785, 3.678455, 3.759592, 4.177163, 4.345756]",126.3046875,36,655,exported,16.271832,"[16.346296, 16.271832, 16.224728, 16.25676, 16.283784]",ibm_sxz_cx,108,"{""kind"": ""native_contract_only"", ""passed"": true, ""errors"": [], ""checked_instructions"": 3567, ""bindings"": 3, ""semantic_equivalence"": ""not checked at large width""}"
previous,equatorial_frames_36_symbolic,static: each control-flow region counted once,648,flat circuit,,4.476861,"[5.31253, 4.624701, 4.476861, 4.453084, 4.443629]",equatorial_frames,143886,2595,003809b829d696edc2c71561c9182f48c86a5465f84bf7a06dcc5fe716cedbcd,107961,symbolic,540,216,108,648,324,0,"{""rz"": 324, ""sx"": 216, ""cz"": 108}",synthetic,4.005833,"[4.299339, 4.111563, 4.005833, 3.849353, 3.737895]",125.4140625,36,545,exported,13.996905,"[14.10833, 14.033273, 13.975049, 13.996905, 13.946344]",ibm_sxz_cz,108,"{""kind"": ""native_contract_only"", ""passed"": true, ""errors"": [], ""checked_instructions"": 1944, ""bindings"": 3, ""semantic_equivalence"": ""not checked at large width""}"
previous,equatorial_frames_36_symbolic,static: each control-flow region counted once,757,flat circuit,,10.456979,"[12.571537, 10.631619, 10.321842, 10.238801, 10.456979]",equatorial_frames,143886,2595,003809b829d696edc2c71561c9182f48c86a5465f84bf7a06dcc5fe716cedbcd,123387,symbolic,865,432,108,757,433,0,"{""rz"": 433, ""gpi2"": 216, ""gpi"": 216, ""rzz"": 108}",synthetic,3.959929,"[3.959929, 3.743304, 4.06993, 4.384652, 3.736296]",135.21875,36,658,exported,16.933036,"[16.969628, 16.933036, 16.895099, 16.960652, 16.864539]",ionq_fixed_r_zz,108,"{""kind"": ""native_contract_only"", ""passed"": true, ""errors"": [], ""checked_instructions"": 2919, ""bindings"": 3, ""semantic_equivalence"": ""not checked at large width""}"
previous,equatorial_frames_36_symbolic,static: each control-flow region counted once,252,flat circuit,,4.465164,"[5.199937, 4.569438, 4.465164, 4.40646, 4.382428]",equatorial_frames,143886,2595,003809b829d696edc2c71561c9182f48c86a5465f84bf7a06dcc5fe716cedbcd,92950,symbolic,144,144,108,252,0,0,"{""r"": 144, ""cz"": 108}",synthetic,3.831912,"[4.341596, 3.712712, 4.241675, 3.831912, 3.704904]",123.16015625,36,691,exported,12.228494,"[12.247086, 12.228494, 12.251166, 12.222174, 12.220574]",iqm_r_cz,108,"{""kind"": ""native_contract_only"", ""passed"": true, ""errors"": [], ""checked_instructions"": 756, ""bindings"": 3, ""semantic_equivalence"": ""not checked at large width""}"
previous,equatorial_frames_36_symbolic,static: each control-flow region counted once,648,flat circuit,,5.771284,"[6.592698, 5.815317, 5.702789, 5.771284, 5.636292]",equatorial_frames,143886,2595,003809b829d696edc2c71561c9182f48c86a5465f84bf7a06dcc5fe716cedbcd,110195,symbolic,540,216,108,648,324,0,"{""rz"": 324, ""rxpi2"": 216, ""cz"": 108}",synthetic,3.968809,"[3.968809, 3.749016, 4.061594, 3.847929, 4.276139]",126.33984375,36,546,exported,14.141242,"[14.165306, 14.241675, 14.141242, 14.113994, 14.115162]",rigetti_rx_cz,108,"{""kind"": ""native_contract_only"", ""passed"": true, ""errors"": [], ""checked_instructions"": 1944, ""bindings"": 3, ""semantic_equivalence"": ""not checked at large width""}"
previous,equatorial_frames_36_symbolic,static: each control-flow region counted once,649,flat circuit,,4.850863,"[5.6453, 4.972816, 4.850863, 4.78491, 4.841583]",equatorial_frames,143886,2595,003809b829d696edc2c71561c9182f48c86a5465f84bf7a06dcc5fe716cedbcd,113548,symbolic,757,324,108,649,433,0,"{""rz"": 433, ""rx"": 324, ""rzz"": 108}",synthetic,3.7826,"[3.980393, 3.671336, 3.692647, 4.177995, 3.7826]",126.4609375,36,656,exported,15.748021,"[15.828677, 15.768933, 15.718644, 15.746436, 15.748021]",rxrz_rzz_unbounded,108,"{""kind"": ""native_contract_only"", ""passed"": true, ""errors"": [], ""checked_instructions"": 2595, ""bindings"": 3, ""semantic_equivalence"": ""not checked at large width""}"
previous,equatorial_frames_54_numeric,static: each control-flow region counted once,648,flat circuit,,3.224373,"[3.935416, 3.308069, 3.224373, 3.186452, 3.163364]",equatorial_frames,189070,3891,dc812866f4b7684adb699b9b4d52deaccd1e6bdac28269ec588e4d07b5b3b1b5,86554,numeric,486,162,162,648,324,0,"{""rz"": 324, ""rx"": 162, ""cz"": 162}",synthetic,5.051616,"[5.189745, 5.865365, 5.003104, 5.051616, 5.005839]",122.296875,54,167,exported,20.226016,"[20.367665, 20.226016, 20.144287, 20.243424, 20.101391]",ibm_fractional_bounded,162,"{""kind"": ""native_contract_only"", ""passed"": true, ""errors"": [], ""checked_instructions"": 648, ""bindings"": 1, ""semantic_equivalence"": ""not checked at large width""}"
previous,equatorial_frames_54_numeric,static: each control-flow region counted once,975,flat circuit,,5.786548,"[6.674714, 5.881749, 5.756469, 5.786548, 5.746389]",equatorial_frames,189070,3891,dc812866f4b7684adb699b9b4d52deaccd1e6bdac28269ec588e4d07b5b3b1b5,148606,numeric,1299,487,162,975,812,0,"{""rz"": 812, ""sx"": 487, ""cx"": 162}",synthetic,5.187505,"[5.187505, 5.279313, 5.544515, 5.044224, 5.011536]",124.11328125,54,491,exported,25.151407,"[25.224047, 25.21304, 25.07923, 25.046878, 25.151407]",ibm_sxz_cx,162,"{""kind"": ""native_contract_only"", ""passed"": true, ""errors"": [], ""checked_instructions"": 1461, ""bindings"": 1, ""semantic_equivalence"": ""not checked at large width""}"
previous,equatorial_frames_54_numeric,static: each control-flow region counted once,972,flat circuit,,4.003545,"[4.737086, 4.070186, 4.003545, 3.960185, 3.937609]",equatorial_frames,189070,3891,dc812866f4b7684adb699b9b4d52deaccd1e6bdac28269ec588e4d07b5b3b1b5,102494,numeric,810,324,162,972,486,0,"{""rz"": 486, ""sx"": 324, ""cz"": 162}",synthetic,5.104001,"[5.532147, 5.562915, 4.980239, 5.104001, 5.050928]",123.44140625,54,167,exported,21.26023,"[21.360743, 21.303223, 21.26023, 21.174358, 21.184054]",ibm_sxz_cz,162,"{""kind"": ""native_contract_only"", ""passed"": true, ""errors"": [], ""checked_instructions"": 972, ""bindings"": 1, ""semantic_equivalence"": ""not checked at large width""}"
previous,equatorial_frames_54_numeric,static: each control-flow region counted once,974,flat circuit,,9.771821,"[11.719146, 10.064816, 9.771821, 9.629453, 9.730094]",equatorial_frames,189070,3891,dc812866f4b7684adb699b9b4d52deaccd1e6bdac28269ec588e4d07b5b3b1b5,107956,numeric,1136,487,162,974,649,0,"{""rz"": 649, ""gpi2"": 324, ""gpi"": 163, ""rzz"": 162}",synthetic,5.164641,"[5.164641, 5.296097, 5.509619, 5.062224, 5.026416]",133.10546875,54,176,exported,25.558786,"[25.65445, 25.628242, 25.558786, 25.478065, 25.502801]",ionq_fixed_r_zz,162,"{""kind"": ""native_contract_only"", ""passed"": true, ""errors"": [], ""checked_instructions"": 1298, ""bindings"": 1, ""semantic_equivalence"": ""not checked at large width""}"
previous,equatorial_frames_54_numeric,static: each control-flow region counted once,378,flat circuit,,2.529728,"[3.254804, 2.616993, 2.529728, 2.508848, 2.490047]",equatorial_frames,189070,3891,dc812866f4b7684adb699b9b4d52deaccd1e6bdac28269ec588e4d07b5b3b1b5,74913,numeric,216,216,162,378,0,0,"{""r"": 216, ""cz"": 162}",synthetic,5.169953,"[5.169953, 5.234609, 5.536019, 5.033936, 4.98864]",122.7265625,54,223,exported,21.051238,"[21.183142, 21.051238, 21.025013, 21.059973, 21.030725]",iqm_r_cz,162,"{""kind"": ""native_contract_only"", ""passed"": true, ""errors"": [], ""checked_instructions"": 378, ""bindings"": 1, ""semantic_equivalence"": ""not checked at large width""}"
previous,equatorial_frames_54_numeric,static: each control-flow region counted once,972,flat circuit,,5.941782,"[6.686106, 5.971558, 5.789364, 5.941782, 5.759572]",equatorial_frames,189070,3891,dc812866f4b7684adb699b9b4d52deaccd1e6bdac28269ec588e4d07b5b3b1b5,106157,numeric,810,324,162,972,486,0,"{""rz"": 486, ""rxpi2"": 324, ""cz"": 162}",synthetic,5.152368,"[5.152368, 5.548147, 5.233249, 5.036336, 4.912223]",123.29296875,54,167,exported,21.629449,"[21.646377, 21.620088, 21.629449, 21.665161, 21.581496]",rigetti_rx_cz,162,"{""kind"": ""native_contract_only"", ""passed"": true, ""errors"": [], ""checked_instructions"": 972, ""bindings"": 1, ""semantic_equivalence"": ""not checked at large width""}"
previous,equatorial_frames_54_numeric,static: each control-flow region counted once,651,flat circuit,,3.187684,"[3.928585, 3.283173, 3.187684, 3.162372, 3.128308]",equatorial_frames,189070,3891,dc812866f4b7684adb699b9b4d52deaccd1e6bdac28269ec588e4d07b5b3b1b5,85253,numeric,813,325,162,651,488,0,"{""rz"": 488, ""rx"": 325, ""rzz"": 162}",synthetic,5.169361,"[5.169361, 5.286049, 5.562964, 5.111248, 5.0192]",123.23828125,54,174,exported,22.808385,"[22.969281, 22.814096, 22.740496, 22.808385, 22.804736]",rxrz_rzz_unbounded,162,"{""kind"": ""native_contract_only"", ""passed"": true, ""errors"": [], ""checked_instructions"": 975, ""bindings"": 1, ""semantic_equivalence"": ""not checked at large width""}"
previous,equatorial_frames_54_symbolic,static: each control-flow region counted once,648,flat circuit,,6.013798,"[6.958364, 6.168759, 6.013798, 5.930326, 5.844101]",equatorial_frames,217182,3891,0bf07086805c6121c6907527e5557b0fafae27353125de752e03cac13ec040a1,146116,symbolic,486,162,162,648,324,0,"{""rz"": 324, ""rx"": 162, ""cz"": 162}",synthetic,5.42453,"[5.843989, 5.738628, 5.42453, 5.361106, 5.307298]",126.2890625,54,815,exported,20.958981,"[21.042228, 21.037429, 20.958981, 20.94138, 20.930165]",ibm_fractional_bounded,162,"{""kind"": ""native_contract_only"", ""passed"": true, ""errors"": [], ""checked_instructions"": 1944, ""bindings"": 3, ""semantic_equivalence"": ""not checked at large width""}"
previous,equatorial_frames_54_symbolic,static: each control-flow region counted once,1297,flat circuit,,9.484699,"[10.390273, 9.825967, 9.484699, 9.438956, 9.390939]",equatorial_frames,217182,3891,0bf07086805c6121c6907527e5557b0fafae27353125de752e03cac13ec040a1,215881,symbolic,1621,648,162,1297,973,0,"{""rz"": 973, ""sx"": 648, ""cx"": 162}",synthetic,5.430354,"[5.461043, 6.10711, 5.277714, 5.430354, 5.320354]",128.7578125,54,979,exported,25.280384,"[25.300991, 25.257135, 25.280384, 25.349552, 25.255488]",ibm_sxz_cx,162,"{""kind"": ""native_contract_only"", ""passed"": true, ""errors"": [], ""checked_instructions"": 5349, ""bindings"": 3, ""semantic_equivalence"": ""not checked at large width""}"
previous,equatorial_frames_54_symbolic,static: each control-flow region counted once,972,flat circuit,,6.783323,"[7.883506, 6.937004, 6.783323, 6.61417, 6.670298]",equatorial_frames,217182,3891,0bf07086805c6121c6907527e5557b0fafae27353125de752e03cac13ec040a1,162797,symbolic,810,324,162,972,486,0,"{""rz"": 486, ""sx"": 324, ""cz"": 162}",synthetic,5.499635,"[5.499635, 6.037302, 5.269905, 5.518851, 5.300209]",126.7890625,54,816,exported,21.522712,"[21.577608, 21.489863, 21.568201, 21.522712, 21.495576]",ibm_sxz_cz,162,"{""kind"": ""native_contract_only"", ""passed"": true, ""errors"": [], ""checked_instructions"": 2916, ""bindings"": 3, ""semantic_equivalence"": ""not checked at large width""}"
previous,equatorial_frames_54_symbolic,static: each control-flow region counted once,1135,flat circuit,,16.158886,"[17.676048, 16.158886, 15.443473, 15.41773, 16.658281]",equatorial_frames,217182,3891,0bf07086805c6121c6907527e5557b0fafae27353125de752e03cac13ec040a1,185596,symbolic,1297,648,162,1135,649,0,"{""rz"": 649, ""gpi2"": 324, ""gpi"": 324, ""rzz"": 162}",synthetic,5.496755,"[5.496755, 5.821701, 5.628531, 5.391539, 5.303297]",144.3046875,54,982,exported,25.937188,"[25.937188, 26.015909, 25.905092, 25.97506, 25.909444]",ionq_fixed_r_zz,162,"{""kind"": ""native_contract_only"", ""passed"": true, ""errors"": [], ""checked_instructions"": 4377, ""bindings"": 3, ""semantic_equivalence"": ""not checked at large width""}"
previous,equatorial_frames_54_symbolic,static: each control-flow region counted once,378,flat circuit,,6.61257,"[7.466095, 6.765275, 6.61257, 6.518665, 6.506489]",equatorial_frames,217182,3891,0bf07086805c6121c6907527e5557b0fafae27353125de752e03cac13ec040a1,140225,symbolic,216,216,162,378,0,0,"{""r"": 216, ""cz"": 162}",synthetic,5.328961,"[5.850933, 5.729045, 5.260417, 5.328961, 5.289346]",126.23828125,54,1033,exported,19.119001,"[19.216185, 19.160345, 19.117817, 19.119001, 19.075112]",iqm_r_cz,162,"{""kind"": ""native_contract_only"", ""passed"": true, ""errors"": [], ""checked_instructions"": 1134, ""bindings"": 3, ""semantic_equivalence"": ""not checked at large width""}"
previous,equatorial_frames_54_symbolic,static: each control-flow region counted once,972,flat circuit,,8.530918,"[9.758254, 8.876584, 8.530918, 8.49495, 8.448213]",equatorial_frames,217182,3891,0bf07086805c6121c6907527e5557b0fafae27353125de752e03cac13ec040a1,165815,symbolic,810,324,162,972,486,0,"{""rz"": 486, ""rxpi2"": 324, ""cz"": 162}",synthetic,5.353746,"[5.48173, 6.104215, 5.302257, 5.353746, 5.281073]",127.4921875,54,816,exported,21.901562,"[21.951403, 21.901562, 21.931083, 21.844746, 21.739002]",rigetti_rx_cz,162,"{""kind"": ""native_contract_only"", ""passed"": true, ""errors"": [], ""checked_instructions"": 2916, ""bindings"": 3, ""semantic_equivalence"": ""not checked at large width""}"
previous,equatorial_frames_54_symbolic,static: each control-flow region counted once,973,flat circuit,,7.366702,"[8.156916, 7.408831, 7.366702, 7.214878, 7.180557]",equatorial_frames,217182,3891,0bf07086805c6121c6907527e5557b0fafae27353125de752e03cac13ec040a1,171005,symbolic,1135,486,162,973,649,0,"{""rz"": 649, ""rx"": 486, ""rzz"": 162}",synthetic,5.351042,"[5.484722, 6.105719, 5.291569, 5.351042, 5.322434]",128.30859375,54,980,exported,24.115176,"[24.250297, 24.106696, 24.171096, 24.069352, 24.115176]",rxrz_rzz_unbounded,162,"{""kind"": ""native_contract_only"", ""passed"": true, ""errors"": [], ""checked_instructions"": 3891, ""bindings"": 3, ""semantic_equivalence"": ""not checked at large width""}"
previous,pauli_layers_104_numeric,static: each control-flow region counted once,2499,flat circuit,,14.768653,"[16.095541, 15.001951, 14.747437, 14.6619, 14.768653]",pauli_layers,449227,7179,240d3d21bb97579ecfd17819ba3a505c718f3d6f014eae53f58ae3262956f0a8,383440,numeric,3747,1249,624,2499,2498,0,"{""rz"": 2498, ""rx"": 1249, ""rzz"": 624}",synthetic,10.787556,"[11.642729, 10.607683, 10.717476, 10.883076, 10.787556]",136.78125,104,946,exported,57.542811,"[57.595963, 57.449146, 57.542811, 57.319466, 57.629451]",ibm_fractional_bounded,624,"{""kind"": ""native_contract_only"", ""passed"": true, ""errors"": [], ""checked_instructions"": 4371, ""bindings"": 1, ""semantic_equivalence"": ""not checked at large width""}"
previous,pauli_layers_104_numeric,static: each control-flow region counted once,3162,flat circuit,,22.429117,"[23.140642, 22.538926, 22.053387, 22.429117, 22.139036]",pauli_layers,449227,7179,240d3d21bb97579ecfd17819ba3a505c718f3d6f014eae53f58ae3262956f0a8,519070,numeric,4726,1826,624,3162,2900,0,"{""sx"": 1777, ""rz"": 2900, ""cx"": 624, ""x"": 49}",synthetic,10.865508,"[11.675786, 10.634515, 10.652275, 10.901509, 10.865508]",137.83984375,104,1195,exported,61.381971,"[61.487491, 61.444163, 61.268082, 61.381971, 61.241362]",ibm_sxz_cx,624,"{""kind"": ""native_contract_only"", ""passed"": true, ""errors"": [], ""checked_instructions"": 5350, ""bindings"": 1, ""semantic_equivalence"": ""not checked at large width""}"
previous,pauli_layers_104_numeric,static: each control-flow region counted once,3640,flat circuit,,25.387696,"[26.491191, 25.387696, 25.980084, 25.366208, 25.257343]",pauli_layers,449227,7179,240d3d21bb97579ecfd17819ba3a505c718f3d6f014eae53f58ae3262956f0a8,577384,numeric,5724,2324,624,3640,3400,0,"{""sx"": 2246, ""rz"": 3400, ""x"": 78, ""cz"": 624}",synthetic,10.76898,"[11.708042, 10.76898, 10.720867, 10.712596, 10.816276]",140.375,104,1209,exported,64.412758,"[64.412758, 64.479527, 64.403686, 64.407094, 64.475527]",ibm_sxz_cz,624,"{""kind"": ""native_contract_only"", ""passed"": true, ""errors"": [], ""checked_instructions"": 6348, ""bindings"": 1, ""semantic_equivalence"": ""not checked at large width""}"
previous,pauli_layers_104_numeric,static: each control-flow region counted once,2499,flat circuit,,14.642221,"[15.918116, 14.879886, 14.637932, 14.642221, 14.596668]",pauli_layers,449227,7179,240d3d21bb97579ecfd17819ba3a505c718f3d6f014eae53f58ae3262956f0a8,376865,numeric,3747,1249,624,2499,2498,0,"{""rz"": 2498, ""rx"": 1249, ""rzz"": 624}",synthetic,10.807028,"[11.052822, 11.331159, 10.608771, 10.807028, 10.801556]",135.9140625,104,944,exported,52.561995,"[52.561995, 52.66062, 52.388315, 52.438731, 52.64198]",rxrz_rzz_unbounded,624,"{""kind"": ""native_contract_only"", ""passed"": true, ""errors"": [], ""checked_instructions"": 4371, ""bindings"": 1, ""semantic_equivalence"": ""not checked at large width""}"
previous,pauli_layers_104_symbolic,static: each control-flow region counted once,2499,flat circuit,,23.179362,"[23.637269, 23.224418, 22.991105, 22.915217, 23.179362]",pauli_layers,493205,7179,a50d7d4e188938e1de2a3bc96b4bbe6e500bbb84f1288c00574332870ad49b7a,482523,symbolic,3745,1248,624,2499,2497,0,"{""rz"": 2497, ""rx"": 1248, ""rzz"": 624}",synthetic,11.190279,"[11.631034, 11.11895, 11.145302, 11.190279, 11.192006]",146.06640625,104,2192,exported,72.564345,"[72.435688, 72.564345, 72.769258, 72.603017, 72.514761]",ibm_fractional_bounded,624,"{""kind"": ""native_contract_only"", ""passed"": true, ""errors"": [], ""checked_instructions"": 13107, ""bindings"": 3, ""semantic_equivalence"": ""not checked at large width""}"
previous,pauli_layers_104_symbolic,static: each control-flow region counted once,3434,flat circuit,,49.790793,"[51.013554, 49.24031, 49.295255, 49.984331, 49.790793]",pauli_layers,493205,7179,a50d7d4e188938e1de2a3bc96b4bbe6e500bbb84f1288c00574332870ad49b7a,750227,symbolic,3740,1455,624,3434,2285,0,"{""sx"": 1455, ""rz"": 2285, ""cx"": 624}",synthetic,11.11647,"[11.994428, 11.15311, 11.036678, 11.088534, 11.11647]",159.85546875,104,7180,exported,98.792991,"[98.982815, 98.757326, 99.028241, 98.792991, 98.68251]",ibm_sxz_cx,624,"{""kind"": ""native_contract_only"", ""passed"": true, ""errors"": [], ""checked_instructions"": 13092, ""bindings"": 3, ""semantic_equivalence"": ""not checked at large width""}"
previous,pauli_layers_104_symbolic,static: each control-flow region counted once,3123,flat circuit,,51.824263,"[52.479594, 51.33762, 51.828134, 51.824263, 51.430692]",pauli_layers,493205,7179,a50d7d4e188938e1de2a3bc96b4bbe6e500bbb84f1288c00574332870ad49b7a,836122,symbolic,4992,2184,624,3123,2808,0,"{""sx"": 2184, ""rz"": 2808, ""cz"": 624}",synthetic,11.142918,"[11.741386, 11.068166, 11.142918, 11.208759, 11.129766]",164.00390625,104,7495,exported,102.895193,"[102.365909, 102.965193, 102.855656, 102.918089, 102.895193]",ibm_sxz_cz,624,"{""kind"": ""native_contract_only"", ""passed"": true, ""errors"": [], ""checked_instructions"": 16848, ""bindings"": 3, ""semantic_equivalence"": ""not checked at large width""}"
previous,pauli_layers_104_symbolic,static: each control-flow region counted once,2499,flat circuit,,23.021121,"[23.950343, 23.028193, 23.001777, 22.964113, 23.021121]",pauli_layers,493205,7179,a50d7d4e188938e1de2a3bc96b4bbe6e500bbb84f1288c00574332870ad49b7a,480161,symbolic,3747,1249,624,2499,2498,0,"{""rz"": 2498, ""rx"": 1249, ""rzz"": 624}",synthetic,11.111222,"[11.74009, 11.091446, 11.009381, 11.111222, 11.120599]",146.08984375,104,2186,exported,56.469892,"[56.185571, 56.363283, 56.49562, 56.552805, 56.469892]",rxrz_rzz_unbounded,624,"{""kind"": ""native_contract_only"", ""passed"": true, ""errors"": [], ""checked_instructions"": 13113, ""bindings"": 3, ""semantic_equivalence"": ""not checked at large width""}"
previous,pauli_layers_156_numeric,static: each control-flow region counted once,3747,flat circuit,,22.868992,"[24.051927, 22.867439, 22.82472, 22.896752, 22.868992]",pauli_layers,677798,10767,905e91331e0fb8c12acba82ad71df36377f3e5b23533e35cef4844d66c076e54,576592,numeric,5619,1873,936,3747,3746,0,"{""rz"": 3746, ""rx"": 1873, ""rzz"": 936}",synthetic,16.400727,"[16.432423, 16.326839, 16.173126, 16.637736, 16.400727]",139.73828125,156,1414,exported,94.88618,"[94.88618, 94.78738, 94.906037, 94.974213, 94.820692]",ibm_fractional_bounded,936,"{""kind"": ""native_contract_only"", ""passed"": true, ""errors"": [], ""checked_instructions"": 6555, ""bindings"": 1, ""semantic_equivalence"": ""not checked at large width""}"
previous,pauli_layers_156_numeric,static: each control-flow region counted once,4747,flat circuit,,34.554538,"[36.091811, 34.37868, 34.541305, 34.554538, 34.616105]",pauli_layers,677798,10767,905e91331e0fb8c12acba82ad71df36377f3e5b23533e35cef4844d66c076e54,777276,numeric,7044,2715,936,4747,4329,0,"{""rz"": 4329, ""sx"": 2648, ""cx"": 936, ""x"": 67}",synthetic,16.472216,"[16.455127, 16.418583, 16.472216, 16.869738, 16.587896]",141.984375,156,1779,exported,101.602175,"[101.251516, 101.478398, 101.602175, 101.740527, 101.604814]",ibm_sxz_cx,936,"{""kind"": ""native_contract_only"", ""passed"": true, ""errors"": [], ""checked_instructions"": 7980, ""bindings"": 1, ""semantic_equivalence"": ""not checked at large width""}"
previous,pauli_layers_156_numeric,static: each control-flow region counted once,5457,flat circuit,,40.32675,"[41.61239, 40.080428, 40.335293, 40.32675, 40.224684]",pauli_layers,677798,10767,905e91331e0fb8c12acba82ad71df36377f3e5b23533e35cef4844d66c076e54,869431,numeric,8645,3519,936,5457,5126,0,"{""rz"": 5126, ""sx"": 3427, ""cz"": 936, ""x"": 92}",synthetic,16.502007,"[16.744314, 16.28159, 16.296886, 16.543624, 16.502007]",150.29296875,156,1778,exported,106.3099,"[106.210684, 106.3099, 106.358269, 106.395245, 105.898586]",ibm_sxz_cz,936,"{""kind"": ""native_contract_only"", ""passed"": true, ""errors"": [], ""checked_instructions"": 9581, ""bindings"": 1, ""semantic_equivalence"": ""not checked at large width""}"
previous,pauli_layers_156_numeric,static: each control-flow region counted once,3747,flat circuit,,22.818704,"[24.166184, 23.093906, 22.706686, 22.724239, 22.818704]",pauli_layers,677798,10767,905e91331e0fb8c12acba82ad71df36377f3e5b23533e35cef4844d66c076e54,567044,numeric,5619,1873,936,3747,3746,0,"{""rz"": 3746, ""rx"": 1873, ""rzz"": 936}",synthetic,16.603272,"[16.53388, 16.279782, 16.603272, 16.715225, 16.680409]",139.0625,156,1412,exported,87.552774,"[87.658791, 87.552774, 87.511638, 87.509542, 87.900648]",rxrz_rzz_unbounded,936,"{""kind"": ""native_contract_only"", ""passed"": true, ""errors"": [], ""checked_instructions"": 6555, ""bindings"": 1, ""semantic_equivalence"": ""not checked at large width""}"
previous,pauli_layers_156_symbolic,static: each control-flow region counted once,3747,flat circuit,,35.654944,"[37.011512, 35.530256, 35.654944, 35.839617, 35.407342]",pauli_layers,744365,10767,3fdf0b83917c0306e4ed62394122621c478767896d1a932370ebfbf2f52dfb5b,726091,symbolic,5617,1872,936,3747,3745,0,"{""rz"": 3745, ""rx"": 1872, ""rzz"": 936}",synthetic,17.044107,"[16.830201, 17.086908, 17.005291, 17.132587, 17.044107]",158.3125,156,3284,exported,117.874084,"[117.250656, 117.874084, 118.03567, 117.985493, 117.67186]",ibm_fractional_bounded,936,"{""kind"": ""native_contract_only"", ""passed"": true, ""errors"": [], ""checked_instructions"": 19659, ""bindings"": 3, ""semantic_equivalence"": ""not checked at large width""}"
previous,pauli_layers_156_symbolic,static: each control-flow region counted once,5150,flat circuit,,78.081739,"[78.081739, 77.800489, 78.349308, 78.179243, 77.950602]",pauli_layers,744365,10767,3fdf0b83917c0306e4ed62394122621c478767896d1a932370ebfbf2f52dfb5b,1137991,symbolic,5612,2183,936,5150,3429,0,"{""sx"": 2183, ""rz"": 3429, ""cx"": 936}",synthetic,16.989387,"[17.08406, 16.904586, 16.87385, 17.094571, 16.989387]",180.078125,156,10768,exported,157.58331,"[156.890058, 158.147425, 157.888096, 157.57043, 157.58331]",ibm_sxz_cx,936,"{""kind"": ""native_contract_only"", ""passed"": true, ""errors"": [], ""checked_instructions"": 19644, ""bindings"": 3, ""semantic_equivalence"": ""not checked at large width""}"
previous,pauli_layers_156_symbolic,static: each control-flow region counted once,4683,flat circuit,,81.970787,"[82.176548, 82.540151, 81.568448, 81.312047, 81.970787]",pauli_layers,744365,10767,3fdf0b83917c0306e4ed62394122621c478767896d1a932370ebfbf2f52dfb5b,1266703,symbolic,7488,3276,936,4683,4212,0,"{""sx"": 3276, ""rz"": 4212, ""cz"": 936}",synthetic,16.962539,"[17.594191, 16.747337, 16.862922, 16.962539, 17.011979]",191.171875,156,11239,exported,163.763525,"[162.757519, 163.992983, 163.444227, 163.875782, 163.763525]",ibm_sxz_cz,936,"{""kind"": ""native_contract_only"", ""passed"": true, ""errors"": [], ""checked_instructions"": 25272, ""bindings"": 3, ""semantic_equivalence"": ""not checked at large width""}"
previous,pauli_layers_156_symbolic,static: each control-flow region counted once,3747,flat circuit,,35.614592,"[36.551798, 35.508559, 35.550879, 35.6404, 35.614592]",pauli_layers,744365,10767,3fdf0b83917c0306e4ed62394122621c478767896d1a932370ebfbf2f52dfb5b,722793,symbolic,5619,1873,936,3747,3746,0,"{""rz"": 3746, ""rx"": 1873, ""rzz"": 936}",synthetic,16.880938,"[16.86865, 16.741898, 16.926154, 16.974923, 16.880938]",158.05078125,156,3278,exported,93.039593,"[92.424357, 93.218394, 93.022328, 93.039593, 93.224201]",rxrz_rzz_unbounded,936,"{""kind"": ""native_contract_only"", ""passed"": true, ""errors"": [], ""checked_instructions"": 19665, ""bindings"": 3, ""semantic_equivalence"": ""not checked at large width""}"
previous,pauli_layers_24_numeric,static: each control-flow region counted once,579,flat circuit,,3.182548,"[3.833336, 3.27239, 3.182548, 3.156948, 3.130181]",pauli_layers,100637,1659,b3ee3fbe412143c81b20f2779b6034de07493fbe3ab86b417f99b18d187fd46f,87852,numeric,867,289,144,579,578,0,"{""rz"": 578, ""rx"": 289, ""rzz"": 144}",synthetic,2.939235,"[2.939235, 2.825746, 3.609303, 2.977748, 2.844866]",122.35546875,24,226,exported,11.271065,"[11.374809, 11.287832, 11.249928, 11.271065, 11.267465]",ibm_fractional_bounded,144,"{""kind"": ""native_contract_only"", ""passed"": true, ""errors"": [], ""checked_instructions"": 1011, ""bindings"": 1, ""semantic_equivalence"": ""not checked at large width""}"
previous,pauli_layers_24_numeric,static: each control-flow region counted once,733,flat circuit,,4.498941,"[5.367427, 4.626238, 4.498941, 4.493053, 4.463836]",pauli_layers,100637,1659,b3ee3fbe412143c81b20f2779b6034de07493fbe3ab86b417f99b18d187fd46f,117614,numeric,1073,414,144,733,659,0,"{""sx"": 399, ""rz"": 659, ""x"": 15, ""cx"": 144}",synthetic,2.837682,"[2.953395, 2.758306, 2.776002, 2.928099, 2.837682]",122.97265625,24,293,exported,12.152351,"[12.212335, 12.140606, 12.151198, 12.192847, 12.152351]",ibm_sxz_cx,144,"{""kind"": ""native_contract_only"", ""passed"": true, ""errors"": [], ""checked_instructions"": 1217, ""bindings"": 1, ""semantic_equivalence"": ""not checked at large width""}"
previous,pauli_layers_24_numeric,static: each control-flow region counted once,831,flat circuit,,5.029552,"[5.82463, 5.135569, 4.992016, 5.021873, 5.029552]",pauli_layers,100637,1659,b3ee3fbe412143c81b20f2779b6034de07493fbe3ab86b417f99b18d187fd46f,129713,numeric,1300,532,144,831,768,0,"{""sx"": 520, ""rz"": 768, ""cz"": 144, ""x"": 12}",synthetic,2.829618,"[2.965779, 2.748353, 3.181349, 2.829618, 2.798258]",123.2265625,24,278,exported,12.663873,"[12.758162, 12.690049, 12.658498, 12.663873, 12.622946]",ibm_sxz_cz,144,"{""kind"": ""native_contract_only"", ""passed"": true, ""errors"": [], ""checked_instructions"": 1444, ""bindings"": 1, ""semantic_equivalence"": ""not checked at large width""}"
previous,pauli_layers_24_numeric,static: each control-flow region counted once,651,flat circuit,,7.799154,"[8.061076, 9.101051, 7.799154, 7.45096, 7.376336]",pauli_layers,100637,1659,b3ee3fbe412143c81b20f2779b6034de07493fbe3ab86b417f99b18d187fd46f,92664,numeric,939,361,144,651,578,0,"{""rz"": 578, ""gpi2"": 361, ""rzz"": 144}",synthetic,2.930243,"[2.930243, 2.814418, 3.103188, 3.351382, 2.80413]",130.86328125,24,221,exported,11.403561,"[11.443322, 11.396506, 11.404074, 11.403561, 11.390793]",ionq_fixed_r_zz,144,"{""kind"": ""native_contract_only"", ""passed"": true, ""errors"": [], ""checked_instructions"": 1083, ""bindings"": 1, ""semantic_equivalence"": ""not checked at large width""}"
previous,pauli_layers_24_numeric,static: each control-flow region counted once,291,flat circuit,,2.805314,"[3.439142, 2.905987, 2.805314, 2.780802, 2.759841]",pauli_layers,100637,1659,b3ee3fbe412143c81b20f2779b6034de07493fbe3ab86b417f99b18d187fd46f,84641,numeric,318,318,144,291,0,0,"{""r"": 318, ""cz"": 144}",synthetic,2.946579,"[3.062516, 2.754482, 3.540487, 2.946579, 2.800338]",121.91015625,24,406,exported,13.588839,"[13.696808, 13.588839, 13.590583, 13.564776, 13.561528]",iqm_r_cz,144,"{""kind"": ""native_contract_only"", ""passed"": true, ""errors"": [], ""checked_instructions"": 462, ""bindings"": 1, ""semantic_equivalence"": ""not checked at large width""}"
previous,pauli_layers_24_numeric,static: each control-flow region counted once,842,flat circuit,,8.486582,"[9.150027, 8.30271, 8.189253, 9.776911, 8.486582]",pauli_layers,100637,1659,b3ee3fbe412143c81b20f2779b6034de07493fbe3ab86b417f99b18d187fd46f,139642,numeric,1346,552,144,842,794,0,"{""rxpi2"": 535, ""rz"": 794, ""cz"": 144, ""rxpi"": 17}",synthetic,2.979187,"[2.979187, 2.770738, 3.190772, 2.842995, 3.326853]",124.125,24,301,exported,13.768313,"[13.846633, 13.770057, 13.750296, 13.768313, 13.710312]",rigetti_rx_cz,144,"{""kind"": ""native_contract_only"", ""passed"": true, ""errors"": [], ""checked_instructions"": 1490, ""bindings"": 1, ""semantic_equivalence"": ""not checked at large width""}"
previous,pauli_layers_24_numeric,static: each control-flow region counted once,579,flat circuit,,3.156437,"[3.793528, 3.233733, 3.156437, 3.143028, 3.133444]",pauli_layers,100637,1659,b3ee3fbe412143c81b20f2779b6034de07493fbe3ab86b417f99b18d187fd46f,85976,numeric,867,289,144,579,578,0,"{""rz"": 578, ""rx"": 289, ""rzz"": 144}",synthetic,2.831698,"[3.034995, 2.778706, 2.76085, 3.496199, 2.831698]",122.97265625,24,224,exported,10.342595,"[10.400564, 10.364099, 10.342595, 10.33149, 10.338082]",rxrz_rzz_unbounded,144,"{""kind"": ""native_contract_only"", ""passed"": true, ""errors"": [], ""checked_instructions"": 1011, ""bindings"": 1, ""semantic_equivalence"": ""not checked at large width""}"
previous,pauli_layers_24_symbolic,static: each control-flow region counted once,579,flat circuit,,4.730095,"[5.364355, 4.843071, 4.720894, 4.730095, 4.652798]",pauli_layers,110246,1659,5a645838571b562e2816e9a8f68f54772b5c3567c7d9abbfc5110c9b748a1424,110410,symbolic,865,288,144,579,577,0,"{""rz"": 577, ""rx"": 288, ""rzz"": 144}",synthetic,3.111956,"[3.111956, 2.869955, 2.949395, 3.305237, 3.470102]",125.88671875,24,512,exported,14.652015,"[14.693727, 14.697743, 14.584558, 14.652015, 14.614478]",ibm_fractional_bounded,144,"{""kind"": ""native_contract_only"", ""passed"": true, ""errors"": [], ""checked_instructions"": 3027, ""bindings"": 3, ""semantic_equivalence"": ""not checked at large width""}"
previous,pauli_layers_24_symbolic,static: each control-flow region counted once,794,flat circuit,,9.843343,"[10.773221, 10.133634, 9.843343, 9.726575, 9.692862]",pauli_layers,110246,1659,5a645838571b562e2816e9a8f68f54772b5c3567c7d9abbfc5110c9b748a1424,170626,symbolic,860,335,144,794,525,0,"{""sx"": 335, ""rz"": 525, ""cx"": 144}",synthetic,3.089588,"[3.089588, 2.918642, 3.251766, 2.93621, 3.366486]",127.85546875,24,1660,exported,19.498797,"[19.556909, 19.52011, 19.498797, 19.451822, 19.493934]",ibm_sxz_cx,144,"{""kind"": ""native_contract_only"", ""passed"": true, ""errors"": [], ""checked_instructions"": 3012, ""bindings"": 3, ""semantic_equivalence"": ""not checked at large width""}"
previous,pauli_layers_24_symbolic,static: each control-flow region counted once,723,flat circuit,,10.195841,"[11.0794, 10.195841, 10.011041, 10.28589, 10.171474]",pauli_layers,110246,1659,5a645838571b562e2816e9a8f68f54772b5c3567c7d9abbfc5110c9b748a1424,189947,symbolic,1152,504,144,723,648,0,"{""sx"": 504, ""rz"": 648, ""cz"": 144}",synthetic,3.096516,"[3.096516, 2.841938, 2.947139, 3.272773, 3.496791]",129.09375,24,1735,exported,20.5333,"[20.649717, 20.490276, 20.547477, 20.515348, 20.5333]",ibm_sxz_cz,144,"{""kind"": ""native_contract_only"", ""passed"": true, ""errors"": [], ""checked_instructions"": 3888, ""bindings"": 3, ""semantic_equivalence"": ""not checked at large width""}"
previous,pauli_layers_24_symbolic,static: each control-flow region counted once,651,flat circuit,,10.939575,"[11.15628, 12.472432, 10.939575, 10.594068, 10.608516]",pauli_layers,110246,1659,5a645838571b562e2816e9a8f68f54772b5c3567c7d9abbfc5110c9b748a1424,131078,symbolic,939,361,144,651,578,0,"{""gpi2"": 361, ""rz"": 578, ""rzz"": 144}",synthetic,3.218325,"[3.113125, 3.239509, 3.247812, 3.218325, 2.911011]",135.20703125,24,868,exported,13.067349,"[13.079076, 13.095829, 13.067349, 13.061589, 13.056196]",ionq_fixed_r_zz,144,"{""kind"": ""native_contract_only"", ""passed"": true, ""errors"": [], ""checked_instructions"": 3249, ""bindings"": 3, ""semantic_equivalence"": ""not checked at large width""}"
previous,pauli_layers_24_symbolic,static: each control-flow region counted once,363,flat circuit,,3.420182,"[4.170715, 3.554631, 3.420182, 3.414518, 3.386902]",pauli_layers,110246,1659,5a645838571b562e2816e9a8f68f54772b5c3567c7d9abbfc5110c9b748a1424,89887,symbolic,384,384,144,363,0,0,"{""r"": 384, ""cz"": 144}",synthetic,3.13034,"[3.13034, 2.824498, 2.897859, 3.571719, 3.224165]",122.46875,24,169,exported,14.152395,"[14.200923, 14.188107, 14.100987, 14.133148, 14.152395]",iqm_r_cz,144,"{""kind"": ""native_contract_only"", ""passed"": true, ""errors"": [], ""checked_instructions"": 1584, ""bindings"": 3, ""semantic_equivalence"": ""not checked at large width""}"
previous,pauli_layers_24_symbolic,static: each control-flow region counted once,723,flat circuit,,13.356918,"[13.842793, 12.991876, 13.136724, 15.20797, 13.356918]",pauli_layers,110246,1659,5a645838571b562e2816e9a8f68f54772b5c3567c7d9abbfc5110c9b748a1424,194428,symbolic,1152,504,144,723,648,0,"{""rxpi2"": 504, ""rz"": 648, ""cz"": 144}",synthetic,3.177125,"[3.177125, 2.912499, 2.89301, 3.599159, 3.232629]",129.1640625,24,1735,exported,21.061448,"[21.115992, 21.055096, 21.061448, 21.218073, 21.019912]",rigetti_rx_cz,144,"{""kind"": ""native_contract_only"", ""passed"": true, ""errors"": [], ""checked_instructions"": 3888, ""bindings"": 3, ""semantic_equivalence"": ""not checked at large width""}"
previous,pauli_layers_24_symbolic,static: each control-flow region counted once,579,flat circuit,,4.732542,"[5.39685, 4.802591, 4.697039, 4.732542, 4.65059]",pauli_layers,110246,1659,5a645838571b562e2816e9a8f68f54772b5c3567c7d9abbfc5110c9b748a1424,109490,symbolic,867,289,144,579,578,0,"{""rz"": 578, ""rx"": 289, ""rzz"": 144}",synthetic,3.160628,"[3.160628, 2.882675, 2.907011, 3.596375, 3.20594]",126.1171875,24,506,exported,11.141288,"[11.275977, 11.185272, 11.141288, 11.140696, 11.133767]",rxrz_rzz_unbounded,144,"{""kind"": ""native_contract_only"", ""passed"": true, ""errors"": [], ""checked_instructions"": 3033, ""bindings"": 3, ""semantic_equivalence"": ""not checked at large width""}"
previous,pauli_layers_36_numeric,static: each control-flow region counted once,867,flat circuit,,4.805054,"[5.532771, 4.876752, 4.805054, 4.744783, 4.766318]",pauli_layers,152234,2487,d943cb4b5413fddd1c099521ad0384268d3e8d081560c2a18eb3b13f4092d0a0,131668,numeric,1299,433,216,867,866,0,"{""rz"": 866, ""rx"": 433, ""rzz"": 216}",synthetic,4.060794,"[4.141099, 4.652638, 3.963545, 4.060794, 3.955625]",124.33203125,36,334,exported,17.33451,"[17.388783, 17.365791, 17.33451, 17.311839, 17.288014]",ibm_fractional_bounded,216,"{""kind"": ""native_contract_only"", ""passed"": true, ""errors"": [], ""checked_instructions"": 1515, ""bindings"": 1, ""semantic_equivalence"": ""not checked at large width""}"
previous,pauli_layers_36_numeric,static: each control-flow region counted once,1118,flat circuit,,7.019484,"[7.995507, 7.153885, 6.987661, 7.011501, 7.019484]",pauli_layers,152234,2487,d943cb4b5413fddd1c099521ad0384268d3e8d081560c2a18eb3b13f4092d0a0,182287,numeric,1678,650,216,1118,1028,0,"{""sx"": 631, ""rz"": 1028, ""cx"": 216, ""x"": 19}",synthetic,4.155866,"[4.087946, 4.29566, 4.407228, 4.155866, 3.964729]",124.59765625,36,461,exported,18.53231,"[18.634823, 18.53231, 18.50671, 18.605494, 18.49183]",ibm_sxz_cx,216,"{""kind"": ""native_contract_only"", ""passed"": true, ""errors"": [], ""checked_instructions"": 1894, ""bindings"": 1, ""semantic_equivalence"": ""not checked at large width""}"
previous,pauli_layers_36_numeric,static: each control-flow region counted once,1269,flat circuit,,8.105076,"[9.223579, 8.301461, 8.105076, 8.078899, 8.103156]",pauli_layers,152234,2487,d943cb4b5413fddd1c099521ad0384268d3e8d081560c2a18eb3b13f4092d0a0,202877,numeric,2033,829,216,1269,1204,0,"{""rz"": 1204, ""sx"": 805, ""cz"": 216, ""x"": 24}",synthetic,4.108154,"[4.108154, 3.856985, 4.371084, 4.560269, 3.953689]",129.4765625,36,466,exported,19.809406,"[19.809406, 19.660925, 20.104912, 19.868734, 19.76083]",ibm_sxz_cz,216,"{""kind"": ""native_contract_only"", ""passed"": true, ""errors"": [], ""checked_instructions"": 2249, ""bindings"": 1, ""semantic_equivalence"": ""not checked at large width""}"
previous,pauli_layers_36_numeric,static: each control-flow region counted once,975,flat circuit,,11.29708,"[13.372229, 11.648875, 11.29708, 11.235911, 11.170872]",pauli_layers,152234,2487,d943cb4b5413fddd1c099521ad0384268d3e8d081560c2a18eb3b13f4092d0a0,139330,numeric,1407,541,216,975,866,0,"{""gpi2"": 541, ""rz"": 866, ""rzz"": 216}",synthetic,4.093418,"[4.093418, 3.893625, 4.213547, 4.537917, 3.993546]",133.546875,36,329,exported,17.369487,"[17.429119, 17.375742, 17.369487, 17.346719, 17.261358]",ionq_fixed_r_zz,216,"{""kind"": ""native_contract_only"", ""passed"": true, ""errors"": [], ""checked_instructions"": 1623, ""bindings"": 1, ""semantic_equivalence"": ""not checked at large width""}"
previous,pauli_layers_36_numeric,static: each control-flow region counted once,441,flat circuit,,4.332956,"[5.19685, 4.502044, 4.3187, 4.332956, 4.331163]",pauli_layers,152234,2487,d943cb4b5413fddd1c099521ad0384268d3e8d081560c2a18eb3b13f4092d0a0,131617,numeric,479,479,216,441,0,0,"{""r"": 479, ""cz"": 216}",synthetic,4.083466,"[4.083466, 3.873657, 4.281403, 4.560909, 3.955353]",123.84375,36,689,exported,21.258488,"[21.462857, 21.258488, 21.255544, 21.237704, 21.322952]",iqm_r_cz,216,"{""kind"": ""native_contract_only"", ""passed"": true, ""errors"": [], ""checked_instructions"": 695, ""bindings"": 1, ""semantic_equivalence"": ""not checked at large width""}"
previous,pauli_layers_36_numeric,static: each control-flow region counted once,1267,flat circuit,,13.079988,"[13.730231, 14.455596, 13.079988, 12.87293, 12.732737]",pauli_layers,152234,2487,d943cb4b5413fddd1c099521ad0384268d3e8d081560c2a18eb3b13f4092d0a0,213108,numeric,2032,830,216,1267,1202,0,"{""rxpi2"": 810, ""rz"": 1202, ""cz"": 216, ""rxpi"": 20}",synthetic,4.122474,"[4.122474, 4.612925, 4.235547, 3.979178, 3.946473]",129.65625,36,493,exported,20.989926,"[21.190104, 21.11007, 20.987334, 20.989926, 20.956502]",rigetti_rx_cz,216,"{""kind"": ""native_contract_only"", ""passed"": true, ""errors"": [], ""checked_instructions"": 2248, ""bindings"": 1, ""semantic_equivalence"": ""not checked at large width""}"
previous,pauli_layers_36_numeric,static: each control-flow region counted once,867,flat circuit,,4.851727,"[5.569396, 4.926527, 4.851727, 4.845935, 4.804223]",pauli_layers,152234,2487,d943cb4b5413fddd1c099521ad0384268d3e8d081560c2a18eb3b13f4092d0a0,129106,numeric,1299,433,216,867,866,0,"{""rz"": 866, ""rx"": 433, ""rzz"": 216}",synthetic,4.06073,"[4.06073, 3.861641, 4.020954, 4.271451, 4.537501]",124.2890625,36,332,exported,15.754229,"[15.825237, 15.76066, 15.658851, 15.7265, 15.754229]",rxrz_rzz_unbounded,216,"{""kind"": ""native_contract_only"", ""passed"": true, ""errors"": [], ""checked_instructions"": 1515, ""bindings"": 1, ""semantic_equivalence"": ""not checked at large width""}"
previous,pauli_layers_36_symbolic,static: each control-flow region counted once,867,flat circuit,,7.224334,"[7.955363, 7.267774, 7.224334, 7.18251, 7.068077]",pauli_layers,166718,2487,62ba9b0f43804b419df42ad8e7a2deb3e3221e26faf17aead2019daa10bb1110,166114,symbolic,1297,432,216,867,865,0,"{""rz"": 865, ""rx"": 432, ""rzz"": 216}",synthetic,4.242859,"[4.242859, 4.063914, 4.418492, 4.609917, 4.104603]",127.40625,36,764,exported,22.110253,"[22.193533, 22.098509, 22.110253, 22.117901, 22.082797]",ibm_fractional_bounded,216,"{""kind"": ""native_contract_only"", ""passed"": true, ""errors"": [], ""checked_instructions"": 4539, ""bindings"": 3, ""semantic_equivalence"": ""not checked at large width""}"
previous,pauli_layers_36_symbolic,static: each control-flow region counted once,1190,flat circuit,,15.457634,"[15.832309, 15.457634, 15.68698, 15.268801, 15.149185]",pauli_layers,166718,2487,62ba9b0f43804b419df42ad8e7a2deb3e3221e26faf17aead2019daa10bb1110,257206,symbolic,1292,503,216,1190,789,0,"{""sx"": 503, ""rz"": 789, ""cx"": 216}",synthetic,4.278971,"[4.278971, 4.047322, 4.171403, 4.489884, 4.675262]",130.15625,36,2488,exported,30.096784,"[30.348225, 30.096784, 30.083776, 30.144256, 30.028384]",ibm_sxz_cx,216,"{""kind"": ""native_contract_only"", ""passed"": true, ""errors"": [], ""checked_instructions"": 4524, ""bindings"": 3, ""semantic_equivalence"": ""not checked at large width""}"
previous,pauli_layers_36_symbolic,static: each control-flow region counted once,1083,flat circuit,,15.70178,"[16.322504, 15.96167, 15.70178, 15.487651, 15.648196]",pauli_layers,166718,2487,62ba9b0f43804b419df42ad8e7a2deb3e3221e26faf17aead2019daa10bb1110,286064,symbolic,1728,756,216,1083,972,0,"{""sx"": 756, ""rz"": 972, ""cz"": 216}",synthetic,4.208939,"[4.642237, 4.497485, 4.208939, 4.11761, 4.074138]",131.8671875,36,2599,exported,31.431561,"[31.431561, 31.384136, 31.484361, 31.487817, 31.316023]",ibm_sxz_cz,216,"{""kind"": ""native_contract_only"", ""passed"": true, ""errors"": [], ""checked_instructions"": 5832, ""bindings"": 3, ""semantic_equivalence"": ""not checked at large width""}"
previous,pauli_layers_36_symbolic,static: each control-flow region counted once,975,flat circuit,,16.171911,"[18.349685, 16.515273, 16.171911, 16.012695, 16.115222]",pauli_layers,166718,2487,62ba9b0f43804b419df42ad8e7a2deb3e3221e26faf17aead2019daa10bb1110,197186,symbolic,1407,541,216,975,866,0,"{""gpi2"": 541, ""rz"": 866, ""rzz"": 216}",synthetic,4.412076,"[4.621917, 4.422221, 4.412076, 4.062954, 4.093034]",140.703125,36,1300,exported,19.967775,"[19.970847, 20.002928, 19.953856, 19.967775, 19.945167]",ionq_fixed_r_zz,216,"{""kind"": ""native_contract_only"", ""passed"": true, ""errors"": [], ""checked_instructions"": 4869, ""bindings"": 3, ""semantic_equivalence"": ""not checked at large width""}"
previous,pauli_layers_36_symbolic,static: each control-flow region counted once,543,flat circuit,,5.209729,"[5.993079, 5.341698, 5.209729, 5.203233, 5.130593]",pauli_layers,166718,2487,62ba9b0f43804b419df42ad8e7a2deb3e3221e26faf17aead2019daa10bb1110,134587,symbolic,576,576,216,543,0,0,"{""r"": 576, ""cz"": 216}",synthetic,4.35678,"[4.35678, 4.421996, 4.68459, 4.166138, 4.110347]",126.11328125,36,241,exported,21.543769,"[21.710698, 21.641882, 21.512921, 21.543769, 21.492969]",iqm_r_cz,216,"{""kind"": ""native_contract_only"", ""passed"": true, ""errors"": [], ""checked_instructions"": 2376, ""bindings"": 3, ""semantic_equivalence"": ""not checked at large width""}"
previous,pauli_layers_36_symbolic,static: each control-flow region counted once,1083,flat circuit,,20.041616,"[20.45429, 20.041616, 22.121357, 19.917311, 19.840655]",pauli_layers,166718,2487,62ba9b0f43804b419df42ad8e7a2deb3e3221e26faf17aead2019daa10bb1110,292540,symbolic,1728,756,216,1083,972,0,"{""rxpi2"": 756, ""rz"": 972, ""cz"": 216}",synthetic,4.201098,"[4.302587, 4.749967, 4.201098, 4.103866, 4.088634]",132.65625,36,2599,exported,32.500655,"[32.591184, 32.497599, 32.547615, 32.500655, 32.399406]",rigetti_rx_cz,216,"{""kind"": ""native_contract_only"", ""passed"": true, ""errors"": [], ""checked_instructions"": 5832, ""bindings"": 3, ""semantic_equivalence"": ""not checked at large width""}"
previous,pauli_layers_36_symbolic,static: each control-flow region counted once,867,flat circuit,,7.214318,"[8.030148, 7.336862, 7.214318, 7.16851, 7.154606]",pauli_layers,166718,2487,62ba9b0f43804b419df42ad8e7a2deb3e3221e26faf17aead2019daa10bb1110,164978,symbolic,1299,433,216,867,866,0,"{""rz"": 866, ""rx"": 433, ""rzz"": 216}",synthetic,4.28166,"[4.28166, 4.673357, 4.394508, 4.127563, 4.101226]",127.30859375,36,758,exported,16.822668,"[16.875164, 16.91822, 16.798075, 16.822668, 16.785563]",rxrz_rzz_unbounded,216,"{""kind"": ""native_contract_only"", ""passed"": true, ""errors"": [], ""checked_instructions"": 4545, ""bindings"": 3, ""semantic_equivalence"": ""not checked at large width""}"
previous,pauli_layers_54_numeric,static: each control-flow region counted once,1299,flat circuit,,7.22323,"[8.303732, 7.441327, 7.22323, 7.173709, 7.219966]",pauli_layers,229526,3729,99fac0fe767254821129571e4c009df2df56569ed7b6e2edba05c190ba22805d,197939,numeric,1947,649,324,1299,1298,0,"{""rz"": 1298, ""rx"": 649, ""rzz"": 324}",synthetic,5.66306,"[5.886277, 6.509705, 5.639252, 5.66306, 5.626771]",129.74609375,54,496,exported,26.888202,"[26.986219, 26.889274, 26.888202, 26.83817, 26.817754]",ibm_fractional_bounded,324,"{""kind"": ""native_contract_only"", ""passed"": true, ""errors"": [], ""checked_instructions"": 2271, ""bindings"": 1, ""semantic_equivalence"": ""not checked at large width""}"
previous,pauli_layers_54_numeric,static: each control-flow region counted once,1656,flat circuit,,10.896132,"[12.159133, 11.166087, 10.896132, 10.775797, 10.868868]",pauli_layers,229526,3729,99fac0fe767254821129571e4c009df2df56569ed7b6e2edba05c190ba22805d,271635,numeric,2482,959,324,1656,1523,0,"{""rz"": 1523, ""sx"": 929, ""cx"": 324, ""x"": 30}",synthetic,5.713605,"[5.846932, 6.522745, 5.666196, 5.680067, 5.713605]",131.58203125,54,672,exported,28.90071,"[29.002295, 28.90071, 28.9754, 28.79215, 28.894951]",ibm_sxz_cx,324,"{""kind"": ""native_contract_only"", ""passed"": true, ""errors"": [], ""checked_instructions"": 2806, ""bindings"": 1, ""semantic_equivalence"": ""not checked at large width""}"
previous,pauli_layers_54_numeric,static: each control-flow region counted once,1892,flat circuit,,12.23219,"[13.642822, 12.34667, 12.096205, 12.142124, 12.23219]",pauli_layers,229526,3729,99fac0fe767254821129571e4c009df2df56569ed7b6e2edba05c190ba22805d,301909,numeric,2991,1217,324,1892,1774,0,"{""rz"": 1774, ""sx"": 1191, ""cz"": 324, ""x"": 26}",synthetic,5.879829,"[5.879829, 5.950518, 6.125239, 5.653891, 5.637364]",132.34375,54,692,exported,30.319583,"[30.319583, 30.537713, 30.171999, 30.444384, 30.298224]",ibm_sxz_cz,324,"{""kind"": ""native_contract_only"", ""passed"": true, ""errors"": [], ""checked_instructions"": 3315, ""bindings"": 1, ""semantic_equivalence"": ""not checked at large width""}"
previous,pauli_layers_54_numeric,static: each control-flow region counted once,1461,flat circuit,,17.393166,"[19.306474, 17.393166, 16.899755, 17.748656, 17.031628]",pauli_layers,229526,3729,99fac0fe767254821129571e4c009df2df56569ed7b6e2edba05c190ba22805d,209613,numeric,2109,811,324,1461,1298,0,"{""gpi2"": 811, ""rz"": 1298, ""rzz"": 324}",synthetic,5.814197,"[5.814197, 6.098647, 6.349576, 5.771076, 5.722853]",144.3359375,54,491,exported,27.096428,"[27.126412, 27.096428, 27.188204, 27.001834, 27.091979]",ionq_fixed_r_zz,324,"{""kind"": ""native_contract_only"", ""passed"": true, ""errors"": [], ""checked_instructions"": 2433, ""bindings"": 1, ""semantic_equivalence"": ""not checked at large width""}"
previous,pauli_layers_54_numeric,static: each control-flow region counted once,657,flat circuit,,6.60537,"[7.853714, 6.780283, 6.60537, 6.556825, 6.593786]",pauli_layers,229526,3729,99fac0fe767254821129571e4c009df2df56569ed7b6e2edba05c190ba22805d,195857,numeric,727,727,324,657,0,0,"{""r"": 727, ""cz"": 324}",synthetic,5.68274,"[5.903158, 5.604787, 6.512761, 5.68274, 5.617748]",125.8046875,54,981,exported,33.133218,"[33.219922, 33.133218, 33.058593, 33.168529, 33.126049]",iqm_r_cz,324,"{""kind"": ""native_contract_only"", ""passed"": true, ""errors"": [], ""checked_instructions"": 1051, ""bindings"": 1, ""semantic_equivalence"": ""not checked at large width""}"
previous,pauli_layers_54_numeric,static: each control-flow region counted once,1893,flat circuit,,19.429131,"[21.832698, 19.690108, 19.21113, 19.197481, 19.429131]",pauli_layers,229526,3729,99fac0fe767254821129571e4c009df2df56569ed7b6e2edba05c190ba22805d,318221,numeric,3033,1233,324,1893,1800,0,"{""rxpi2"": 1207, ""rz"": 1800, ""cz"": 324, ""rxpi"": 26}",synthetic,5.787429,"[6.153159, 6.122822, 5.787429, 5.704692, 5.582724]",136.7265625,54,710,exported,32.64107,"[32.743135, 32.652686, 32.606447, 32.533166, 32.64107]",rigetti_rx_cz,324,"{""kind"": ""native_contract_only"", ""passed"": true, ""errors"": [], ""checked_instructions"": 3357, ""bindings"": 1, ""semantic_equivalence"": ""not checked at large width""}"
previous,pauli_layers_54_numeric,static: each control-flow region counted once,1299,flat circuit,,7.253614,"[8.370645, 7.427375, 7.253614, 7.143005, 7.244222]",pauli_layers,229526,3729,99fac0fe767254821129571e4c009df2df56569ed7b6e2edba05c190ba22805d,194336,numeric,1947,649,324,1299,1298,0,"{""rz"": 1298, ""rx"": 649, ""rzz"": 324}",synthetic,5.72682,"[5.840741, 6.602394, 5.650708, 5.72682, 5.651892]",129.71484375,54,494,exported,24.400634,"[24.615115, 24.400634, 24.381994, 24.429131, 24.396554]",rxrz_rzz_unbounded,324,"{""kind"": ""native_contract_only"", ""passed"": true, ""errors"": [], ""checked_instructions"": 2271, ""bindings"": 1, ""semantic_equivalence"": ""not checked at large width""}"
previous,pauli_layers_54_symbolic,static: each control-flow region counted once,1299,flat circuit,,11.238055,"[12.146765, 11.307975, 11.194583, 11.096502, 11.238055]",pauli_layers,252002,3729,22513b39c1cc9c03635c6298b1c315a46ffa0dc74c76a12d37c8a8e18003197f,249572,symbolic,1945,648,324,1299,1297,0,"{""rz"": 1297, ""rx"": 648, ""rzz"": 324}",synthetic,5.870661,"[6.37876, 5.804885, 6.436376, 5.870661, 5.862389]",138.41015625,54,1141,exported,34.329112,"[34.329112, 34.346233, 34.363273, 34.196808, 34.23476]",ibm_fractional_bounded,324,"{""kind"": ""native_contract_only"", ""passed"": true, ""errors"": [], ""checked_instructions"": 6807, ""bindings"": 3, ""semantic_equivalence"": ""not checked at large width""}"
previous,pauli_layers_54_symbolic,static: each control-flow region counted once,1784,flat circuit,,24.276138,"[24.758172, 24.276138, 24.46961, 24.217321, 24.239929]",pauli_layers,252002,3729,22513b39c1cc9c03635c6298b1c315a46ffa0dc74c76a12d37c8a8e18003197f,386626,symbolic,1940,755,324,1784,1185,0,"{""sx"": 755, ""rz"": 1185, ""cx"": 324}",synthetic,6.050487,"[6.050487, 6.624954, 5.879237, 6.242935, 5.958422]",142.828125,54,3730,exported,46.970265,"[47.022905, 46.970265, 47.067497, 46.797688, 46.920665]",ibm_sxz_cx,324,"{""kind"": ""native_contract_only"", ""passed"": true, ""errors"": [], ""checked_instructions"": 6792, ""bindings"": 3, ""semantic_equivalence"": ""not checked at large width""}"
previous,pauli_layers_54_symbolic,static: each control-flow region counted once,1623,flat circuit,,24.770172,"[25.363952, 24.911886, 24.770172, 24.620972, 24.628683]",pauli_layers,252002,3729,22513b39c1cc9c03635c6298b1c315a46ffa0dc74c76a12d37c8a8e18003197f,429760,symbolic,2592,1134,324,1623,1458,0,"{""sx"": 1134, ""rz"": 1458, ""cz"": 324}",synthetic,5.841317,"[5.930549, 6.69177, 5.813157, 5.841317, 5.769797]",144.7265625,54,3895,exported,49.049814,"[49.09655, 49.049814, 49.054022, 48.986678, 48.977781]",ibm_sxz_cz,324,"{""kind"": ""native_contract_only"", ""passed"": true, ""errors"": [], ""checked_instructions"": 8748, ""bindings"": 3, ""semantic_equivalence"": ""not checked at large width""}"
previous,pauli_layers_54_symbolic,static: each control-flow region counted once,1461,flat circuit,,24.914318,"[27.064411, 24.812541, 24.633435, 26.110501, 24.914318]",pauli_layers,252002,3729,22513b39c1cc9c03635c6298b1c315a46ffa0dc74c76a12d37c8a8e18003197f,296330,symbolic,2109,811,324,1461,1298,0,"{""gpi2"": 811, ""rz"": 1298, ""rzz"": 324}",synthetic,5.975941,"[5.975941, 5.867957, 6.205144, 6.411928, 5.892021]",158.91796875,54,1948,exported,30.937907,"[30.937907, 31.115028, 30.818307, 30.984468, 30.864323]",ionq_fixed_r_zz,324,"{""kind"": ""native_contract_only"", ""passed"": true, ""errors"": [], ""checked_instructions"": 7299, ""bindings"": 3, ""semantic_equivalence"": ""not checked at large width""}"
previous,pauli_layers_54_symbolic,static: each control-flow region counted once,813,flat circuit,,7.91109,"[8.764327, 8.061187, 7.91109, 7.822177, 7.82269]",pauli_layers,252002,3729,22513b39c1cc9c03635c6298b1c315a46ffa0dc74c76a12d37c8a8e18003197f,202329,symbolic,864,864,324,813,0,0,"{""r"": 864, ""cz"": 324}",synthetic,5.884886,"[6.3494, 6.380313, 5.837716, 5.884886, 5.835492]",127.1171875,54,349,exported,33.602596,"[33.602596, 33.552292, 33.777174, 33.504052, 33.661365]",iqm_r_cz,324,"{""kind"": ""native_contract_only"", ""passed"": true, ""errors"": [], ""checked_instructions"": 3564, ""bindings"": 3, ""semantic_equivalence"": ""not checked at large width""}"
previous,pauli_layers_54_symbolic,static: each control-flow region counted once,1623,flat circuit,,31.455815,"[31.455815, 32.906176, 31.495287, 31.107668, 31.161973]",pauli_layers,252002,3729,22513b39c1cc9c03635c6298b1c315a46ffa0dc74c76a12d37c8a8e18003197f,439258,symbolic,2592,1134,324,1623,1458,0,"{""rxpi2"": 1134, ""rz"": 1458, ""cz"": 324}",synthetic,5.965766,"[5.965766, 6.158455, 6.493033, 5.943845, 5.822053]",149.47265625,54,3895,exported,50.816017,"[50.850849, 50.943586, 50.796289, 50.816017, 50.739473]",rigetti_rx_cz,324,"{""kind"": ""native_contract_only"", ""passed"": true, ""errors"": [], ""checked_instructions"": 8748, ""bindings"": 3, ""semantic_equivalence"": ""not checked at large width""}"
previous,pauli_layers_54_symbolic,static: each control-flow region counted once,1299,flat circuit,,11.279863,"[12.154205, 11.359111, 11.126711, 11.053622, 11.279863]",pauli_layers,252002,3729,22513b39c1cc9c03635c6298b1c315a46ffa0dc74c76a12d37c8a8e18003197f,248192,symbolic,1947,649,324,1299,1298,0,"{""rz"": 1298, ""rx"": 649, ""rzz"": 324}",synthetic,6.054982,"[6.054982, 5.851749, 6.597946, 6.218103, 5.881861]",138.4296875,54,1136,exported,26.28047,"[26.373783, 26.28047, 26.237797, 26.310103, 26.219558]",rxrz_rzz_unbounded,324,"{""kind"": ""native_contract_only"", ""passed"": true, ""errors"": [], ""checked_instructions"": 6813, ""bindings"": 3, ""semantic_equivalence"": ""not checked at large width""}"
updated,core_bv_104,static: each control-flow region counted once,58,flat circuit,,2.089857,"[2.741975, 2.174867, 2.089857, 2.06837, 2.059857]",bv,163993,3614,2f87f82eadbe29dc7fdb661e49e8ad43141df5ae5c24fb5a9507c08f2aa745d5,56078,numeric,261,105,52,57,156,0,"{""x"": 1, ""rz"": 156, ""rx"": 104, ""cz"": 52, ""measure"": 103}",core,4.523287,"[4.45007, 4.53367, 4.523287, 4.222771, 4.578263]",123.46875,104,105,exported,13.643427,"[13.758405, 13.640132, 13.659236, 13.643427, 13.623748]",ibm_fractional_bounded,52,"{""kind"": ""native_contract_only"", ""passed"": true, ""errors"": [], ""checked_instructions"": 416, ""bindings"": 1, ""semantic_equivalence"": ""not checked at large width""}"
updated,core_bv_104,static: each control-flow region counted once,59,flat circuit,,2.202482,"[2.844056, 2.311428, 2.202482, 2.178819, 2.16405]",bv,163993,3614,2f87f82eadbe29dc7fdb661e49e8ad43141df5ae5c24fb5a9507c08f2aa745d5,58400,numeric,318,106,52,58,212,0,"{""rz"": 212, ""sx"": 106, ""cx"": 52, ""measure"": 103}",core,4.500918,"[4.429494, 4.525094, 4.550423, 4.500918, 4.204644]",122.7578125,104,105,exported,14.757486,"[14.788382, 14.757486, 14.760365, 14.648525, 14.655372]",ibm_sxz_cx,52,"{""kind"": ""native_contract_only"", ""passed"": true, ""errors"": [], ""checked_instructions"": 473, ""bindings"": 1, ""semantic_equivalence"": ""not checked at large width""}"
updated,core_bv_104,static: each control-flow region counted once,58,flat circuit,,2.045858,"[2.701927, 2.110578, 2.045858, 2.023073, 2.009313]",bv,163993,3614,2f87f82eadbe29dc7fdb661e49e8ad43141df5ae5c24fb5a9507c08f2aa745d5,55002,numeric,261,105,52,57,156,0,"{""x"": 1, ""rz"": 156, ""sx"": 104, ""cz"": 52, ""measure"": 103}",core,4.380453,"[4.380453, 4.134659, 4.492662, 4.827129, 4.222932]",122.81640625,104,105,exported,13.821317,"[13.89215, 13.821317, 13.802934, 13.777813, 13.832277]",ibm_sxz_cz,52,"{""kind"": ""native_contract_only"", ""passed"": true, ""errors"": [], ""checked_instructions"": 416, ""bindings"": 1, ""semantic_equivalence"": ""not checked at large width""}"
updated,core_bv_104,static: each control-flow region counted once,58,flat circuit,,1.798271,"[2.35506, 1.883424, 1.798271, 1.796767, 1.781183]",bv,163993,3614,2f87f82eadbe29dc7fdb661e49e8ad43141df5ae5c24fb5a9507c08f2aa745d5,49717,numeric,262,105,52,57,157,0,"{""rz"": 157, ""rx"": 105, ""rzz"": 52, ""measure"": 103}",core,4.52383,"[4.52383, 4.531479, 4.209588, 4.844025, 4.274292]",122.79296875,104,108,exported,14.851934,"[14.851934, 14.970559, 14.860798, 14.790029, 14.73339]",rxrz_rzz_unbounded,52,"{""kind"": ""native_contract_only"", ""passed"": true, ""errors"": [], ""checked_instructions"": 417, ""bindings"": 1, ""semantic_equivalence"": ""not checked at large width""}"
updated,core_bv_156,static: each control-flow region counted once,84,flat circuit,,3.13953,"[3.889936, 3.262538, 3.13953, 3.099081, 3.104298]",bv,248777,5434,38e2413836e6c5fdc49d5937fd6146ccdca0f49645301e6b446652a95ce33bbe,84002,numeric,391,157,78,83,234,0,"{""x"": 1, ""rz"": 234, ""rx"": 156, ""cz"": 78, ""measure"": 155}",core,6.150387,"[6.976586, 6.145842, 6.09333, 6.177138, 6.150387]",126.66796875,156,157,exported,23.536768,"[23.62917, 23.560321, 23.497136, 23.536768, 23.429616]",ibm_fractional_bounded,78,"{""kind"": ""native_contract_only"", ""passed"": true, ""errors"": [], ""checked_instructions"": 624, ""bindings"": 1, ""semantic_equivalence"": ""not checked at large width""}"
updated,core_bv_156,static: each control-flow region counted once,85,flat circuit,,3.321003,"[4.088881, 3.576158, 3.321003, 3.274027, 3.268746]",bv,248777,5434,38e2413836e6c5fdc49d5937fd6146ccdca0f49645301e6b446652a95ce33bbe,87548,numeric,474,158,78,84,316,0,"{""rz"": 316, ""sx"": 158, ""cx"": 78, ""measure"": 155}",core,6.129443,"[6.268403, 6.892377, 6.026689, 6.129443, 6.095698]",125.84375,156,158,exported,24.724603,"[24.833771, 24.733403, 24.724603, 24.69497, 24.619129]",ibm_sxz_cx,78,"{""kind"": ""native_contract_only"", ""passed"": true, ""errors"": [], ""checked_instructions"": 707, ""bindings"": 1, ""semantic_equivalence"": ""not checked at large width""}"
updated,core_bv_156,static: each control-flow region counted once,84,flat circuit,,3.112474,"[3.870368, 3.226826, 3.112474, 3.068041, 3.062441]",bv,248777,5434,38e2413836e6c5fdc49d5937fd6146ccdca0f49645301e6b446652a95ce33bbe,82531,numeric,391,157,78,83,234,0,"{""x"": 1, ""rz"": 234, ""sx"": 156, ""cz"": 78, ""measure"": 155}",core,6.170307,"[6.170307, 5.901312, 6.916745, 6.286099, 6.095618]",125.91796875,156,157,exported,23.622833,"[23.622833, 23.696178, 23.591521, 23.627329, 23.535553]",ibm_sxz_cz,78,"{""kind"": ""native_contract_only"", ""passed"": true, ""errors"": [], ""checked_instructions"": 624, ""bindings"": 1, ""semantic_equivalence"": ""not checked at large width""}"
updated,core_bv_156,static: each control-flow region counted once,84,flat circuit,,2.731062,"[3.420972, 2.846024, 2.731062, 2.708038, 2.709686]",bv,248777,5434,38e2413836e6c5fdc49d5937fd6146ccdca0f49645301e6b446652a95ce33bbe,74500,numeric,392,157,78,83,235,0,"{""rz"": 235, ""rx"": 157, ""rzz"": 78, ""measure"": 155}",core,6.329027,"[6.332179, 6.329027, 6.603046, 6.179731, 6.14013]",125.97265625,156,160,exported,24.829867,"[24.971116, 24.855771, 24.829867, 24.792571, 24.799163]",rxrz_rzz_unbounded,78,"{""kind"": ""native_contract_only"", ""passed"": true, ""errors"": [], ""checked_instructions"": 625, ""bindings"": 1, ""semantic_equivalence"": ""not checked at large width""}"
updated,core_bv_24,static: each control-flow region counted once,18,flat circuit,,0.534135,"[0.896812, 0.591561, 0.534135, 0.522007, 0.514152]",bv,36211,814,1e8859888f01df6f3601028324a859e1825aa42dd0ed3a855b9fae474684ac7e,13673,numeric,61,25,12,17,36,0,"{""x"": 1, ""rz"": 36, ""rx"": 24, ""cz"": 12, ""measure"": 23}",core,1.43114,"[1.627927, 1.483029, 1.402899, 1.40794, 1.43114]",119.9765625,24,25,exported,2.696165,"[2.776967, 2.739622, 2.696165, 2.668837, 2.672438]",ibm_fractional_bounded,12,"{""kind"": ""native_contract_only"", ""passed"": true, ""errors"": [], ""checked_instructions"": 96, ""bindings"": 1, ""semantic_equivalence"": ""not checked at large width""}"
updated,core_bv_24,static: each control-flow region counted once,19,flat circuit,,0.564183,"[0.96803, 0.608025, 0.564183, 0.558504, 0.550264]",bv,36211,814,1e8859888f01df6f3601028324a859e1825aa42dd0ed3a855b9fae474684ac7e,14231,numeric,78,26,12,18,52,0,"{""rz"": 52, ""sx"": 26, ""cx"": 12, ""measure"": 23}",core,1.45354,"[1.612631, 1.45354, 1.4049, 1.484677, 1.40954]",119.8515625,24,25,exported,2.942457,"[3.576866, 2.971081, 2.942457, 2.909769, 2.912505]",ibm_sxz_cx,12,"{""kind"": ""native_contract_only"", ""passed"": true, ""errors"": [], ""checked_instructions"": 113, ""bindings"": 1, ""semantic_equivalence"": ""not checked at large width""}"
updated,core_bv_24,static: each control-flow region counted once,18,flat circuit,,0.514664,"[0.893916, 0.564728, 0.514664, 0.508791, 0.504823]",bv,36211,814,1e8859888f01df6f3601028324a859e1825aa42dd0ed3a855b9fae474684ac7e,13237,numeric,61,25,12,17,36,0,"{""x"": 1, ""rz"": 36, ""sx"": 24, ""cz"": 12, ""measure"": 23}",core,1.44322,"[1.590727, 1.44322, 1.392563, 1.471413, 1.395972]",119.91015625,24,25,exported,2.72359,"[3.330286, 2.77263, 2.72359, 2.68367, 2.675701]",ibm_sxz_cz,12,"{""kind"": ""native_contract_only"", ""passed"": true, ""errors"": [], ""checked_instructions"": 96, ""bindings"": 1, ""semantic_equivalence"": ""not checked at large width""}"
updated,core_bv_24,static: each control-flow region counted once,18,flat circuit,,0.84766,"[1.158528, 0.84766, 0.801675, 0.916045, 0.786091]",bv,36211,814,1e8859888f01df6f3601028324a859e1825aa42dd0ed3a855b9fae474684ac7e,12676,numeric,63,25,12,17,38,0,"{""rz"": 38, ""gpi2"": 24, ""rzz"": 12, ""gpi"": 1, ""measure"": 23}",core,1.397732,"[1.612263, 1.40826, 1.385411, 1.397732, 1.383091]",120.07421875,24,29,exported,2.972505,"[3.119532, 2.972505, 3.512625, 2.961818, 2.941001]",ionq_fixed_r_zz,12,"{""kind"": ""native_contract_only"", ""passed"": true, ""errors"": [], ""checked_instructions"": 98, ""bindings"": 1, ""semantic_equivalence"": ""not checked at large width""}"
updated,core_bv_24,static: each control-flow region counted once,16,flat circuit,,0.444567,"[0.803676, 0.488582, 0.444567, 0.43567, 0.427398]",bv,36211,814,1e8859888f01df6f3601028324a859e1825aa42dd0ed3a855b9fae474684ac7e,11668,numeric,26,26,12,15,0,0,"{""r"": 26, ""cz"": 12, ""measure"": 23}",core,1.421396,"[1.592582, 1.421396, 1.41858, 1.402323, 1.811146]",119.88671875,24,28,exported,2.693894,"[2.725207, 3.368959, 2.687254, 2.693894, 2.684294]",iqm_r_cz,12,"{""kind"": ""native_contract_only"", ""passed"": true, ""errors"": [], ""checked_instructions"": 61, ""bindings"": 1, ""semantic_equivalence"": ""not checked at large width""}"
updated,core_bv_24,static: each control-flow region counted once,18,flat circuit,,0.756907,"[1.161568, 0.824443, 0.756907, 0.730858, 0.721866]",bv,36211,814,1e8859888f01df6f3601028324a859e1825aa42dd0ed3a855b9fae474684ac7e,13908,numeric,61,25,12,17,36,0,"{""rxpi"": 1, ""rz"": 36, ""rxpi2"": 24, ""cz"": 12, ""measure"": 23}",core,1.447124,"[1.590902, 1.447124, 1.411652, 1.393939, 1.781081]",120.0,24,25,exported,2.736886,"[3.083627, 2.780615, 2.736886, 2.728471, 2.719094]",rigetti_rx_cz,12,"{""kind"": ""native_contract_only"", ""passed"": true, ""errors"": [], ""checked_instructions"": 96, ""bindings"": 1, ""semantic_equivalence"": ""not checked at large width""}"
updated,core_bv_24,static: each control-flow region counted once,18,flat circuit,,0.482647,"[0.838444, 0.516215, 0.482647, 0.454998, 0.459607]",bv,36211,814,1e8859888f01df6f3601028324a859e1825aa42dd0ed3a855b9fae474684ac7e,12168,numeric,62,25,12,17,37,0,"{""rz"": 37, ""rx"": 25, ""rzz"": 12, ""measure"": 23}",core,1.41082,"[1.583046, 1.41082, 1.377555, 1.4273, 1.387524]",119.92578125,24,28,exported,2.968698,"[3.334255, 2.968698, 3.478993, 2.922105, 2.916329]",rxrz_rzz_unbounded,12,"{""kind"": ""native_contract_only"", ""passed"": true, ""errors"": [], ""checked_instructions"": 97, ""bindings"": 1, ""semantic_equivalence"": ""not checked at large width""}"
updated,core_bv_36,static: each control-flow region counted once,24,flat circuit,,0.763977,"[1.233248, 0.845835, 0.763977, 0.736202, 0.736793]",bv,55145,1234,1bfa7fac034ddab621396652290226fe562a9444fff85951d792c455ea24e891,19939,numeric,91,37,18,23,54,0,"{""x"": 1, ""rz"": 54, ""rx"": 36, ""cz"": 18, ""measure"": 35}",core,1.883544,"[2.118427, 1.883544, 1.911336, 1.812807, 1.821031]",120.19140625,36,37,exported,4.324631,"[5.139841, 4.994719, 4.324631, 4.244198, 4.190149]",ibm_fractional_bounded,18,"{""kind"": ""native_contract_only"", ""passed"": true, ""errors"": [], ""checked_instructions"": 144, ""bindings"": 1, ""semantic_equivalence"": ""not checked at large width""}"
updated,core_bv_36,static: each control-flow region counted once,25,flat circuit,,0.803866,"[1.265696, 0.865595, 0.803866, 0.792442, 0.78801]",bv,55145,1234,1bfa7fac034ddab621396652290226fe562a9444fff85951d792c455ea24e891,20845,numeric,114,38,18,24,76,0,"{""rz"": 76, ""sx"": 38, ""cx"": 18, ""measure"": 35}",core,1.794887,"[2.042442, 1.831591, 1.785591, 1.794887, 1.790534]",120.07421875,36,38,exported,4.447481,"[4.447481, 4.408072, 5.093968, 4.382744, 4.852014]",ibm_sxz_cx,18,"{""kind"": ""native_contract_only"", ""passed"": true, ""errors"": [], ""checked_instructions"": 167, ""bindings"": 1, ""semantic_equivalence"": ""not checked at large width""}"
updated,core_bv_36,static: each control-flow region counted once,24,flat circuit,,0.75529,"[1.174463, 0.813946, 0.75529, 0.731305, 0.723225]",bv,55145,1234,1bfa7fac034ddab621396652290226fe562a9444fff85951d792c455ea24e891,19428,numeric,91,37,18,23,54,0,"{""x"": 1, ""rz"": 54, ""sx"": 36, ""cz"": 18, ""measure"": 35}",core,1.837896,"[2.037386, 1.837896, 1.78407, 1.897544, 1.803575]",120.2421875,36,37,exported,4.184325,"[4.184325, 4.11786, 4.847341, 4.119044, 4.548409]",ibm_sxz_cz,18,"{""kind"": ""native_contract_only"", ""passed"": true, ""errors"": [], ""checked_instructions"": 144, ""bindings"": 1, ""semantic_equivalence"": ""not checked at large width""}"
updated,core_bv_36,static: each control-flow region counted once,24,flat circuit,,1.261024,"[1.640853, 1.261024, 1.332289, 1.122366, 1.113918]",bv,55145,1234,1bfa7fac034ddab621396652290226fe562a9444fff85951d792c455ea24e891,18293,numeric,93,37,18,23,56,0,"{""rz"": 56, ""gpi2"": 36, ""rzz"": 18, ""gpi"": 1, ""measure"": 35}",core,1.809015,"[2.049082, 1.850343, 1.803303, 1.808887, 1.809015]",122.56640625,36,41,exported,4.853869,"[5.115905, 4.545018, 5.234818, 4.533514, 4.853869]",ionq_fixed_r_zz,18,"{""kind"": ""native_contract_only"", ""passed"": true, ""errors"": [], ""checked_instructions"": 146, ""bindings"": 1, ""semantic_equivalence"": ""not checked at large width""}"
updated,core_bv_36,static: each control-flow region counted once,22,flat circuit,,0.637496,"[1.057661, 0.692217, 0.637496, 0.612664, 0.62668]",bv,55145,1234,1bfa7fac034ddab621396652290226fe562a9444fff85951d792c455ea24e891,16924,numeric,38,38,18,21,0,0,"{""r"": 38, ""cz"": 18, ""measure"": 35}",core,1.849672,"[2.06521, 1.849672, 1.808823, 1.871768, 1.809511]",120.203125,36,40,exported,4.083443,"[4.606282, 4.163045, 4.083443, 4.072276, 4.059684]",iqm_r_cz,18,"{""kind"": ""native_contract_only"", ""passed"": true, ""errors"": [], ""checked_instructions"": 91, ""bindings"": 1, ""semantic_equivalence"": ""not checked at large width""}"
updated,core_bv_36,static: each control-flow region counted once,24,flat circuit,,1.044781,"[1.486355, 1.11603, 1.044781, 1.018093, 1.000237]",bv,55145,1234,1bfa7fac034ddab621396652290226fe562a9444fff85951d792c455ea24e891,20174,numeric,91,37,18,23,54,0,"{""rxpi"": 1, ""rz"": 54, ""rxpi2"": 36, ""cz"": 18, ""measure"": 35}",core,1.860312,"[2.095867, 1.860312, 1.79999, 2.215005, 1.800502]",120.30078125,36,37,exported,4.155988,"[4.293062, 4.239254, 4.155988, 4.153893, 4.12146]",rigetti_rx_cz,18,"{""kind"": ""native_contract_only"", ""passed"": true, ""errors"": [], ""checked_instructions"": 144, ""bindings"": 1, ""semantic_equivalence"": ""not checked at large width""}"
updated,core_bv_36,static: each control-flow region counted once,24,flat circuit,,0.670088,"[1.092317, 0.729706, 0.670088, 0.644136, 0.646505]",bv,55145,1234,1bfa7fac034ddab621396652290226fe562a9444fff85951d792c455ea24e891,17692,numeric,92,37,18,23,55,0,"{""rz"": 55, ""rx"": 37, ""rzz"": 18, ""measure"": 35}",core,1.855399,"[2.085099, 1.855399, 1.803463, 2.259613, 1.826119]",120.2421875,36,40,exported,4.518793,"[4.518793, 4.95155, 4.429064, 4.931262, 4.408184]",rxrz_rzz_unbounded,18,"{""kind"": ""native_contract_only"", ""passed"": true, ""errors"": [], ""checked_instructions"": 145, ""bindings"": 1, ""semantic_equivalence"": ""not checked at large width""}"
updated,core_bv_54,static: each control-flow region counted once,33,flat circuit,,1.109293,"[1.614546, 1.160509, 1.109293, 1.091788, 1.076156]",bv,83691,1864,3a71e1e1581add67c5ab877b6faf9a8579bbbc0060246e54a221faff14bfd8fb,29464,numeric,136,55,27,32,81,0,"{""x"": 1, ""rz"": 81, ""rx"": 54, ""cz"": 27, ""measure"": 53}",core,2.442444,"[2.697966, 2.442075, 2.433356, 2.454027, 2.442444]",120.58203125,54,55,exported,6.368759,"[6.8035, 6.384984, 6.368759, 6.313383, 6.342087]",ibm_fractional_bounded,27,"{""kind"": ""native_contract_only"", ""passed"": true, ""errors"": [], ""checked_instructions"": 216, ""bindings"": 1, ""semantic_equivalence"": ""not checked at large width""}"
updated,core_bv_54,static: each control-flow region counted once,34,flat circuit,,1.168621,"[1.65101, 1.223454, 1.168621, 1.154605, 1.145997]",bv,83691,1864,3a71e1e1581add67c5ab877b6faf9a8579bbbc0060246e54a221faff14bfd8fb,30686,numeric,168,56,27,33,112,0,"{""rz"": 112, ""sx"": 56, ""cx"": 27, ""measure"": 53}",core,2.479547,"[2.665357, 2.46558, 2.416747, 2.553213, 2.479547]",120.51953125,54,55,exported,6.841468,"[7.578789, 6.841468, 6.847149, 6.796204, 6.80022]",ibm_sxz_cx,27,"{""kind"": ""native_contract_only"", ""passed"": true, ""errors"": [], ""checked_instructions"": 248, ""bindings"": 1, ""semantic_equivalence"": ""not checked at large width""}"
updated,core_bv_54,static: each control-flow region counted once,33,flat circuit,,1.083533,"[1.603938, 1.157581, 1.083533, 1.083244, 1.070076]",bv,83691,1864,3a71e1e1581add67c5ab877b6faf9a8579bbbc0060246e54a221faff14bfd8fb,28848,numeric,136,55,27,32,81,0,"{""x"": 1, ""rz"": 81, ""sx"": 54, ""cz"": 27, ""measure"": 53}",core,2.463563,"[2.642654, 2.442395, 2.440748, 2.463563, 2.563981]",120.64453125,54,56,exported,6.41868,"[7.344915, 6.446856, 6.371799, 6.41868, 6.39708]",ibm_sxz_cz,27,"{""kind"": ""native_contract_only"", ""passed"": true, ""errors"": [], ""checked_instructions"": 216, ""bindings"": 1, ""semantic_equivalence"": ""not checked at large width""}"
updated,core_bv_54,static: each control-flow region counted once,33,flat circuit,,1.659667,"[2.132152, 1.918357, 1.659667, 1.63925, 1.599186]",bv,83691,1864,3a71e1e1581add67c5ab877b6faf9a8579bbbc0060246e54a221faff14bfd8fb,26829,numeric,138,55,27,32,83,0,"{""rz"": 83, ""gpi2"": 54, ""rzz"": 27, ""gpi"": 1, ""measure"": 53}",core,2.449019,"[2.632045, 2.512348, 2.407563, 2.445756, 2.449019]",123.0234375,54,59,exported,6.923102,"[7.347203, 6.918189, 6.923102, 6.900141, 6.948045]",ionq_fixed_r_zz,27,"{""kind"": ""native_contract_only"", ""passed"": true, ""errors"": [], ""checked_instructions"": 218, ""bindings"": 1, ""semantic_equivalence"": ""not checked at large width""}"
updated,core_bv_54,static: each control-flow region counted once,31,flat circuit,,0.928666,"[1.360335, 0.991403, 0.928666, 0.906362, 0.893978]",bv,83691,1864,3a71e1e1581add67c5ab877b6faf9a8579bbbc0060246e54a221faff14bfd8fb,24974,numeric,56,56,27,30,0,0,"{""r"": 56, ""cz"": 27, ""measure"": 53}",core,2.459931,"[2.625901, 2.398539, 2.46582, 2.459931, 2.445532]",120.484375,54,58,exported,6.345911,"[7.405043, 6.370807, 6.345911, 6.313991, 6.307046]",iqm_r_cz,27,"{""kind"": ""native_contract_only"", ""passed"": true, ""errors"": [], ""checked_instructions"": 136, ""bindings"": 1, ""semantic_equivalence"": ""not checked at large width""}"
updated,core_bv_54,static: each control-flow region counted once,33,flat circuit,,1.567809,"[2.001959, 1.567809, 1.479409, 1.456784, 1.594178]",bv,83691,1864,3a71e1e1581add67c5ab877b6faf9a8579bbbc0060246e54a221faff14bfd8fb,29736,numeric,136,55,27,32,81,0,"{""rxpi"": 1, ""rz"": 81, ""rxpi2"": 54, ""cz"": 27, ""measure"": 53}",core,2.451612,"[2.632525, 2.421211, 2.404235, 2.451612, 2.5407]",120.5859375,54,56,exported,6.458488,"[7.170352, 6.795804, 6.458488, 6.401208, 6.394472]",rigetti_rx_cz,27,"{""kind"": ""native_contract_only"", ""passed"": true, ""errors"": [], ""checked_instructions"": 216, ""bindings"": 1, ""semantic_equivalence"": ""not checked at large width""}"
updated,core_bv_54,static: each control-flow region counted once,33,flat circuit,,0.986891,"[1.453136, 1.055788, 0.986891, 0.977707, 0.95281]",bv,83691,1864,3a71e1e1581add67c5ab877b6faf9a8579bbbc0060246e54a221faff14bfd8fb,26109,numeric,137,55,27,32,82,0,"{""rz"": 82, ""rx"": 55, ""rzz"": 27, ""measure"": 53}",core,2.450107,"[2.635117, 2.436539, 2.409019, 2.873633, 2.450107]",122.6953125,54,58,exported,6.751436,"[6.828173, 6.809532, 6.726843, 6.751436, 6.740875]",rxrz_rzz_unbounded,27,"{""kind"": ""native_contract_only"", ""passed"": true, ""errors"": [], ""checked_instructions"": 217, ""bindings"": 1, ""semantic_equivalence"": ""not checked at large width""}"
updated,core_ghz_104,static: each control-flow region counted once,313,flat circuit,,3.230188,"[3.898146, 3.301565, 3.230188, 3.196972, 3.180604]",ghz,99145,1865,82927e6907aeecfc4c3fa8bb5234c581d762cd6c227990c35bfb8e05b0ed64f4,84015,numeric,724,310,103,312,414,0,"{""rz"": 414, ""rx"": 310, ""rzz"": 103, ""measure"": 104}",core,2.896425,"[2.996314, 2.791512, 2.834409, 3.22118, 2.896425]",123.2578125,104,111,exported,14.367806,"[14.404061, 14.347165, 14.345421, 14.388845, 14.367806]",ibm_fractional_bounded,103,"{""kind"": ""native_contract_only"", ""passed"": true, ""errors"": [], ""checked_instructions"": 931, ""bindings"": 1, ""semantic_equivalence"": ""not checked at large width""}"
updated,core_ghz_104,static: each control-flow region counted once,107,flat circuit,,1.831809,"[2.446327, 1.965938, 1.831809, 1.808832, 1.802193]",ghz,99145,1865,82927e6907aeecfc4c3fa8bb5234c581d762cd6c227990c35bfb8e05b0ed64f4,54527,numeric,3,1,103,106,2,0,"{""rz"": 2, ""sx"": 1, ""cx"": 103, ""measure"": 104}",core,3.162173,"[3.162173, 3.094908, 3.092684, 3.877076, 3.224749]",122.66015625,104,106,exported,11.635898,"[12.283808, 11.729819, 11.635898, 11.623274, 11.561242]",ibm_sxz_cx,103,"{""kind"": ""native_contract_only"", ""passed"": true, ""errors"": [], ""checked_instructions"": 210, ""bindings"": 1, ""semantic_equivalence"": ""not checked at large width""}"
updated,core_ghz_104,static: each control-flow region counted once,313,flat circuit,,2.888138,"[3.581809, 2.984875, 2.888138, 2.856426, 2.852314]",ghz,99145,1865,82927e6907aeecfc4c3fa8bb5234c581d762cd6c227990c35bfb8e05b0ed64f4,76630,numeric,415,207,103,312,208,0,"{""rz"": 208, ""sx"": 207, ""cz"": 103, ""measure"": 104}",core,2.877338,"[2.949787, 2.843274, 2.766537, 3.245022, 2.877338]",122.80859375,104,107,exported,12.778612,"[12.865798, 12.88423, 12.774677, 12.757636, 12.778612]",ibm_sxz_cz,103,"{""kind"": ""native_contract_only"", ""passed"": true, ""errors"": [], ""checked_instructions"": 622, ""bindings"": 1, ""semantic_equivalence"": ""not checked at large width""}"
updated,core_ghz_104,static: each control-flow region counted once,313,flat circuit,,2.386085,"[3.055371, 2.457845, 2.386085, 2.381125, 2.366709]",ghz,99145,1865,82927e6907aeecfc4c3fa8bb5234c581d762cd6c227990c35bfb8e05b0ed64f4,65323,numeric,415,207,103,312,208,0,"{""rz"": 208, ""rx"": 207, ""rzz"": 103, ""measure"": 104}",core,3.002523,"[3.002523, 2.745688, 3.113131, 2.843577, 3.222364]",122.82421875,104,107,exported,12.393597,"[12.50411, 12.389645, 12.347468, 12.404685, 12.393597]",rxrz_rzz_unbounded,103,"{""kind"": ""native_contract_only"", ""passed"": true, ""errors"": [], ""checked_instructions"": 622, ""bindings"": 1, ""semantic_equivalence"": ""not checked at large width""}"
updated,core_ghz_156,static: each control-flow region counted once,469,flat circuit,,4.968361,"[5.82568, 5.056123, 4.968361, 4.914025, 4.910793]",ghz,150469,2801,a2956f90b4f44761b1b2ca8ea66492bb0e1d5f303d2fe7eec6943ddcc98467a2,126367,numeric,1088,466,155,468,622,0,"{""rz"": 622, ""rx"": 466, ""rzz"": 155, ""measure"": 156}",core,3.984065,"[4.084994, 3.901185, 3.87368, 4.824489, 3.984065]",126.63671875,156,163,exported,22.801966,"[22.859502, 22.802062, 22.801966, 22.798062, 22.676093]",ibm_fractional_bounded,155,"{""kind"": ""native_contract_only"", ""passed"": true, ""errors"": [], ""checked_instructions"": 1399, ""bindings"": 1, ""semantic_equivalence"": ""not checked at large width""}"
updated,core_ghz_156,static: each control-flow region counted once,159,flat circuit,,2.712071,"[3.412589, 2.818471, 2.712071, 2.696807, 2.659814]",ghz,150469,2801,a2956f90b4f44761b1b2ca8ea66492bb0e1d5f303d2fe7eec6943ddcc98467a2,81775,numeric,3,1,155,158,2,0,"{""rz"": 2, ""sx"": 1, ""cx"": 155, ""measure"": 156}",core,4.127875,"[4.127875, 4.248851, 3.917393, 4.343172, 3.982466]",122.66015625,156,158,exported,17.90607,"[17.936902, 17.828117, 17.943558, 17.90607, 17.799589]",ibm_sxz_cx,155,"{""kind"": ""native_contract_only"", ""passed"": true, ""errors"": [], ""checked_instructions"": 314, ""bindings"": 1, ""semantic_equivalence"": ""not checked at large width""}"
updated,core_ghz_156,static: each control-flow region counted once,469,flat circuit,,4.389604,"[5.209916, 4.508854, 4.389604, 4.350341, 4.387796]",ghz,150469,2801,a2956f90b4f44761b1b2ca8ea66492bb0e1d5f303d2fe7eec6943ddcc98467a2,115006,numeric,623,311,155,468,312,0,"{""rz"": 312, ""sx"": 311, ""cz"": 155, ""measure"": 156}",core,4.143651,"[4.143651, 4.286436, 3.964465, 4.455893, 4.039042]",125.76171875,156,159,exported,20.531579,"[20.6587, 20.526571, 20.535084, 20.531579, 20.488315]",ibm_sxz_cz,155,"{""kind"": ""native_contract_only"", ""passed"": true, ""errors"": [], ""checked_instructions"": 934, ""bindings"": 1, ""semantic_equivalence"": ""not checked at large width""}"
updated,core_ghz_156,static: each control-flow region counted once,469,flat circuit,,3.60395,"[4.328132, 3.707599, 3.60395, 3.582302, 3.573486]",ghz,150469,2801,a2956f90b4f44761b1b2ca8ea66492bb0e1d5f303d2fe7eec6943ddcc98467a2,98029,numeric,623,311,155,468,312,0,"{""rz"": 312, ""rx"": 311, ""rzz"": 155, ""measure"": 156}",core,4.063057,"[4.146979, 3.890641, 4.063057, 4.05413, 4.422485]",124.296875,156,159,exported,20.050103,"[20.344538, 20.050103, 20.064312, 19.991367, 20.034727]",rxrz_rzz_unbounded,155,"{""kind"": ""native_contract_only"", ""passed"": true, ""errors"": [], ""checked_instructions"": 934, ""bindings"": 1, ""semantic_equivalence"": ""not checked at large width""}"
updated,core_ghz_24,static: each control-flow region counted once,73,flat circuit,,1.681576,"[1.37562, 0.977167, 1.681576, 2.55159, 4.196174]",ghz,22241,425,0126a50ff345d83deae734493df23b170e8fe048ca4fe877a52a74e2d2e611c7,20103,numeric,164,70,23,72,94,0,"{""rz"": 94, ""rx"": 70, ""rzz"": 23, ""measure"": 24}",core,1.102976,"[1.342627, 1.178737, 1.10208, 1.098768, 1.102976]",119.89453125,24,31,exported,3.238416,"[3.238416, 3.14963, 3.723766, 3.156895, 3.402642]",ibm_fractional_bounded,23,"{""kind"": ""native_contract_only"", ""passed"": true, ""errors"": [], ""checked_instructions"": 211, ""bindings"": 1, ""semantic_equivalence"": ""not checked at large width""}"
updated,core_ghz_24,static: each control-flow region counted once,27,flat circuit,,0.474887,"[0.865085, 0.53988, 0.474887, 0.460615, 0.450086]",ghz,22241,425,0126a50ff345d83deae734493df23b170e8fe048ca4fe877a52a74e2d2e611c7,13203,numeric,3,1,23,26,2,0,"{""rz"": 2, ""sx"": 1, ""cx"": 23, ""measure"": 24}",core,1.12128,"[1.405205, 1.232386, 1.121152, 1.116977, 1.12128]",119.625,24,26,exported,2.405923,"[2.525557, 2.43986, 2.354691, 2.336514, 2.405923]",ibm_sxz_cx,23,"{""kind"": ""native_contract_only"", ""passed"": true, ""errors"": [], ""checked_instructions"": 50, ""bindings"": 1, ""semantic_equivalence"": ""not checked at large width""}"
updated,core_ghz_24,static: each control-flow region counted once,73,flat circuit,,0.834093,"[1.265347, 0.927693, 0.834093, 0.801355, 0.783484]",ghz,22241,425,0126a50ff345d83deae734493df23b170e8fe048ca4fe877a52a74e2d2e611c7,18086,numeric,95,47,23,72,48,0,"{""rz"": 48, ""sx"": 47, ""cz"": 23, ""measure"": 24}",core,1.120896,"[1.279987, 1.120896, 1.098768, 1.092528, 1.485398]",119.79296875,24,27,exported,2.749096,"[2.752313, 2.749096, 2.682904, 3.216848, 2.691015]",ibm_sxz_cz,23,"{""kind"": ""native_contract_only"", ""passed"": true, ""errors"": [], ""checked_instructions"": 142, ""bindings"": 1, ""semantic_equivalence"": ""not checked at large width""}"
updated,core_ghz_24,static: each control-flow region counted once,73,flat circuit,,1.20085,"[1.635896, 1.381412, 1.20085, 1.141233, 1.1348]",ghz,22241,425,0126a50ff345d83deae734493df23b170e8fe048ca4fe877a52a74e2d2e611c7,16108,numeric,95,47,23,72,48,0,"{""rz"": 48, ""gpi2"": 47, ""rzz"": 23, ""measure"": 24}",core,1.178753,"[1.391701, 1.22437, 1.178753, 1.142961, 1.112128]",122.25390625,24,28,exported,2.890859,"[3.015244, 2.890859, 3.557044, 2.869962, 2.845498]",ionq_fixed_r_zz,23,"{""kind"": ""native_contract_only"", ""passed"": true, ""errors"": [], ""checked_instructions"": 142, ""bindings"": 1, ""semantic_equivalence"": ""not checked at large width""}"
updated,core_ghz_24,static: each control-flow region counted once,48,flat circuit,,0.616329,"[1.007903, 0.672698, 0.616329, 0.589929, 0.596264]",ghz,22241,425,0126a50ff345d83deae734493df23b170e8fe048ca4fe877a52a74e2d2e611c7,15886,numeric,47,47,23,47,0,0,"{""r"": 47, ""cz"": 23, ""measure"": 24}",core,1.110968,"[1.325339, 1.129817, 1.110968, 1.087433, 1.081177]",119.796875,24,27,exported,2.709909,"[3.159465, 3.332554, 2.709909, 2.656981, 2.63607]",iqm_r_cz,23,"{""kind"": ""native_contract_only"", ""passed"": true, ""errors"": [], ""checked_instructions"": 94, ""bindings"": 1, ""semantic_equivalence"": ""not checked at large width""}"
updated,core_ghz_24,static: each control-flow region counted once,73,flat circuit,,1.0992,"[1.491622, 1.0992, 1.050608, 1.026287, 1.162993]",ghz,22241,425,0126a50ff345d83deae734493df23b170e8fe048ca4fe877a52a74e2d2e611c7,18856,numeric,95,47,23,72,48,0,"{""rz"": 48, ""rxpi2"": 47, ""cz"": 23, ""measure"": 24}",core,1.130017,"[1.371476, 1.257362, 1.128657, 1.130017, 1.120304]",119.98828125,24,26,exported,3.036748,"[3.036748, 3.423603, 2.824473, 3.11387, 2.806169]",rigetti_rx_cz,23,"{""kind"": ""native_contract_only"", ""passed"": true, ""errors"": [], ""checked_instructions"": 142, ""bindings"": 1, ""semantic_equivalence"": ""not checked at large width""}"
updated,core_ghz_24,static: each control-flow region counted once,73,flat circuit,,0.609673,"[1.046416, 0.70097, 0.609673, 0.585545, 0.573448]",ghz,22241,425,0126a50ff345d83deae734493df23b170e8fe048ca4fe877a52a74e2d2e611c7,15499,numeric,95,47,23,72,48,0,"{""rz"": 48, ""rx"": 47, ""rzz"": 23, ""measure"": 24}",core,1.151025,"[1.433589, 1.316515, 1.151025, 1.137649, 1.127024]",119.79296875,24,27,exported,2.9907,"[2.9907, 2.831914, 2.784841, 3.338529, 3.48514]",rxrz_rzz_unbounded,23,"{""kind"": ""native_contract_only"", ""passed"": true, ""errors"": [], ""checked_instructions"": 142, ""bindings"": 1, ""semantic_equivalence"": ""not checked at large width""}"
updated,core_ghz_36,static: each control-flow region counted once,109,flat circuit,,1.146336,"[1.672488, 1.223904, 1.146336, 1.138432, 1.120815]",ghz,33647,641,59318b9fa04dc94f29ad9faa2807379242b66278f588963937a02790964987f3,29649,numeric,248,106,35,108,142,0,"{""rz"": 142, ""rx"": 106, ""rzz"": 35, ""measure"": 36}",core,1.337682,"[1.531829, 1.358787, 1.337682, 1.335203, 1.329474]",122.3125,36,43,exported,4.569887,"[4.992148, 4.569887, 5.128935, 4.542719, 4.550223]",ibm_fractional_bounded,35,"{""kind"": ""native_contract_only"", ""passed"": true, ""errors"": [], ""checked_instructions"": 319, ""bindings"": 1, ""semantic_equivalence"": ""not checked at large width""}"
updated,core_ghz_36,static: each control-flow region counted once,39,flat circuit,,0.668649,"[1.073151, 0.717034, 0.668649, 0.650969, 0.651369]",ghz,33647,641,59318b9fa04dc94f29ad9faa2807379242b66278f588963937a02790964987f3,19317,numeric,3,1,35,38,2,0,"{""rz"": 2, ""sx"": 1, ""cx"": 35, ""measure"": 36}",core,1.361507,"[1.539781, 1.345779, 1.381491, 1.361507, 1.357027]",119.8671875,36,38,exported,3.526865,"[3.526865, 4.122153, 3.804469, 3.453968, 3.448687]",ibm_sxz_cx,35,"{""kind"": ""native_contract_only"", ""passed"": true, ""errors"": [], ""checked_instructions"": 74, ""bindings"": 1, ""semantic_equivalence"": ""not checked at large width""}"
updated,core_ghz_36,static: each control-flow region counted once,109,flat circuit,,1.024175,"[1.477813, 1.070574, 1.024175, 0.997533, 0.986734]",ghz,33647,641,59318b9fa04dc94f29ad9faa2807379242b66278f588963937a02790964987f3,26818,numeric,143,71,35,108,72,0,"{""rz"": 72, ""sx"": 71, ""cz"": 35, ""measure"": 36}",core,1.341042,"[1.551558, 1.356611, 1.337778, 1.340163, 1.341042]",120.0,36,39,exported,4.092809,"[4.092809, 4.036888, 4.731889, 4.017064, 4.316428]",ibm_sxz_cz,35,"{""kind"": ""native_contract_only"", ""passed"": true, ""errors"": [], ""checked_instructions"": 214, ""bindings"": 1, ""semantic_equivalence"": ""not checked at large width""}"
updated,core_ghz_36,static: each control-flow region counted once,109,flat circuit,,1.71756,"[2.256415, 1.751768, 1.690919, 1.662263, 1.71756]",ghz,33647,641,59318b9fa04dc94f29ad9faa2807379242b66278f588963937a02790964987f3,23700,numeric,143,71,35,108,72,0,"{""rz"": 72, ""gpi2"": 71, ""rzz"": 35, ""measure"": 36}",core,1.360179,"[1.530437, 1.370274, 1.349154, 1.360179, 1.352995]",122.890625,36,40,exported,4.118217,"[4.118217, 4.706561, 4.020312, 4.343084, 4.014663]",ionq_fixed_r_zz,35,"{""kind"": ""native_contract_only"", ""passed"": true, ""errors"": [], ""checked_instructions"": 214, ""bindings"": 1, ""semantic_equivalence"": ""not checked at large width""}"
updated,core_ghz_36,static: each control-flow region counted once,72,flat circuit,,0.86854,"[1.29005, 0.931469, 0.86854, 0.853339, 0.848924]",ghz,33647,641,59318b9fa04dc94f29ad9faa2807379242b66278f588963937a02790964987f3,23600,numeric,71,71,35,71,0,0,"{""r"": 71, ""cz"": 35, ""measure"": 36}",core,1.341714,"[1.529301, 1.338499, 1.30789, 1.341714, 1.379843]",119.98828125,36,39,exported,3.977367,"[4.400156, 3.977367, 3.931622, 4.326204, 3.928855]",iqm_r_cz,35,"{""kind"": ""native_contract_only"", ""passed"": true, ""errors"": [], ""checked_instructions"": 142, ""bindings"": 1, ""semantic_equivalence"": ""not checked at large width""}"
updated,core_ghz_36,static: each control-flow region counted once,109,flat circuit,,1.584006,"[2.059356, 1.584006, 1.671815, 1.480964, 1.461476]",ghz,33647,641,59318b9fa04dc94f29ad9faa2807379242b66278f588963937a02790964987f3,27778,numeric,143,71,35,108,72,0,"{""rz"": 72, ""rxpi2"": 71, ""cz"": 35, ""measure"": 36}",core,1.388148,"[1.538117, 1.388148, 1.319522, 1.345026, 1.394724]",120.1796875,36,38,exported,4.368636,"[4.529262, 4.510399, 4.04124, 4.368636, 4.043192]",rigetti_rx_cz,35,"{""kind"": ""native_contract_only"", ""passed"": true, ""errors"": [], ""checked_instructions"": 214, ""bindings"": 1, ""semantic_equivalence"": ""not checked at large width""}"
updated,core_ghz_36,static: each control-flow region counted once,109,flat circuit,,0.873484,"[1.27717, 0.898812, 0.846396, 0.831659, 0.873484]",ghz,33647,641,59318b9fa04dc94f29ad9faa2807379242b66278f588963937a02790964987f3,22921,numeric,143,71,35,108,72,0,"{""rz"": 72, ""rx"": 71, ""rzz"": 35, ""measure"": 36}",core,1.361507,"[1.542805, 1.361507, 1.390243, 1.348883, 1.34397]",122.04296875,36,39,exported,4.037479,"[4.037479, 4.570335, 4.294939, 3.943735, 3.92911]",rxrz_rzz_unbounded,35,"{""kind"": ""native_contract_only"", ""passed"": true, ""errors"": [], ""checked_instructions"": 214, ""bindings"": 1, ""semantic_equivalence"": ""not checked at large width""}"
updated,core_ghz_54,static: each control-flow region counted once,163,flat circuit,,1.658469,"[2.202924, 1.749718, 1.658469, 1.641476, 1.63154]",ghz,50765,965,10bc6a6378618b5e8af453594576c42594efbed4ae3318d3c49eebbf0907dc3c,43976,numeric,374,160,53,162,214,0,"{""rz"": 214, ""rx"": 160, ""rzz"": 53, ""measure"": 54}",core,1.854615,"[1.976521, 1.811431, 1.788246, 2.323053, 1.854615]",122.5703125,54,61,exported,7.167786,"[7.184746, 7.126649, 7.080153, 7.184458, 7.167786]",ibm_fractional_bounded,53,"{""kind"": ""native_contract_only"", ""passed"": true, ""errors"": [], ""checked_instructions"": 481, ""bindings"": 1, ""semantic_equivalence"": ""not checked at large width""}"
updated,core_ghz_54,static: each control-flow region counted once,57,flat circuit,,0.972492,"[1.458322, 1.037757, 0.972492, 0.966012, 0.939548]",ghz,50765,965,10bc6a6378618b5e8af453594576c42594efbed4ae3318d3c49eebbf0907dc3c,28515,numeric,3,1,53,56,2,0,"{""rz"": 2, ""sx"": 1, ""cx"": 53, ""measure"": 54}",core,1.731173,"[1.953848, 1.818583, 1.727077, 1.715078, 1.731173]",120.078125,54,56,exported,5.281826,"[6.131853, 5.536501, 5.281826, 5.267826, 5.269105]",ibm_sxz_cx,53,"{""kind"": ""native_contract_only"", ""passed"": true, ""errors"": [], ""checked_instructions"": 110, ""bindings"": 1, ""semantic_equivalence"": ""not checked at large width""}"
updated,core_ghz_54,static: each control-flow region counted once,163,flat circuit,,1.488131,"[2.053386, 1.592819, 1.488131, 1.473938, 1.458771]",ghz,50765,965,10bc6a6378618b5e8af453594576c42594efbed4ae3318d3c49eebbf0907dc3c,39942,numeric,215,107,53,162,108,0,"{""rz"": 108, ""sx"": 107, ""cz"": 53, ""measure"": 54}",core,1.71855,"[1.934968, 1.782998, 1.682869, 1.71855, 1.717573]",123.421875,54,57,exported,6.229806,"[6.706291, 6.229806, 6.963767, 6.206813, 6.144204]",ibm_sxz_cz,53,"{""kind"": ""native_contract_only"", ""passed"": true, ""errors"": [], ""checked_instructions"": 322, ""bindings"": 1, ""semantic_equivalence"": ""not checked at large width""}"
updated,core_ghz_54,static: each control-flow region counted once,163,flat circuit,,2.581536,"[3.137239, 2.605233, 2.581536, 2.45147, 2.518496]",ghz,50765,965,10bc6a6378618b5e8af453594576c42594efbed4ae3318d3c49eebbf0907dc3c,35113,numeric,215,107,53,162,108,0,"{""rz"": 108, ""gpi2"": 107, ""rzz"": 53, ""measure"": 54}",core,1.761046,"[1.902888, 2.161771, 1.706037, 1.761046, 1.720966]",123.68359375,54,58,exported,6.162525,"[6.841782, 6.24267, 6.162525, 6.155261, 6.143165]",ionq_fixed_r_zz,53,"{""kind"": ""native_contract_only"", ""passed"": true, ""errors"": [], ""checked_instructions"": 322, ""bindings"": 1, ""semantic_equivalence"": ""not checked at large width""}"
updated,core_ghz_54,static: each control-flow region counted once,108,flat circuit,,1.280576,"[1.817575, 1.365697, 1.280576, 1.257552, 1.250816]",ghz,50765,965,10bc6a6378618b5e8af453594576c42594efbed4ae3318d3c49eebbf0907dc3c,35210,numeric,107,107,53,107,0,0,"{""r"": 107, ""cz"": 53, ""measure"": 54}",core,1.726869,"[1.952328, 1.733078, 1.685989, 1.726869, 1.72215]",122.47265625,54,57,exported,6.090028,"[6.640467, 7.021672, 6.090028, 6.07318, 6.032331]",iqm_r_cz,53,"{""kind"": ""native_contract_only"", ""passed"": true, ""errors"": [], ""checked_instructions"": 214, ""bindings"": 1, ""semantic_equivalence"": ""not checked at large width""}"
updated,core_ghz_54,static: each control-flow region counted once,163,flat circuit,,2.241404,"[2.750002, 2.425967, 2.241404, 2.153098, 2.135755]",ghz,50765,965,10bc6a6378618b5e8af453594576c42594efbed4ae3318d3c49eebbf0907dc3c,41188,numeric,215,107,53,162,108,0,"{""rz"": 108, ""rxpi2"": 107, ""cz"": 53, ""measure"": 54}",core,1.741574,"[1.927032, 1.741574, 1.702389, 2.203979, 1.72999]",122.6796875,54,56,exported,6.483489,"[6.513314, 6.507185, 6.483489, 6.295406, 6.267374]",rigetti_rx_cz,53,"{""kind"": ""native_contract_only"", ""passed"": true, ""errors"": [], ""checked_instructions"": 322, ""bindings"": 1, ""semantic_equivalence"": ""not checked at large width""}"
updated,core_ghz_54,static: each control-flow region counted once,163,flat circuit,,1.261616,"[1.770103, 1.345248, 1.261616, 1.236287, 1.223376]",ghz,50765,965,10bc6a6378618b5e8af453594576c42594efbed4ae3318d3c49eebbf0907dc3c,34082,numeric,215,107,53,162,108,0,"{""rz"": 108, ""rx"": 107, ""rzz"": 53, ""measure"": 54}",core,1.719861,"[1.946841, 1.746678, 1.707781, 1.719861, 1.716022]",122.3984375,54,57,exported,6.08158,"[6.230334, 7.14785, 6.08158, 6.043659, 6.03654]",rxrz_rzz_unbounded,53,"{""kind"": ""native_contract_only"", ""passed"": true, ""errors"": [], ""checked_instructions"": 322, ""bindings"": 1, ""semantic_equivalence"": ""not checked at large width""}"
updated,core_grover_24,static: each control-flow region counted once,6255,flat circuit,,73.674508,"[74.342246, 76.542342, 73.590204, 73.674508, 73.289976]",grover,88603,1826,54d15e00b0f0ece1297e853f0cbdd5fb0579e83ae99b2fa610b79eb12f2fc509,1742988,numeric,13253,6634,3960,6254,6619,0,"{""rz"": 6619, ""rx"": 6634, ""rzz"": 3960, ""measure"": 24}",core,2.78132,"[2.78132, 2.538468, 2.604213, 2.967754, 3.190862]",239.94921875,24,5500,exported,464.419474,"[457.034528, 466.899179, 465.337986, 464.419474, 461.178097]",ibm_fractional_bounded,2249,"{""kind"": ""native_contract_only"", ""passed"": true, ""errors"": [], ""checked_instructions"": 17237, ""bindings"": 1, ""semantic_equivalence"": ""not checked at large width""}"
updated,core_grover_24,static: each control-flow region counted once,9172,flat circuit,,136.969547,"[132.876449, 134.204964, 136.969547, 137.573237, 138.775862]",grover,88603,1826,54d15e00b0f0ece1297e853f0cbdd5fb0579e83ae99b2fa610b79eb12f2fc509,2703123,numeric,9295,475,7912,9171,8820,0,"{""rz"": 8820, ""sx"": 464, ""cx"": 7912, ""x"": 11, ""measure"": 24}",core,2.86969,"[3.095357, 2.91681, 2.535157, 2.569109, 2.86969]",239.36328125,24,111,exported,336.711767,"[334.826466, 338.894587, 338.724233, 335.602745, 336.711767]",ibm_sxz_cx,4490,"{""kind"": ""native_contract_only"", ""passed"": true, ""errors"": [], ""checked_instructions"": 17231, ""bindings"": 1, ""semantic_equivalence"": ""not checked at large width""}"
updated,core_grover_24,static: each control-flow region counted once,19370,flat circuit,,255.816766,"[257.340248, 260.459795, 255.740608, 254.484318, 255.816766]",grover,88603,1826,54d15e00b0f0ece1297e853f0cbdd5fb0579e83ae99b2fa610b79eb12f2fc509,3761738,numeric,27794,15953,7912,19369,11841,0,"{""rz"": 11841, ""sx"": 15944, ""cz"": 7912, ""x"": 9, ""measure"": 24}",core,2.576981,"[2.74948, 2.549589, 2.530949, 3.253007, 2.576981]",261.36328125,24,226,exported,558.001527,"[553.128546, 559.955039, 558.270964, 557.111647, 558.001527]",ibm_sxz_cz,4490,"{""kind"": ""native_contract_only"", ""passed"": true, ""errors"": [], ""checked_instructions"": 35730, ""bindings"": 1, ""semantic_equivalence"": ""not checked at large width""}"
updated,core_grover_24,static: each control-flow region counted once,10408,flat circuit,,332.339659,"[352.237598, 319.913439, 360.578689, 323.63573, 332.339659]",grover,88603,1826,54d15e00b0f0ece1297e853f0cbdd5fb0579e83ae99b2fa610b79eb12f2fc509,2806694,numeric,27543,13788,3960,10407,13755,0,"{""rz"": 13755, ""gpi2"": 13484, ""rzz"": 3960, ""gpi"": 304, ""measure"": 24}",core,2.570021,"[2.7406, 2.504035, 2.516596, 2.975019, 2.570021]",449.65625,24,5444,exported,818.3154,"[813.558756, 840.665423, 818.3154, 800.676773, 827.185046]",ionq_fixed_r_zz,2249,"{""kind"": ""native_contract_only"", ""passed"": true, ""errors"": [], ""checked_instructions"": 31527, ""bindings"": 1, ""semantic_equivalence"": ""not checked at large width""}"
updated,core_grover_24,static: each control-flow region counted once,8738,flat circuit,,150.372166,"[150.337076, 150.372166, 151.526022, 150.433093, 150.247778]",grover,88603,1826,54d15e00b0f0ece1297e853f0cbdd5fb0579e83ae99b2fa610b79eb12f2fc509,2830967,numeric,8048,8048,7912,8737,0,0,"{""r"": 8048, ""cz"": 7912, ""measure"": 24}",core,2.584565,"[2.776249, 2.550757, 2.538645, 2.584565, 2.970572]",233.671875,24,1921,exported,518.923677,"[514.186534, 518.699778, 524.581943, 523.525489, 518.923677]",iqm_r_cz,4490,"{""kind"": ""native_contract_only"", ""passed"": true, ""errors"": [], ""checked_instructions"": 15984, ""bindings"": 1, ""semantic_equivalence"": ""not checked at large width""}"
updated,core_grover_24,static: each control-flow region counted once,20116,flat circuit,,358.272113,"[353.102141, 358.567974, 363.155191, 358.272113, 333.610577]",grover,88603,1826,54d15e00b0f0ece1297e853f0cbdd5fb0579e83ae99b2fa610b79eb12f2fc509,4007009,numeric,29111,15953,7912,20115,13158,0,"{""rz"": 13158, ""rxpi2"": 15944, ""cz"": 7912, ""rxpi"": 9, ""measure"": 24}",core,2.597893,"[2.688342, 2.521988, 2.518564, 2.997082, 2.597893]",275.078125,24,246,exported,585.256387,"[624.847124, 592.173074, 583.740357, 584.651854, 585.256387]",rigetti_rx_cz,4490,"{""kind"": ""native_contract_only"", ""passed"": true, ""errors"": [], ""checked_instructions"": 37047, ""bindings"": 1, ""semantic_equivalence"": ""not checked at large width""}"
updated,core_grover_24,static: each control-flow region counted once,6231,flat circuit,,81.112811,"[81.112811, 79.220144, 81.030378, 81.996296, 81.225709]",grover,88603,1826,54d15e00b0f0ece1297e853f0cbdd5fb0579e83ae99b2fa610b79eb12f2fc509,1671995,numeric,12748,6375,3960,6230,6373,0,"{""rz"": 6373, ""rx"": 6375, ""rzz"": 3960, ""measure"": 24}",core,2.748679,"[2.748679, 2.572677, 2.560357, 2.924922, 3.167902]",232.9765625,24,4873,exported,436.222517,"[426.914021, 425.420111, 447.908461, 436.222517, 437.878553]",rxrz_rzz_unbounded,2249,"{""kind"": ""native_contract_only"", ""passed"": true, ""errors"": [], ""checked_instructions"": 16732, ""bindings"": 1, ""semantic_equivalence"": ""not checked at large width""}"
updated,core_grover_36,static: each control-flow region counted once,29341,flat circuit,,248.840579,"[249.620814, 247.719205, 248.840579, 247.820662, 250.899148]",grover,133253,2726,338e20d58451d02a86011549149878cbeb8bd543607de3825fc43d337ce958d7,4257906,numeric,32131,17145,14936,29340,14986,0,"{""rz"": 14986, ""rx"": 17145, ""rzz"": 14936, ""measure"": 36}",core,3.612848,"[4.207176, 3.553102, 3.534319, 4.337561, 3.612848]",394.57421875,36,265,exported,1359.746175,"[1357.97479, 1393.671622, 1376.314575, 1348.145179, 1359.746175]",ibm_fractional_bounded,12696,"{""kind"": ""native_contract_only"", ""passed"": true, ""errors"": [], ""checked_instructions"": 47103, ""bindings"": 1, ""semantic_equivalence"": ""not checked at large width""}"
updated,core_grover_36,static: each control-flow region counted once,30936,flat circuit,,401.629852,"[388.764387, 399.8518, 402.272391, 401.629852, 404.502929]",grover,133253,2726,338e20d58451d02a86011549149878cbeb8bd543607de3825fc43d337ce958d7,6170242,numeric,25980,5512,16752,30935,20468,0,"{""rz"": 20468, ""sx"": 4500, ""cx"": 16752, ""x"": 1012, ""measure"": 36}",core,3.667474,"[3.667474, 3.527327, 3.81538, 4.113671, 3.558464]",396.1015625,36,162,exported,828.74827,"[819.583352, 836.913547, 829.945749, 828.74827, 826.691771]",ibm_sxz_cx,13616,"{""kind"": ""native_contract_only"", ""passed"": true, ""errors"": [], ""checked_instructions"": 42768, ""bindings"": 1, ""semantic_equivalence"": ""not checked at large width""}"
updated,core_grover_36,static: each control-flow region counted once,42312,flat circuit,,608.262586,"[608.262586, 604.653495, 614.788264, 604.187994, 611.281506]",grover,133253,2726,338e20d58451d02a86011549149878cbeb8bd543607de3825fc43d337ce958d7,7192768,numeric,45552,29023,16752,42311,16529,0,"{""rz"": 16529, ""sx"": 28572, ""cz"": 16752, ""x"": 451, ""measure"": 36}",core,3.715874,"[3.710914, 3.896452, 4.158584, 3.715874, 3.622144]",396.42578125,36,236,exported,1292.694606,"[1278.405011, 1286.819745, 1292.694606, 1353.751499, 1336.88362]",ibm_sxz_cz,13616,"{""kind"": ""native_contract_only"", ""passed"": true, ""errors"": [], ""checked_instructions"": 62340, ""bindings"": 1, ""semantic_equivalence"": ""not checked at large width""}"
updated,core_grover_36,static: each control-flow region counted once,48554,flat circuit,,731.721925,"[677.813454, 731.721925, 758.216855, 779.761639, 687.267557]",grover,133253,2726,338e20d58451d02a86011549149878cbeb8bd543607de3825fc43d337ce958d7,5490045,numeric,47799,25143,14936,48553,22656,0,"{""rz"": 22656, ""gpi2"": 23004, ""gpi"": 2139, ""rzz"": 14936, ""measure"": 36}",core,3.770977,"[3.770977, 3.885555, 4.209783, 3.648111, 3.650096]",553.44140625,36,302,exported,1277.019409,"[1277.554041, 1240.954109, 1211.996117, 1277.019409, 1424.909584]",ionq_fixed_r_zz,12696,"{""kind"": ""native_contract_only"", ""passed"": true, ""errors"": [], ""checked_instructions"": 62771, ""bindings"": 1, ""semantic_equivalence"": ""not checked at large width""}"
updated,core_grover_36,static: each control-flow region counted once,23318,flat circuit,,453.847876,"[448.421216, 452.657848, 453.847876, 454.196361, 455.352244]",grover,133253,2726,338e20d58451d02a86011549149878cbeb8bd543607de3825fc43d337ce958d7,6184666,numeric,18331,18331,16752,23317,0,0,"{""r"": 18331, ""cz"": 16752, ""measure"": 36}",core,3.768243,"[3.681059, 3.922757, 4.009527, 3.768243, 3.53424]",393.3359375,36,4383,exported,1282.177085,"[1276.768632, 1282.177085, 1305.380886, 1281.308509, 1306.808115]",iqm_r_cz,13616,"{""kind"": ""native_contract_only"", ""passed"": true, ""errors"": [], ""checked_instructions"": 35119, ""bindings"": 1, ""semantic_equivalence"": ""not checked at large width""}"
updated,core_grover_36,static: each control-flow region counted once,42312,flat circuit,,745.599861,"[745.621387, 732.229387, 744.15923, 778.670609, 745.599861]",grover,133253,2726,338e20d58451d02a86011549149878cbeb8bd543607de3825fc43d337ce958d7,7487858,numeric,45584,29023,16752,42311,16561,0,"{""rz"": 16561, ""rxpi2"": 28572, ""cz"": 16752, ""rxpi"": 451, ""measure"": 36}",core,3.905138,"[3.905138, 3.766113, 4.135205, 3.782529, 4.615244]",437.69921875,36,267,exported,1515.869091,"[1531.9176, 1524.898302, 1515.869091, 1503.86261, 1483.48319]",rigetti_rx_cz,13616,"{""kind"": ""native_contract_only"", ""passed"": true, ""errors"": [], ""checked_instructions"": 62372, ""bindings"": 1, ""semantic_equivalence"": ""not checked at large width""}"
updated,core_grover_36,static: each control-flow region counted once,33034,flat circuit,,260.127013,"[257.005963, 260.127013, 258.621536, 264.093878, 261.569573]",grover,133253,2726,338e20d58451d02a86011549149878cbeb8bd543607de3825fc43d337ce958d7,4211310,numeric,31337,16360,14936,33033,14977,0,"{""rz"": 14977, ""rx"": 16360, ""rzz"": 14936, ""measure"": 36}",core,3.924036,"[3.924036, 3.693009, 3.829875, 4.218856, 4.699199]",372.953125,36,315,exported,1169.589065,"[1246.234795, 1215.8262, 1168.536967, 1167.446603, 1169.589065]",rxrz_rzz_unbounded,12696,"{""kind"": ""native_contract_only"", ""passed"": true, ""errors"": [], ""checked_instructions"": 46309, ""bindings"": 1, ""semantic_equivalence"": ""not checked at large width""}"
updated,core_grover_54,static: each control-flow region counted once,44631,flat circuit,,400.036799,"[393.621064, 403.984382, 397.578675, 400.036799, 402.36628]",grover,201803,4076,874cea4e1d01f431871dd0bcdc822ecaf552b52d333d1c779ab6da4e3e8592e7,6500924,numeric,48892,26112,22712,44630,22780,0,"{""rz"": 22780, ""rx"": 26112, ""rzz"": 22712, ""measure"": 54}",core,5.072619,"[5.56821, 5.473632, 5.072619, 5.051579, 5.031467]",556.71484375,54,333,exported,2362.860796,"[2438.1206, 2362.860796, 2373.904085, 2345.20174, 2282.258025]",ibm_fractional_bounded,19289,"{""kind"": ""native_contract_only"", ""passed"": true, ""errors"": [], ""checked_instructions"": 71658, ""bindings"": 1, ""semantic_equivalence"": ""not checked at large width""}"
updated,core_grover_54,static: each control-flow region counted once,47109,flat circuit,,664.414589,"[654.242778, 658.485819, 664.414589, 676.753022, 670.733027]",grover,201803,4076,874cea4e1d01f431871dd0bcdc822ecaf552b52d333d1c779ab6da4e3e8592e7,9373604,numeric,39374,8310,25392,47108,31064,0,"{""rz"": 31064, ""sx"": 6894, ""cx"": 25392, ""x"": 1416, ""measure"": 54}",core,5.199807,"[5.199807, 5.563891, 5.287377, 5.084029, 5.039069]",531.29296875,54,217,exported,1403.129345,"[1389.831315, 1411.506504, 1399.425221, 1413.692578, 1403.129345]",ibm_sxz_cx,20617,"{""kind"": ""native_contract_only"", ""passed"": true, ""errors"": [], ""checked_instructions"": 64820, ""bindings"": 1, ""semantic_equivalence"": ""not checked at large width""}"
updated,core_grover_54,static: each control-flow region counted once,64202,flat circuit,,894.573435,"[879.078111, 884.53225, 894.573435, 898.497348, 898.545997]",grover,201803,4076,874cea4e1d01f431871dd0bcdc822ecaf552b52d333d1c779ab6da4e3e8592e7,10907225,numeric,68808,43898,25392,64201,24910,0,"{""rz"": 24910, ""sx"": 43282, ""cz"": 25392, ""x"": 616, ""measure"": 54}",core,5.29544,"[5.649284, 5.721701, 5.101837, 5.29544, 5.123789]",547.94140625,54,300,exported,2165.151077,"[2165.151077, 2181.359953, 2149.556928, 2153.47825, 2365.11276]",ibm_sxz_cz,20617,"{""kind"": ""native_contract_only"", ""passed"": true, ""errors"": [], ""checked_instructions"": 94254, ""bindings"": 1, ""semantic_equivalence"": ""not checked at large width""}"
updated,core_grover_54,static: each control-flow region counted once,73996,flat circuit,,1116.177425,"[1036.070708, 1074.167264, 1210.626996, 1116.177425, 1170.819864]",grover,201803,4076,874cea4e1d01f431871dd0bcdc822ecaf552b52d333d1c779ab6da4e3e8592e7,8369027,numeric,72719,38305,22712,73995,34414,0,"{""rz"": 34414, ""gpi2"": 35122, ""gpi"": 3183, ""rzz"": 22712, ""measure"": 54}",core,5.250108,"[5.250108, 5.613632, 5.490351, 5.146044, 5.017306]",778.44921875,54,378,exported,2087.72164,"[2090.638425, 2142.251197, 2086.112997, 2083.1869, 2087.72164]",ionq_fixed_r_zz,19289,"{""kind"": ""native_contract_only"", ""passed"": true, ""errors"": [], ""checked_instructions"": 95485, ""bindings"": 1, ""semantic_equivalence"": ""not checked at large width""}"
updated,core_grover_54,static: each control-flow region counted once,35313,flat circuit,,750.566047,"[746.511224, 734.938775, 750.566047, 753.098601, 753.903215]",grover,201803,4076,874cea4e1d01f431871dd0bcdc822ecaf552b52d333d1c779ab6da4e3e8592e7,9358889,numeric,27713,27713,25392,35312,0,0,"{""r"": 27713, ""cz"": 25392, ""measure"": 54}",core,5.687205,"[5.849415, 6.253437, 5.565108, 5.687205, 5.334898]",531.6015625,54,6071,exported,2318.484969,"[2343.722875, 2331.953756, 2318.484969, 2262.82535, 2268.346254]",iqm_r_cz,20617,"{""kind"": ""native_contract_only"", ""passed"": true, ""errors"": [], ""checked_instructions"": 53159, ""bindings"": 1, ""semantic_equivalence"": ""not checked at large width""}"
updated,core_grover_54,static: each control-flow region counted once,64202,flat circuit,,1145.216331,"[1145.216331, 1127.283095, 1164.051005, 1131.628855, 1167.6265]",grover,201803,4076,874cea4e1d01f431871dd0bcdc822ecaf552b52d333d1c779ab6da4e3e8592e7,11351036,numeric,68840,43898,25392,64201,24942,0,"{""rz"": 24942, ""rxpi2"": 43282, ""cz"": 25392, ""rxpi"": 616, ""measure"": 54}",core,5.202331,"[5.202331, 5.038634, 5.96546, 5.495311, 5.160923]",569.4609375,54,329,exported,2350.153255,"[2355.483562, 2350.153255, 2353.128772, 2337.329929, 2336.604971]",rigetti_rx_cz,20617,"{""kind"": ""native_contract_only"", ""passed"": true, ""errors"": [], ""checked_instructions"": 94286, ""bindings"": 1, ""semantic_equivalence"": ""not checked at large width""}"
updated,core_grover_54,static: each control-flow region counted once,50275,flat circuit,,396.29743,"[391.334354, 393.597898, 397.894204, 398.625364, 396.29743]",grover,201803,4076,874cea4e1d01f431871dd0bcdc822ecaf552b52d333d1c779ab6da4e3e8592e7,6422334,numeric,47660,24901,22712,50274,22759,0,"{""rz"": 22759, ""rx"": 24901, ""rzz"": 22712, ""measure"": 54}",core,5.055388,"[5.166973, 5.785957, 5.019227, 5.055388, 5.048588]",453.71484375,54,396,exported,1780.882498,"[1780.882498, 1782.739728, 1769.930385, 1746.800328, 1782.185776]",rxrz_rzz_unbounded,19289,"{""kind"": ""native_contract_only"", ""passed"": true, ""errors"": [], ""checked_instructions"": 70426, ""bindings"": 1, ""semantic_equivalence"": ""not checked at large width""}"
updated,core_multiplexer_104,static: each control-flow region counted once,25,flat circuit,,1.942944,"[2.569478, 2.039314, 1.942944, 1.929537, 1.916576]",multiplexer,104776,2015,7d724cfba62b84c6b78bc42c05817c267e6fa09fad9f19478ca7f1dfaeb80a44,52231,numeric,350,124,19,24,226,0,"{""rz"": 226, ""rx"": 124, ""rzz"": 19, ""measure"": 104}",core,3.160555,"[3.160555, 2.975961, 3.291644, 3.569615, 3.014362]",123.22265625,104,129,exported,10.129431,"[10.199767, 10.130374, 10.129431, 10.086998, 10.097014]",ibm_fractional_bounded,19,"{""kind"": ""native_contract_only"", ""passed"": true, ""errors"": [], ""checked_instructions"": 473, ""bindings"": 1, ""semantic_equivalence"": ""not checked at large width""}"
updated,core_multiplexer_104,static: each control-flow region counted once,84,flat circuit,,2.207762,"[2.837831, 2.30021, 2.207762, 2.192625, 2.169506]",multiplexer,104776,2015,7d724cfba62b84c6b78bc42c05817c267e6fa09fad9f19478ca7f1dfaeb80a44,59471,numeric,353,106,38,83,247,0,"{""rz"": 247, ""sx"": 106, ""cx"": 38, ""measure"": 104}",core,3.16553,"[3.16553, 2.931703, 3.588941, 3.320043, 3.024376]",122.07421875,104,145,exported,10.080049,"[10.205922, 10.111265, 10.063841, 10.071505, 10.080049]",ibm_sxz_cx,38,"{""kind"": ""native_contract_only"", ""passed"": true, ""errors"": [], ""checked_instructions"": 495, ""bindings"": 1, ""semantic_equivalence"": ""not checked at large width""}"
updated,core_multiplexer_104,static: each control-flow region counted once,158,flat circuit,,2.32117,"[2.977944, 2.463668, 2.32117, 2.307299, 2.290562]",multiplexer,104776,2015,7d724cfba62b84c6b78bc42c05817c267e6fa09fad9f19478ca7f1dfaeb80a44,61024,numeric,409,181,38,157,228,0,"{""rz"": 228, ""sx"": 181, ""cz"": 38, ""measure"": 104}",core,3.301627,"[3.205769, 2.953656, 3.417755, 3.71747, 3.301627]",123.5703125,104,127,exported,10.752246,"[10.813174, 10.803815, 10.752246, 10.663637, 10.683621]",ibm_sxz_cz,38,"{""kind"": ""native_contract_only"", ""passed"": true, ""errors"": [], ""checked_instructions"": 551, ""bindings"": 1, ""semantic_equivalence"": ""not checked at large width""}"
updated,core_multiplexer_104,static: each control-flow region counted once,24,flat circuit,,2.049824,"[2.711766, 2.129617, 2.049824, 2.033425, 2.007744]",multiplexer,104776,2015,7d724cfba62b84c6b78bc42c05817c267e6fa09fad9f19478ca7f1dfaeb80a44,48942,numeric,293,105,19,23,188,0,"{""rz"": 188, ""rx"": 105, ""rzz"": 19, ""measure"": 104}",core,3.043993,"[3.20881, 2.933224, 3.395979, 3.033112, 3.043993]",123.26171875,104,146,exported,9.840943,"[9.952144, 9.862127, 9.815614, 9.791791, 9.840943]",rxrz_rzz_unbounded,19,"{""kind"": ""native_contract_only"", ""passed"": true, ""errors"": [], ""checked_instructions"": 416, ""bindings"": 1, ""semantic_equivalence"": ""not checked at large width""}"
updated,core_multiplexer_156,static: each control-flow region counted once,25,flat circuit,,2.850104,"[3.540029, 2.955592, 2.850104, 2.828807, 2.795655]",multiplexer,155996,2951,6af5e986dc83533664b8b88395f711a19fe61c66c6d887b93556617cf2007c16,75059,numeric,506,176,19,24,330,0,"{""rz"": 330, ""rx"": 176, ""rzz"": 19, ""measure"": 156}",core,4.278451,"[4.278451, 4.103746, 4.463813, 4.769687, 4.180834]",124.0234375,156,181,exported,13.813794,"[13.984435, 13.880242, 13.791426, 13.795346, 13.813794]",ibm_fractional_bounded,19,"{""kind"": ""native_contract_only"", ""passed"": true, ""errors"": [], ""checked_instructions"": 681, ""bindings"": 1, ""semantic_equivalence"": ""not checked at large width""}"
updated,core_multiplexer_156,static: each control-flow region counted once,84,flat circuit,,3.059785,"[3.838559, 3.232747, 3.059785, 3.044793, 3.039705]",multiplexer,155996,2951,6af5e986dc83533664b8b88395f711a19fe61c66c6d887b93556617cf2007c16,81911,numeric,509,158,38,83,351,0,"{""rz"": 351, ""sx"": 158, ""cx"": 38, ""measure"": 156}",core,4.219507,"[4.219507, 4.034833, 4.523333, 4.125394, 4.630134]",123.30859375,156,198,exported,13.762178,"[13.886338, 13.762178, 13.710977, 13.793777, 13.733154]",ibm_sxz_cx,38,"{""kind"": ""native_contract_only"", ""passed"": true, ""errors"": [], ""checked_instructions"": 703, ""bindings"": 1, ""semantic_equivalence"": ""not checked at large width""}"
updated,core_multiplexer_156,static: each control-flow region counted once,158,flat circuit,,3.215163,"[3.959041, 3.320235, 3.215163, 3.186954, 3.194522]",multiplexer,155996,2951,6af5e986dc83533664b8b88395f711a19fe61c66c6d887b93556617cf2007c16,83442,numeric,565,233,38,157,332,0,"{""rz"": 332, ""sx"": 233, ""cz"": 38, ""measure"": 156}",core,4.285379,"[4.285379, 4.144706, 4.111826, 4.461973, 4.837672]",123.39453125,156,180,exported,14.152645,"[14.21855, 14.157748, 14.133988, 14.09442, 14.152645]",ibm_sxz_cz,38,"{""kind"": ""native_contract_only"", ""passed"": true, ""errors"": [], ""checked_instructions"": 759, ""bindings"": 1, ""semantic_equivalence"": ""not checked at large width""}"
updated,core_multiplexer_156,static: each control-flow region counted once,24,flat circuit,,3.003368,"[3.694526, 3.196171, 3.003368, 2.986553, 2.983304]",multiplexer,155996,2951,6af5e986dc83533664b8b88395f711a19fe61c66c6d887b93556617cf2007c16,71614,numeric,449,157,19,23,292,0,"{""rz"": 292, ""rx"": 157, ""rzz"": 19, ""measure"": 156}",core,4.253507,"[4.253507, 4.096834, 4.455317, 4.788519, 4.14933]",123.38671875,156,198,exported,13.455807,"[13.508591, 13.493919, 13.441871, 13.455807, 13.430367]",rxrz_rzz_unbounded,19,"{""kind"": ""native_contract_only"", ""passed"": true, ""errors"": [], ""checked_instructions"": 624, ""bindings"": 1, ""semantic_equivalence"": ""not checked at large width""}"
updated,core_multiplexer_24,static: each control-flow region counted once,25,flat circuit,,0.640633,"[1.019102, 0.695002, 0.640633, 0.628985, 0.621497]",multiplexer,24528,491,5f5d9a41e065f99a4a9d2fec21fae872911437519e7d73be3e760142580bb623,17591,numeric,110,44,19,24,66,0,"{""rz"": 66, ""rx"": 44, ""rzz"": 19, ""measure"": 24}",core,1.164224,"[1.344707, 1.197953, 1.157344, 1.164224, 1.158337]",119.96484375,24,49,exported,3.496482,"[3.496482, 3.736004, 3.980888, 3.400176, 3.417616]",ibm_fractional_bounded,19,"{""kind"": ""native_contract_only"", ""passed"": true, ""errors"": [], ""checked_instructions"": 153, ""bindings"": 1, ""semantic_equivalence"": ""not checked at large width""}"
updated,core_multiplexer_24,static: each control-flow region counted once,84,flat circuit,,0.918669,"[1.343283, 0.986622, 0.918669, 0.897709, 0.898205]",multiplexer,24528,491,5f5d9a41e065f99a4a9d2fec21fae872911437519e7d73be3e760142580bb623,25553,numeric,113,26,38,83,87,0,"{""rz"": 87, ""sx"": 26, ""cx"": 38, ""measure"": 24}",core,1.196353,"[1.347491, 1.196353, 1.211025, 1.175297, 1.156016]",119.90625,24,65,exported,3.425616,"[3.425616, 3.815622, 3.667428, 3.356367, 3.356415]",ibm_sxz_cx,38,"{""kind"": ""native_contract_only"", ""passed"": true, ""errors"": [], ""checked_instructions"": 175, ""bindings"": 1, ""semantic_equivalence"": ""not checked at large width""}"
updated,core_multiplexer_24,static: each control-flow region counted once,158,flat circuit,,1.014703,"[1.457572, 1.070335, 1.014703, 1.00627, 1.000094]",multiplexer,24528,491,5f5d9a41e065f99a4a9d2fec21fae872911437519e7d73be3e760142580bb623,27104,numeric,169,101,38,157,68,0,"{""rz"": 68, ""sx"": 101, ""cz"": 38, ""measure"": 24}",core,1.160896,"[1.352563, 1.207073, 1.159121, 1.160896, 1.157024]",120.03515625,24,47,exported,3.718996,"[4.367054, 3.762229, 3.718996, 3.702324, 3.718836]",ibm_sxz_cz,38,"{""kind"": ""native_contract_only"", ""passed"": true, ""errors"": [], ""checked_instructions"": 231, ""bindings"": 1, ""semantic_equivalence"": ""not checked at large width""}"
updated,core_multiplexer_24,static: each control-flow region counted once,25,flat circuit,,0.96387,"[1.277169, 0.96387, 0.902525, 1.037022, 0.904429]",multiplexer,24528,491,5f5d9a41e065f99a4a9d2fec21fae872911437519e7d73be3e760142580bb623,15002,numeric,54,25,19,24,29,0,"{""rz"": 29, ""gpi2"": 25, ""rzz"": 19, ""measure"": 24}",core,1.160033,"[1.338819, 1.198081, 1.150576, 1.157488, 1.160033]",120.21875,24,66,exported,3.201949,"[3.68866, 3.774245, 3.201949, 3.173997, 3.160252]",ionq_fixed_r_zz,19,"{""kind"": ""native_contract_only"", ""passed"": true, ""errors"": [], ""checked_instructions"": 97, ""bindings"": 1, ""semantic_equivalence"": ""not checked at large width""}"
updated,core_multiplexer_24,static: each control-flow region counted once,78,flat circuit,,0.775595,"[1.193681, 0.829052, 0.775595, 0.767147, 0.767067]",multiplexer,24528,491,5f5d9a41e065f99a4a9d2fec21fae872911437519e7d73be3e760142580bb623,21996,numeric,62,62,38,77,0,0,"{""r"": 62, ""cz"": 38, ""measure"": 24}",core,1.180352,"[1.351571, 1.180352, 1.178945, 1.182273, 1.160976]",120.01953125,24,48,exported,3.775509,"[3.992856, 3.912808, 3.775509, 3.509745, 3.498082]",iqm_r_cz,38,"{""kind"": ""native_contract_only"", ""passed"": true, ""errors"": [], ""checked_instructions"": 124, ""bindings"": 1, ""semantic_equivalence"": ""not checked at large width""}"
updated,core_multiplexer_24,static: each control-flow region counted once,181,flat circuit,,1.758537,"[2.209791, 1.941499, 1.758537, 1.718312, 1.717897]",multiplexer,24528,491,5f5d9a41e065f99a4a9d2fec21fae872911437519e7d73be3e760142580bb623,31215,numeric,192,101,38,180,91,0,"{""rz"": 91, ""rxpi2"": 101, ""cz"": 38, ""measure"": 24}",core,1.171633,"[1.359571, 1.202225, 1.169456, 1.171633, 1.168672]",120.2421875,24,70,exported,3.965784,"[4.065353, 4.555632, 3.965784, 3.939623, 3.930952]",rigetti_rx_cz,38,"{""kind"": ""native_contract_only"", ""passed"": true, ""errors"": [], ""checked_instructions"": 254, ""bindings"": 1, ""semantic_equivalence"": ""not checked at large width""}"
updated,core_multiplexer_24,static: each control-flow region counted once,24,flat circuit,,0.58364,"[0.928893, 0.611513, 0.58364, 0.568856, 0.553176]",multiplexer,24528,491,5f5d9a41e065f99a4a9d2fec21fae872911437519e7d73be3e760142580bb623,14548,numeric,53,25,19,23,28,0,"{""rz"": 28, ""rx"": 25, ""rzz"": 19, ""measure"": 24}",core,1.170976,"[1.370452, 1.186544, 1.159665, 1.170976, 1.169201]",120.05859375,24,66,exported,3.096828,"[3.096828, 3.335359, 3.176093, 3.029355, 3.006459]",rxrz_rzz_unbounded,19,"{""kind"": ""native_contract_only"", ""passed"": true, ""errors"": [], ""checked_instructions"": 96, ""bindings"": 1, ""semantic_equivalence"": ""not checked at large width""}"
updated,core_multiplexer_36,static: each control-flow region counted once,25,flat circuit,,0.834522,"[1.2888, 0.899916, 0.834522, 0.816027, 0.803194]",multiplexer,37396,743,3cce1dad3e77e1f27af830d7d11f939ccfc32912b3d925def5a681e893bbae47,22751,numeric,146,56,19,24,90,0,"{""rz"": 90, ""rx"": 56, ""rzz"": 19, ""measure"": 36}",core,1.488515,"[1.662213, 1.54914, 1.435426, 1.488515, 1.44741]",122.31640625,36,61,exported,4.666027,"[4.807645, 4.704844, 4.666027, 4.659612, 4.632603]",ibm_fractional_bounded,19,"{""kind"": ""native_contract_only"", ""passed"": true, ""errors"": [], ""checked_instructions"": 201, ""bindings"": 1, ""semantic_equivalence"": ""not checked at large width""}"
updated,core_multiplexer_36,static: each control-flow region counted once,84,flat circuit,,1.09931,"[1.606468, 1.169775, 1.09931, 1.08819, 1.085038]",multiplexer,37396,743,3cce1dad3e77e1f27af830d7d11f939ccfc32912b3d925def5a681e893bbae47,30685,numeric,149,38,38,83,111,0,"{""rz"": 111, ""sx"": 38, ""cx"": 38, ""measure"": 36}",core,1.497555,"[1.677909, 1.566484, 1.450723, 1.455026, 1.497555]",120.0546875,36,78,exported,4.733965,"[5.194786, 4.775853, 4.711532, 4.703548, 4.733965]",ibm_sxz_cx,38,"{""kind"": ""native_contract_only"", ""passed"": true, ""errors"": [], ""checked_instructions"": 223, ""bindings"": 1, ""semantic_equivalence"": ""not checked at large width""}"
updated,core_multiplexer_36,static: each control-flow region counted once,158,flat circuit,,1.205136,"[1.718934, 1.291584, 1.205136, 1.188207, 1.186479]",multiplexer,37396,743,3cce1dad3e77e1f27af830d7d11f939ccfc32912b3d925def5a681e893bbae47,32213,numeric,205,113,38,157,92,0,"{""rz"": 92, ""sx"": 113, ""cz"": 38, ""measure"": 36}",core,1.482115,"[2.251197, 1.482115, 1.699654, 1.475331, 1.46309]",122.3828125,36,60,exported,5.090144,"[5.166786, 5.793866, 5.090144, 5.078129, 5.045264]",ibm_sxz_cz,38,"{""kind"": ""native_contract_only"", ""passed"": true, ""errors"": [], ""checked_instructions"": 279, ""bindings"": 1, ""semantic_equivalence"": ""not checked at large width""}"
updated,core_multiplexer_36,static: each control-flow region counted once,25,flat circuit,,1.38869,"[1.740566, 1.38869, 1.463075, 1.255296, 1.248336]",multiplexer,37396,743,3cce1dad3e77e1f27af830d7d11f939ccfc32912b3d925def5a681e893bbae47,20205,numeric,90,37,19,24,53,0,"{""rz"": 53, ""gpi2"": 37, ""rzz"": 19, ""measure"": 36}",core,1.554932,"[1.816119, 1.625909, 1.527091, 1.481043, 1.554932]",122.6953125,36,78,exported,4.613579,"[5.075537, 5.263844, 4.613579, 4.59113, 4.569819]",ionq_fixed_r_zz,19,"{""kind"": ""native_contract_only"", ""passed"": true, ""errors"": [], ""checked_instructions"": 145, ""bindings"": 1, ""semantic_equivalence"": ""not checked at large width""}"
updated,core_multiplexer_36,static: each control-flow region counted once,78,flat circuit,,0.926652,"[1.39125, 0.96902, 0.926652, 0.906203, 0.895164]",multiplexer,37396,743,3cce1dad3e77e1f27af830d7d11f939ccfc32912b3d925def5a681e893bbae47,25874,numeric,74,74,38,77,0,0,"{""r"": 74, ""cz"": 38, ""measure"": 36}",core,1.686438,"[1.826951, 1.686438, 1.61026, 2.028826, 1.683734]",120.203125,36,60,exported,4.933199,"[5.712665, 5.024864, 4.933199, 4.904302, 4.927167]",iqm_r_cz,38,"{""kind"": ""native_contract_only"", ""passed"": true, ""errors"": [], ""checked_instructions"": 148, ""bindings"": 1, ""semantic_equivalence"": ""not checked at large width""}"
updated,core_multiplexer_36,static: each control-flow region counted once,181,flat circuit,,2.003577,"[2.545824, 2.238829, 2.003577, 1.971465, 1.96961]",multiplexer,37396,743,3cce1dad3e77e1f27af830d7d11f939ccfc32912b3d925def5a681e893bbae47,36375,numeric,228,113,38,180,115,0,"{""rz"": 115, ""rxpi2"": 113, ""cz"": 38, ""measure"": 36}",core,1.480691,"[1.697733, 1.480691, 1.449731, 1.542179, 1.465379]",122.70703125,36,82,exported,5.354708,"[5.447765, 5.385541, 5.34994, 5.333492, 5.354708]",rigetti_rx_cz,38,"{""kind"": ""native_contract_only"", ""passed"": true, ""errors"": [], ""checked_instructions"": 302, ""bindings"": 1, ""semantic_equivalence"": ""not checked at large width""}"
updated,core_multiplexer_36,static: each control-flow region counted once,24,flat circuit,,0.800922,"[1.215248, 0.863755, 0.800922, 0.780714, 0.775978]",multiplexer,37396,743,3cce1dad3e77e1f27af830d7d11f939ccfc32912b3d925def5a681e893bbae47,19666,numeric,89,37,19,23,52,0,"{""rz"": 52, ""rx"": 37, ""rzz"": 19, ""measure"": 36}",core,1.459475,"[1.709174, 1.486163, 1.43389, 1.451955, 1.459475]",120.20703125,36,78,exported,4.396472,"[4.845262, 5.082385, 4.396472, 4.375735, 4.346311]",rxrz_rzz_unbounded,19,"{""kind"": ""native_contract_only"", ""passed"": true, ""errors"": [], ""checked_instructions"": 144, ""bindings"": 1, ""semantic_equivalence"": ""not checked at large width""}"
updated,core_multiplexer_54,static: each control-flow region counted once,25,flat circuit,,1.132365,"[1.599682, 1.192381, 1.132365, 1.116508, 1.106285]",multiplexer,56414,1115,5b1da6348d22308526fab8319c87a94b3eccd66a76dd13a369da82075ea24384,30490,numeric,200,74,19,24,126,0,"{""rz"": 126, ""rx"": 74, ""rzz"": 19, ""measure"": 54}",core,1.96711,"[2.10188, 1.963446, 1.909045, 2.289738, 1.96711]",122.68359375,54,79,exported,6.678075,"[6.767053, 6.682379, 6.678075, 6.671659, 6.660667]",ibm_fractional_bounded,19,"{""kind"": ""native_contract_only"", ""passed"": true, ""errors"": [], ""checked_instructions"": 273, ""bindings"": 1, ""semantic_equivalence"": ""not checked at large width""}"
updated,core_multiplexer_54,static: each control-flow region counted once,84,flat circuit,,1.408528,"[1.948278, 1.477393, 1.408528, 1.399519, 1.403392]",multiplexer,56414,1115,5b1da6348d22308526fab8319c87a94b3eccd66a76dd13a369da82075ea24384,38262,numeric,203,56,38,83,147,0,"{""rz"": 147, ""sx"": 56, ""cx"": 38, ""measure"": 54}",core,1.948918,"[2.081831, 2.260217, 1.850677, 1.948918, 1.91343]",122.703125,54,96,exported,6.648059,"[6.780556, 6.670155, 6.648059, 6.603467, 6.621307]",ibm_sxz_cx,38,"{""kind"": ""native_contract_only"", ""passed"": true, ""errors"": [], ""checked_instructions"": 295, ""bindings"": 1, ""semantic_equivalence"": ""not checked at large width""}"
updated,core_multiplexer_54,static: each control-flow region counted once,158,flat circuit,,1.504497,"[2.074135, 1.579122, 1.504497, 1.488257, 1.476593]",multiplexer,56414,1115,5b1da6348d22308526fab8319c87a94b3eccd66a76dd13a369da82075ea24384,39791,numeric,259,131,38,157,128,0,"{""rz"": 128, ""sx"": 131, ""cz"": 38, ""measure"": 54}",core,1.94175,"[2.085895, 1.965014, 1.891366, 1.915157, 1.94175]",123.56640625,54,78,exported,7.031967,"[7.150897, 7.06296, 7.018927, 7.031967, 7.025872]",ibm_sxz_cz,38,"{""kind"": ""native_contract_only"", ""passed"": true, ""errors"": [], ""checked_instructions"": 351, ""bindings"": 1, ""semantic_equivalence"": ""not checked at large width""}"
updated,core_multiplexer_54,static: each control-flow region counted once,25,flat circuit,,1.792676,"[2.28721, 2.059303, 1.789189, 1.792676, 1.762772]",multiplexer,56414,1115,5b1da6348d22308526fab8319c87a94b3eccd66a76dd13a369da82075ea24384,28076,numeric,144,55,19,24,89,0,"{""rz"": 89, ""gpi2"": 55, ""rzz"": 19, ""measure"": 54}",core,1.961734,"[2.113831, 2.001447, 1.898517, 1.961734, 1.952918]",123.13671875,54,97,exported,6.595227,"[6.966991, 6.645419, 6.595227, 6.56041, 6.549674]",ionq_fixed_r_zz,19,"{""kind"": ""native_contract_only"", ""passed"": true, ""errors"": [], ""checked_instructions"": 217, ""bindings"": 1, ""semantic_equivalence"": ""not checked at large width""}"
updated,core_multiplexer_54,static: each control-flow region counted once,78,flat circuit,,1.120605,"[1.633155, 1.200301, 1.120605, 1.11558, 1.103709]",multiplexer,56414,1115,5b1da6348d22308526fab8319c87a94b3eccd66a76dd13a369da82075ea24384,31617,numeric,92,92,38,77,0,0,"{""r"": 92, ""cz"": 38, ""measure"": 54}",core,1.943653,"[2.101047, 1.901398, 1.878437, 1.992615, 1.943653]",120.61328125,54,78,exported,6.665291,"[7.395363, 6.665291, 6.953582, 6.626827, 6.648507]",iqm_r_cz,38,"{""kind"": ""native_contract_only"", ""passed"": true, ""errors"": [], ""checked_instructions"": 184, ""bindings"": 1, ""semantic_equivalence"": ""not checked at large width""}"
updated,core_multiplexer_54,static: each control-flow region counted once,181,flat circuit,,2.395227,"[2.98301, 2.585213, 2.395227, 2.392459, 2.356698]",multiplexer,56414,1115,5b1da6348d22308526fab8319c87a94b3eccd66a76dd13a369da82075ea24384,44058,numeric,282,131,38,180,151,0,"{""rz"": 151, ""rxpi2"": 131, ""cz"": 38, ""measure"": 54}",core,1.936917,"[2.486044, 1.922565, 1.875909, 1.936917, 1.982007]",123.01953125,54,99,exported,7.349235,"[7.445508, 7.37117, 7.349235, 7.318259, 7.31053]",rigetti_rx_cz,38,"{""kind"": ""native_contract_only"", ""passed"": true, ""errors"": [], ""checked_instructions"": 374, ""bindings"": 1, ""semantic_equivalence"": ""not checked at large width""}"
updated,core_multiplexer_54,static: each control-flow region counted once,24,flat circuit,,1.117501,"[1.56477, 1.195069, 1.117501, 1.107388, 1.103501]",multiplexer,56414,1115,5b1da6348d22308526fab8319c87a94b3eccd66a76dd13a369da82075ea24384,27294,numeric,143,55,19,23,88,0,"{""rz"": 88, ""rx"": 55, ""rzz"": 19, ""measure"": 54}",core,1.923254,"[2.114904, 1.914822, 1.881941, 1.923254, 1.941093]",122.69921875,54,95,exported,6.318616,"[6.378312, 6.883485, 6.318616, 6.270599, 6.259382]",rxrz_rzz_unbounded,19,"{""kind"": ""native_contract_only"", ""passed"": true, ""errors"": [], ""checked_instructions"": 216, ""bindings"": 1, ""semantic_equivalence"": ""not checked at large width""}"
updated,core_qft_104,static: each control-flow region counted once,313,flat circuit,,10.060823,"[11.633797, 10.286137, 10.060823, 9.931222, 9.967494]",qft,3484620,72048,3eb5be37ef39dd2320a6c6c9d13d9edf236c89f3d2b7828764a6a703326403d4,311810,numeric,413,206,1786,312,207,0,"{""rz"": 207, ""rx"": 206, ""rzz"": 1786, ""measure"": 104}",core,117.474234,"[98.43327, 111.789961, 117.474234, 119.518876, 122.039714]",184.55078125,104,179,exported,420.336987,"[426.052108, 420.336987, 419.700597, 421.413156, 419.990247]",ibm_fractional_bounded,205,"{""kind"": ""native_contract_only"", ""passed"": true, ""errors"": [], ""checked_instructions"": 2303, ""bindings"": 1, ""semantic_equivalence"": ""not checked at large width""}"
updated,core_qft_104,static: each control-flow region counted once,826,flat circuit,,81.074737,"[82.165372, 81.074737, 79.611509, 82.093162, 80.501917]",qft,3484620,72048,3eb5be37ef39dd2320a6c6c9d13d9edf236c89f3d2b7828764a6a703326403d4,1336368,numeric,5751,154,3572,825,5597,0,"{""rz"": 5597, ""sx"": 154, ""cx"": 3572, ""measure"": 104}",core,117.001947,"[96.780347, 108.946676, 117.001947, 119.933717, 119.364079]",186.87890625,104,200,exported,423.703575,"[423.099364, 422.624864, 425.05034, 426.978996, 423.703575]",ibm_sxz_cx,410,"{""kind"": ""native_contract_only"", ""passed"": true, ""errors"": [], ""checked_instructions"": 9427, ""bindings"": 1, ""semantic_equivalence"": ""not checked at large width""}"
updated,core_qft_104,static: each control-flow region counted once,1631,flat circuit,,115.314218,"[118.248612, 114.908214, 115.040872, 115.384522, 115.314218]",qft,3484620,72048,3eb5be37ef39dd2320a6c6c9d13d9edf236c89f3d2b7828764a6a703326403d4,1702741,numeric,12542,7298,3572,1630,5244,0,"{""rz"": 5244, ""sx"": 7298, ""cz"": 3572, ""measure"": 104}",core,118.999739,"[98.958493, 111.605898, 118.999739, 119.650704, 120.024292]",188.58203125,104,226,exported,510.070144,"[500.593647, 519.357362, 509.432316, 511.392012, 510.070144]",ibm_sxz_cz,410,"{""kind"": ""native_contract_only"", ""passed"": true, ""errors"": [], ""checked_instructions"": 16218, ""bindings"": 1, ""semantic_equivalence"": ""not checked at large width""}"
updated,core_qft_104,static: each control-flow region counted once,313,flat circuit,,11.009424,"[12.449708, 11.235937, 10.989967, 11.009424, 10.84123]",qft,3484620,72048,3eb5be37ef39dd2320a6c6c9d13d9edf236c89f3d2b7828764a6a703326403d4,300309,numeric,309,154,1786,312,155,0,"{""rz"": 155, ""rx"": 154, ""rzz"": 1786, ""measure"": 104}",core,117.390459,"[98.547815, 112.175246, 117.390459, 123.705858, 124.239302]",177.71875,104,191,exported,398.388481,"[398.229184, 396.671618, 398.388481, 402.010752, 401.059351]",rxrz_rzz_unbounded,205,"{""kind"": ""native_contract_only"", ""passed"": true, ""errors"": [], ""checked_instructions"": 2199, ""bindings"": 1, ""semantic_equivalence"": ""not checked at large width""}"
updated,core_qft_156,static: each control-flow region counted once,469,flat circuit,,18.014821,"[19.478258, 18.357336, 17.85042, 18.014821, 17.981989]",qft,7727534,154676,85d92c0dc719c93279161459568e9dddb7f4fb9a5809e67fd29f006d7a25a400,480134,numeric,621,310,2774,468,311,0,"{""rz"": 311, ""rx"": 310, ""rzz"": 2774, ""measure"": 156}",core,327.433135,"[254.735748, 305.178646, 327.433135, 337.142879, 341.105408]",232.52734375,156,231,exported,1005.013988,"[1006.228225, 1004.577811, 1006.536946, 1000.248301, 1005.013988]",ibm_fractional_bounded,309,"{""kind"": ""native_contract_only"", ""passed"": true, ""errors"": [], ""checked_instructions"": 3551, ""bindings"": 1, ""semantic_equivalence"": ""not checked at large width""}"
updated,core_qft_156,static: each control-flow region counted once,1242,flat circuit,,162.059638,"[162.059638, 161.058526, 162.118678, 163.156944, 162.01807]",qft,7727534,154676,85d92c0dc719c93279161459568e9dddb7f4fb9a5809e67fd29f006d7a25a400,2075655,numeric,8923,232,5548,1241,8691,0,"{""rz"": 8691, ""sx"": 232, ""cx"": 5548, ""measure"": 156}",core,328.824406,"[254.905854, 309.746408, 328.824406, 344.033941, 344.995037]",239.44921875,156,252,exported,998.344337,"[990.864198, 1000.337396, 1000.807654, 998.344337, 997.010101]",ibm_sxz_cx,618,"{""kind"": ""native_contract_only"", ""passed"": true, ""errors"": [], ""checked_instructions"": 14627, ""bindings"": 1, ""semantic_equivalence"": ""not checked at large width""}"
updated,core_qft_156,static: each control-flow region counted once,2463,flat circuit,,222.653132,"[227.171554, 222.653132, 220.83283, 224.242969, 222.227577]",qft,7727534,154676,85d92c0dc719c93279161459568e9dddb7f4fb9a5809e67fd29f006d7a25a400,2654162,numeric,19458,11328,5548,2462,8130,0,"{""rz"": 8130, ""sx"": 11328, ""cz"": 5548, ""measure"": 156}",core,329.70233,"[256.183398, 308.740379, 329.70233, 343.549341, 345.265883]",250.01171875,156,278,exported,1170.878081,"[1154.147209, 1172.675586, 1170.878081, 1173.226708, 1169.829718]",ibm_sxz_cz,618,"{""kind"": ""native_contract_only"", ""passed"": true, ""errors"": [], ""checked_instructions"": 25162, ""bindings"": 1, ""semantic_equivalence"": ""not checked at large width""}"
updated,core_qft_156,static: each control-flow region counted once,469,flat circuit,,19.75146,"[21.012095, 19.858213, 19.50221, 19.75146, 19.6737]",qft,7727534,154676,85d92c0dc719c93279161459568e9dddb7f4fb9a5809e67fd29f006d7a25a400,462549,numeric,465,232,2774,468,233,0,"{""rz"": 233, ""rx"": 232, ""rzz"": 2774, ""measure"": 156}",core,329.267329,"[255.803295, 309.978674, 329.267329, 343.334086, 345.236614]",235.78125,156,243,exported,972.591281,"[995.160448, 979.944849, 960.833617, 964.81061, 972.591281]",rxrz_rzz_unbounded,309,"{""kind"": ""native_contract_only"", ""passed"": true, ""errors"": [], ""checked_instructions"": 3395, ""bindings"": 1, ""semantic_equivalence"": ""not checked at large width""}"
updated,core_qft_24,static: each control-flow region counted once,73,flat circuit,,1.474054,"[1.963437, 1.619191, 1.474054, 1.441525, 1.425557]",qft,189922,4142,8cf0a6fd21d8e33a2b1bde61cd78b5a2e245a93bfdbc61b1a42a78fbf1e18a2d,52550,numeric,93,46,266,72,47,0,"{""rz"": 47, ""rx"": 46, ""rzz"": 266, ""measure"": 24}",core,5.066522,"[5.632035, 4.724181, 5.113035, 5.066522, 4.901496]",123.5703125,24,73,exported,21.239591,"[21.243288, 21.239591, 21.194743, 21.141541, 21.274456]",ibm_fractional_bounded,45,"{""kind"": ""native_contract_only"", ""passed"": true, ""errors"": [], ""checked_instructions"": 383, ""bindings"": 1, ""semantic_equivalence"": ""not checked at large width""}"
updated,core_qft_24,static: each control-flow region counted once,186,flat circuit,,7.6104,"[8.666239, 7.721489, 7.6104, 7.577263, 7.609968]",qft,189922,4142,8cf0a6fd21d8e33a2b1bde61cd78b5a2e245a93bfdbc61b1a42a78fbf1e18a2d,199850,numeric,863,34,532,185,829,0,"{""rz"": 829, ""sx"": 34, ""cx"": 532, ""measure"": 24}",core,5.009034,"[5.009034, 5.465648, 5.128475, 4.969209, 4.931176]",128.28125,24,72,exported,22.274262,"[22.274262, 22.351704, 22.242038, 22.313079, 22.243206]",ibm_sxz_cx,90,"{""kind"": ""native_contract_only"", ""passed"": true, ""errors"": [], ""checked_instructions"": 1419, ""bindings"": 1, ""semantic_equivalence"": ""not checked at large width""}"
updated,core_qft_24,static: each control-flow region counted once,351,flat circuit,,10.385048,"[11.456168, 10.583003, 10.322583, 10.294615, 10.385048]",qft,189922,4142,8cf0a6fd21d8e33a2b1bde61cd78b5a2e245a93bfdbc61b1a42a78fbf1e18a2d,256068,numeric,1902,1098,532,350,804,0,"{""rz"": 804, ""sx"": 1098, ""cz"": 532, ""measure"": 24}",core,5.036778,"[5.036778, 5.354447, 4.860695, 5.253405, 4.931625]",133.87890625,24,98,exported,30.98983,"[30.98983, 31.060168, 30.953798, 31.084296, 30.943365]",ibm_sxz_cz,90,"{""kind"": ""native_contract_only"", ""passed"": true, ""errors"": [], ""checked_instructions"": 2458, ""bindings"": 1, ""semantic_equivalence"": ""not checked at large width""}"
updated,core_qft_24,static: each control-flow region counted once,73,flat circuit,,2.163904,"[2.593286, 2.163904, 2.269329, 2.092463, 2.05915]",qft,189922,4142,8cf0a6fd21d8e33a2b1bde61cd78b5a2e245a93bfdbc61b1a42a78fbf1e18a2d,50868,numeric,69,34,266,72,35,0,"{""rz"": 35, ""gpi2"": 34, ""rzz"": 266, ""measure"": 24}",core,5.016522,"[5.661891, 4.805879, 5.175467, 5.016522, 4.868439]",123.90234375,24,88,exported,18.816275,"[18.895492, 18.763011, 18.816275, 18.826532, 18.77029]",ionq_fixed_r_zz,45,"{""kind"": ""native_contract_only"", ""passed"": true, ""errors"": [], ""checked_instructions"": 359, ""bindings"": 1, ""semantic_equivalence"": ""not checked at large width""}"
updated,core_qft_24,static: each control-flow region counted once,160,flat circuit,,6.889461,"[7.959141, 6.96743, 6.857877, 6.889461, 6.817092]",qft,189922,4142,8cf0a6fd21d8e33a2b1bde61cd78b5a2e245a93bfdbc61b1a42a78fbf1e18a2d,190697,numeric,567,567,532,159,0,0,"{""r"": 567, ""cz"": 532, ""measure"": 24}",core,5.53933,"[5.53933, 4.998233, 5.607907, 5.929239, 5.235548]",126.0234375,24,131,exported,29.197901,"[29.008346, 29.197901, 29.245517, 29.139836, 29.243165]",iqm_r_cz,90,"{""kind"": ""native_contract_only"", ""passed"": true, ""errors"": [], ""checked_instructions"": 1123, ""bindings"": 1, ""semantic_equivalence"": ""not checked at large width""}"
updated,core_qft_24,static: each control-flow region counted once,336,flat circuit,,16.753078,"[17.385742, 18.258619, 16.753078, 16.218429, 16.399008]",qft,189922,4142,8cf0a6fd21d8e33a2b1bde61cd78b5a2e245a93bfdbc61b1a42a78fbf1e18a2d,262798,numeric,1844,1098,532,335,746,0,"{""rz"": 746, ""rxpi2"": 1098, ""cz"": 532, ""measure"": 24}",core,5.026681,"[5.068906, 5.768388, 4.92532, 5.026681, 4.916568]",132.53515625,24,97,exported,32.636366,"[32.677422, 32.617853, 32.551804, 32.636366, 32.683791]",rigetti_rx_cz,90,"{""kind"": ""native_contract_only"", ""passed"": true, ""errors"": [], ""checked_instructions"": 2400, ""bindings"": 1, ""semantic_equivalence"": ""not checked at large width""}"
updated,core_qft_24,static: each control-flow region counted once,73,flat circuit,,1.608983,"[2.123135, 1.676793, 1.608983, 1.574583, 1.561495]",qft,189922,4142,8cf0a6fd21d8e33a2b1bde61cd78b5a2e245a93bfdbc61b1a42a78fbf1e18a2d,50317,numeric,69,34,266,72,35,0,"{""rz"": 35, ""rx"": 34, ""rzz"": 266, ""measure"": 24}",core,5.021033,"[5.021033, 4.704149, 5.255165, 5.494065, 4.886247]",123.578125,24,87,exported,18.623152,"[18.779668, 18.623152, 18.599681, 18.649265, 18.615969]",rxrz_rzz_unbounded,45,"{""kind"": ""native_contract_only"", ""passed"": true, ""errors"": [], ""checked_instructions"": 359, ""bindings"": 1, ""semantic_equivalence"": ""not checked at large width""}"
updated,core_qft_36,static: each control-flow region counted once,109,flat circuit,,2.580663,"[3.154107, 2.580663, 2.647831, 2.508038, 2.466693]",qft,424840,9236,d446df6065a0c00a75adf1bbc71a3307505e1ea5c5cdda105fd74f550303fe9a,91239,numeric,141,70,494,108,71,0,"{""rz"": 71, ""rx"": 70, ""rzz"": 494, ""measure"": 36}",core,10.480203,"[11.231793, 10.204105, 10.439402, 10.481707, 10.480203]",127.625,36,97,exported,47.848703,"[47.850415, 47.848703, 47.921648, 47.800975, 47.819247]",ibm_fractional_bounded,69,"{""kind"": ""native_contract_only"", ""passed"": true, ""errors"": [], ""checked_instructions"": 671, ""bindings"": 1, ""semantic_equivalence"": ""not checked at large width""}"
updated,core_qft_36,static: each control-flow region counted once,282,flat circuit,,16.349697,"[17.66562, 17.085723, 16.197039, 16.208543, 16.349697]",qft,424840,9236,d446df6065a0c00a75adf1bbc71a3307505e1ea5c5cdda105fd74f550303fe9a,372385,numeric,1601,52,988,281,1549,0,"{""rz"": 1549, ""sx"": 52, ""cx"": 988, ""measure"": 36}",core,11.815298,"[11.740033, 11.41987, 11.815298, 12.161896, 12.678543]",137.0234375,36,108,exported,49.602683,"[49.568811, 50.615705, 50.574552, 49.602683, 49.319383]",ibm_sxz_cx,138,"{""kind"": ""native_contract_only"", ""passed"": true, ""errors"": [], ""checked_instructions"": 2625, ""bindings"": 1, ""semantic_equivalence"": ""not checked at large width""}"
updated,core_qft_36,static: each control-flow region counted once,543,flat circuit,,23.308977,"[29.97934, 26.526573, 23.308977, 22.465573, 22.609191]",qft,424840,9236,d446df6065a0c00a75adf1bbc71a3307505e1ea5c5cdda105fd74f550303fe9a,471801,numeric,3498,2028,988,542,1470,0,"{""rz"": 1470, ""sx"": 2028, ""cz"": 988, ""measure"": 36}",core,11.546079,"[10.88655, 11.546079, 10.976647, 12.162584, 11.603823]",138.859375,36,134,exported,68.381021,"[68.640865, 68.271547, 68.275036, 68.381021, 71.94683]",ibm_sxz_cz,138,"{""kind"": ""native_contract_only"", ""passed"": true, ""errors"": [], ""checked_instructions"": 4522, ""bindings"": 1, ""semantic_equivalence"": ""not checked at large width""}"
updated,core_qft_36,static: each control-flow region counted once,109,flat circuit,,3.522352,"[4.250203, 3.787044, 3.522352, 3.5112, 3.510496]",qft,424840,9236,d446df6065a0c00a75adf1bbc71a3307505e1ea5c5cdda105fd74f550303fe9a,88073,numeric,105,52,494,108,53,0,"{""rz"": 53, ""gpi2"": 52, ""rzz"": 494, ""measure"": 36}",core,11.003543,"[10.806868, 11.234539, 11.103752, 10.91935, 11.003543]",127.83203125,36,112,exported,44.012636,"[47.981987, 46.668865, 44.012636, 43.861674, 43.541158]",ionq_fixed_r_zz,69,"{""kind"": ""native_contract_only"", ""passed"": true, ""errors"": [], ""checked_instructions"": 635, ""bindings"": 1, ""semantic_equivalence"": ""not checked at large width""}"
updated,core_qft_36,static: each control-flow region counted once,244,flat circuit,,13.957184,"[14.781147, 13.804718, 14.03293, 13.957184, 13.398088]",qft,424840,9236,d446df6065a0c00a75adf1bbc71a3307505e1ea5c5cdda105fd74f550303fe9a,352676,numeric,1041,1041,988,243,0,0,"{""r"": 1041, ""cz"": 988, ""measure"": 36}",core,10.559905,"[10.192956, 10.88671, 10.835222, 10.559905, 10.39768]",133.8984375,36,187,exported,62.259722,"[62.123544, 62.259722, 62.287979, 62.369356, 62.199321]",iqm_r_cz,138,"{""kind"": ""native_contract_only"", ""passed"": true, ""errors"": [], ""checked_instructions"": 2065, ""bindings"": 1, ""semantic_equivalence"": ""not checked at large width""}"
updated,core_qft_36,static: each control-flow region counted once,522,flat circuit,,32.691136,"[35.043777, 32.691136, 32.416765, 32.071592, 32.859202]",qft,424840,9236,d446df6065a0c00a75adf1bbc71a3307505e1ea5c5cdda105fd74f550303fe9a,485437,numeric,3416,2028,988,521,1388,0,"{""rz"": 1388, ""rxpi2"": 2028, ""cz"": 988, ""measure"": 36}",core,10.449375,"[11.156153, 10.329726, 10.419231, 10.504864, 10.449375]",144.05078125,36,133,exported,69.752893,"[69.71758, 69.856767, 69.885983, 69.752893, 69.521066]",rigetti_rx_cz,138,"{""kind"": ""native_contract_only"", ""passed"": true, ""errors"": [], ""checked_instructions"": 4440, ""bindings"": 1, ""semantic_equivalence"": ""not checked at large width""}"
updated,core_qft_36,static: each control-flow region counted once,109,flat circuit,,3.192268,"[3.718563, 3.223676, 3.192268, 3.082619, 3.053578]",qft,424840,9236,d446df6065a0c00a75adf1bbc71a3307505e1ea5c5cdda105fd74f550303fe9a,87377,numeric,105,52,494,108,53,0,"{""rz"": 53, ""rx"": 52, ""rzz"": 494, ""measure"": 36}",core,13.845247,"[13.517818, 12.829888, 13.845247, 14.156563, 14.157891]",127.51953125,36,111,exported,47.923394,"[52.9546, 47.923394, 49.558201, 46.155386, 43.321876]",rxrz_rzz_unbounded,69,"{""kind"": ""native_contract_only"", ""passed"": true, ""errors"": [], ""checked_instructions"": 635, ""bindings"": 1, ""semantic_equivalence"": ""not checked at large width""}"
updated,core_qft_54,static: each control-flow region counted once,163,flat circuit,,4.176052,"[5.130879, 4.330086, 4.176052, 4.122723, 4.112483]",qft,949645,20648,cabc9c18667ab2f1842cee879472a35c9c85464808583b2fcd975bf50b133308,150109,numeric,213,106,836,162,107,0,"{""rz"": 107, ""rx"": 106, ""rzz"": 836, ""measure"": 54}",core,24.554209,"[22.817067, 24.077787, 24.554209, 25.216985, 25.344283]",133.5703125,54,128,exported,112.290321,"[116.05213, 112.56455, 112.246289, 112.195505, 112.290321]",ibm_fractional_bounded,105,"{""kind"": ""native_contract_only"", ""passed"": true, ""errors"": [], ""checked_instructions"": 1103, ""bindings"": 1, ""semantic_equivalence"": ""not checked at large width""}"
updated,core_qft_54,static: each control-flow region counted once,426,flat circuit,,30.796432,"[32.825721, 31.202276, 30.535756, 30.796432, 30.689422]",qft,949645,20648,cabc9c18667ab2f1842cee879472a35c9c85464808583b2fcd975bf50b133308,628593,numeric,2701,79,1672,425,2622,0,"{""rz"": 2622, ""sx"": 79, ""cx"": 1672, ""measure"": 54}",core,25.253867,"[23.251154, 24.592642, 25.253867, 25.99842, 25.828642]",144.83203125,54,149,exported,118.01651,"[116.455643, 118.01651, 119.480688, 119.004106, 117.942124]",ibm_sxz_cx,210,"{""kind"": ""native_contract_only"", ""passed"": true, ""errors"": [], ""checked_instructions"": 4427, ""bindings"": 1, ""semantic_equivalence"": ""not checked at large width""}"
updated,core_qft_54,static: each control-flow region counted once,831,flat circuit,,42.923781,"[43.692799, 42.278766, 42.174716, 42.923781, 45.217874]",qft,949645,20648,cabc9c18667ab2f1842cee879472a35c9c85464808583b2fcd975bf50b133308,795808,numeric,5892,3423,1672,830,2469,0,"{""rz"": 2469, ""sx"": 3423, ""cz"": 1672, ""measure"": 54}",core,25.379868,"[23.154176, 24.591058, 25.379868, 26.152806, 26.006116]",144.71484375,54,175,exported,150.656897,"[150.06825, 152.013971, 150.042826, 150.909877, 150.656897]",ibm_sxz_cz,210,"{""kind"": ""native_contract_only"", ""passed"": true, ""errors"": [], ""checked_instructions"": 7618, ""bindings"": 1, ""semantic_equivalence"": ""not checked at large width""}"
updated,core_qft_54,static: each control-flow region counted once,163,flat circuit,,5.868488,"[6.983543, 6.133388, 5.868488, 5.855625, 5.756679]",qft,949645,20648,cabc9c18667ab2f1842cee879472a35c9c85464808583b2fcd975bf50b133308,145413,numeric,159,79,836,162,80,0,"{""rz"": 80, ""gpi2"": 79, ""rzz"": 836, ""measure"": 54}",core,25.243321,"[23.165439, 24.442256, 25.243321, 25.850177, 30.089125]",133.74609375,54,141,exported,104.154091,"[104.683026, 104.335838, 104.154091, 103.4805, 103.120239]",ionq_fixed_r_zz,105,"{""kind"": ""native_contract_only"", ""passed"": true, ""errors"": [], ""checked_instructions"": 1049, ""bindings"": 1, ""semantic_equivalence"": ""not checked at large width""}"
updated,core_qft_54,static: each control-flow region counted once,370,flat circuit,,27.859291,"[28.965673, 28.014189, 27.283812, 27.859291, 27.005761]",qft,949645,20648,cabc9c18667ab2f1842cee879472a35c9c85464808583b2fcd975bf50b133308,593617,numeric,1752,1752,1672,369,0,0,"{""r"": 1752, ""cz"": 1672, ""measure"": 54}",core,25.535022,"[23.460677, 24.634835, 25.535022, 26.253592, 26.364536]",143.2421875,54,252,exported,144.716284,"[142.700307, 147.834019, 146.283743, 144.716284, 143.721151]",iqm_r_cz,210,"{""kind"": ""native_contract_only"", ""passed"": true, ""errors"": [], ""checked_instructions"": 3478, ""bindings"": 1, ""semantic_equivalence"": ""not checked at large width""}"
updated,core_qft_54,static: each control-flow region counted once,810,flat circuit,,61.741197,"[62.080033, 61.38932, 61.804334, 61.305463, 61.741197]",qft,949645,20648,cabc9c18667ab2f1842cee879472a35c9c85464808583b2fcd975bf50b133308,823147,numeric,5774,3423,1672,809,2351,0,"{""rz"": 2351, ""rxpi2"": 3423, ""cz"": 1672, ""measure"": 54}",core,25.051319,"[23.193391, 24.414303, 25.051319, 25.558797, 25.97333]",151.0390625,54,174,exported,153.159562,"[152.553251, 153.595136, 153.399725, 153.101993, 153.159562]",rigetti_rx_cz,210,"{""kind"": ""native_contract_only"", ""passed"": true, ""errors"": [], ""checked_instructions"": 7500, ""bindings"": 1, ""semantic_equivalence"": ""not checked at large width""}"
updated,core_qft_54,static: each control-flow region counted once,163,flat circuit,,4.628233,"[5.561061, 4.823852, 4.628233, 4.551497, 4.531608]",qft,949645,20648,cabc9c18667ab2f1842cee879472a35c9c85464808583b2fcd975bf50b133308,144503,numeric,159,79,836,162,80,0,"{""rz"": 80, ""rx"": 79, ""rzz"": 836, ""measure"": 54}",core,24.913382,"[23.135248, 24.159724, 24.913382, 25.384028, 25.406523]",133.4765625,54,140,exported,103.71044,"[104.184959, 102.766926, 103.488293, 103.864426, 103.71044]",rxrz_rzz_unbounded,105,"{""kind"": ""native_contract_only"", ""passed"": true, ""errors"": [], ""checked_instructions"": 1049, ""bindings"": 1, ""semantic_equivalence"": ""not checked at large width""}"
updated,core_qft_adder_104,static: each control-flow region counted once,1132,flat circuit,,13.798437,"[15.148673, 14.061272, 13.798437, 13.703333, 13.631012]",qft_adder,2677182,57620,30d26e33ef32512f1b131cbe967c67c127cd6a9f757b0b64314117d335696e6c,427783,numeric,619,309,2446,1131,310,0,"{""rz"": 310, ""rx"": 309, ""rzz"": 2446, ""measure"": 104}",core,86.532497,"[74.2562, 82.655679, 86.532497, 88.176062, 88.274415]",176.75390625,104,275,exported,354.790586,"[352.016802, 355.812242, 353.255532, 356.642745, 354.790586]",ibm_fractional_bounded,920,"{""kind"": ""native_contract_only"", ""passed"": true, ""errors"": [], ""checked_instructions"": 3169, ""bindings"": 1, ""semantic_equivalence"": ""not checked at large width""}"
updated,core_qft_adder_104,static: each control-flow region counted once,3786,flat circuit,,113.400024,"[113.720378, 112.512176, 113.400024, 113.994588, 110.986179]",qft_adder,2677182,57620,30d26e33ef32512f1b131cbe967c67c127cd6a9f757b0b64314117d335696e6c,1810851,numeric,7760,258,4840,3785,7502,0,"{""x"": 54, ""rz"": 7502, ""sx"": 204, ""cx"": 4840, ""measure"": 104}",core,86.914054,"[74.211578, 82.092445, 86.914054, 88.407266, 88.064416]",182.03515625,104,294,exported,376.314508,"[362.386965, 376.401037, 374.166042, 377.468565, 376.314508]",ibm_sxz_cx,1838,"{""kind"": ""native_contract_only"", ""passed"": true, ""errors"": [], ""checked_instructions"": 12704, ""bindings"": 1, ""semantic_equivalence"": ""not checked at large width""}"
updated,core_qft_adder_104,static: each control-flow region counted once,7829,flat circuit,,150.727892,"[163.162366, 151.717677, 148.953142, 150.01867, 150.727892]",qft_adder,2677182,57620,30d26e33ef32512f1b131cbe967c67c127cd6a9f757b0b64314117d335696e6c,2271394,numeric,16370,9713,4840,7828,6657,0,"{""x"": 71, ""rz"": 6657, ""sx"": 9642, ""cz"": 4840, ""measure"": 104}",core,85.373384,"[74.653485, 82.473135, 85.373384, 87.017974, 87.449786]",197.96484375,104,302,exported,505.749479,"[496.738011, 501.757093, 506.173627, 507.197955, 505.749479]",ibm_sxz_cz,1838,"{""kind"": ""native_contract_only"", ""passed"": true, ""errors"": [], ""checked_instructions"": 21314, ""bindings"": 1, ""semantic_equivalence"": ""not checked at large width""}"
updated,core_qft_adder_104,static: each control-flow region counted once,1132,flat circuit,,15.496292,"[16.580558, 15.661989, 15.496292, 15.130033, 15.099872]",qft_adder,2677182,57620,30d26e33ef32512f1b131cbe967c67c127cd6a9f757b0b64314117d335696e6c,410497,numeric,517,258,2446,1131,259,0,"{""rz"": 259, ""rx"": 258, ""rzz"": 2446, ""measure"": 104}",core,85.540216,"[73.203679, 81.331813, 85.540216, 87.711691, 87.62449]",176.78515625,104,273,exported,329.724295,"[334.442784, 329.724295, 329.264387, 330.418701, 329.599974]",rxrz_rzz_unbounded,920,"{""kind"": ""native_contract_only"", ""passed"": true, ""errors"": [], ""checked_instructions"": 3067, ""bindings"": 1, ""semantic_equivalence"": ""not checked at large width""}"
updated,core_qft_adder_156,static: each control-flow region counted once,1782,flat circuit,,25.467984,"[27.279871, 25.590401, 25.278384, 25.467984, 25.264031]",qft_adder,5973137,125857,be4dc2fe4f6e0100e3aac49682c8970dc5f44ce3e30ef7aee189c5e75f874969,679053,numeric,931,465,3954,1781,466,0,"{""rz"": 466, ""rx"": 465, ""rzz"": 3954, ""measure"": 156}",core,242.744359,"[188.356041, 223.950125, 242.744359, 243.632638, 246.807736]",243.3515625,156,327,exported,881.115033,"[881.115033, 875.175048, 894.615367, 881.858142, 865.278965]",ibm_fractional_bounded,1466,"{""kind"": ""native_contract_only"", ""passed"": true, ""errors"": [], ""checked_instructions"": 5041, ""bindings"": 1, ""semantic_equivalence"": ""not checked at large width""}"
updated,core_qft_adder_156,static: each control-flow region counted once,6022,flat circuit,,222.735287,"[223.550798, 222.510645, 220.529798, 222.735287, 223.628815]",qft_adder,5973137,125857,be4dc2fe4f6e0100e3aac49682c8970dc5f44ce3e30ef7aee189c5e75f874969,2952882,numeric,12518,388,7830,6021,12130,0,"{""x"": 80, ""rz"": 12130, ""sx"": 308, ""cx"": 7830, ""measure"": 156}",core,242.562348,"[189.233237, 224.416678, 242.562348, 248.712862, 249.214371]",255.05859375,156,346,exported,914.226287,"[894.317805, 909.924444, 920.170656, 914.226287, 926.484435]",ibm_sxz_cx,2930,"{""kind"": ""native_contract_only"", ""passed"": true, ""errors"": [], ""checked_instructions"": 20504, ""bindings"": 1, ""semantic_equivalence"": ""not checked at large width""}"
updated,core_qft_adder_156,static: each control-flow region counted once,12535,flat circuit,,310.806488,"[307.131498, 308.268708, 311.652671, 313.713665, 310.806488]",qft_adder,5973137,125857,be4dc2fe4f6e0100e3aac49682c8970dc5f44ce3e30ef7aee189c5e75f874969,3692454,numeric,26510,15719,7830,12534,10791,0,"{""x"": 97, ""rz"": 10791, ""sx"": 15622, ""cz"": 7830, ""measure"": 156}",core,242.321144,"[191.456454, 225.009625, 242.321144, 251.298369, 260.56587]",267.421875,156,354,exported,1194.513318,"[1151.876345, 1194.513318, 1187.224634, 1197.629422, 1204.2973]",ibm_sxz_cz,2930,"{""kind"": ""native_contract_only"", ""passed"": true, ""errors"": [], ""checked_instructions"": 34496, ""bindings"": 1, ""semantic_equivalence"": ""not checked at large width""}"
updated,core_qft_adder_156,static: each control-flow region counted once,1782,flat circuit,,28.247864,"[29.849813, 28.165335, 28.078743, 28.296664, 28.247864]",qft_adder,5973137,125857,be4dc2fe4f6e0100e3aac49682c8970dc5f44ce3e30ef7aee189c5e75f874969,652348,numeric,777,388,3954,1781,389,0,"{""rz"": 389, ""rx"": 388, ""rzz"": 3954, ""measure"": 156}",core,243.559071,"[190.223258, 225.327242, 243.559071, 246.6358, 251.579297]",243.265625,156,325,exported,849.583132,"[865.097452, 842.105455, 849.583132, 858.238802, 848.78306]",rxrz_rzz_unbounded,1466,"{""kind"": ""native_contract_only"", ""passed"": true, ""errors"": [], ""checked_instructions"": 4887, ""bindings"": 1, ""semantic_equivalence"": ""not checked at large width""}"
updated,core_qft_adder_24,static: each control-flow region counted once,152,flat circuit,,1.404211,"[1.925947, 1.447493, 1.404211, 1.37034, 1.356211]",qft_adder,147968,3220,9008e35287e6a72ff77ade60f12ca6428204b4494da14186863c47d8733a277d,47390,numeric,139,69,210,151,70,0,"{""rz"": 70, ""rx"": 69, ""rzz"": 210, ""measure"": 24}",core,4.129002,"[4.129002, 4.186123, 4.491759, 4.000216, 3.955032]",123.22265625,24,72,exported,15.568795,"[15.660588, 15.568795, 15.518042, 15.494474, 15.590876]",ibm_fractional_bounded,100,"{""kind"": ""native_contract_only"", ""passed"": true, ""errors"": [], ""checked_instructions"": 373, ""bindings"": 1, ""semantic_equivalence"": ""not checked at large width""}"
updated,core_qft_adder_24,static: each control-flow region counted once,426,flat circuit,,5.886579,"[6.851025, 6.045637, 5.886579, 5.858098, 5.852562]",qft_adder,147968,3220,9008e35287e6a72ff77ade60f12ca6428204b4494da14186863c47d8733a277d,156132,numeric,708,58,408,425,650,0,"{""x"": 14, ""rz"": 650, ""sx"": 44, ""cx"": 408, ""measure"": 24}",core,4.086042,"[4.086042, 3.856966, 3.987944, 4.396974, 4.790579]",125.28515625,24,51,exported,16.768476,"[16.851917, 16.843213, 16.735307, 16.768476, 16.64817]",ibm_sxz_cx,198,"{""kind"": ""native_contract_only"", ""passed"": true, ""errors"": [], ""checked_instructions"": 1140, ""bindings"": 1, ""semantic_equivalence"": ""not checked at large width""}"
updated,core_qft_adder_24,static: each control-flow region counted once,786,flat circuit,,7.441657,"[8.365526, 7.554826, 7.441657, 7.379959, 7.429641]",qft_adder,147968,3220,9008e35287e6a72ff77ade60f12ca6428204b4494da14186863c47d8733a277d,189983,numeric,1340,817,408,785,523,0,"{""x"": 23, ""rz"": 523, ""sx"": 794, ""cz"": 408, ""measure"": 24}",core,4.185387,"[4.185387, 4.257515, 3.889415, 4.663554, 4.017832]",126.04296875,24,77,exported,23.254135,"[23.33108, 23.254135, 23.184662, 23.317175, 23.171589]",ibm_sxz_cz,198,"{""kind"": ""native_contract_only"", ""passed"": true, ""errors"": [], ""checked_instructions"": 1772, ""bindings"": 1, ""semantic_equivalence"": ""not checked at large width""}"
updated,core_qft_adder_24,static: each control-flow region counted once,130,flat circuit,,2.204815,"[2.730727, 2.412114, 2.204815, 2.184094, 2.178223]",qft_adder,147968,3220,9008e35287e6a72ff77ade60f12ca6428204b4494da14186863c47d8733a277d,44238,numeric,84,58,210,129,26,0,"{""gpi"": 34, ""rz"": 26, ""gpi2"": 24, ""rzz"": 210, ""measure"": 24}",core,4.152779,"[4.152779, 4.201899, 4.529103, 4.008105, 4.001816]",123.8046875,24,85,exported,14.23796,"[14.348985, 14.262328, 14.194232, 14.188567, 14.23796]",ionq_fixed_r_zz,100,"{""kind"": ""native_contract_only"", ""passed"": true, ""errors"": [], ""checked_instructions"": 318, ""bindings"": 1, ""semantic_equivalence"": ""not checked at large width""}"
updated,core_qft_adder_24,static: each control-flow region counted once,387,flat circuit,,5.29281,"[6.10447, 5.395403, 5.280443, 5.29281, 5.249834]",qft_adder,147968,3220,9008e35287e6a72ff77ade60f12ca6428204b4494da14186863c47d8733a277d,148919,numeric,432,432,408,386,0,0,"{""r"": 432, ""cz"": 408, ""measure"": 24}",core,4.194075,"[4.194075, 3.909863, 4.40443, 4.494479, 4.07857]",124.94140625,24,135,exported,21.371037,"[21.417965, 21.34934, 21.371037, 21.371405, 21.30502]",iqm_r_cz,198,"{""kind"": ""native_contract_only"", ""passed"": true, ""errors"": [], ""checked_instructions"": 864, ""bindings"": 1, ""semantic_equivalence"": ""not checked at large width""}"
updated,core_qft_adder_24,static: each control-flow region counted once,815,flat circuit,,12.450287,"[13.075448, 13.721472, 12.450287, 12.084409, 11.971]",qft_adder,147968,3220,9008e35287e6a72ff77ade60f12ca6428204b4494da14186863c47d8733a277d,198506,numeric,1350,817,408,814,533,0,"{""rxpi"": 23, ""rz"": 533, ""rxpi2"": 794, ""cz"": 408, ""measure"": 24}",core,4.103738,"[4.103738, 3.919063, 4.279868, 4.025897, 4.660737]",127.59375,24,79,exported,24.153123,"[24.153123, 24.223668, 24.163124, 24.140131, 24.094562]",rigetti_rx_cz,198,"{""kind"": ""native_contract_only"", ""passed"": true, ""errors"": [], ""checked_instructions"": 1782, ""bindings"": 1, ""semantic_equivalence"": ""not checked at large width""}"
updated,core_qft_adder_24,static: each control-flow region counted once,152,flat circuit,,1.545494,"[2.063293, 1.605911, 1.545494, 1.521301, 1.512501]",qft_adder,147968,3220,9008e35287e6a72ff77ade60f12ca6428204b4494da14186863c47d8733a277d,45671,numeric,117,58,210,151,59,0,"{""rz"": 59, ""rx"": 58, ""rzz"": 210, ""measure"": 24}",core,4.09233,"[4.538208, 3.960056, 3.963623, 4.09233, 4.654833]",123.3046875,24,88,exported,14.402219,"[14.466619, 14.381258, 14.402219, 14.344249, 14.407146]",rxrz_rzz_unbounded,100,"{""kind"": ""native_contract_only"", ""passed"": true, ""errors"": [], ""checked_instructions"": 351, ""bindings"": 1, ""semantic_equivalence"": ""not checked at large width""}"
updated,core_qft_adder_36,static: each control-flow region counted once,281,flat circuit,,2.682674,"[3.32249, 2.741939, 2.682674, 2.609553, 2.598769]",qft_adder,326784,7096,cd43e150a57e3ce028cb0a9157c2c567fad375ff5695ae00ae11cc2abf6aa507,93641,numeric,211,105,477,280,106,0,"{""rz"": 106, ""rx"": 105, ""rzz"": 477, ""measure"": 36}",core,8.503516,"[8.366011, 9.382903, 8.4887, 8.544365, 8.503516]",127.08984375,36,108,exported,35.2696,"[35.335489, 35.2696, 35.318865, 35.197904, 35.195231]",ibm_fractional_bounded,205,"{""kind"": ""native_contract_only"", ""passed"": true, ""errors"": [], ""checked_instructions"": 724, ""bindings"": 1, ""semantic_equivalence"": ""not checked at large width""}"
updated,core_qft_adder_36,static: each control-flow region counted once,858,flat circuit,,14.668155,"[15.582535, 14.63281, 15.054544, 14.567993, 14.668155]",qft_adder,326784,7096,cd43e150a57e3ce028cb0a9157c2c567fad375ff5695ae00ae11cc2abf6aa507,352446,numeric,1551,88,936,857,1463,0,"{""x"": 20, ""rz"": 1463, ""sx"": 68, ""cx"": 936, ""measure"": 36}",core,8.772832,"[8.772832, 9.025331, 8.424715, 8.651086, 9.336438]",134.47265625,36,75,exported,38.386329,"[39.676153, 38.502762, 38.203607, 38.386329, 38.196359]",ibm_sxz_cx,408,"{""kind"": ""native_contract_only"", ""passed"": true, ""errors"": [], ""checked_instructions"": 2523, ""bindings"": 1, ""semantic_equivalence"": ""not checked at large width""}"
updated,core_qft_adder_36,static: each control-flow region counted once,1670,flat circuit,,19.428663,"[21.120637, 19.776524, 19.389062, 19.423143, 19.428663]",qft_adder,326784,7096,cd43e150a57e3ce028cb0a9157c2c567fad375ff5695ae00ae11cc2abf6aa507,435707,numeric,3132,1873,936,1669,1259,0,"{""x"": 35, ""rz"": 1259, ""sx"": 1838, ""cz"": 936, ""measure"": 36}",core,8.480716,"[8.761503, 8.166904, 8.43822, 8.480716, 8.513404]",135.77734375,36,114,exported,53.786492,"[53.703275, 54.055104, 53.786492, 53.966478, 53.633354]",ibm_sxz_cz,408,"{""kind"": ""native_contract_only"", ""passed"": true, ""errors"": [], ""checked_instructions"": 4104, ""bindings"": 1, ""semantic_equivalence"": ""not checked at large width""}"
updated,core_qft_adder_36,static: each control-flow region counted once,247,flat circuit,,4.021091,"[4.822669, 4.170276, 4.004707, 4.021091, 3.892802]",qft_adder,326784,7096,cd43e150a57e3ce028cb0a9157c2c567fad375ff5695ae00ae11cc2abf6aa507,88167,numeric,126,88,477,246,38,0,"{""gpi"": 52, ""rz"": 38, ""gpi2"": 36, ""rzz"": 477, ""measure"": 36}",core,8.424699,"[8.295881, 9.225446, 8.304873, 8.443468, 8.424699]",127.71484375,36,127,exported,32.557598,"[32.487133, 32.973843, 32.557598, 32.188777, 33.012579]",ionq_fixed_r_zz,205,"{""kind"": ""native_contract_only"", ""passed"": true, ""errors"": [], ""checked_instructions"": 639, ""bindings"": 1, ""semantic_equivalence"": ""not checked at large width""}"
updated,core_qft_adder_36,static: each control-flow region counted once,801,flat circuit,,13.138423,"[14.055955, 13.046422, 13.138423, 13.270858, 13.083814]",qft_adder,326784,7096,cd43e150a57e3ce028cb0a9157c2c567fad375ff5695ae00ae11cc2abf6aa507,335373,numeric,972,972,936,800,0,0,"{""r"": 972, ""cz"": 936, ""measure"": 36}",core,8.34441,"[9.269318, 8.14284, 8.312666, 8.34441, 8.386619]",128.95703125,36,212,exported,49.711849,"[49.755274, 49.711849, 49.598696, 49.794667, 49.639368]",iqm_r_cz,408,"{""kind"": ""native_contract_only"", ""passed"": true, ""errors"": [], ""checked_instructions"": 1944, ""bindings"": 1, ""semantic_equivalence"": ""not checked at large width""}"
updated,core_qft_adder_36,static: each control-flow region counted once,1759,flat circuit,,30.781239,"[33.221446, 30.781239, 30.750167, 30.290576, 31.859556]",qft_adder,326784,7096,cd43e150a57e3ce028cb0a9157c2c567fad375ff5695ae00ae11cc2abf6aa507,454147,numeric,3142,1873,936,1758,1269,0,"{""rxpi"": 35, ""rz"": 1269, ""rxpi2"": 1838, ""cz"": 936, ""measure"": 36}",core,8.504844,"[8.431643, 8.974834, 9.133269, 8.504844, 8.458363]",142.84765625,36,122,exported,56.773809,"[56.788594, 56.890899, 56.700929, 56.773809, 56.700112]",rigetti_rx_cz,408,"{""kind"": ""native_contract_only"", ""passed"": true, ""errors"": [], ""checked_instructions"": 4114, ""bindings"": 1, ""semantic_equivalence"": ""not checked at large width""}"
updated,core_qft_adder_36,static: each control-flow region counted once,281,flat circuit,,3.028087,"[3.714479, 3.085143, 3.028087, 2.932485, 2.910405]",qft_adder,326784,7096,cd43e150a57e3ce028cb0a9157c2c567fad375ff5695ae00ae11cc2abf6aa507,90603,numeric,177,88,477,280,89,0,"{""rz"": 89, ""rx"": 88, ""rzz"": 477, ""measure"": 36}",core,8.570109,"[8.570109, 8.727471, 9.645834, 8.540285, 8.561421]",127.06640625,36,133,exported,32.314427,"[32.382492, 32.365564, 32.281866, 32.278315, 32.314427]",rxrz_rzz_unbounded,205,"{""kind"": ""native_contract_only"", ""passed"": true, ""errors"": [], ""checked_instructions"": 690, ""bindings"": 1, ""semantic_equivalence"": ""not checked at large width""}"
updated,core_qft_adder_54,static: each control-flow region counted once,507,flat circuit,,5.067689,"[5.959314, 5.255835, 5.05268, 5.067689, 5.01812]",qft_adder,725232,15745,1583a385f792f2ab191d2ba23ea897bf1c3693e294c6213d75358aeef62655fe,181674,numeric,319,159,996,506,160,0,"{""rz"": 160, ""rx"": 159, ""rzz"": 996, ""measure"": 54}",core,18.115516,"[17.751592, 17.766055, 18.115516, 18.174764, 18.661633]",130.4296875,54,161,exported,81.643028,"[82.096106, 81.150207, 81.643028, 81.386577, 81.912742]",ibm_fractional_bounded,395,"{""kind"": ""native_contract_only"", ""passed"": true, ""errors"": [], ""checked_instructions"": 1369, ""bindings"": 1, ""semantic_equivalence"": ""not checked at large width""}"
updated,core_qft_adder_54,static: each control-flow region counted once,1636,flat circuit,,33.197253,"[34.929769, 33.580649, 33.028676, 33.197253, 33.122916]",qft_adder,725232,15745,1583a385f792f2ab191d2ba23ea897bf1c3693e294c6213d75358aeef62655fe,735320,numeric,3185,133,1965,1635,3052,0,"{""x"": 29, ""rz"": 3052, ""sx"": 104, ""cx"": 1965, ""measure"": 54}",core,18.491248,"[18.28515, 18.699538, 18.35675, 18.598498, 18.491248]",145.9453125,54,136,exported,89.858835,"[89.06385, 90.434345, 89.685328, 90.455817, 89.858835]",ibm_sxz_cx,788,"{""kind"": ""native_contract_only"", ""passed"": true, ""errors"": [], ""checked_instructions"": 5204, ""bindings"": 1, ""semantic_equivalence"": ""not checked at large width""}"
updated,core_qft_adder_54,static: each control-flow region counted once,3304,flat circuit,,45.520287,"[47.665847, 45.263597, 45.520287, 45.533519, 45.495551]",qft_adder,725232,15745,1583a385f792f2ab191d2ba23ea897bf1c3693e294c6213d75358aeef62655fe,913083,numeric,6620,3938,1965,3303,2682,0,"{""x"": 46, ""rz"": 2682, ""sx"": 3892, ""cz"": 1965, ""measure"": 54}",core,18.567424,"[18.49816, 18.131628, 18.567424, 18.741171, 18.893636]",154.84765625,54,170,exported,125.543523,"[125.119886, 125.714661, 125.543523, 125.491922, 126.056808]",ibm_sxz_cz,788,"{""kind"": ""native_contract_only"", ""passed"": true, ""errors"": [], ""checked_instructions"": 8639, ""bindings"": 1, ""semantic_equivalence"": ""not checked at large width""}"
updated,core_qft_adder_54,static: each control-flow region counted once,461,flat circuit,,7.219985,"[8.154684, 7.560645, 7.219985, 7.210992, 7.190049]",qft_adder,725232,15745,1583a385f792f2ab191d2ba23ea897bf1c3693e294c6213d75358aeef62655fe,171454,numeric,195,133,996,460,62,0,"{""gpi"": 79, ""rz"": 62, ""gpi2"": 54, ""rzz"": 996, ""measure"": 54}",core,18.40427,"[18.40427, 17.980186, 18.216588, 18.459455, 18.581121]",131.31640625,54,167,exported,75.534895,"[75.814354, 74.901352, 75.551936, 75.534895, 75.464078]",ionq_fixed_r_zz,395,"{""kind"": ""native_contract_only"", ""passed"": true, ""errors"": [], ""checked_instructions"": 1245, ""bindings"": 1, ""semantic_equivalence"": ""not checked at large width""}"
updated,core_qft_adder_54,static: each control-flow region counted once,1552,flat circuit,,30.514167,"[30.920828, 30.51524, 29.941665, 30.514167, 30.246548]",qft_adder,725232,15745,1583a385f792f2ab191d2ba23ea897bf1c3693e294c6213d75358aeef62655fe,695402,numeric,2019,2019,1965,1551,0,0,"{""r"": 2019, ""cz"": 1965, ""measure"": 54}",core,18.283438,"[18.272861, 18.019994, 18.283438, 18.782788, 18.679154]",143.1015625,54,323,exported,116.614656,"[116.215548, 116.875363, 116.614656, 117.61382, 116.480046]",iqm_r_cz,788,"{""kind"": ""native_contract_only"", ""passed"": true, ""errors"": [], ""checked_instructions"": 4038, ""bindings"": 1, ""semantic_equivalence"": ""not checked at large width""}"
updated,core_qft_adder_54,static: each control-flow region counted once,3483,flat circuit,,68.275405,"[69.903743, 68.275405, 67.765144, 68.982181, 67.882072]",qft_adder,725232,15745,1583a385f792f2ab191d2ba23ea897bf1c3693e294c6213d75358aeef62655fe,958166,numeric,6684,3938,1965,3482,2746,0,"{""rxpi"": 46, ""rz"": 2746, ""rxpi2"": 3892, ""cz"": 1965, ""measure"": 54}",core,18.701873,"[18.721682, 18.115803, 18.535408, 18.701873, 18.731906]",166.15625,54,183,exported,131.289167,"[130.677993, 132.022456, 131.289167, 131.478865, 131.068301]",rigetti_rx_cz,788,"{""kind"": ""native_contract_only"", ""passed"": true, ""errors"": [], ""checked_instructions"": 8703, ""bindings"": 1, ""semantic_equivalence"": ""not checked at large width""}"
updated,core_qft_adder_54,static: each control-flow region counted once,507,flat circuit,,5.699968,"[6.577306, 5.942771, 5.699968, 5.645247, 5.600559]",qft_adder,725232,15745,1583a385f792f2ab191d2ba23ea897bf1c3693e294c6213d75358aeef62655fe,175673,numeric,267,133,996,506,134,0,"{""rz"": 134, ""rx"": 133, ""rzz"": 996, ""measure"": 54}",core,18.426831,"[18.311358, 18.297181, 18.426831, 18.753747, 18.760994]",130.421875,54,179,exported,76.229928,"[76.344505, 76.186135, 76.434202, 76.077366, 76.229928]",rxrz_rzz_unbounded,395,"{""kind"": ""native_contract_only"", ""passed"": true, ""errors"": [], ""checked_instructions"": 1317, ""bindings"": 1, ""semantic_equivalence"": ""not checked at large width""}"
updated,core_qpe_104,static: each control-flow region counted once,1975,flat circuit,,10.085121,"[11.583101, 10.295266, 10.085121, 10.013777, 9.908863]",qpe,3473950,71951,d48d9f5e3627140da03a5660cb95c35763ac36c287286e6a66be8336c1bd625c,309620,numeric,417,209,1770,1974,208,0,"{""rz"": 208, ""rx"": 208, ""x"": 1, ""rzz"": 1770, ""measure"": 103}",core,117.543679,"[98.145124, 111.15038, 117.543679, 120.444679, 121.076891]",182.0,104,179,exported,397.305108,"[396.560478, 397.467957, 397.305108, 394.130522, 398.48995]",ibm_fractional_bounded,1767,"{""kind"": ""native_contract_only"", ""passed"": true, ""errors"": [], ""checked_instructions"": 2290, ""bindings"": 1, ""semantic_equivalence"": ""not checked at large width""}"
updated,core_qpe_104,static: each control-flow region counted once,7276,flat circuit,,80.896922,"[82.619801, 81.442686, 80.896922, 80.64708, 80.749385]",qpe,3473950,71951,d48d9f5e3627140da03a5660cb95c35763ac36c287286e6a66be8336c1bd625c,1331697,numeric,5825,207,3539,7275,5618,0,"{""rz"": 5618, ""sx"": 206, ""x"": 1, ""cx"": 3539, ""measure"": 103}",core,118.234573,"[97.914781, 110.766316, 118.234573, 119.551832, 121.266598]",187.33984375,104,204,exported,428.475618,"[424.628128, 428.475618, 428.713219, 428.54797, 426.594049]",ibm_sxz_cx,3534,"{""kind"": ""native_contract_only"", ""passed"": true, ""errors"": [], ""checked_instructions"": 9467, ""bindings"": 1, ""semantic_equivalence"": ""not checked at large width""}"
updated,core_qpe_104,static: each control-flow region counted once,15382,flat circuit,,116.067492,"[116.067492, 118.812764, 121.382578, 115.078059, 115.256029]",qpe,3473950,71951,d48d9f5e3627140da03a5660cb95c35763ac36c287286e6a66be8336c1bd625c,1670885,numeric,12265,7261,3539,15381,5004,0,"{""rz"": 5004, ""sx"": 7242, ""cz"": 3539, ""x"": 19, ""measure"": 103}",core,183.82214,"[183.82214, 217.811071, 226.999263, 178.256795, 128.21715]",188.765625,104,181,exported,519.878912,"[517.924513, 516.124737, 522.313749, 519.878912, 530.062839]",ibm_sxz_cz,3534,"{""kind"": ""native_contract_only"", ""passed"": true, ""errors"": [], ""checked_instructions"": 15907, ""bindings"": 1, ""semantic_equivalence"": ""not checked at large width""}"
updated,core_qpe_104,static: each control-flow region counted once,1975,flat circuit,,11.437682,"[12.932175, 11.743428, 11.404354, 11.312385, 11.437682]",qpe,3473950,71951,d48d9f5e3627140da03a5660cb95c35763ac36c287286e6a66be8336c1bd625c,304711,numeric,415,207,1770,1974,208,0,"{""rz"": 208, ""rx"": 207, ""rzz"": 1770, ""measure"": 103}",core,119.985573,"[98.753872, 111.199658, 122.306649, 119.985573, 124.301931]",182.09375,104,198,exported,401.242945,"[401.242945, 420.363014, 401.63946, 397.538801, 400.257272]",rxrz_rzz_unbounded,1767,"{""kind"": ""native_contract_only"", ""passed"": true, ""errors"": [], ""checked_instructions"": 2288, ""bindings"": 1, ""semantic_equivalence"": ""not checked at large width""}"
updated,core_qpe_156,static: each control-flow region counted once,3067,flat circuit,,17.941732,"[19.453424, 18.116726, 17.709698, 17.941732, 17.853763]",qpe,7713224,154605,025be7a9f59f4cf7c1c50778b0bf5fddf52bb53ca0187cdcd8f4a0bc555a32e5,477943,numeric,625,313,2758,3066,312,0,"{""rz"": 312, ""rx"": 312, ""x"": 1, ""rzz"": 2758, ""measure"": 155}",core,328.736647,"[257.191578, 322.760358, 328.736647, 341.429408, 343.655938]",231.48046875,156,231,exported,960.705138,"[960.705138, 979.629549, 959.520871, 971.869404, 958.988913]",ibm_fractional_bounded,2755,"{""kind"": ""native_contract_only"", ""passed"": true, ""errors"": [], ""checked_instructions"": 3538, ""bindings"": 1, ""semantic_equivalence"": ""not checked at large width""}"
updated,core_qpe_156,static: each control-flow region counted once,11332,flat circuit,,161.909835,"[162.466817, 161.909835, 166.98831, 159.6378, 161.728569]",qpe,7713224,154605,025be7a9f59f4cf7c1c50778b0bf5fddf52bb53ca0187cdcd8f4a0bc555a32e5,2073800,numeric,9049,311,5515,11331,8738,0,"{""rz"": 8738, ""sx"": 310, ""x"": 1, ""cx"": 5515, ""measure"": 155}",core,331.905404,"[255.550532, 309.796373, 331.905404, 343.214186, 344.436963]",240.5234375,156,256,exported,1008.172024,"[1004.878126, 1007.835366, 1008.172024, 1020.42798, 1011.243343]",ibm_sxz_cx,5510,"{""kind"": ""native_contract_only"", ""passed"": true, ""errors"": [], ""checked_instructions"": 14719, ""bindings"": 1, ""semantic_equivalence"": ""not checked at large width""}"
updated,core_qpe_156,static: each control-flow region counted once,24014,flat circuit,,216.676078,"[220.498542, 216.676078, 215.488116, 217.917432, 211.323202]",qpe,7713224,154605,025be7a9f59f4cf7c1c50778b0bf5fddf52bb53ca0187cdcd8f4a0bc555a32e5,2616837,numeric,19129,11317,5515,24013,7812,0,"{""rz"": 7812, ""sx"": 11298, ""cz"": 5515, ""x"": 19, ""measure"": 155}",core,330.032073,"[256.414952, 310.151173, 330.032073, 342.456192, 345.109685]",247.66796875,156,233,exported,1190.849311,"[1179.64516, 1194.483377, 1186.528926, 1190.98181, 1190.849311]",ibm_sxz_cz,5510,"{""kind"": ""native_contract_only"", ""passed"": true, ""errors"": [], ""checked_instructions"": 24799, ""bindings"": 1, ""semantic_equivalence"": ""not checked at large width""}"
updated,core_qpe_156,static: each control-flow region counted once,3067,flat circuit,,20.33828,"[21.760483, 20.413625, 20.103622, 20.33828, 20.025109]",qpe,7713224,154605,025be7a9f59f4cf7c1c50778b0bf5fddf52bb53ca0187cdcd8f4a0bc555a32e5,470069,numeric,623,311,2758,3066,312,0,"{""rz"": 312, ""rx"": 311, ""rzz"": 2758, ""measure"": 155}",core,330.695019,"[255.107306, 309.773901, 330.695019, 345.074353, 345.580117]",231.625,156,250,exported,976.993441,"[976.993441, 971.145312, 981.266595, 967.366256, 981.382355]",rxrz_rzz_unbounded,2755,"{""kind"": ""native_contract_only"", ""passed"": true, ""errors"": [], ""checked_instructions"": 3536, ""bindings"": 1, ""semantic_equivalence"": ""not checked at large width""}"
updated,core_qpe_24,static: each control-flow region counted once,295,flat circuit,,1.416613,"[1.94062, 1.448437, 1.416613, 1.370996, 1.365268]",qpe,186767,4089,4107059cad6048b4c6ad89a9570460290ece3a55673ebe23edf96940707bc5ee,50373,numeric,97,49,250,294,48,0,"{""rz"": 48, ""rx"": 48, ""x"": 1, ""rzz"": 250, ""measure"": 23}",core,4.951464,"[4.951464, 4.843671, 5.415342, 5.720707, 4.945528]",123.4453125,24,72,exported,18.409933,"[18.409933, 18.681776, 18.377148, 18.13292, 18.637647]",ibm_fractional_bounded,247,"{""kind"": ""native_contract_only"", ""passed"": true, ""errors"": [], ""checked_instructions"": 370, ""bindings"": 1, ""semantic_equivalence"": ""not checked at large width""}"
updated,core_qpe_24,static: each control-flow region counted once,1036,flat circuit,,7.22905,"[8.385658, 7.434221, 7.219161, 7.22905, 7.184216]",qpe,186767,4089,4107059cad6048b4c6ad89a9570460290ece3a55673ebe23edf96940707bc5ee,191249,numeric,865,47,499,1035,818,0,"{""rz"": 818, ""sx"": 46, ""x"": 1, ""cx"": 499, ""measure"": 23}",core,4.920744,"[4.975096, 4.66026, 5.680355, 4.920744, 4.753205]",128.09765625,24,76,exported,21.045587,"[21.090883, 21.045587, 21.024595, 21.044515, 21.182437]",ibm_sxz_cx,494,"{""kind"": ""native_contract_only"", ""passed"": true, ""errors"": [], ""checked_instructions"": 1387, ""bindings"": 1, ""semantic_equivalence"": ""not checked at large width""}"
updated,core_qpe_24,static: each control-flow region counted once,2102,flat circuit,,9.514987,"[10.589659, 9.743566, 9.514987, 9.411865, 9.464634]",qpe,186767,4089,4107059cad6048b4c6ad89a9570460290ece3a55673ebe23edf96940707bc5ee,234179,numeric,1705,1021,499,2101,684,0,"{""rz"": 684, ""sx"": 1002, ""cz"": 499, ""x"": 19, ""measure"": 23}",core,4.891336,"[5.684979, 4.758581, 4.816215, 5.324397, 4.891336]",133.51953125,24,73,exported,29.715313,"[29.730562, 29.715313, 29.757058, 29.682977, 29.567759]",ibm_sxz_cz,494,"{""kind"": ""native_contract_only"", ""passed"": true, ""errors"": [], ""checked_instructions"": 2227, ""bindings"": 1, ""semantic_equivalence"": ""not checked at large width""}"
updated,core_qpe_24,static: each control-flow region counted once,295,flat circuit,,2.249792,"[2.761064, 2.44026, 2.249792, 2.234353, 2.208848]",qpe,186767,4089,4107059cad6048b4c6ad89a9570460290ece3a55673ebe23edf96940707bc5ee,50481,numeric,94,47,250,294,47,0,"{""rz"": 47, ""gpi2"": 44, ""gpi"": 3, ""rzz"": 250, ""measure"": 23}",core,5.114138,"[5.114138, 4.832375, 4.974264, 5.330126, 5.541553]",123.96484375,24,92,exported,18.092327,"[18.392444, 18.092327, 18.111832, 18.032966, 17.998406]",ionq_fixed_r_zz,247,"{""kind"": ""native_contract_only"", ""passed"": true, ""errors"": [], ""checked_instructions"": 367, ""bindings"": 1, ""semantic_equivalence"": ""not checked at large width""}"
updated,core_qpe_24,static: each control-flow region counted once,990,flat circuit,,6.346253,"[7.245706, 6.411469, 6.346253, 6.251643, 6.341949]",qpe,186767,4089,4107059cad6048b4c6ad89a9570460290ece3a55673ebe23edf96940707bc5ee,175420,numeric,525,525,499,989,0,0,"{""r"": 525, ""cz"": 499, ""measure"": 23}",core,4.832118,"[4.932744, 4.632516, 5.657011, 4.832118, 4.81055]",125.66015625,24,76,exported,26.831752,"[26.908953, 26.938633, 26.831752, 26.824983, 26.765015]",iqm_r_cz,494,"{""kind"": ""native_contract_only"", ""passed"": true, ""errors"": [], ""checked_instructions"": 1047, ""bindings"": 1, ""semantic_equivalence"": ""not checked at large width""}"
updated,core_qpe_24,static: each control-flow region counted once,2254,flat circuit,,16.101466,"[16.615729, 17.622337, 16.101466, 15.652996, 15.650324]",qpe,186767,4089,4107059cad6048b4c6ad89a9570460290ece3a55673ebe23edf96940707bc5ee,254118,numeric,1857,1021,499,2253,836,0,"{""rz"": 836, ""rxpi2"": 1002, ""cz"": 499, ""rxpi"": 19, ""measure"": 23}",core,4.924664,"[4.924664, 4.739173, 5.164315, 4.890695, 5.278413]",131.79296875,24,89,exported,30.988083,"[30.973539, 30.844562, 31.04314, 30.988083, 31.099093]",rigetti_rx_cz,494,"{""kind"": ""native_contract_only"", ""passed"": true, ""errors"": [], ""checked_instructions"": 2379, ""bindings"": 1, ""semantic_equivalence"": ""not checked at large width""}"
updated,core_qpe_24,static: each control-flow region counted once,295,flat circuit,,1.620327,"[2.165568, 1.704521, 1.620327, 1.601608, 1.596919]",qpe,186767,4089,4107059cad6048b4c6ad89a9570460290ece3a55673ebe23edf96940707bc5ee,49887,numeric,95,47,250,294,48,0,"{""rz"": 48, ""rx"": 47, ""rzz"": 250, ""measure"": 23}",core,4.925592,"[4.925592, 4.756581, 5.105563, 5.474351, 4.830791]",123.4765625,24,91,exported,18.041575,"[18.098807, 18.041575, 18.109976, 17.901125, 17.954261]",rxrz_rzz_unbounded,247,"{""kind"": ""native_contract_only"", ""passed"": true, ""errors"": [], ""checked_instructions"": 368, ""bindings"": 1, ""semantic_equivalence"": ""not checked at large width""}"
updated,core_qpe_36,static: each control-flow region counted once,547,flat circuit,,2.463234,"[3.157291, 2.495282, 2.463234, 2.419857, 2.421281]",qpe,420128,9153,8b24673292c237ca6efd94c6f4860710dca1226b82c52ec7fa8b98884801d384,88997,numeric,145,73,478,546,72,0,"{""rz"": 72, ""rx"": 72, ""x"": 1, ""rzz"": 478, ""measure"": 35}",core,10.289485,"[10.401774, 10.085818, 10.148234, 10.343645, 10.289485]",127.49609375,36,96,exported,41.233074,"[41.392405, 41.240291, 41.160705, 41.233074, 41.12869]",ibm_fractional_bounded,475,"{""kind"": ""native_contract_only"", ""passed"": true, ""errors"": [], ""checked_instructions"": 658, ""bindings"": 1, ""semantic_equivalence"": ""not checked at large width""}"
updated,core_qpe_36,static: each control-flow region counted once,1972,flat circuit,,15.105102,"[16.457601, 15.169423, 14.798427, 14.564551, 15.105102]",qpe,420128,9153,8b24673292c237ca6efd94c6f4860710dca1226b82c52ec7fa8b98884801d384,363946,numeric,1609,71,955,1971,1538,0,"{""rz"": 1538, ""sx"": 70, ""x"": 1, ""cx"": 955, ""measure"": 35}",core,10.434958,"[11.149449, 10.211228, 10.287885, 10.434958, 10.442303]",136.90625,36,112,exported,47.944511,"[47.638188, 48.112642, 47.890431, 47.994912, 47.944511]",ibm_sxz_cx,950,"{""kind"": ""native_contract_only"", ""passed"": true, ""errors"": [], ""checked_instructions"": 2599, ""bindings"": 1, ""semantic_equivalence"": ""not checked at large width""}"
updated,core_qpe_36,static: each control-flow region counted once,4094,flat circuit,,19.90328,"[21.4149, 19.995154, 19.731997, 19.899584, 19.90328]",qpe,420128,9153,8b24673292c237ca6efd94c6f4860710dca1226b82c52ec7fa8b98884801d384,448641,numeric,3289,1957,955,4093,1332,0,"{""rz"": 1332, ""sx"": 1938, ""cz"": 955, ""x"": 19, ""measure"": 35}",core,10.318573,"[10.736147, 10.164347, 10.215564, 10.323341, 10.318573]",140.42578125,36,101,exported,64.83639,"[64.83639, 65.010313, 64.785813, 65.000536, 64.794485]",ibm_sxz_cz,950,"{""kind"": ""native_contract_only"", ""passed"": true, ""errors"": [], ""checked_instructions"": 4279, ""bindings"": 1, ""semantic_equivalence"": ""not checked at large width""}"
updated,core_qpe_36,static: each control-flow region counted once,547,flat circuit,,3.829029,"[4.671167, 4.002295, 3.816788, 3.766387, 3.829029]",qpe,420128,9153,8b24673292c237ca6efd94c6f4860710dca1226b82c52ec7fa8b98884801d384,88753,numeric,142,71,478,546,71,0,"{""rz"": 71, ""gpi2"": 68, ""gpi"": 3, ""rzz"": 478, ""measure"": 35}",core,10.310797,"[10.117098, 10.094378, 11.242329, 10.481887, 10.310797]",128.03515625,36,116,exported,41.321892,"[41.45127, 41.288947, 41.489126, 41.321892, 41.268883]",ionq_fixed_r_zz,475,"{""kind"": ""native_contract_only"", ""passed"": true, ""errors"": [], ""checked_instructions"": 655, ""bindings"": 1, ""semantic_equivalence"": ""not checked at large width""}"
updated,core_qpe_36,static: each control-flow region counted once,1902,flat circuit,,12.811407,"[13.872494, 12.895792, 12.551244, 12.811407, 12.547164]",qpe,420128,9153,8b24673292c237ca6efd94c6f4860710dca1226b82c52ec7fa8b98884801d384,334667,numeric,993,993,955,1901,0,0,"{""r"": 993, ""cz"": 955, ""measure"": 35}",core,10.348942,"[11.24377, 10.134619, 10.323709, 10.388558, 10.348942]",131.45703125,36,112,exported,59.614223,"[59.093208, 59.804514, 59.720737, 59.614223, 59.513534]",iqm_r_cz,950,"{""kind"": ""native_contract_only"", ""passed"": true, ""errors"": [], ""checked_instructions"": 1983, ""bindings"": 1, ""semantic_equivalence"": ""not checked at large width""}"
updated,core_qpe_36,static: each control-flow region counted once,4366,flat circuit,,31.997556,"[34.340387, 31.577839, 31.997556, 31.410076, 32.375945]",qpe,420128,9153,8b24673292c237ca6efd94c6f4860710dca1226b82c52ec7fa8b98884801d384,484878,numeric,3561,1957,955,4365,1604,0,"{""rz"": 1604, ""rxpi2"": 1938, ""cz"": 955, ""rxpi"": 19, ""measure"": 35}",core,10.318829,"[10.814516, 10.117914, 10.296796, 10.318829, 10.372413]",143.84765625,36,125,exported,67.943119,"[67.929662, 68.025487, 68.030943, 67.89115, 67.943119]",rigetti_rx_cz,950,"{""kind"": ""native_contract_only"", ""passed"": true, ""errors"": [], ""checked_instructions"": 4551, ""bindings"": 1, ""semantic_equivalence"": ""not checked at large width""}"
updated,core_qpe_36,static: each control-flow region counted once,547,flat circuit,,2.892504,"[3.575825, 2.955016, 2.892504, 2.817366, 2.827063]",qpe,420128,9153,8b24673292c237ca6efd94c6f4860710dca1226b82c52ec7fa8b98884801d384,87963,numeric,143,71,478,546,72,0,"{""rz"": 72, ""rx"": 71, ""rzz"": 478, ""measure"": 35}",core,10.422494,"[10.546208, 10.10489, 10.379086, 10.422494, 10.451727]",127.51171875,36,115,exported,41.254739,"[41.374245, 41.254739, 41.300612, 41.181091, 41.177538]",rxrz_rzz_unbounded,475,"{""kind"": ""native_contract_only"", ""passed"": true, ""errors"": [], ""checked_instructions"": 656, ""bindings"": 1, ""semantic_equivalence"": ""not checked at large width""}"
updated,core_qpe_54,static: each control-flow region counted once,925,flat circuit,,4.128755,"[5.088431, 4.307317, 4.128755, 4.10133, 4.050258]",qpe,942863,20526,badc29bda1176dc84b552697e1cc7ff3cb15628659863c1f267f44273034c6be,147985,numeric,217,109,820,924,108,0,"{""rz"": 108, ""rx"": 108, ""x"": 1, ""rzz"": 820, ""measure"": 53}",core,25.156725,"[23.291151, 24.19729, 25.156725, 25.390761, 25.587035]",132.984375,54,129,exported,101.371856,"[101.367295, 101.386783, 101.371856, 101.169757, 101.85815]",ibm_fractional_bounded,817,"{""kind"": ""native_contract_only"", ""passed"": true, ""errors"": [], ""checked_instructions"": 1090, ""bindings"": 1, ""semantic_equivalence"": ""not checked at large width""}"
updated,core_qpe_54,static: each control-flow region counted once,3376,flat circuit,,29.404267,"[30.945774, 29.785407, 29.338442, 29.404267, 29.316889]",qpe,942863,20526,badc29bda1176dc84b552697e1cc7ff3cb15628659863c1f267f44273034c6be,621105,numeric,2725,107,1639,3375,2618,0,"{""rz"": 2618, ""sx"": 106, ""x"": 1, ""cx"": 1639, ""measure"": 53}",core,24.64136,"[22.807818, 23.90452, 24.64136, 25.110182, 24.9693]",144.77734375,54,154,exported,112.577581,"[111.566481, 112.930913, 112.772735, 112.577581, 112.543629]",ibm_sxz_cx,1634,"{""kind"": ""native_contract_only"", ""passed"": true, ""errors"": [], ""checked_instructions"": 4417, ""bindings"": 1, ""semantic_equivalence"": ""not checked at large width""}"
updated,core_qpe_54,static: each control-flow region counted once,7082,flat circuit,,38.996672,"[44.133232, 39.449654, 38.97576, 38.983377, 38.996672]",qpe,942863,20526,badc29bda1176dc84b552697e1cc7ff3cb15628659863c1f267f44273034c6be,769533,numeric,5665,3361,1639,7081,2304,0,"{""rz"": 2304, ""sx"": 3342, ""cz"": 1639, ""x"": 19, ""measure"": 53}",core,24.784113,"[22.932795, 24.065193, 24.784113, 25.314697, 25.161078]",143.96484375,54,131,exported,145.419616,"[144.859499, 145.185566, 145.66986, 145.842726, 145.419616]",ibm_sxz_cz,1634,"{""kind"": ""native_contract_only"", ""passed"": true, ""errors"": [], ""checked_instructions"": 7357, ""bindings"": 1, ""semantic_equivalence"": ""not checked at large width""}"
updated,core_qpe_54,static: each control-flow region counted once,925,flat circuit,,6.395967,"[7.411723, 6.499168, 6.395967, 6.207628, 6.250349]",qpe,942863,20526,badc29bda1176dc84b552697e1cc7ff3cb15628659863c1f267f44273034c6be,147002,numeric,214,107,820,924,107,0,"{""rz"": 107, ""gpi2"": 104, ""gpi"": 3, ""rzz"": 820, ""measure"": 53}",core,24.56627,"[22.767208, 23.904422, 24.56627, 25.089365, 25.118357]",133.27734375,54,149,exported,100.058863,"[100.97233, 99.791676, 100.058863, 100.468643, 99.589496]",ionq_fixed_r_zz,817,"{""kind"": ""native_contract_only"", ""passed"": true, ""errors"": [], ""checked_instructions"": 1087, ""bindings"": 1, ""semantic_equivalence"": ""not checked at large width""}"
updated,core_qpe_54,static: each control-flow region counted once,3270,flat circuit,,25.522619,"[26.415943, 25.603388, 25.522619, 25.139862, 25.378378]",qpe,942863,20526,badc29bda1176dc84b552697e1cc7ff3cb15628659863c1f267f44273034c6be,572263,numeric,1695,1695,1639,3269,0,0,"{""r"": 1695, ""cz"": 1639, ""measure"": 53}",core,24.760802,"[23.044685, 24.044969, 24.760802, 27.033486, 25.836928]",142.015625,54,150,exported,136.13741,"[136.144211, 136.191747, 136.126769, 136.13741, 135.903934]",iqm_r_cz,1634,"{""kind"": ""native_contract_only"", ""passed"": true, ""errors"": [], ""checked_instructions"": 3387, ""bindings"": 1, ""semantic_equivalence"": ""not checked at large width""}"
updated,core_qpe_54,static: each control-flow region counted once,7534,flat circuit,,61.066366,"[62.133259, 60.108002, 60.841803, 61.066366, 61.258496]",qpe,942863,20526,badc29bda1176dc84b552697e1cc7ff3cb15628659863c1f267f44273034c6be,833388,numeric,6117,3361,1639,7533,2756,0,"{""rz"": 2756, ""rxpi2"": 3342, ""cz"": 1639, ""rxpi"": 19, ""measure"": 53}",core,24.614751,"[22.966202, 23.924662, 24.614751, 25.104676, 25.0225]",151.3046875,54,160,exported,150.764332,"[149.451085, 155.305029, 150.764332, 150.732043, 150.924253]",rigetti_rx_cz,1634,"{""kind"": ""native_contract_only"", ""passed"": true, ""errors"": [], ""checked_instructions"": 7809, ""bindings"": 1, ""semantic_equivalence"": ""not checked at large width""}"
updated,core_qpe_54,static: each control-flow region counted once,925,flat circuit,,4.757067,"[5.645285, 4.915645, 4.757067, 4.688537, 4.644281]",qpe,942863,20526,badc29bda1176dc84b552697e1cc7ff3cb15628659863c1f267f44273034c6be,145925,numeric,215,107,820,924,108,0,"{""rz"": 108, ""rx"": 107, ""rzz"": 820, ""measure"": 53}",core,25.091301,"[22.930411, 24.202682, 25.091301, 25.20943, 25.314807]",133.07421875,54,148,exported,101.778213,"[102.431677, 101.986056, 101.778213, 101.089181, 101.034156]",rxrz_rzz_unbounded,817,"{""kind"": ""native_contract_only"", ""passed"": true, ""errors"": [], ""checked_instructions"": 1088, ""bindings"": 1, ""semantic_equivalence"": ""not checked at large width""}"
updated,core_w_state_104,static: each control-flow region counted once,417,flat circuit,,3.888626,"[4.659929, 3.991442, 3.888626, 3.860433, 3.826145]",w_state,170789,3307,99423707524487125e9cedcb1f6bb2088807ce1dcc8fbd4b01293e9f126653d5,110331,numeric,725,413,206,416,312,0,"{""rx"": 413, ""rzz"": 206, ""rz"": 312, ""measure"": 104}",core,4.638056,"[4.638056, 4.439847, 4.953866, 4.586728, 5.129852]",126.26953125,104,291,exported,23.610364,"[23.638668, 23.642316, 23.610364, 23.507356, 23.509787]",ibm_fractional_bounded,206,"{""kind"": ""native_contract_only"", ""passed"": true, ""errors"": [], ""checked_instructions"": 1035, ""bindings"": 1, ""semantic_equivalence"": ""not checked at large width""}"
updated,core_w_state_104,static: each control-flow region counted once,747,flat circuit,,6.843483,"[7.790068, 6.910299, 6.739723, 6.843483, 6.712314]",w_state,170789,3307,99423707524487125e9cedcb1f6bb2088807ce1dcc8fbd4b01293e9f126653d5,174552,numeric,1364,521,206,746,843,0,"{""rz"": 843, ""sx"": 521, ""cx"": 206, ""measure"": 104}",core,4.682137,"[4.682137, 4.450422, 4.518023, 5.0491, 5.35739]",125.17578125,104,378,exported,22.932183,"[22.983463, 22.999752, 22.932183, 22.871174, 22.795253]",ibm_sxz_cx,206,"{""kind"": ""native_contract_only"", ""passed"": true, ""errors"": [], ""checked_instructions"": 1674, ""bindings"": 1, ""semantic_equivalence"": ""not checked at large width""}"
updated,core_w_state_104,static: each control-flow region counted once,909,flat circuit,,7.115933,"[8.110358, 7.197423, 7.033565, 7.115933, 6.951516]",w_state,170789,3307,99423707524487125e9cedcb1f6bb2088807ce1dcc8fbd4b01293e9f126653d5,180749,numeric,1481,776,206,908,705,0,"{""rz"": 705, ""sx"": 730, ""cz"": 206, ""x"": 46, ""measure"": 104}",core,4.668776,"[4.668776, 4.495015, 4.860858, 5.354351, 4.605127]",126.06640625,104,406,exported,24.586005,"[24.632581, 24.586005, 24.592677, 24.482068, 24.434436]",ibm_sxz_cz,206,"{""kind"": ""native_contract_only"", ""passed"": true, ""errors"": [], ""checked_instructions"": 1791, ""bindings"": 1, ""semantic_equivalence"": ""not checked at large width""}"
updated,core_w_state_104,static: each control-flow region counted once,418,flat circuit,,4.924747,"[5.770418, 5.027003, 4.924747, 4.874314, 4.850458]",w_state,170789,3307,99423707524487125e9cedcb1f6bb2088807ce1dcc8fbd4b01293e9f126653d5,121930,numeric,827,413,206,417,414,0,"{""rz"": 414, ""rx"": 413, ""rzz"": 206, ""measure"": 104}",core,4.586616,"[4.670857, 4.45295, 4.586616, 4.544359, 4.920571]",125.3359375,104,418,exported,21.941214,"[21.958557, 21.905741, 21.941214, 22.105311, 21.6783]",rxrz_rzz_unbounded,206,"{""kind"": ""native_contract_only"", ""passed"": true, ""errors"": [], ""checked_instructions"": 1137, ""bindings"": 1, ""semantic_equivalence"": ""not checked at large width""}"
updated,core_w_state_156,static: each control-flow region counted once,625,flat circuit,,5.908209,"[6.797672, 6.115651, 5.908209, 5.843984, 5.846433]",w_state,258509,4971,f8cc445f3341f11c52acdf12faa7bf608314457ae027f621b687d95bf6fb9f5d,166420,numeric,1089,621,310,624,468,0,"{""rx"": 621, ""rzz"": 310, ""rz"": 468, ""measure"": 156}",core,6.77508,"[6.77508, 7.25854, 7.051259, 6.75228, 6.582518]",127.67578125,156,435,exported,37.394949,"[37.720536, 37.417654, 37.394949, 37.383238, 37.379798]",ibm_fractional_bounded,310,"{""kind"": ""native_contract_only"", ""passed"": true, ""errors"": [], ""checked_instructions"": 1555, ""bindings"": 1, ""semantic_equivalence"": ""not checked at large width""}"
updated,core_w_state_156,static: each control-flow region counted once,1130,flat circuit,,10.634617,"[11.894915, 10.921594, 10.634617, 10.541287, 10.604472]",w_state,258509,4971,f8cc445f3341f11c52acdf12faa7bf608314457ae027f621b687d95bf6fb9f5d,264111,numeric,2061,784,310,1129,1277,0,"{""rz"": 1277, ""sx"": 784, ""cx"": 310, ""measure"": 156}",core,6.78028,"[6.78028, 7.279117, 6.935705, 6.701048, 6.626695]",134.625,156,557,exported,36.227468,"[36.343998, 36.23662, 36.227468, 36.133244, 36.227181]",ibm_sxz_cx,310,"{""kind"": ""native_contract_only"", ""passed"": true, ""errors"": [], ""checked_instructions"": 2527, ""bindings"": 1, ""semantic_equivalence"": ""not checked at large width""}"
updated,core_w_state_156,static: each control-flow region counted once,1368,flat circuit,,11.162956,"[12.151541, 11.163756, 11.037324, 11.007131, 11.162956]",w_state,258509,4971,f8cc445f3341f11c52acdf12faa7bf608314457ae027f621b687d95bf6fb9f5d,273895,numeric,2243,1166,310,1367,1077,0,"{""rz"": 1077, ""sx"": 1094, ""cz"": 310, ""x"": 72, ""measure"": 156}",core,6.831576,"[6.634327, 6.831576, 6.949802, 6.869193, 6.580311]",134.8515625,156,599,exported,38.713905,"[38.754689, 38.713905, 38.678945, 38.724017, 38.655233]",ibm_sxz_cz,310,"{""kind"": ""native_contract_only"", ""passed"": true, ""errors"": [], ""checked_instructions"": 2709, ""bindings"": 1, ""semantic_equivalence"": ""not checked at large width""}"
updated,core_w_state_156,static: each control-flow region counted once,626,flat circuit,,7.440125,"[8.509511, 7.661999, 7.42099, 7.440125, 7.384557]",w_state,258509,4971,f8cc445f3341f11c52acdf12faa7bf608314457ae027f621b687d95bf6fb9f5d,184651,numeric,1243,621,310,625,622,0,"{""rz"": 622, ""rx"": 621, ""rzz"": 310, ""measure"": 156}",core,6.6726,"[6.6726, 6.622103, 7.545246, 6.75532, 6.576903]",128.16015625,156,626,exported,34.221436,"[34.384845, 34.304524, 34.221436, 34.192044, 34.127803]",rxrz_rzz_unbounded,310,"{""kind"": ""native_contract_only"", ""passed"": true, ""errors"": [], ""checked_instructions"": 1709, ""bindings"": 1, ""semantic_equivalence"": ""not checked at large width""}"
updated,core_w_state_24,static: each control-flow region counted once,97,flat circuit,,0.903837,"[1.301203, 0.965966, 0.903837, 0.890877, 0.887917]",w_state,37781,747,3b4c2a33880d1adbb09478b58d87fcf116bd6c1c3781a0aa07078ff14e906f7c,25837,numeric,165,93,46,96,72,0,"{""rx"": 93, ""rzz"": 46, ""rz"": 72, ""measure"": 24}",core,1.487686,"[1.639096, 1.487686, 1.433877, 1.450853, 1.508854]",120.26953125,24,71,exported,5.037834,"[5.674275, 5.050314, 5.021945, 5.037834, 5.007513]",ibm_fractional_bounded,46,"{""kind"": ""native_contract_only"", ""passed"": true, ""errors"": [], ""checked_instructions"": 235, ""bindings"": 1, ""semantic_equivalence"": ""not checked at large width""}"
updated,core_w_state_24,static: each control-flow region counted once,172,flat circuit,,1.534711,"[2.051582, 1.596887, 1.534711, 1.507846, 1.520902]",w_state,37781,747,3b4c2a33880d1adbb09478b58d87fcf116bd6c1c3781a0aa07078ff14e906f7c,40477,numeric,310,120,46,171,190,0,"{""rz"": 190, ""sx"": 120, ""cx"": 46, ""measure"": 24}",core,1.468102,"[1.639976, 1.468102, 1.432357, 1.446101, 1.501734]",122.296875,24,102,exported,4.923896,"[5.680195, 4.953464, 4.923896, 4.904408, 4.901351]",ibm_sxz_cx,46,"{""kind"": ""native_contract_only"", ""passed"": true, ""errors"": [], ""checked_instructions"": 380, ""bindings"": 1, ""semantic_equivalence"": ""not checked at large width""}"
updated,core_w_state_24,static: each control-flow region counted once,208,flat circuit,,1.584007,"[2.079583, 1.626696, 1.570951, 1.548406, 1.584007]",w_state,37781,747,3b4c2a33880d1adbb09478b58d87fcf116bd6c1c3781a0aa07078ff14e906f7c,41662,numeric,329,177,46,207,152,0,"{""rz"": 152, ""sx"": 170, ""cz"": 46, ""x"": 7, ""measure"": 24}",core,1.453909,"[1.685481, 1.480758, 1.443397, 1.453909, 1.448869]",122.546875,24,112,exported,5.322702,"[5.721763, 5.327694, 5.267789, 5.322702, 5.277869]",ibm_sxz_cz,46,"{""kind"": ""native_contract_only"", ""passed"": true, ""errors"": [], ""checked_instructions"": 399, ""bindings"": 1, ""semantic_equivalence"": ""not checked at large width""}"
updated,core_w_state_24,static: each control-flow region counted once,97,flat circuit,,2.238224,"[2.806249, 2.268961, 2.238224, 2.175088, 2.14584]",w_state,37781,747,3b4c2a33880d1adbb09478b58d87fcf116bd6c1c3781a0aa07078ff14e906f7c,28969,numeric,185,93,46,96,92,0,"{""gpi"": 1, ""gpi2"": 92, ""rzz"": 46, ""rz"": 92, ""measure"": 24}",core,1.661608,"[1.661608, 1.469045, 1.794667, 1.451285, 1.812282]",123.3515625,24,100,exported,5.075946,"[5.126747, 5.43272, 5.07441, 5.075946, 5.06577]",ionq_fixed_r_zz,46,"{""kind"": ""native_contract_only"", ""passed"": true, ""errors"": [], ""checked_instructions"": 255, ""bindings"": 1, ""semantic_equivalence"": ""not checked at large width""}"
updated,core_w_state_24,static: each control-flow region counted once,94,flat circuit,,1.119985,"[1.603176, 1.177553, 1.112528, 1.101856, 1.119985]",w_state,37781,747,3b4c2a33880d1adbb09478b58d87fcf116bd6c1c3781a0aa07078ff14e906f7c,32371,numeric,114,114,46,93,0,0,"{""r"": 114, ""cz"": 46, ""measure"": 24}",core,1.469942,"[1.646216, 1.47119, 1.462805, 1.463109, 1.469942]",120.390625,24,132,exported,5.831701,"[6.463167, 5.876598, 5.823349, 5.831477, 5.831701]",iqm_r_cz,46,"{""kind"": ""native_contract_only"", ""passed"": true, ""errors"": [], ""checked_instructions"": 184, ""bindings"": 1, ""semantic_equivalence"": ""not checked at large width""}"
updated,core_w_state_24,static: each control-flow region counted once,209,flat circuit,,2.590694,"[3.210015, 2.601494, 2.566117, 2.551957, 2.590694]",w_state,37781,747,3b4c2a33880d1adbb09478b58d87fcf116bd6c1c3781a0aa07078ff14e906f7c,42962,numeric,325,172,46,208,153,0,"{""rz"": 153, ""rxpi2"": 162, ""cz"": 46, ""rxpi"": 10, ""measure"": 24}",core,1.471829,"[1.657065, 1.471829, 1.436997, 1.512918, 1.450053]",122.67578125,24,103,exported,5.497184,"[5.895079, 5.497184, 5.468208, 5.46944, 5.542161]",rigetti_rx_cz,46,"{""kind"": ""native_contract_only"", ""passed"": true, ""errors"": [], ""checked_instructions"": 395, ""bindings"": 1, ""semantic_equivalence"": ""not checked at large width""}"
updated,core_w_state_24,static: each control-flow region counted once,98,flat circuit,,1.141969,"[1.616088, 1.194257, 1.141969, 1.141281, 1.124896]",w_state,37781,747,3b4c2a33880d1adbb09478b58d87fcf116bd6c1c3781a0aa07078ff14e906f7c,27986,numeric,187,93,46,97,94,0,"{""rz"": 94, ""rx"": 93, ""rzz"": 46, ""measure"": 24}",core,1.47071,"[1.632456, 1.47071, 1.440885, 1.457205, 1.795914]",122.5,24,98,exported,4.646788,"[5.122411, 4.646788, 4.92492, 4.6169, 4.609587]",rxrz_rzz_unbounded,46,"{""kind"": ""native_contract_only"", ""passed"": true, ""errors"": [], ""checked_instructions"": 257, ""bindings"": 1, ""semantic_equivalence"": ""not checked at large width""}"
updated,core_w_state_36,static: each control-flow region counted once,145,flat circuit,,1.363379,"[1.864233, 1.391763, 1.363379, 1.331858, 1.312386]",w_state,57328,1131,e15637b9748ca47a7cf4430263c22060205043cf61a808a3e4b8fef70d4e3d3d,38365,numeric,249,141,70,144,108,0,"{""rx"": 141, ""rzz"": 70, ""rz"": 108, ""measure"": 36}",core,1.955691,"[2.117309, 1.941211, 1.955691, 1.922586, 1.977403]",123.53125,36,104,exported,7.667769,"[7.808219, 7.686857, 7.667769, 7.645481, 7.647001]",ibm_fractional_bounded,70,"{""kind"": ""native_contract_only"", ""passed"": true, ""errors"": [], ""checked_instructions"": 355, ""bindings"": 1, ""semantic_equivalence"": ""not checked at large width""}"
updated,core_w_state_36,static: each control-flow region counted once,260,flat circuit,,2.310831,"[2.925336, 2.395233, 2.310831, 2.27752, 2.270207]",w_state,57328,1131,e15637b9748ca47a7cf4430263c22060205043cf61a808a3e4b8fef70d4e3d3d,60817,numeric,472,181,70,259,291,0,"{""rz"": 291, ""sx"": 181, ""cx"": 70, ""measure"": 36}",core,1.974619,"[2.135389, 1.974619, 1.904059, 2.307551, 1.937003]",122.86328125,36,147,exported,7.455959,"[7.578408, 7.445206, 7.470535, 7.455959, 7.455238]",ibm_sxz_cx,70,"{""kind"": ""native_contract_only"", ""passed"": true, ""errors"": [], ""checked_instructions"": 578, ""bindings"": 1, ""semantic_equivalence"": ""not checked at large width""}"
updated,core_w_state_36,static: each control-flow region counted once,313,flat circuit,,2.37864,"[3.009609, 2.462946, 2.37864, 2.361585, 2.352816]",w_state,57328,1131,e15637b9748ca47a7cf4430263c22060205043cf61a808a3e4b8fef70d4e3d3d,62580,numeric,504,267,70,312,237,0,"{""rz"": 237, ""sx"": 254, ""cz"": 70, ""x"": 13, ""measure"": 36}",core,2.137901,"[2.137901, 1.934667, 2.247966, 1.904058, 2.336576]",123.01171875,36,159,exported,7.985597,"[8.059038, 7.984702, 7.996254, 7.985597, 7.936029]",ibm_sxz_cz,70,"{""kind"": ""native_contract_only"", ""passed"": true, ""errors"": [], ""checked_instructions"": 610, ""bindings"": 1, ""semantic_equivalence"": ""not checked at large width""}"
updated,core_w_state_36,static: each control-flow region counted once,145,flat circuit,,3.285533,"[3.78402, 3.422798, 3.269757, 3.285533, 3.231212]",w_state,57328,1131,e15637b9748ca47a7cf4430263c22060205043cf61a808a3e4b8fef70d4e3d3d,43272,numeric,281,141,70,144,140,0,"{""gpi"": 1, ""gpi2"": 140, ""rzz"": 70, ""rz"": 140, ""measure"": 36}",core,1.93937,"[2.095133, 1.900154, 1.93937, 1.909691, 1.951466]",124.04296875,36,148,exported,7.590056,"[7.722617, 7.590056, 7.586904, 7.565976, 7.594023]",ionq_fixed_r_zz,70,"{""kind"": ""native_contract_only"", ""passed"": true, ""errors"": [], ""checked_instructions"": 387, ""bindings"": 1, ""semantic_equivalence"": ""not checked at large width""}"
updated,core_w_state_36,static: each control-flow region counted once,142,flat circuit,,1.660759,"[2.242047, 1.727127, 1.660759, 1.637862, 1.648903]",w_state,57328,1131,e15637b9748ca47a7cf4430263c22060205043cf61a808a3e4b8fef70d4e3d3d,48460,numeric,175,175,70,141,0,0,"{""r"": 175, ""cz"": 70, ""measure"": 36}",core,1.928571,"[2.139165, 1.928571, 1.899274, 1.896602, 1.998571]",122.53125,36,191,exported,8.869642,"[9.000907, 8.861961, 8.873226, 8.847257, 8.869642]",iqm_r_cz,70,"{""kind"": ""native_contract_only"", ""passed"": true, ""errors"": [], ""checked_instructions"": 281, ""bindings"": 1, ""semantic_equivalence"": ""not checked at large width""}"
updated,core_w_state_36,static: each control-flow region counted once,305,flat circuit,,3.79722,"[4.544159, 3.85922, 3.79722, 3.736324, 3.718866]",w_state,57328,1131,e15637b9748ca47a7cf4430263c22060205043cf61a808a3e4b8fef70d4e3d3d,63158,numeric,490,257,70,304,233,0,"{""rz"": 233, ""rxpi2"": 236, ""cz"": 70, ""rxpi"": 21, ""measure"": 36}",core,1.939642,"[2.113421, 1.918426, 1.939642, 1.901274, 2.004492]",123.51953125,36,135,exported,8.214176,"[8.34125, 8.232481, 8.204801, 8.214176, 8.192976]",rigetti_rx_cz,70,"{""kind"": ""native_contract_only"", ""passed"": true, ""errors"": [], ""checked_instructions"": 596, ""bindings"": 1, ""semantic_equivalence"": ""not checked at large width""}"
updated,core_w_state_36,static: each control-flow region counted once,146,flat circuit,,1.686615,"[2.245247, 1.746392, 1.686615, 1.663766, 1.661319]",w_state,57328,1131,e15637b9748ca47a7cf4430263c22060205043cf61a808a3e4b8fef70d4e3d3d,41895,numeric,283,141,70,145,142,0,"{""rz"": 142, ""rx"": 141, ""rzz"": 70, ""measure"": 36}",core,1.938122,"[2.151949, 1.913418, 1.916827, 1.938122, 2.335312]",122.71484375,36,146,exported,7.032321,"[7.104001, 7.032321, 6.993552, 7.036337, 6.994784]",rxrz_rzz_unbounded,70,"{""kind"": ""native_contract_only"", ""passed"": true, ""errors"": [], ""checked_instructions"": 389, ""bindings"": 1, ""semantic_equivalence"": ""not checked at large width""}"
updated,core_w_state_54,static: each control-flow region counted once,217,flat circuit,,1.986152,"[2.594512, 2.079578, 1.986152, 1.969528, 1.956249]",w_state,86648,1707,312de11a6de89c3af0cc49b346efcdcafcc9146b350aefb6507402caf6b59677,57015,numeric,375,213,106,216,162,0,"{""rx"": 213, ""rzz"": 106, ""rz"": 162, ""measure"": 54}",core,2.788787,"[2.777026, 3.017078, 2.559087, 3.214856, 2.788787]",123.2265625,54,151,exported,11.65632,"[11.777858, 11.737313, 11.648816, 11.636096, 11.65632]",ibm_fractional_bounded,106,"{""kind"": ""native_contract_only"", ""passed"": true, ""errors"": [], ""checked_instructions"": 535, ""bindings"": 1, ""semantic_equivalence"": ""not checked at large width""}"
updated,core_w_state_54,static: each control-flow region counted once,387,flat circuit,,3.452523,"[4.214068, 3.594284, 3.452523, 3.41817, 3.407706]",w_state,86648,1707,312de11a6de89c3af0cc49b346efcdcafcc9146b350aefb6507402caf6b59677,90464,numeric,704,270,106,386,434,0,"{""rz"": 434, ""sx"": 270, ""cx"": 106, ""measure"": 54}",core,2.791266,"[2.791266, 2.627841, 2.542447, 2.966725, 3.237768]",123.73046875,54,211,exported,11.336941,"[11.441917, 11.336941, 11.34094, 11.310348, 11.331468]",ibm_sxz_cx,106,"{""kind"": ""native_contract_only"", ""passed"": true, ""errors"": [], ""checked_instructions"": 864, ""bindings"": 1, ""semantic_equivalence"": ""not checked at large width""}"
updated,core_w_state_54,static: each control-flow region counted once,461,flat circuit,,3.5575,"[4.300773, 3.678286, 3.5575, 3.508987, 3.514876]",w_state,86648,1707,312de11a6de89c3af0cc49b346efcdcafcc9146b350aefb6507402caf6b59677,92294,numeric,747,397,106,460,350,0,"{""sx"": 372, ""rz"": 350, ""cz"": 106, ""x"": 25, ""measure"": 54}",core,2.767363,"[2.767363, 3.002485, 2.529423, 3.178264, 2.593648]",123.859375,54,221,exported,12.247047,"[12.259688, 12.247047, 12.412314, 12.215687, 12.218264]",ibm_sxz_cz,106,"{""kind"": ""native_contract_only"", ""passed"": true, ""errors"": [], ""checked_instructions"": 907, ""bindings"": 1, ""semantic_equivalence"": ""not checked at large width""}"
updated,core_w_state_54,static: each control-flow region counted once,217,flat circuit,,5.170992,"[5.585606, 5.059278, 4.926301, 6.761236, 5.170992]",w_state,86648,1707,312de11a6de89c3af0cc49b346efcdcafcc9146b350aefb6507402caf6b59677,64720,numeric,425,213,106,216,212,0,"{""gpi"": 1, ""gpi2"": 212, ""rzz"": 106, ""rz"": 212, ""measure"": 54}",core,2.611729,"[2.746962, 2.545856, 2.515935, 3.049493, 2.611729]",127.2734375,54,220,exported,11.729265,"[11.811106, 11.741121, 11.718209, 11.729265, 11.704896]",ionq_fixed_r_zz,106,"{""kind"": ""native_contract_only"", ""passed"": true, ""errors"": [], ""checked_instructions"": 585, ""bindings"": 1, ""semantic_equivalence"": ""not checked at large width""}"
updated,core_w_state_54,static: each control-flow region counted once,214,flat circuit,,2.474063,"[3.133655, 2.573136, 2.474063, 2.439806, 2.433534]",w_state,86648,1707,312de11a6de89c3af0cc49b346efcdcafcc9146b350aefb6507402caf6b59677,71898,numeric,264,264,106,213,0,0,"{""r"": 264, ""cz"": 106, ""measure"": 54}",core,2.779746,"[2.779746, 2.585968, 2.537136, 2.936676, 3.226632]",123.22265625,54,267,exported,13.566552,"[13.641977, 13.574616, 13.566552, 13.540951, 13.55324]",iqm_r_cz,106,"{""kind"": ""native_contract_only"", ""passed"": true, ""errors"": [], ""checked_instructions"": 424, ""bindings"": 1, ""semantic_equivalence"": ""not checked at large width""}"
updated,core_w_state_54,static: each control-flow region counted once,451,flat circuit,,5.799336,"[6.402463, 5.799336, 5.614501, 5.628246, 7.364779]",w_state,86648,1707,312de11a6de89c3af0cc49b346efcdcafcc9146b350aefb6507402caf6b59677,94490,numeric,738,387,106,450,351,0,"{""rxpi2"": 352, ""rz"": 351, ""cz"": 106, ""rxpi"": 35, ""measure"": 54}",core,2.815571,"[2.815571, 2.644192, 2.532976, 2.964756, 3.265657]",124.36328125,54,191,exported,12.805598,"[12.805598, 12.777278, 12.814606, 12.823806, 12.743822]",rigetti_rx_cz,106,"{""kind"": ""native_contract_only"", ""passed"": true, ""errors"": [], ""checked_instructions"": 898, ""bindings"": 1, ""semantic_equivalence"": ""not checked at large width""}"
updated,core_w_state_54,static: each control-flow region counted once,218,flat circuit,,2.528911,"[3.169096, 2.625504, 2.528911, 2.498671, 2.515967]",w_state,86648,1707,312de11a6de89c3af0cc49b346efcdcafcc9146b350aefb6507402caf6b59677,62753,numeric,427,213,106,217,214,0,"{""rz"": 214, ""rx"": 213, ""rzz"": 106, ""measure"": 54}",core,2.790931,"[2.790931, 2.633328, 2.52912, 2.965381, 3.240008]",123.4453125,54,218,exported,10.667316,"[10.708756, 10.693764, 10.667316, 10.657284, 10.665956]",rxrz_rzz_unbounded,106,"{""kind"": ""native_contract_only"", ""passed"": true, ""errors"": [], ""checked_instructions"": 587, ""bindings"": 1, ""semantic_equivalence"": ""not checked at large width""}"
updated,efficient_su2_104_numeric,static: each control-flow region counted once,939,flat circuit,,7.389279,"[8.396471, 7.535584, 7.389279, 7.298845, 7.277966]",efficient_su2,449245,8531,f70c3fa2f7a2840dbac6bade7658c722973b4c3cee4f7d65e9c3865881e5d7b7,214700,numeric,1560,728,312,939,832,0,"{""rz"": 832, ""rx"": 728, ""rzz"": 312}",synthetic,11.82362,"[12.614667, 11.60909, 11.559729, 11.854725, 11.82362]",127.55859375,104,1150,exported,63.198662,"[63.528874, 63.202231, 63.046501, 63.102246, 63.198662]",ibm_fractional_bounded,312,"{""kind"": ""native_contract_only"", ""passed"": true, ""errors"": [], ""checked_instructions"": 1872, ""bindings"": 1, ""semantic_equivalence"": ""not checked at large width""}"
updated,efficient_su2_104_numeric,static: each control-flow region counted once,328,flat circuit,,8.820395,"[10.039845, 8.863691, 8.816539, 8.784314, 8.820395]",efficient_su2,449245,8531,f70c3fa2f7a2840dbac6bade7658c722973b4c3cee4f7d65e9c3865881e5d7b7,232595,numeric,1664,832,312,328,832,0,"{""sx"": 832, ""rz"": 832, ""cx"": 312}",synthetic,11.595587,"[12.318472, 11.500593, 11.461089, 11.595587, 11.652658]",127.4765625,104,834,exported,55.448454,"[55.644231, 55.425446, 55.448454, 55.502214, 55.337445]",ibm_sxz_cx,312,"{""kind"": ""native_contract_only"", ""passed"": true, ""errors"": [], ""checked_instructions"": 1976, ""bindings"": 1, ""semantic_equivalence"": ""not checked at large width""}"
updated,efficient_su2_104_numeric,static: each control-flow region counted once,947,flat circuit,,11.501538,"[12.809053, 11.587106, 11.496433, 11.33024, 11.501538]",efficient_su2,449245,8531,f70c3fa2f7a2840dbac6bade7658c722973b4c3cee4f7d65e9c3865881e5d7b7,292739,numeric,2391,1144,312,947,1247,0,"{""rz"": 1247, ""sx"": 1144, ""cz"": 312}",synthetic,11.788708,"[12.459354, 11.58597, 11.574946, 11.788708, 11.947813]",133.6640625,104,1145,exported,64.695972,"[64.681668, 64.719605, 64.884134, 64.695972, 64.598019]",ibm_sxz_cz,312,"{""kind"": ""native_contract_only"", ""passed"": true, ""errors"": [], ""checked_instructions"": 2703, ""bindings"": 1, ""semantic_equivalence"": ""not checked at large width""}"
updated,efficient_su2_104_numeric,static: each control-flow region counted once,939,flat circuit,,7.295342,"[8.408599, 7.402383, 7.295342, 7.251149, 7.252733]",efficient_su2,449245,8531,f70c3fa2f7a2840dbac6bade7658c722973b4c3cee4f7d65e9c3865881e5d7b7,214670,numeric,1560,728,312,939,832,0,"{""rz"": 832, ""rx"": 728, ""rzz"": 312}",synthetic,11.900916,"[12.369992, 11.637474, 11.620963, 11.900916, 11.96159]",128.19921875,104,1146,exported,60.518256,"[60.605697, 60.453488, 60.49736, 60.518256, 60.616002]",rxrz_rzz_unbounded,312,"{""kind"": ""native_contract_only"", ""passed"": true, ""errors"": [], ""checked_instructions"": 1872, ""bindings"": 1, ""semantic_equivalence"": ""not checked at large width""}"
updated,efficient_su2_104_symbolic,static: each control-flow region counted once,951,flat circuit,,27.476039,"[28.292557, 27.476039, 27.646488, 27.265397, 27.207029]",efficient_su2,599201,8531,7f2e35e607b1814db1433865b327f27864338189850c2512d1b4d41a07c30d18,561092,symbolic,2808,1352,312,951,1456,0,"{""rz"": 1456, ""rx"": 1352, ""rzz"": 312}",synthetic,13.605555,"[13.803124, 14.133431, 13.468209, 13.605555, 13.605506]",155.1953125,104,3649,exported,73.245175,"[73.410537, 73.247511, 73.115766, 73.245175, 73.241927]",ibm_fractional_bounded,312,"{""kind"": ""native_contract_only"", ""passed"": true, ""errors"": [], ""checked_instructions"": 9360, ""bindings"": 3, ""semantic_equivalence"": ""not checked at large width""}"
updated,efficient_su2_104_symbolic,static: each control-flow region counted once,328,flat circuit,,24.423501,"[24.363997, 24.597919, 24.26006, 24.423501, 24.46563]",efficient_su2,599201,8531,7f2e35e607b1814db1433865b327f27864338189850c2512d1b4d41a07c30d18,545657,symbolic,1664,832,312,328,832,0,"{""sx"": 832, ""rz"": 832, ""cx"": 312}",synthetic,13.437265,"[14.019846, 13.417377, 13.300144, 13.523218, 13.437265]",145.59765625,104,4164,exported,61.480965,"[60.939984, 61.480965, 61.310596, 61.725063, 61.508566]",ibm_sxz_cx,312,"{""kind"": ""native_contract_only"", ""passed"": true, ""errors"": [], ""checked_instructions"": 5928, ""bindings"": 3, ""semantic_equivalence"": ""not checked at large width""}"
updated,efficient_su2_104_symbolic,static: each control-flow region counted once,948,flat circuit,,30.084541,"[30.272622, 30.247182, 30.072764, 30.084541, 30.029613]",efficient_su2,599201,8531,7f2e35e607b1814db1433865b327f27864338189850c2512d1b4d41a07c30d18,629249,symbolic,2906,1453,312,948,1453,0,"{""sx"": 1453, ""rz"": 1453, ""cz"": 312}",synthetic,13.569314,"[14.476698, 13.434305, 13.572194, 13.56061, 13.569314]",152.51953125,104,4506,exported,69.427496,"[69.247974, 69.527736, 69.298246, 69.427496, 69.583241]",ibm_sxz_cz,312,"{""kind"": ""native_contract_only"", ""passed"": true, ""errors"": [], ""checked_instructions"": 9654, ""bindings"": 3, ""semantic_equivalence"": ""not checked at large width""}"
updated,efficient_su2_104_symbolic,static: each control-flow region counted once,947,flat circuit,,25.754504,"[26.339581, 25.754504, 25.901609, 25.554663, 25.601111]",efficient_su2,599201,8531,7f2e35e607b1814db1433865b327f27864338189850c2512d1b4d41a07c30d18,523075,symbolic,2184,1040,312,947,1144,0,"{""rz"": 1144, ""rx"": 1040, ""rzz"": 312}",synthetic,13.541138,"[14.329881, 13.452081, 13.333248, 13.548018, 13.541138]",154.3203125,104,3644,exported,68.12974,"[68.233485, 68.12974, 68.107612, 68.245518, 67.931643]",rxrz_rzz_unbounded,312,"{""kind"": ""native_contract_only"", ""passed"": true, ""errors"": [], ""checked_instructions"": 7488, ""bindings"": 3, ""semantic_equivalence"": ""not checked at large width""}"
updated,efficient_su2_156_numeric,static: each control-flow region counted once,1407,flat circuit,,11.858097,"[12.969546, 12.143315, 11.77832, 11.814033, 11.858097]",efficient_su2,677619,12795,3de28cf9a65281c593df22b95f69c1ee82288cc0af9a4dda3d7fa28c1d6b11ef,324332,numeric,2340,1092,468,1407,1248,0,"{""rz"": 1248, ""rx"": 1092, ""rzz"": 468}",synthetic,18.010227,"[18.010227, 17.650784, 17.978243, 18.224549, 18.368054]",138.69921875,156,1724,exported,105.614895,"[105.902817, 105.554511, 105.378317, 105.797648, 105.614895]",ibm_fractional_bounded,468,"{""kind"": ""native_contract_only"", ""passed"": true, ""errors"": [], ""checked_instructions"": 2808, ""bindings"": 1, ""semantic_equivalence"": ""not checked at large width""}"
updated,efficient_su2_156_numeric,static: each control-flow region counted once,484,flat circuit,,14.196708,"[15.506127, 14.268357, 14.050691, 13.901618, 14.196708]",efficient_su2,677619,12795,3de28cf9a65281c593df22b95f69c1ee82288cc0af9a4dda3d7fa28c1d6b11ef,350595,numeric,2496,1248,468,484,1248,0,"{""sx"": 1248, ""rz"": 1248, ""cx"": 468}",synthetic,17.758769,"[17.12446, 17.378094, 17.758769, 18.183893, 18.253221]",137.37890625,156,1249,exported,94.046241,"[93.521885, 94.051345, 93.840576, 94.097074, 94.046241]",ibm_sxz_cx,468,"{""kind"": ""native_contract_only"", ""passed"": true, ""errors"": [], ""checked_instructions"": 2964, ""bindings"": 1, ""semantic_equivalence"": ""not checked at large width""}"
updated,efficient_su2_156_numeric,static: each control-flow region counted once,1415,flat circuit,,18.155044,"[19.075324, 18.155044, 18.048212, 17.979907, 18.380822]",efficient_su2,677619,12795,3de28cf9a65281c593df22b95f69c1ee82288cc0af9a4dda3d7fa28c1d6b11ef,441078,numeric,3587,1716,468,1415,1871,0,"{""rz"": 1871, ""sx"": 1716, ""cz"": 468}",synthetic,17.827538,"[17.606224, 17.421662, 17.827538, 18.141589, 18.044723]",139.40234375,156,1718,exported,108.936266,"[108.486711, 109.069692, 108.674441, 109.001739, 108.936266]",ibm_sxz_cz,468,"{""kind"": ""native_contract_only"", ""passed"": true, ""errors"": [], ""checked_instructions"": 4055, ""bindings"": 1, ""semantic_equivalence"": ""not checked at large width""}"
updated,efficient_su2_156_numeric,static: each control-flow region counted once,1407,flat circuit,,11.77936,"[12.882329, 11.899746, 11.77936, 11.716096, 11.765728]",efficient_su2,677619,12795,3de28cf9a65281c593df22b95f69c1ee82288cc0af9a4dda3d7fa28c1d6b11ef,323874,numeric,2340,1092,468,1407,1248,0,"{""rz"": 1248, ""rx"": 1092, ""rzz"": 468}",synthetic,17.907074,"[18.104532, 17.384046, 17.729441, 17.907074, 18.08074]",137.9375,156,1718,exported,102.186499,"[102.32474, 101.996802, 102.06189, 102.266708, 102.186499]",rxrz_rzz_unbounded,468,"{""kind"": ""native_contract_only"", ""passed"": true, ""errors"": [], ""checked_instructions"": 2808, ""bindings"": 1, ""semantic_equivalence"": ""not checked at large width""}"
updated,efficient_su2_156_symbolic,static: each control-flow region counted once,1419,flat circuit,,42.843594,"[43.601744, 42.008788, 43.211342, 42.198821, 42.843594]",efficient_su2,905901,12795,e48e9e32a3eecd63bcfa23ae967012d415c08bf360c336f9f6e4625736f52e72,844603,symbolic,4212,2028,468,1419,2184,0,"{""rz"": 2184, ""rx"": 2028, ""rzz"": 468}",synthetic,20.757224,"[20.112227, 20.532294, 20.757224, 21.269196, 20.859208]",170.0078125,156,5469,exported,122.112876,"[121.815113, 122.112876, 121.717688, 122.317822, 122.481199]",ibm_fractional_bounded,468,"{""kind"": ""native_contract_only"", ""passed"": true, ""errors"": [], ""checked_instructions"": 14040, ""bindings"": 3, ""semantic_equivalence"": ""not checked at large width""}"
updated,efficient_su2_156_symbolic,static: each control-flow region counted once,484,flat circuit,,37.779842,"[38.257191, 37.539089, 37.695906, 37.862131, 37.779842]",efficient_su2,905901,12795,e48e9e32a3eecd63bcfa23ae967012d415c08bf360c336f9f6e4625736f52e72,822665,symbolic,2496,1248,468,484,1248,0,"{""sx"": 1248, ""rz"": 1248, ""cx"": 468}",synthetic,20.804297,"[20.161508, 20.359077, 20.818777, 20.804297, 20.827961]",166.3671875,156,6244,exported,104.634994,"[103.328167, 104.694498, 104.594545, 104.634994, 104.658594]",ibm_sxz_cx,468,"{""kind"": ""native_contract_only"", ""passed"": true, ""errors"": [], ""checked_instructions"": 8892, ""bindings"": 3, ""semantic_equivalence"": ""not checked at large width""}"
updated,efficient_su2_156_symbolic,static: each control-flow region counted once,1416,flat circuit,,47.170846,"[48.035381, 46.990252, 47.170846, 46.570313, 47.187374]",efficient_su2,905901,12795,e48e9e32a3eecd63bcfa23ae967012d415c08bf360c336f9f6e4625736f52e72,951039,symbolic,4362,2181,468,1416,2181,0,"{""sx"": 2181, ""rz"": 2181, ""cz"": 468}",synthetic,20.529526,"[20.729368, 20.06381, 20.529526, 20.660167, 20.503414]",166.05078125,156,6742,exported,116.49147,"[115.256021, 116.498959, 116.220796, 116.787281, 116.49147]",ibm_sxz_cz,468,"{""kind"": ""native_contract_only"", ""passed"": true, ""errors"": [], ""checked_instructions"": 14490, ""bindings"": 3, ""semantic_equivalence"": ""not checked at large width""}"
updated,efficient_su2_156_symbolic,static: each control-flow region counted once,1415,flat circuit,,39.275742,"[39.794978, 39.275742, 39.242397, 38.863483, 39.326974]",efficient_su2,905901,12795,e48e9e32a3eecd63bcfa23ae967012d415c08bf360c336f9f6e4625736f52e72,787869,symbolic,3276,1560,468,1415,1716,0,"{""rz"": 1716, ""rx"": 1560, ""rzz"": 468}",synthetic,20.501302,"[19.972609, 20.161635, 20.501302, 20.79604, 20.771224]",164.171875,156,5464,exported,113.297493,"[113.05357, 113.583127, 113.125012, 113.297493, 113.439414]",rxrz_rzz_unbounded,468,"{""kind"": ""native_contract_only"", ""passed"": true, ""errors"": [], ""checked_instructions"": 11232, ""bindings"": 3, ""semantic_equivalence"": ""not checked at large width""}"
updated,efficient_su2_24_numeric,static: each control-flow region counted once,219,flat circuit,,1.625719,"[2.163326, 1.664295, 1.625719, 1.59207, 1.591319]",efficient_su2,100361,1971,e7b3f3bd599a6b09090b9f373108ed3d8800b4cf35da0d0d14eb6220309d90f8,49458,numeric,360,168,72,219,192,0,"{""rz"": 192, ""rx"": 168, ""rzz"": 72}",synthetic,3.202605,"[3.202605, 2.948521, 3.599763, 3.306526, 3.023866]",123.14453125,24,265,exported,11.880534,"[11.946263, 11.886855, 11.870198, 11.82407, 11.880534]",ibm_fractional_bounded,72,"{""kind"": ""native_contract_only"", ""passed"": true, ""errors"": [], ""checked_instructions"": 432, ""bindings"": 1, ""semantic_equivalence"": ""not checked at large width""}"
updated,efficient_su2_24_numeric,static: each control-flow region counted once,88,flat circuit,,1.880379,"[2.459267, 1.963051, 1.880379, 1.859514, 1.865338]",efficient_su2,100361,1971,e7b3f3bd599a6b09090b9f373108ed3d8800b4cf35da0d0d14eb6220309d90f8,53549,numeric,384,192,72,88,192,0,"{""sx"": 192, ""rz"": 192, ""cx"": 72}",synthetic,3.184221,"[3.14478, 3.364927, 2.972346, 3.530977, 3.184221]",122.73828125,24,194,exported,10.231999,"[10.336497, 10.262352, 10.226255, 10.231999, 10.187839]",ibm_sxz_cx,72,"{""kind"": ""native_contract_only"", ""passed"": true, ""errors"": [], ""checked_instructions"": 456, ""bindings"": 1, ""semantic_equivalence"": ""not checked at large width""}"
updated,efficient_su2_24_numeric,static: each control-flow region counted once,227,flat circuit,,2.402385,"[3.034571, 2.500163, 2.402385, 2.37213, 2.377905]",efficient_su2,100361,1971,e7b3f3bd599a6b09090b9f373108ed3d8800b4cf35da0d0d14eb6220309d90f8,66837,numeric,551,264,72,227,287,0,"{""rz"": 287, ""sx"": 264, ""cz"": 72}",synthetic,2.99833,"[3.119787, 2.924841, 2.926281, 2.99833, 3.444608]",123.42578125,24,265,exported,12.171274,"[12.56584, 12.231004, 12.16073, 12.171274, 12.166203]",ibm_sxz_cz,72,"{""kind"": ""native_contract_only"", ""passed"": true, ""errors"": [], ""checked_instructions"": 623, ""bindings"": 1, ""semantic_equivalence"": ""not checked at large width""}"
updated,efficient_su2_24_numeric,static: each control-flow region counted once,226,flat circuit,,5.242857,"[5.706672, 5.242857, 6.60462, 5.193801, 5.191273]",efficient_su2,100361,1971,e7b3f3bd599a6b09090b9f373108ed3d8800b4cf35da0d0d14eb6220309d90f8,63298,numeric,550,264,72,226,286,0,"{""rz"": 286, ""gpi2"": 264, ""rzz"": 72}",synthetic,3.125308,"[3.530689, 3.343167, 2.940633, 3.037883, 3.125308]",128.04296875,24,268,exported,12.787266,"[12.918757, 12.779491, 12.787266, 12.856323, 12.758914]",ionq_fixed_r_zz,72,"{""kind"": ""native_contract_only"", ""passed"": true, ""errors"": [], ""checked_instructions"": 622, ""bindings"": 1, ""semantic_equivalence"": ""not checked at large width""}"
updated,efficient_su2_24_numeric,static: each control-flow region counted once,146,flat circuit,,1.601878,"[2.14211, 1.676888, 1.601878, 1.579702, 1.566838]",efficient_su2,100361,1971,e7b3f3bd599a6b09090b9f373108ed3d8800b4cf35da0d0d14eb6220309d90f8,50157,numeric,192,192,72,146,0,0,"{""r"": 192, ""cz"": 72}",synthetic,3.008922,"[3.169868, 2.99601, 2.978474, 3.008922, 3.714436]",122.92578125,24,280,exported,11.278206,"[11.379248, 11.283534, 11.255662, 11.214541, 11.278206]",iqm_r_cz,72,"{""kind"": ""native_contract_only"", ""passed"": true, ""errors"": [], ""checked_instructions"": 264, ""bindings"": 1, ""semantic_equivalence"": ""not checked at large width""}"
updated,efficient_su2_24_numeric,static: each control-flow region counted once,227,flat circuit,,3.949383,"[4.652705, 3.98588, 3.949383, 3.87295, 3.84727]",efficient_su2,100361,1971,e7b3f3bd599a6b09090b9f373108ed3d8800b4cf35da0d0d14eb6220309d90f8,69932,numeric,551,264,72,227,287,0,"{""rz"": 287, ""rxpi2"": 264, ""cz"": 72}",synthetic,3.288606,"[3.177596, 3.308398, 3.294286, 3.057435, 3.288606]",123.90234375,24,265,exported,12.683809,"[12.761843, 12.662705, 12.712978, 12.683809, 12.648848]",rigetti_rx_cz,72,"{""kind"": ""native_contract_only"", ""passed"": true, ""errors"": [], ""checked_instructions"": 623, ""bindings"": 1, ""semantic_equivalence"": ""not checked at large width""}"
updated,efficient_su2_24_numeric,static: each control-flow region counted once,219,flat circuit,,1.627671,"[2.153758, 1.677207, 1.627671, 1.608167, 1.59087]",efficient_su2,100361,1971,e7b3f3bd599a6b09090b9f373108ed3d8800b4cf35da0d0d14eb6220309d90f8,49151,numeric,360,168,72,219,192,0,"{""rz"": 192, ""rx"": 168, ""rzz"": 72}",synthetic,3.136204,"[3.136204, 2.970361, 3.28763, 3.54373, 3.034155]",123.07421875,24,265,exported,11.407968,"[11.539601, 11.448224, 11.373919, 11.390384, 11.407968]",rxrz_rzz_unbounded,72,"{""kind"": ""native_contract_only"", ""passed"": true, ""errors"": [], ""checked_instructions"": 432, ""bindings"": 1, ""semantic_equivalence"": ""not checked at large width""}"
updated,efficient_su2_24_symbolic,static: each control-flow region counted once,231,flat circuit,,6.057812,"[6.745646, 6.201622, 6.057812, 5.982211, 5.952723]",efficient_su2,135018,1971,b25357c03cad38d490a854447dafef57f5b1cf14f81c88fb7605d1b1e9891255,128675,symbolic,648,312,72,231,336,0,"{""rz"": 336, ""rx"": 312, ""rzz"": 72}",synthetic,3.876102,"[3.76194, 3.427519, 3.876102, 4.112473, 4.007608]",127.3984375,24,849,exported,14.369,"[14.416216, 14.447033, 14.363832, 14.369, 14.342775]",ibm_fractional_bounded,72,"{""kind"": ""native_contract_only"", ""passed"": true, ""errors"": [], ""checked_instructions"": 2160, ""bindings"": 3, ""semantic_equivalence"": ""not checked at large width""}"
updated,efficient_su2_24_symbolic,static: each control-flow region counted once,88,flat circuit,,5.246393,"[5.982531, 5.360219, 5.246393, 5.239785, 5.229097]",efficient_su2,135018,1971,b25357c03cad38d490a854447dafef57f5b1cf14f81c88fb7605d1b1e9891255,124680,symbolic,384,192,72,88,192,0,"{""sx"": 192, ""rz"": 192, ""cx"": 72}",synthetic,3.489904,"[4.070936, 3.977304, 3.424656, 3.474096, 3.489904]",126.8671875,24,964,exported,11.728339,"[11.871685, 11.728339, 11.723251, 11.734372, 11.665954]",ibm_sxz_cx,72,"{""kind"": ""native_contract_only"", ""passed"": true, ""errors"": [], ""checked_instructions"": 1368, ""bindings"": 3, ""semantic_equivalence"": ""not checked at large width""}"
updated,efficient_su2_24_symbolic,static: each control-flow region counted once,228,flat circuit,,6.51953,"[7.266037, 6.581403, 6.431434, 6.51953, 6.487739]",efficient_su2,135018,1971,b25357c03cad38d490a854447dafef57f5b1cf14f81c88fb7605d1b1e9891255,144672,symbolic,666,333,72,228,333,0,"{""sx"": 333, ""rz"": 333, ""cz"": 72}",synthetic,3.478576,"[3.73706, 3.416192, 3.46576, 4.155866, 3.478576]",127.453125,24,1066,exported,13.442059,"[13.435643, 13.442059, 13.447563, 13.479323, 13.411146]",ibm_sxz_cz,72,"{""kind"": ""native_contract_only"", ""passed"": true, ""errors"": [], ""checked_instructions"": 2214, ""bindings"": 3, ""semantic_equivalence"": ""not checked at large width""}"
updated,efficient_su2_24_symbolic,static: each control-flow region counted once,234,flat circuit,,10.662948,"[11.101498, 12.923604, 10.662948, 10.542242, 10.369808]",efficient_su2,135018,1971,b25357c03cad38d490a854447dafef57f5b1cf14f81c88fb7605d1b1e9891255,140811,symbolic,672,336,72,234,336,0,"{""gpi2"": 336, ""rz"": 336, ""rzz"": 72}",synthetic,3.589666,"[3.589666, 3.722979, 3.381919, 3.994888, 3.43608]",135.71875,24,1054,exported,13.710718,"[13.710718, 13.715854, 13.685086, 13.703791, 13.752879]",ionq_fixed_r_zz,72,"{""kind"": ""native_contract_only"", ""passed"": true, ""errors"": [], ""checked_instructions"": 2232, ""bindings"": 3, ""semantic_equivalence"": ""not checked at large width""}"
updated,efficient_su2_24_symbolic,static: each control-flow region counted once,150,flat circuit,,5.901314,"[6.516282, 6.0197, 5.901314, 5.806033, 5.781904]",efficient_su2,135018,1971,b25357c03cad38d490a854447dafef57f5b1cf14f81c88fb7605d1b1e9891255,114594,symbolic,264,264,72,150,0,0,"{""r"": 264, ""cz"": 72}",synthetic,3.922022,"[3.78162, 3.922022, 3.995336, 3.976519, 3.538001]",126.82421875,24,799,exported,11.087034,"[11.087034, 11.089931, 11.052266, 11.053914, 11.152876]",iqm_r_cz,72,"{""kind"": ""native_contract_only"", ""passed"": true, ""errors"": [], ""checked_instructions"": 1008, ""bindings"": 3, ""semantic_equivalence"": ""not checked at large width""}"
updated,efficient_su2_24_symbolic,static: each control-flow region counted once,228,flat circuit,,8.638248,"[9.085054, 8.752266, 8.582727, 8.638248, 8.537654]",efficient_su2,135018,1971,b25357c03cad38d490a854447dafef57f5b1cf14f81c88fb7605d1b1e9891255,147705,symbolic,666,333,72,228,333,0,"{""rxpi2"": 333, ""rz"": 333, ""cz"": 72}",synthetic,3.797909,"[3.797909, 4.09132, 3.894551, 3.539073, 3.488768]",128.24609375,24,1065,exported,13.760367,"[13.82696, 13.744191, 13.685742, 13.760367, 13.818527]",rigetti_rx_cz,72,"{""kind"": ""native_contract_only"", ""passed"": true, ""errors"": [], ""checked_instructions"": 2214, ""bindings"": 3, ""semantic_equivalence"": ""not checked at large width""}"
updated,efficient_su2_24_symbolic,static: each control-flow region counted once,227,flat circuit,,5.4611,"[6.275031, 5.670735, 5.4611, 5.342602, 5.33425]",efficient_su2,135018,1971,b25357c03cad38d490a854447dafef57f5b1cf14f81c88fb7605d1b1e9891255,119459,symbolic,504,240,72,227,264,0,"{""rz"": 264, ""rx"": 240, ""rzz"": 72}",synthetic,3.714179,"[3.714179, 3.349198, 3.326654, 3.820342, 4.147961]",127.25,24,844,exported,13.158295,"[13.2074, 13.158295, 13.09935, 13.127735, 13.162343]",rxrz_rzz_unbounded,72,"{""kind"": ""native_contract_only"", ""passed"": true, ""errors"": [], ""checked_instructions"": 1728, ""bindings"": 3, ""semantic_equivalence"": ""not checked at large width""}"
updated,efficient_su2_36_numeric,static: each control-flow region counted once,327,flat circuit,,2.404382,"[3.076695, 2.533712, 2.404382, 2.385486, 2.387246]",efficient_su2,151821,2955,acc3915c88ad2bc8c35f8ebd0e7c5e1e446d4ef097fdec5edf080bf3e7997892,73824,numeric,540,252,108,327,288,0,"{""rz"": 288, ""rx"": 252, ""rzz"": 108}",synthetic,4.443704,"[4.443704, 4.152597, 4.233478, 4.829245, 4.806781]",124.91015625,36,399,exported,18.640796,"[18.860495, 18.895343, 18.640796, 18.483178, 18.447385]",ibm_fractional_bounded,108,"{""kind"": ""native_contract_only"", ""passed"": true, ""errors"": [], ""checked_instructions"": 648, ""bindings"": 1, ""semantic_equivalence"": ""not checked at large width""}"
updated,efficient_su2_36_numeric,static: each control-flow region counted once,124,flat circuit,,2.83234,"[3.561581, 2.939621, 2.83234, 2.772915, 2.776147]",efficient_su2,151821,2955,acc3915c88ad2bc8c35f8ebd0e7c5e1e446d4ef097fdec5edf080bf3e7997892,79903,numeric,576,288,108,124,288,0,"{""sx"": 288, ""rz"": 288, ""cx"": 108}",synthetic,4.41812,"[4.41812, 4.197605, 4.265878, 4.829917, 4.971823]",123.80859375,36,290,exported,15.930281,"[15.98865, 15.917434, 15.980682, 15.923193, 15.930281]",ibm_sxz_cx,108,"{""kind"": ""native_contract_only"", ""passed"": true, ""errors"": [], ""checked_instructions"": 684, ""bindings"": 1, ""semantic_equivalence"": ""not checked at large width""}"
updated,efficient_su2_36_numeric,static: each control-flow region counted once,335,flat circuit,,3.66219,"[4.55209, 3.78672, 3.66219, 3.601742, 3.579501]",efficient_su2,151821,2955,acc3915c88ad2bc8c35f8ebd0e7c5e1e446d4ef097fdec5edf080bf3e7997892,99904,numeric,827,396,108,335,431,0,"{""rz"": 431, ""sx"": 396, ""cz"": 108}",synthetic,4.349975,"[4.414072, 4.301031, 4.26375, 4.349975, 5.027344]",124.27734375,36,397,exported,19.033713,"[19.046209, 18.969744, 19.033713, 19.050513, 18.982368]",ibm_sxz_cz,108,"{""kind"": ""native_contract_only"", ""passed"": true, ""errors"": [], ""checked_instructions"": 935, ""bindings"": 1, ""semantic_equivalence"": ""not checked at large width""}"
updated,efficient_su2_36_numeric,static: each control-flow region counted once,334,flat circuit,,8.129143,"[8.302585, 9.95027, 8.129143, 8.038854, 7.999701]",efficient_su2,151821,2955,acc3915c88ad2bc8c35f8ebd0e7c5e1e446d4ef097fdec5edf080bf3e7997892,94443,numeric,825,396,108,334,429,0,"{""rz"": 429, ""gpi2"": 396, ""rzz"": 108}",synthetic,4.297575,"[4.518361, 4.225974, 4.26439, 4.812316, 4.297575]",132.51171875,36,400,exported,19.940429,"[19.977805, 19.86294, 19.867083, 19.984141, 19.940429]",ionq_fixed_r_zz,108,"{""kind"": ""native_contract_only"", ""passed"": true, ""errors"": [], ""checked_instructions"": 933, ""bindings"": 1, ""semantic_equivalence"": ""not checked at large width""}"
updated,efficient_su2_36_numeric,static: each control-flow region counted once,218,flat circuit,,2.399502,"[3.091703, 2.52488, 2.399502, 2.365934, 2.366206]",efficient_su2,151821,2955,acc3915c88ad2bc8c35f8ebd0e7c5e1e446d4ef097fdec5edf080bf3e7997892,75031,numeric,288,288,108,218,0,0,"{""r"": 288, ""cz"": 108}",synthetic,4.428984,"[4.428984, 4.219046, 4.240997, 4.826254, 5.033903]",123.72265625,36,420,exported,17.546222,"[17.667376, 17.565471, 17.540974, 17.546222, 17.453981]",iqm_r_cz,108,"{""kind"": ""native_contract_only"", ""passed"": true, ""errors"": [], ""checked_instructions"": 396, ""bindings"": 1, ""semantic_equivalence"": ""not checked at large width""}"
updated,efficient_su2_36_numeric,static: each control-flow region counted once,335,flat circuit,,6.209502,"[6.726373, 6.209502, 5.96542, 5.942491, 7.867076]",efficient_su2,151821,2955,acc3915c88ad2bc8c35f8ebd0e7c5e1e446d4ef097fdec5edf080bf3e7997892,104321,numeric,827,396,108,335,431,0,"{""rz"": 431, ""rxpi2"": 396, ""cz"": 108}",synthetic,4.447465,"[4.447465, 4.545513, 4.724076, 4.43308, 4.288742]",124.9375,36,397,exported,19.777578,"[20.457026, 19.951804, 19.758186, 19.717673, 19.777578]",rigetti_rx_cz,108,"{""kind"": ""native_contract_only"", ""passed"": true, ""errors"": [], ""checked_instructions"": 935, ""bindings"": 1, ""semantic_equivalence"": ""not checked at large width""}"
updated,efficient_su2_36_numeric,static: each control-flow region counted once,327,flat circuit,,2.448607,"[3.071399, 2.551024, 2.448607, 2.397278, 2.400287]",efficient_su2,151821,2955,acc3915c88ad2bc8c35f8ebd0e7c5e1e446d4ef097fdec5edf080bf3e7997892,73415,numeric,540,252,108,327,288,0,"{""rz"": 288, ""rx"": 252, ""rzz"": 108}",synthetic,4.287942,"[4.439496, 4.274759, 4.263814, 4.287942, 4.649707]",124.03125,36,397,exported,17.754129,"[17.785009, 17.689824, 17.740496, 17.755425, 17.754129]",rxrz_rzz_unbounded,108,"{""kind"": ""native_contract_only"", ""passed"": true, ""errors"": [], ""checked_instructions"": 648, ""bindings"": 1, ""semantic_equivalence"": ""not checked at large width""}"
updated,efficient_su2_36_symbolic,static: each control-flow region counted once,339,flat circuit,,9.500664,"[9.968126, 9.685241, 9.500664, 9.251908, 9.423894]",efficient_su2,203390,2955,e224064445495958e6dae7291b47e60883b96043ca14043d3945c72ee1d01eb9,193538,symbolic,972,468,108,339,504,0,"{""rz"": 504, ""rx"": 468, ""rzz"": 108}",synthetic,5.27717,"[5.27717, 5.103616, 5.234402, 6.651716, 5.804569]",132.1328125,36,1269,exported,22.874495,"[24.241825, 22.874495, 22.886271, 22.810463, 22.140278]",ibm_fractional_bounded,108,"{""kind"": ""native_contract_only"", ""passed"": true, ""errors"": [], ""checked_instructions"": 3240, ""bindings"": 3, ""semantic_equivalence"": ""not checked at large width""}"
updated,efficient_su2_36_symbolic,static: each control-flow region counted once,124,flat circuit,,8.050085,"[8.73059, 8.15367, 7.922676, 8.037781, 8.050085]",efficient_su2,203390,2955,e224064445495958e6dae7291b47e60883b96043ca14043d3945c72ee1d01eb9,187824,symbolic,576,288,108,124,288,0,"{""sx"": 288, ""rz"": 288, ""cx"": 108}",synthetic,5.046671,"[5.046671, 4.919758, 5.237202, 5.694904, 4.927294]",131.14453125,36,1444,exported,17.960066,"[17.920225, 17.973362, 18.017363, 17.956898, 17.960066]",ibm_sxz_cx,108,"{""kind"": ""native_contract_only"", ""passed"": true, ""errors"": [], ""checked_instructions"": 2052, ""bindings"": 3, ""semantic_equivalence"": ""not checked at large width""}"
updated,efficient_su2_36_symbolic,static: each control-flow region counted once,336,flat circuit,,9.975645,"[10.438787, 10.167808, 9.941133, 9.941981, 9.975645]",efficient_su2,203390,2955,e224064445495958e6dae7291b47e60883b96043ca14043d3945c72ee1d01eb9,217356,symbolic,1002,501,108,336,501,0,"{""sx"": 501, ""rz"": 501, ""cz"": 108}",synthetic,5.128129,"[5.128129, 4.80038, 4.879693, 5.610022, 5.294355]",132.171875,36,1582,exported,20.541378,"[20.541378, 20.500322, 20.553699, 20.559458, 20.396833]",ibm_sxz_cz,108,"{""kind"": ""native_contract_only"", ""passed"": true, ""errors"": [], ""checked_instructions"": 3330, ""bindings"": 3, ""semantic_equivalence"": ""not checked at large width""}"
updated,efficient_su2_36_symbolic,static: each control-flow region counted once,342,flat circuit,,15.665157,"[18.013698, 15.665157, 15.743078, 15.477603, 15.376593]",efficient_su2,203390,2955,e224064445495958e6dae7291b47e60883b96043ca14043d3945c72ee1d01eb9,211534,symbolic,1008,504,108,342,504,0,"{""gpi2"": 504, ""rz"": 504, ""rzz"": 108}",synthetic,5.135249,"[5.135249, 5.523909, 5.294659, 5.003551, 4.883229]",143.5,36,1570,exported,21.064425,"[21.080633, 21.038441, 21.064425, 21.074697, 21.037065]",ionq_fixed_r_zz,108,"{""kind"": ""native_contract_only"", ""passed"": true, ""errors"": [], ""checked_instructions"": 3348, ""bindings"": 3, ""semantic_equivalence"": ""not checked at large width""}"
updated,efficient_su2_36_symbolic,static: each control-flow region counted once,222,flat circuit,,8.62934,"[9.252244, 8.72147, 8.58662, 8.477467, 8.62934]",efficient_su2,203390,2955,e224064445495958e6dae7291b47e60883b96043ca14043d3945c72ee1d01eb9,172764,symbolic,396,396,108,222,0,0,"{""r"": 396, ""cz"": 108}",synthetic,5.255298,"[5.120752, 4.822077, 5.255298, 5.286307, 5.267922]",129.94140625,36,1195,exported,17.273002,"[17.589229, 17.4551, 17.170856, 17.236185, 17.273002]",iqm_r_cz,108,"{""kind"": ""native_contract_only"", ""passed"": true, ""errors"": [], ""checked_instructions"": 1512, ""bindings"": 3, ""semantic_equivalence"": ""not checked at large width""}"
updated,efficient_su2_36_symbolic,static: each control-flow region counted once,336,flat circuit,,13.220182,"[13.254886, 12.946435, 13.220182, 15.215807, 12.834113]",efficient_su2,203390,2955,e224064445495958e6dae7291b47e60883b96043ca14043d3945c72ee1d01eb9,221733,symbolic,1002,501,108,336,501,0,"{""rxpi2"": 501, ""rz"": 501, ""cz"": 108}",synthetic,5.290579,"[5.242082, 5.708344, 5.290579, 6.215198, 5.067823]",131.0,36,1581,exported,20.923271,"[20.929287, 20.923271, 20.940855, 20.872998, 20.886054]",rigetti_rx_cz,108,"{""kind"": ""native_contract_only"", ""passed"": true, ""errors"": [], ""checked_instructions"": 3330, ""bindings"": 3, ""semantic_equivalence"": ""not checked at large width""}"
updated,efficient_su2_36_symbolic,static: each control-flow region counted once,335,flat circuit,,9.771579,"[9.124867, 9.985453, 9.737883, 9.771579, 9.909948]",efficient_su2,203390,2955,e224064445495958e6dae7291b47e60883b96043ca14043d3945c72ee1d01eb9,180004,symbolic,756,360,108,335,396,0,"{""rz"": 396, ""rx"": 360, ""rzz"": 108}",synthetic,5.017663,"[5.017663, 5.212945, 4.893374, 5.957771, 4.904413]",130.9609375,36,1264,exported,20.178365,"[20.21803, 20.178365, 20.18187, 20.098444, 20.029756]",rxrz_rzz_unbounded,108,"{""kind"": ""native_contract_only"", ""passed"": true, ""errors"": [], ""checked_instructions"": 2592, ""bindings"": 3, ""semantic_equivalence"": ""not checked at large width""}"
updated,efficient_su2_54_numeric,static: each control-flow region counted once,489,flat circuit,,3.668697,"[4.523314, 3.772362, 3.668697, 3.650825, 3.630969]",efficient_su2,229583,4431,2bb4f8982727cfdabebbcaf410ce2f75c7c05f531c3de5962259319ead9beefe,110300,numeric,810,378,162,489,432,0,"{""rz"": 432, ""rx"": 378, ""rzz"": 162}",synthetic,6.110996,"[6.511112, 6.878381, 6.012739, 6.109989, 6.110996]",125.07421875,54,598,exported,28.699201,"[28.950691, 28.679104, 28.699201, 28.67072, 28.728817]",ibm_fractional_bounded,162,"{""kind"": ""native_contract_only"", ""passed"": true, ""errors"": [], ""checked_instructions"": 972, ""bindings"": 1, ""semantic_equivalence"": ""not checked at large width""}"
updated,efficient_su2_54_numeric,static: each control-flow region counted once,178,flat circuit,,4.388865,"[5.199658, 4.45469, 4.388865, 4.345984, 4.364129]",efficient_su2,229583,4431,2bb4f8982727cfdabebbcaf410ce2f75c7c05f531c3de5962259319ead9beefe,119519,numeric,864,432,162,178,432,0,"{""sx"": 432, ""rz"": 432, ""cx"": 162}",synthetic,6.180645,"[6.671099, 5.946002, 6.666427, 6.166629, 6.180645]",125.24609375,54,434,exported,24.901415,"[24.956839, 24.963223, 24.901415, 24.843637, 24.797733]",ibm_sxz_cx,162,"{""kind"": ""native_contract_only"", ""passed"": true, ""errors"": [], ""checked_instructions"": 1026, ""bindings"": 1, ""semantic_equivalence"": ""not checked at large width""}"
updated,efficient_su2_54_numeric,static: each control-flow region counted once,497,flat circuit,,5.651311,"[6.554473, 5.752529, 5.575134, 5.651311, 5.584766]",efficient_su2,229583,4431,2bb4f8982727cfdabebbcaf410ce2f75c7c05f531c3de5962259319ead9beefe,150472,numeric,1241,594,162,497,647,0,"{""rz"": 647, ""sx"": 594, ""cz"": 162}",synthetic,6.30175,"[6.233366, 6.697595, 6.508457, 6.30175, 6.196294]",126.16796875,54,595,exported,29.435289,"[29.493065, 29.435289, 29.317976, 29.371177, 29.621035]",ibm_sxz_cz,162,"{""kind"": ""native_contract_only"", ""passed"": true, ""errors"": [], ""checked_instructions"": 1403, ""bindings"": 1, ""semantic_equivalence"": ""not checked at large width""}"
updated,efficient_su2_54_numeric,static: each control-flow region counted once,496,flat circuit,,11.672434,"[13.693241, 12.00423, 11.549713, 11.446144, 11.672434]",efficient_su2,229583,4431,2bb4f8982727cfdabebbcaf410ce2f75c7c05f531c3de5962259319ead9beefe,141836,numeric,1239,594,162,496,645,0,"{""rz"": 645, ""gpi2"": 594, ""rzz"": 162}",synthetic,6.260022,"[6.260022, 6.038851, 6.894109, 6.509993, 6.215941]",136.12890625,54,598,exported,30.817881,"[30.98649, 30.841112, 30.746215, 30.727527, 30.817881]",ionq_fixed_r_zz,162,"{""kind"": ""native_contract_only"", ""passed"": true, ""errors"": [], ""checked_instructions"": 1401, ""bindings"": 1, ""semantic_equivalence"": ""not checked at large width""}"
updated,efficient_su2_54_numeric,static: each control-flow region counted once,326,flat circuit,,3.638617,"[4.492178, 3.759546, 3.638617, 3.61788, 3.634009]",efficient_su2,229583,4431,2bb4f8982727cfdabebbcaf410ce2f75c7c05f531c3de5962259319ead9beefe,111960,numeric,432,432,162,326,0,0,"{""r"": 432, ""cz"": 162}",synthetic,6.249094,"[6.249094, 6.003923, 6.808284, 6.475497, 6.182581]",124.75,54,623,exported,27.637973,"[27.716614, 27.772935, 27.637973, 27.563524, 27.513764]",iqm_r_cz,162,"{""kind"": ""native_contract_only"", ""passed"": true, ""errors"": [], ""checked_instructions"": 594, ""bindings"": 1, ""semantic_equivalence"": ""not checked at large width""}"
updated,efficient_su2_54_numeric,static: each control-flow region counted once,497,flat circuit,,9.147142,"[9.804573, 9.011477, 10.539765, 9.147142, 8.851555]",efficient_su2,229583,4431,2bb4f8982727cfdabebbcaf410ce2f75c7c05f531c3de5962259319ead9beefe,156915,numeric,1241,594,162,497,647,0,"{""rz"": 647, ""rxpi2"": 594, ""cz"": 162}",synthetic,6.387911,"[6.286838, 6.533993, 6.19815, 7.168448, 6.387911]",127.9609375,54,596,exported,30.767799,"[30.937753, 30.81868, 30.721655, 30.767799, 30.707079]",rigetti_rx_cz,162,"{""kind"": ""native_contract_only"", ""passed"": true, ""errors"": [], ""checked_instructions"": 1403, ""bindings"": 1, ""semantic_equivalence"": ""not checked at large width""}"
updated,efficient_su2_54_numeric,static: each control-flow region counted once,489,flat circuit,,3.664521,"[4.492658, 3.779546, 3.664521, 3.611496, 3.585208]",efficient_su2,229583,4431,2bb4f8982727cfdabebbcaf410ce2f75c7c05f531c3de5962259319ead9beefe,109846,numeric,810,378,162,489,432,0,"{""rz"": 432, ""rx"": 378, ""rzz"": 162}",synthetic,6.218934,"[6.218934, 5.949426, 6.224038, 6.180133, 6.62313]",125.07421875,54,595,exported,27.647076,"[27.783575, 27.903256, 27.647076, 27.619973, 27.523987]",rxrz_rzz_unbounded,162,"{""kind"": ""native_contract_only"", ""passed"": true, ""errors"": [], ""checked_instructions"": 972, ""bindings"": 1, ""semantic_equivalence"": ""not checked at large width""}"
updated,efficient_su2_54_symbolic,static: each control-flow region counted once,501,flat circuit,,13.300148,"[14.153741, 13.477989, 13.116594, 13.300148, 13.279123]",efficient_su2,308078,4431,c5437db5a453ec704ddd8594c5a6b46f38693fab95be17016e22296e824b7a98,291688,symbolic,1458,702,162,501,756,0,"{""rz"": 756, ""rx"": 702, ""rzz"": 162}",synthetic,7.136192,"[7.709302, 7.237568, 7.024846, 7.136192, 7.009501]",135.76171875,54,1899,exported,33.930808,"[33.930808, 33.881736, 34.012026, 34.06953, 33.851752]",ibm_fractional_bounded,162,"{""kind"": ""native_contract_only"", ""passed"": true, ""errors"": [], ""checked_instructions"": 4860, ""bindings"": 3, ""semantic_equivalence"": ""not checked at large width""}"
updated,efficient_su2_54_symbolic,static: each control-flow region counted once,178,flat circuit,,12.488074,"[13.109809, 12.620781, 12.488074, 12.471147, 12.178503]",efficient_su2,308078,4431,c5437db5a453ec704ddd8594c5a6b46f38693fab95be17016e22296e824b7a98,283404,symbolic,864,432,162,178,432,0,"{""sx"": 432, ""rz"": 432, ""cx"": 162}",synthetic,7.144927,"[8.171067, 7.055023, 7.035182, 7.18096, 7.144927]",133.15234375,54,2164,exported,28.005063,"[28.005063, 28.078839, 28.008455, 27.950007, 27.850181]",ibm_sxz_cx,162,"{""kind"": ""native_contract_only"", ""passed"": true, ""errors"": [], ""checked_instructions"": 3078, ""bindings"": 3, ""semantic_equivalence"": ""not checked at large width""}"
updated,efficient_su2_54_symbolic,static: each control-flow region counted once,498,flat circuit,,14.480305,"[15.076567, 14.494497, 14.275375, 14.480305, 14.393423]",efficient_su2,308078,4431,c5437db5a453ec704ddd8594c5a6b46f38693fab95be17016e22296e824b7a98,327248,symbolic,1506,753,162,498,753,0,"{""sx"": 753, ""rz"": 753, ""cz"": 162}",synthetic,7.214544,"[7.140911, 7.214544, 7.183744, 7.41789, 7.381859]",135.9140625,54,2356,exported,32.040004,"[32.25567, 32.093332, 32.040004, 31.943234, 31.886899]",ibm_sxz_cz,162,"{""kind"": ""native_contract_only"", ""passed"": true, ""errors"": [], ""checked_instructions"": 5004, ""bindings"": 3, ""semantic_equivalence"": ""not checked at large width""}"
updated,efficient_su2_54_symbolic,static: each control-flow region counted once,504,flat circuit,,22.766572,"[25.111383, 22.629723, 22.665739, 22.766572, 24.297774]",efficient_su2,308078,4431,c5437db5a453ec704ddd8594c5a6b46f38693fab95be17016e22296e824b7a98,318491,symbolic,1512,756,162,504,756,0,"{""gpi2"": 756, ""rz"": 756, ""rzz"": 162}",synthetic,7.074239,"[7.568644, 7.628788, 7.035998, 7.074239, 7.064894]",153.2578125,54,2344,exported,32.526185,"[32.723339, 32.558441, 32.512889, 32.526185, 32.49988]",ionq_fixed_r_zz,162,"{""kind"": ""native_contract_only"", ""passed"": true, ""errors"": [], ""checked_instructions"": 5022, ""bindings"": 3, ""semantic_equivalence"": ""not checked at large width""}"
updated,efficient_su2_54_symbolic,static: each control-flow region counted once,330,flat circuit,,12.458891,"[13.182387, 12.548427, 12.420074, 12.240472, 12.458891]",efficient_su2,308078,4431,c5437db5a453ec704ddd8594c5a6b46f38693fab95be17016e22296e824b7a98,261017,symbolic,594,594,162,330,0,0,"{""r"": 594, ""cz"": 162}",synthetic,7.098607,"[7.59994, 7.568149, 7.011229, 7.072623, 7.098607]",134.37890625,54,1789,exported,26.068194,"[26.182547, 26.068194, 26.069154, 26.022417, 26.023233]",iqm_r_cz,162,"{""kind"": ""native_contract_only"", ""passed"": true, ""errors"": [], ""checked_instructions"": 2268, ""bindings"": 3, ""semantic_equivalence"": ""not checked at large width""}"
updated,efficient_su2_54_symbolic,static: each control-flow region counted once,498,flat circuit,,19.024467,"[19.32231, 18.822865, 20.912151, 19.024467, 18.699295]",efficient_su2,308078,4431,c5437db5a453ec704ddd8594c5a6b46f38693fab95be17016e22296e824b7a98,333639,symbolic,1506,753,162,498,753,0,"{""rxpi2"": 753, ""rz"": 753, ""cz"": 162}",synthetic,7.10691,"[7.699157, 7.273969, 6.983758, 7.10691, 7.081103]",135.32421875,54,2355,exported,32.392279,"[32.499352, 32.373927, 32.349751, 32.551577, 32.392279]",rigetti_rx_cz,162,"{""kind"": ""native_contract_only"", ""passed"": true, ""errors"": [], ""checked_instructions"": 5004, ""bindings"": 3, ""semantic_equivalence"": ""not checked at large width""}"
updated,efficient_su2_54_symbolic,static: each control-flow region counted once,497,flat circuit,,12.711661,"[13.613767, 13.054753, 12.711661, 12.611692, 12.28492]",efficient_su2,308078,4431,c5437db5a453ec704ddd8594c5a6b46f38693fab95be17016e22296e824b7a98,271673,symbolic,1134,540,162,497,594,0,"{""rz"": 594, ""rx"": 540, ""rzz"": 162}",synthetic,7.082094,"[7.905095, 6.982846, 7.078383, 7.126207, 7.082094]",133.48828125,54,1894,exported,31.228155,"[31.318219, 31.228155, 31.156826, 31.266379, 31.222554]",rxrz_rzz_unbounded,162,"{""kind"": ""native_contract_only"", ""passed"": true, ""errors"": [], ""checked_instructions"": 3888, ""bindings"": 3, ""semantic_equivalence"": ""not checked at large width""}"
updated,equatorial_frames_104_numeric,static: each control-flow region counted once,937,flat circuit,,5.740913,"[6.690825, 5.897121, 5.740913, 5.714608, 5.718448]",equatorial_frames,371189,7491,10964f41c3c481187a48d9bacf0821c9d2a9034a807023a090e145229e593b69,153138,numeric,728,312,312,937,416,0,"{""rz"": 416, ""rx"": 312, ""cz"": 312}",synthetic,9.546832,"[9.784674, 9.912627, 9.427327, 9.546832, 9.523441]",126.125,104,317,exported,39.835215,"[39.960928, 39.847135, 39.725198, 39.835215, 39.780895]",ibm_fractional_bounded,312,"{""kind"": ""native_contract_only"", ""passed"": true, ""errors"": [], ""checked_instructions"": 1040, ""bindings"": 1, ""semantic_equivalence"": ""not checked at large width""}"
updated,equatorial_frames_104_numeric,static: each control-flow region counted once,1875,flat circuit,,11.723283,"[12.779595, 11.995606, 11.657602, 11.540817, 11.723283]",equatorial_frames,371189,7491,10964f41c3c481187a48d9bacf0821c9d2a9034a807023a090e145229e593b69,289448,numeric,2499,937,312,1875,1562,0,"{""rz"": 1562, ""sx"": 937, ""cx"": 312}",synthetic,9.447072,"[9.73501, 9.751394, 9.245118, 9.447072, 9.342623]",133.84375,104,941,exported,49.03059,"[49.207135, 49.141471, 48.973165, 49.03059, 49.028414]",ibm_sxz_cx,312,"{""kind"": ""native_contract_only"", ""passed"": true, ""errors"": [], ""checked_instructions"": 2811, ""bindings"": 1, ""semantic_equivalence"": ""not checked at large width""}"
updated,equatorial_frames_104_numeric,static: each control-flow region counted once,1561,flat circuit,,7.291757,"[8.519432, 7.372494, 7.291757, 7.24027, 7.2307]",equatorial_frames,371189,7491,10964f41c3c481187a48d9bacf0821c9d2a9034a807023a090e145229e593b69,185576,numeric,1352,624,312,1561,728,0,"{""rz"": 728, ""sx"": 624, ""cz"": 312}",synthetic,9.562913,"[10.033572, 9.562913, 9.351087, 9.579793, 9.412559]",127.0234375,104,317,exported,41.908369,"[41.908369, 41.946881, 41.633535, 41.830144, 42.419781]",ibm_sxz_cz,312,"{""kind"": ""native_contract_only"", ""passed"": true, ""errors"": [], ""checked_instructions"": 1664, ""bindings"": 1, ""semantic_equivalence"": ""not checked at large width""}"
updated,equatorial_frames_104_numeric,static: each control-flow region counted once,938,flat circuit,,5.364957,"[6.292469, 5.512542, 5.364957, 5.330765, 5.330973]",equatorial_frames,371189,7491,10964f41c3c481187a48d9bacf0821c9d2a9034a807023a090e145229e593b69,146757,numeric,1250,625,312,938,625,0,"{""rz"": 625, ""rx"": 625, ""rzz"": 312}",synthetic,9.49616,"[9.393743, 10.104485, 9.45128, 9.603025, 9.49616]",127.8125,104,324,exported,43.822305,"[43.861521, 43.795425, 43.727312, 43.829234, 43.822305]",rxrz_rzz_unbounded,312,"{""kind"": ""native_contract_only"", ""passed"": true, ""errors"": [], ""checked_instructions"": 1562, ""bindings"": 1, ""semantic_equivalence"": ""not checked at large width""}"
updated,equatorial_frames_104_symbolic,static: each control-flow region counted once,937,flat circuit,,15.776276,"[16.144471, 15.776276, 15.670643, 15.810436, 15.681475]",equatorial_frames,425445,7491,680e63a1a1ed9d1ebf788373934d3bcaa10f7d4a84bc1539d2209f6660d87253,310609,symbolic,728,312,312,937,416,0,"{""rz"": 416, ""rx"": 312, ""cz"": 312}",synthetic,10.267158,"[11.237022, 9.972547, 10.112805, 10.267158, 10.29239]",134.3125,104,2605,exported,41.395946,"[41.448859, 41.395946, 41.39513, 41.419898, 41.226057]",ibm_fractional_bounded,312,"{""kind"": ""native_contract_only"", ""passed"": true, ""errors"": [], ""checked_instructions"": 3120, ""bindings"": 3, ""semantic_equivalence"": ""not checked at large width""}"
updated,equatorial_frames_104_symbolic,static: each control-flow region counted once,2497,flat circuit,,19.881111,"[20.486412, 20.000135, 19.881111, 19.880134, 19.806934]",equatorial_frames,425445,7491,680e63a1a1ed9d1ebf788373934d3bcaa10f7d4a84bc1539d2209f6660d87253,416736,symbolic,3121,1248,312,2497,1873,0,"{""rz"": 1873, ""sx"": 1248, ""cx"": 312}",synthetic,10.155621,"[10.45132, 10.558584, 9.969044, 10.155621, 10.047028]",139.1015625,104,1879,exported,49.244493,"[49.099019, 49.262749, 49.110347, 49.337773, 49.244493]",ibm_sxz_cx,312,"{""kind"": ""native_contract_only"", ""passed"": true, ""errors"": [], ""checked_instructions"": 10299, ""bindings"": 3, ""semantic_equivalence"": ""not checked at large width""}"
updated,equatorial_frames_104_symbolic,static: each control-flow region counted once,1561,flat circuit,,17.717588,"[17.872342, 17.747253, 17.583459, 17.717588, 17.512851]",equatorial_frames,425445,7491,680e63a1a1ed9d1ebf788373934d3bcaa10f7d4a84bc1539d2209f6660d87253,342810,symbolic,1352,624,312,1561,728,0,"{""rz"": 728, ""sx"": 624, ""cz"": 312}",synthetic,10.116997,"[11.024173, 9.886339, 9.995907, 10.124693, 10.116997]",137.078125,104,2605,exported,44.000208,"[44.000208, 44.148609, 43.826559, 44.090865, 43.857967]",ibm_sxz_cz,312,"{""kind"": ""native_contract_only"", ""passed"": true, ""errors"": [], ""checked_instructions"": 4992, ""bindings"": 3, ""semantic_equivalence"": ""not checked at large width""}"
updated,equatorial_frames_104_symbolic,static: each control-flow region counted once,1560,flat circuit,,13.216638,"[14.360936, 13.257647, 13.175998, 13.216638, 13.05947]",equatorial_frames,425445,7491,680e63a1a1ed9d1ebf788373934d3bcaa10f7d4a84bc1539d2209f6660d87253,298161,symbolic,1872,936,312,1560,936,0,"{""rz"": 936, ""rx"": 936, ""rzz"": 312}",synthetic,10.126452,"[10.857467, 10.094228, 10.087685, 10.133444, 10.126452]",139.59765625,104,1569,exported,44.25133,"[44.338115, 44.335283, 44.25133, 44.169826, 44.113665]",rxrz_rzz_unbounded,312,"{""kind"": ""native_contract_only"", ""passed"": true, ""errors"": [], ""checked_instructions"": 6552, ""bindings"": 3, ""semantic_equivalence"": ""not checked at large width""}"
updated,equatorial_frames_156_numeric,static: each control-flow region counted once,1405,flat circuit,,9.017641,"[10.270995, 9.154107, 9.017641, 8.941384, 8.899817]",equatorial_frames,560264,11235,8e0ec71bb9d9757b881772665e8baf74c25ae2a345d5bfd1d41ddafe7e5a150b,231522,numeric,1092,468,468,1405,624,0,"{""rz"": 624, ""rx"": 468, ""cz"": 468}",synthetic,14.542614,"[14.542614, 14.271028, 14.475446, 14.55575, 14.682775]",130.53515625,156,472,exported,64.950432,"[64.907999, 64.956976, 64.832047, 64.950432, 65.164993]",ibm_fractional_bounded,468,"{""kind"": ""native_contract_only"", ""passed"": true, ""errors"": [], ""checked_instructions"": 1560, ""bindings"": 1, ""semantic_equivalence"": ""not checked at large width""}"
updated,equatorial_frames_156_numeric,static: each control-flow region counted once,2811,flat circuit,,18.500102,"[19.597216, 18.420806, 18.500102, 18.674712, 18.453094]",equatorial_frames,560264,11235,8e0ec71bb9d9757b881772665e8baf74c25ae2a345d5bfd1d41ddafe7e5a150b,436789,numeric,3747,1405,468,2811,2342,0,"{""rz"": 2342, ""sx"": 1405, ""cx"": 468}",synthetic,14.370213,"[14.407478, 14.830232, 14.323941, 14.307124, 14.370213]",139.37109375,156,1409,exported,79.192324,"[78.942178, 79.010466, 79.341877, 79.192324, 79.603623]",ibm_sxz_cx,468,"{""kind"": ""native_contract_only"", ""passed"": true, ""errors"": [], ""checked_instructions"": 4215, ""bindings"": 1, ""semantic_equivalence"": ""not checked at large width""}"
updated,equatorial_frames_156_numeric,static: each control-flow region counted once,2341,flat circuit,,11.742896,"[12.820792, 11.862912, 11.742896, 11.580382, 11.683967]",equatorial_frames,560264,11235,8e0ec71bb9d9757b881772665e8baf74c25ae2a345d5bfd1d41ddafe7e5a150b,279889,numeric,2028,936,468,2341,1092,0,"{""rz"": 1092, ""sx"": 936, ""cz"": 468}",synthetic,14.486182,"[14.73444, 14.22626, 14.304692, 14.56727, 14.486182]",135.5546875,156,473,exported,68.941472,"[68.574861, 68.941472, 69.054017, 69.003153, 68.822336]",ibm_sxz_cz,468,"{""kind"": ""native_contract_only"", ""passed"": true, ""errors"": [], ""checked_instructions"": 2496, ""bindings"": 1, ""semantic_equivalence"": ""not checked at large width""}"
updated,equatorial_frames_156_numeric,static: each control-flow region counted once,1406,flat circuit,,8.402356,"[9.581358, 8.596838, 8.4013, 8.396324, 8.402356]",equatorial_frames,560264,11235,8e0ec71bb9d9757b881772665e8baf74c25ae2a345d5bfd1d41ddafe7e5a150b,221506,numeric,1874,937,468,1406,937,0,"{""rz"": 937, ""rx"": 937, ""rzz"": 468}",synthetic,14.325013,"[14.782984, 14.081778, 14.325013, 14.458005, 14.295652]",134.6015625,156,480,exported,71.502277,"[71.731383, 71.376564, 71.328436, 71.502277, 71.607606]",rxrz_rzz_unbounded,468,"{""kind"": ""native_contract_only"", ""passed"": true, ""errors"": [], ""checked_instructions"": 2342, ""bindings"": 1, ""semantic_equivalence"": ""not checked at large width""}"
updated,equatorial_frames_156_symbolic,static: each control-flow region counted once,1405,flat circuit,,24.934217,"[25.187147, 25.132858, 24.796663, 24.83556, 24.934217]",equatorial_frames,641817,11235,8af98b0e4bcfaa51b3e98d40c4a16fdf56af0d2e66702648e0bba82b6525c050,466765,symbolic,1092,468,468,1405,624,0,"{""rz"": 624, ""rx"": 468, ""cz"": 468}",synthetic,15.511581,"[15.723998, 15.499581, 15.334315, 15.511581, 15.682686]",142.43359375,156,3905,exported,67.890594,"[67.852082, 67.785297, 68.025331, 68.030483, 67.890594]",ibm_fractional_bounded,468,"{""kind"": ""native_contract_only"", ""passed"": true, ""errors"": [], ""checked_instructions"": 4680, ""bindings"": 3, ""semantic_equivalence"": ""not checked at large width""}"
updated,equatorial_frames_156_symbolic,static: each control-flow region counted once,3745,flat circuit,,31.076862,"[32.135448, 30.980637, 31.076862, 31.021085, 31.219183]",equatorial_frames,641817,11235,8af98b0e4bcfaa51b3e98d40c4a16fdf56af0d2e66702648e0bba82b6525c050,625984,symbolic,4681,1872,468,3745,2809,0,"{""rz"": 2809, ""sx"": 1872, ""cx"": 468}",synthetic,15.42327,"[15.165556, 15.260565, 15.42327, 15.547223, 15.569303]",150.03515625,156,2815,exported,80.514347,"[80.022903, 80.514347, 80.665245, 80.850718, 80.497291]",ibm_sxz_cx,468,"{""kind"": ""native_contract_only"", ""passed"": true, ""errors"": [], ""checked_instructions"": 15447, ""bindings"": 3, ""semantic_equivalence"": ""not checked at large width""}"
updated,equatorial_frames_156_symbolic,static: each control-flow region counted once,2341,flat circuit,,32.363221,"[32.994331, 32.363221, 32.520135, 32.351957, 31.90621]",equatorial_frames,641817,11235,8af98b0e4bcfaa51b3e98d40c4a16fdf56af0d2e66702648e0bba82b6525c050,515190,symbolic,2028,936,468,2341,1092,0,"{""rz"": 1092, ""sx"": 936, ""cz"": 468}",synthetic,15.653374,"[15.837776, 15.221531, 15.502061, 15.653374, 15.660111]",149.3125,156,3905,exported,72.847692,"[72.307623, 72.587322, 72.847692, 73.103246, 73.199503]",ibm_sxz_cz,468,"{""kind"": ""native_contract_only"", ""passed"": true, ""errors"": [], ""checked_instructions"": 7488, ""bindings"": 3, ""semantic_equivalence"": ""not checked at large width""}"
updated,equatorial_frames_156_symbolic,static: each control-flow region counted once,2340,flat circuit,,20.624963,"[21.638316, 20.673507, 20.624963, 20.571123, 20.57997]",equatorial_frames,641817,11235,8af98b0e4bcfaa51b3e98d40c4a16fdf56af0d2e66702648e0bba82b6525c050,448124,symbolic,2808,1404,468,2340,1404,0,"{""rz"": 1404, ""rx"": 1404, ""rzz"": 468}",synthetic,15.390374,"[15.525238, 15.126788, 15.338213, 15.481062, 15.390374]",147.47265625,156,2349,exported,72.383556,"[72.383556, 72.254532, 72.301044, 72.704984, 72.53879]",rxrz_rzz_unbounded,468,"{""kind"": ""native_contract_only"", ""passed"": true, ""errors"": [], ""checked_instructions"": 9828, ""bindings"": 3, ""semantic_equivalence"": ""not checked at large width""}"
updated,equatorial_frames_24_numeric,static: each control-flow region counted once,217,flat circuit,,1.255249,"[1.782713, 1.30637, 1.255249, 1.237794, 1.243137]",equatorial_frames,83039,1731,586b7bcef81b9bc1f69aa9896d41d53c281efb27014b680bf8baed11f34ef08f,36051,numeric,168,72,72,217,96,0,"{""rz"": 96, ""rx"": 72, ""cz"": 72}",synthetic,2.794791,"[2.724486, 2.794791, 2.812552, 2.562419, 2.867288]",120.64453125,24,76,exported,8.023008,"[8.109489, 8.023008, 8.184898, 7.975424, 8.003184]",ibm_fractional_bounded,72,"{""kind"": ""native_contract_only"", ""passed"": true, ""errors"": [], ""checked_instructions"": 240, ""bindings"": 1, ""semantic_equivalence"": ""not checked at large width""}"
updated,equatorial_frames_24_numeric,static: each control-flow region counted once,435,flat circuit,,2.477458,"[3.150108, 2.563012, 2.477458, 2.464595, 2.447186]",equatorial_frames,83039,1731,586b7bcef81b9bc1f69aa9896d41d53c281efb27014b680bf8baed11f34ef08f,66478,numeric,579,217,72,435,362,0,"{""rz"": 362, ""sx"": 217, ""cx"": 72}",synthetic,2.563668,"[2.785207, 2.495571, 2.492162, 2.563668, 2.610805]",123.1875,24,221,exported,10.095868,"[10.520386, 10.095868, 10.067325, 10.065292, 10.362336]",ibm_sxz_cx,72,"{""kind"": ""native_contract_only"", ""passed"": true, ""errors"": [], ""checked_instructions"": 651, ""bindings"": 1, ""semantic_equivalence"": ""not checked at large width""}"
updated,equatorial_frames_24_numeric,static: each control-flow region counted once,361,flat circuit,,1.586822,"[2.182287, 1.656039, 1.586822, 1.566822, 1.556341]",equatorial_frames,83039,1731,586b7bcef81b9bc1f69aa9896d41d53c281efb27014b680bf8baed11f34ef08f,43067,numeric,312,144,72,361,168,0,"{""rz"": 168, ""sx"": 144, ""cz"": 72}",synthetic,2.551875,"[2.709077, 2.500275, 2.528995, 2.551875, 2.580452]",122.671875,24,77,exported,8.5982,"[8.592759, 8.515607, 8.789594, 8.726346, 8.5982]",ibm_sxz_cz,72,"{""kind"": ""native_contract_only"", ""passed"": true, ""errors"": [], ""checked_instructions"": 384, ""bindings"": 1, ""semantic_equivalence"": ""not checked at large width""}"
updated,equatorial_frames_24_numeric,static: each control-flow region counted once,362,flat circuit,,4.223019,"[4.634849, 4.199322, 5.528029, 4.105113, 4.223019]",equatorial_frames,83039,1731,586b7bcef81b9bc1f69aa9896d41d53c281efb27014b680bf8baed11f34ef08f,45133,numeric,434,217,72,362,217,0,"{""rz"": 217, ""gpi2"": 144, ""gpi"": 73, ""rzz"": 72}",synthetic,2.695366,"[2.695366, 2.845287, 2.880088, 2.552676, 2.549812]",127.140625,24,86,exported,10.131965,"[10.219119, 10.124125, 10.156285, 10.131965, 10.122637]",ionq_fixed_r_zz,72,"{""kind"": ""native_contract_only"", ""passed"": true, ""errors"": [], ""checked_instructions"": 506, ""bindings"": 1, ""semantic_equivalence"": ""not checked at large width""}"
updated,equatorial_frames_24_numeric,static: each control-flow region counted once,168,flat circuit,,1.142592,"[1.652695, 1.196353, 1.142592, 1.131312, 1.112159]",equatorial_frames,83039,1731,586b7bcef81b9bc1f69aa9896d41d53c281efb27014b680bf8baed11f34ef08f,33629,numeric,96,96,72,168,0,0,"{""r"": 96, ""cz"": 72}",synthetic,2.681845,"[2.743702, 2.473395, 2.681845, 2.54098, 2.854648]",120.62890625,24,102,exported,8.193811,"[8.319908, 8.193811, 8.128177, 8.14693, 8.337413]",iqm_r_cz,72,"{""kind"": ""native_contract_only"", ""passed"": true, ""errors"": [], ""checked_instructions"": 168, ""bindings"": 1, ""semantic_equivalence"": ""not checked at large width""}"
updated,equatorial_frames_24_numeric,static: each control-flow region counted once,361,flat circuit,,2.511507,"[3.132892, 2.75807, 2.511507, 2.455394, 2.431026]",equatorial_frames,83039,1731,586b7bcef81b9bc1f69aa9896d41d53c281efb27014b680bf8baed11f34ef08f,44784,numeric,312,144,72,361,168,0,"{""rz"": 168, ""rxpi2"": 144, ""cz"": 72}",synthetic,2.625893,"[2.785031, 2.537092, 2.487074, 2.625893, 2.993113]",122.83984375,24,77,exported,8.734409,"[9.324866, 8.769114, 8.734409, 8.731401, 8.714857]",rigetti_rx_cz,72,"{""kind"": ""native_contract_only"", ""passed"": true, ""errors"": [], ""checked_instructions"": 384, ""bindings"": 1, ""semantic_equivalence"": ""not checked at large width""}"
updated,equatorial_frames_24_numeric,static: each control-flow region counted once,218,flat circuit,,1.218001,"[1.73668, 1.311907, 1.218001, 1.211808, 1.202433]",equatorial_frames,83039,1731,586b7bcef81b9bc1f69aa9896d41d53c281efb27014b680bf8baed11f34ef08f,34539,numeric,290,145,72,218,145,0,"{""rz"": 145, ""rx"": 145, ""rzz"": 72}",synthetic,2.706566,"[2.706566, 2.557956, 2.89868, 2.585988, 2.953609]",122.74609375,24,84,exported,9.107119,"[9.086463, 8.967389, 9.173712, 9.237537, 9.107119]",rxrz_rzz_unbounded,72,"{""kind"": ""native_contract_only"", ""passed"": true, ""errors"": [], ""checked_instructions"": 362, ""bindings"": 1, ""semantic_equivalence"": ""not checked at large width""}"
updated,equatorial_frames_24_symbolic,static: each control-flow region counted once,217,flat circuit,,3.475024,"[4.172985, 3.602434, 3.475024, 3.411183, 3.43752]",equatorial_frames,95410,1731,015689d3fa1e90f687a17c27c6a6e4b1e0f3a5fc91549d65e97d72aed9a66eae,70840,symbolic,168,72,72,217,96,0,"{""rz"": 96, ""rx"": 72, ""cz"": 72}",synthetic,2.769351,"[2.827303, 2.630708, 2.616788, 2.783158, 2.769351]",123.765625,24,605,exported,8.492501,"[9.015805, 8.578806, 8.463717, 8.489941, 8.492501]",ibm_fractional_bounded,72,"{""kind"": ""native_contract_only"", ""passed"": true, ""errors"": [], ""checked_instructions"": 720, ""bindings"": 3, ""semantic_equivalence"": ""not checked at large width""}"
updated,equatorial_frames_24_symbolic,static: each control-flow region counted once,577,flat circuit,,4.294332,"[5.020885, 4.494894, 4.294332, 4.24457, 4.228715]",equatorial_frames,95410,1731,015689d3fa1e90f687a17c27c6a6e4b1e0f3a5fc91549d65e97d72aed9a66eae,95015,symbolic,721,288,72,577,433,0,"{""rz"": 433, ""sx"": 288, ""cx"": 72}",synthetic,2.684805,"[2.884584, 2.678981, 2.636452, 2.684805, 3.226077]",124.28125,24,439,exported,10.048123,"[10.148236, 10.074587, 10.04425, 10.048123, 10.025899]",ibm_sxz_cx,72,"{""kind"": ""native_contract_only"", ""passed"": true, ""errors"": [], ""checked_instructions"": 2379, ""bindings"": 3, ""semantic_equivalence"": ""not checked at large width""}"
updated,equatorial_frames_24_symbolic,static: each control-flow region counted once,361,flat circuit,,3.921926,"[4.552015, 4.093001, 3.921926, 3.88311, 3.846757]",equatorial_frames,95410,1731,015689d3fa1e90f687a17c27c6a6e4b1e0f3a5fc91549d65e97d72aed9a66eae,77793,symbolic,312,144,72,361,168,0,"{""rz"": 168, ""sx"": 144, ""cz"": 72}",synthetic,3.003113,"[3.003113, 2.731654, 2.717526, 3.20046, 3.359166]",124.87890625,24,605,exported,9.129982,"[9.212143, 9.09667, 9.129982, 9.136606, 9.10707]",ibm_sxz_cz,72,"{""kind"": ""native_contract_only"", ""passed"": true, ""errors"": [], ""checked_instructions"": 1152, ""bindings"": 3, ""semantic_equivalence"": ""not checked at large width""}"
updated,equatorial_frames_24_symbolic,static: each control-flow region counted once,433,flat circuit,,7.180355,"[7.528776, 9.170655, 7.180355, 6.898335, 6.850575]",equatorial_frames,95410,1731,015689d3fa1e90f687a17c27c6a6e4b1e0f3a5fc91549d65e97d72aed9a66eae,77590,symbolic,505,288,72,433,217,0,"{""rz"": 217, ""gpi2"": 144, ""gpi"": 144, ""rzz"": 72}",synthetic,2.756022,"[2.932937, 2.641141, 2.623012, 2.756022, 3.194892]",131.90234375,24,441,exported,9.876472,"[10.071691, 9.876472, 9.962457, 9.779367, 9.817432]",ionq_fixed_r_zz,72,"{""kind"": ""native_contract_only"", ""passed"": true, ""errors"": [], ""checked_instructions"": 1731, ""bindings"": 3, ""semantic_equivalence"": ""not checked at large width""}"
updated,equatorial_frames_24_symbolic,static: each control-flow region counted once,168,flat circuit,,3.059338,"[3.775989, 3.194556, 3.059338, 2.993002, 2.983977]",equatorial_frames,95410,1731,015689d3fa1e90f687a17c27c6a6e4b1e0f3a5fc91549d65e97d72aed9a66eae,61908,symbolic,96,96,72,168,0,0,"{""r"": 96, ""cz"": 72}",synthetic,2.75167,"[2.897752, 2.772294, 2.647572, 2.75167, 2.737158]",123.4765625,24,463,exported,7.516552,"[7.517976, 7.516552, 7.51556, 7.490072, 7.577641]",iqm_r_cz,72,"{""kind"": ""native_contract_only"", ""passed"": true, ""errors"": [], ""checked_instructions"": 504, ""bindings"": 3, ""semantic_equivalence"": ""not checked at large width""}"
updated,equatorial_frames_24_symbolic,static: each control-flow region counted once,361,flat circuit,,4.555871,"[5.271977, 4.876499, 4.555871, 4.546943, 4.533038]",equatorial_frames,95410,1731,015689d3fa1e90f687a17c27c6a6e4b1e0f3a5fc91549d65e97d72aed9a66eae,79451,symbolic,312,144,72,361,168,0,"{""rz"": 168, ""rxpi2"": 144, ""cz"": 72}",synthetic,2.709061,"[2.87644, 2.638596, 2.70951, 2.687813, 2.709061]",124.140625,24,606,exported,8.755657,"[8.868218, 8.755657, 8.747129, 8.749865, 8.759689]",rigetti_rx_cz,72,"{""kind"": ""native_contract_only"", ""passed"": true, ""errors"": [], ""checked_instructions"": 1152, ""bindings"": 3, ""semantic_equivalence"": ""not checked at large width""}"
updated,equatorial_frames_24_symbolic,static: each control-flow region counted once,360,flat circuit,,3.003338,"[3.617682, 3.132315, 3.003338, 2.92908, 2.907032]",equatorial_frames,95410,1731,015689d3fa1e90f687a17c27c6a6e4b1e0f3a5fc91549d65e97d72aed9a66eae,68152,symbolic,432,216,72,360,216,0,"{""rz"": 216, ""rx"": 216, ""rzz"": 72}",synthetic,2.792615,"[2.995753, 2.73519, 2.697446, 3.200156, 2.792615]",123.67578125,24,369,exported,9.188991,"[9.86876, 9.219968, 9.188991, 9.163934, 9.163902]",rxrz_rzz_unbounded,72,"{""kind"": ""native_contract_only"", ""passed"": true, ""errors"": [], ""checked_instructions"": 1512, ""bindings"": 3, ""semantic_equivalence"": ""not checked at large width""}"
updated,equatorial_frames_36_numeric,static: each control-flow region counted once,325,flat circuit,,1.911432,"[2.495904, 1.959785, 1.874023, 1.869352, 1.911432]",equatorial_frames,125310,2595,2ee1d92370426e0089c9c09325898f1b812b06c1456395df1b18f037c1c53fa2,53694,numeric,252,108,108,325,144,0,"{""rz"": 144, ""rx"": 108, ""cz"": 108}",synthetic,3.773263,"[3.734223, 3.5047, 3.999859, 4.28231, 3.773263]",123.0390625,36,112,exported,12.282666,"[12.400924, 12.280187, 12.297707, 12.282666, 12.260074]",ibm_fractional_bounded,108,"{""kind"": ""native_contract_only"", ""passed"": true, ""errors"": [], ""checked_instructions"": 360, ""bindings"": 1, ""semantic_equivalence"": ""not checked at large width""}"
updated,equatorial_frames_36_numeric,static: each control-flow region counted once,651,flat circuit,,3.713583,"[4.527273, 3.877361, 3.713583, 3.682718, 3.672959]",equatorial_frames,125310,2595,2ee1d92370426e0089c9c09325898f1b812b06c1456395df1b18f037c1c53fa2,99195,numeric,867,325,108,651,542,0,"{""rz"": 542, ""sx"": 325, ""cx"": 108}",synthetic,3.735904,"[3.735904, 3.96285, 3.51422, 4.397464, 3.535356]",124.0703125,36,329,exported,15.353697,"[15.370162, 15.37309, 15.353697, 15.345154, 15.295249]",ibm_sxz_cx,108,"{""kind"": ""native_contract_only"", ""passed"": true, ""errors"": [], ""checked_instructions"": 975, ""bindings"": 1, ""semantic_equivalence"": ""not checked at large width""}"
updated,equatorial_frames_36_numeric,static: each control-flow region counted once,541,flat circuit,,2.407775,"[3.063974, 2.517744, 2.393502, 2.407775, 2.369566]",equatorial_frames,125310,2595,2ee1d92370426e0089c9c09325898f1b812b06c1456395df1b18f037c1c53fa2,64279,numeric,468,216,108,541,252,0,"{""rz"": 252, ""sx"": 216, ""cz"": 108}",synthetic,3.977027,"[3.977027, 4.371175, 4.073427, 3.674111, 3.660558]",123.328125,36,113,exported,13.097717,"[13.121253, 13.068757, 13.097717, 13.037044, 13.100357]",ibm_sxz_cz,108,"{""kind"": ""native_contract_only"", ""passed"": true, ""errors"": [], ""checked_instructions"": 576, ""bindings"": 1, ""semantic_equivalence"": ""not checked at large width""}"
updated,equatorial_frames_36_numeric,static: each control-flow region counted once,542,flat circuit,,6.444049,"[6.989384, 8.199415, 6.444049, 6.265743, 6.144269]",equatorial_frames,125310,2595,2ee1d92370426e0089c9c09325898f1b812b06c1456395df1b18f037c1c53fa2,67641,numeric,650,325,108,542,325,0,"{""rz"": 325, ""gpi2"": 216, ""gpi"": 109, ""rzz"": 108}",synthetic,3.7724,"[3.7724, 3.618077, 3.587581, 4.358311, 3.96709]",129.24609375,36,122,exported,15.485859,"[15.509668, 15.489715, 15.458834, 15.475395, 15.485859]",ionq_fixed_r_zz,108,"{""kind"": ""native_contract_only"", ""passed"": true, ""errors"": [], ""checked_instructions"": 758, ""bindings"": 1, ""semantic_equivalence"": ""not checked at large width""}"
updated,equatorial_frames_36_numeric,static: each control-flow region counted once,252,flat circuit,,1.666933,"[2.267661, 1.751398, 1.666933, 1.638853, 1.649189]",equatorial_frames,125310,2595,2ee1d92370426e0089c9c09325898f1b812b06c1456395df1b18f037c1c53fa2,50212,numeric,144,144,108,252,0,0,"{""r"": 144, ""cz"": 108}",synthetic,3.787488,"[3.787488, 3.549149, 4.222869, 4.048227, 3.572637]",120.953125,36,151,exported,12.573294,"[12.685392, 12.616495, 12.573294, 12.546815, 12.553038]",iqm_r_cz,108,"{""kind"": ""native_contract_only"", ""passed"": true, ""errors"": [], ""checked_instructions"": 252, ""bindings"": 1, ""semantic_equivalence"": ""not checked at large width""}"
updated,equatorial_frames_36_numeric,static: each control-flow region counted once,541,flat circuit,,3.728511,"[4.535801, 3.913857, 3.728511, 3.697375, 3.634157]",equatorial_frames,125310,2595,2ee1d92370426e0089c9c09325898f1b812b06c1456395df1b18f037c1c53fa2,66943,numeric,468,216,108,541,252,0,"{""rz"": 252, ""rxpi2"": 216, ""cz"": 108}",synthetic,3.777679,"[3.777679, 3.903266, 3.508236, 4.148948, 3.600861]",123.78515625,36,114,exported,13.577579,"[13.697788, 13.611019, 13.577579, 13.446153, 13.335496]",rigetti_rx_cz,108,"{""kind"": ""native_contract_only"", ""passed"": true, ""errors"": [], ""checked_instructions"": 576, ""bindings"": 1, ""semantic_equivalence"": ""not checked at large width""}"
updated,equatorial_frames_36_numeric,static: each control-flow region counted once,326,flat circuit,,1.841127,"[2.406303, 1.896408, 1.81023, 1.789751, 1.841127]",equatorial_frames,125310,2595,2ee1d92370426e0089c9c09325898f1b812b06c1456395df1b18f037c1c53fa2,51442,numeric,434,217,108,326,217,0,"{""rz"": 217, ""rx"": 217, ""rzz"": 108}",synthetic,3.841953,"[3.920129, 3.625373, 3.841953, 3.656062, 4.327046]",123.390625,36,120,exported,13.806334,"[13.788606, 13.869295, 13.930816, 13.721997, 13.806334]",rxrz_rzz_unbounded,108,"{""kind"": ""native_contract_only"", ""passed"": true, ""errors"": [], ""checked_instructions"": 542, ""bindings"": 1, ""semantic_equivalence"": ""not checked at large width""}"
updated,equatorial_frames_36_symbolic,static: each control-flow region counted once,325,flat circuit,,5.212577,"[6.106892, 5.442724, 5.194641, 5.212577, 5.191792]",equatorial_frames,143886,2595,003809b829d696edc2c71561c9182f48c86a5465f84bf7a06dcc5fe716cedbcd,106768,symbolic,252,108,108,325,144,0,"{""rz"": 144, ""rx"": 108, ""cz"": 108}",synthetic,3.966258,"[4.066195, 3.766047, 3.727599, 3.966258, 4.558969]",124.75,36,905,exported,12.944385,"[13.001811, 12.949394, 12.908865, 12.939266, 12.944385]",ibm_fractional_bounded,108,"{""kind"": ""native_contract_only"", ""passed"": true, ""errors"": [], ""checked_instructions"": 1080, ""bindings"": 3, ""semantic_equivalence"": ""not checked at large width""}"
updated,equatorial_frames_36_symbolic,static: each control-flow region counted once,865,flat circuit,,6.677124,"[7.272091, 6.677124, 6.660931, 6.705588, 6.412736]",equatorial_frames,143886,2595,003809b829d696edc2c71561c9182f48c86a5465f84bf7a06dcc5fe716cedbcd,143467,symbolic,1081,432,108,865,649,0,"{""rz"": 649, ""sx"": 432, ""cx"": 108}",synthetic,3.897633,"[4.026723, 3.803167, 3.868097, 3.897633, 4.224932]",128.0390625,36,655,exported,15.330255,"[15.403537, 15.414337, 15.330255, 15.32256, 15.310943]",ibm_sxz_cx,108,"{""kind"": ""native_contract_only"", ""passed"": true, ""errors"": [], ""checked_instructions"": 3567, ""bindings"": 3, ""semantic_equivalence"": ""not checked at large width""}"
updated,equatorial_frames_36_symbolic,static: each control-flow region counted once,541,flat circuit,,5.86561,"[6.886534, 6.077164, 5.845561, 5.86561, 5.858729]",equatorial_frames,143886,2595,003809b829d696edc2c71561c9182f48c86a5465f84bf7a06dcc5fe716cedbcd,117753,symbolic,468,216,108,541,252,0,"{""rz"": 252, ""sx"": 216, ""cz"": 108}",synthetic,3.925793,"[3.969377, 3.850016, 3.811392, 3.925793, 4.515209]",127.3125,36,905,exported,13.805996,"[13.835869, 13.797741, 13.842141, 13.73894, 13.805996]",ibm_sxz_cz,108,"{""kind"": ""native_contract_only"", ""passed"": true, ""errors"": [], ""checked_instructions"": 1728, ""bindings"": 3, ""semantic_equivalence"": ""not checked at large width""}"
updated,equatorial_frames_36_symbolic,static: each control-flow region counted once,649,flat circuit,,10.41909,"[12.429292, 10.477202, 10.345794, 10.41909, 10.39229]",equatorial_frames,143886,2595,003809b829d696edc2c71561c9182f48c86a5465f84bf7a06dcc5fe716cedbcd,116849,symbolic,757,432,108,649,325,0,"{""rz"": 325, ""gpi2"": 216, ""gpi"": 216, ""rzz"": 108}",synthetic,3.970242,"[3.970242, 3.802768, 4.19874, 3.848896, 4.388199]",136.6171875,36,657,exported,14.947563,"[15.032972, 14.976347, 14.947563, 14.918058, 14.922875]",ionq_fixed_r_zz,108,"{""kind"": ""native_contract_only"", ""passed"": true, ""errors"": [], ""checked_instructions"": 2595, ""bindings"": 3, ""semantic_equivalence"": ""not checked at large width""}"
updated,equatorial_frames_36_symbolic,static: each control-flow region counted once,252,flat circuit,,4.572297,"[5.282002, 4.719275, 4.572297, 4.533353, 4.4854]",equatorial_frames,143886,2595,003809b829d696edc2c71561c9182f48c86a5465f84bf7a06dcc5fe716cedbcd,92950,symbolic,144,144,108,252,0,0,"{""r"": 144, ""cz"": 108}",synthetic,4.163796,"[3.998578, 3.82056, 4.163796, 4.455144, 4.274565]",124.4296875,36,691,exported,11.320078,"[11.33083, 11.317886, 11.32939, 11.320078, 11.292573]",iqm_r_cz,108,"{""kind"": ""native_contract_only"", ""passed"": true, ""errors"": [], ""checked_instructions"": 756, ""bindings"": 3, ""semantic_equivalence"": ""not checked at large width""}"
updated,equatorial_frames_36_symbolic,static: each control-flow region counted once,541,flat circuit,,7.246987,"[7.960387, 7.246987, 7.176025, 7.434925, 7.091193]",equatorial_frames,143886,2595,003809b829d696edc2c71561c9182f48c86a5465f84bf7a06dcc5fe716cedbcd,119987,symbolic,468,216,108,541,252,0,"{""rz"": 252, ""rxpi2"": 216, ""cz"": 108}",synthetic,3.993666,"[3.993666, 3.767183, 4.224133, 4.615753, 3.78992]",128.0,36,906,exported,13.523673,"[13.603514, 13.572538, 13.507673, 13.491304, 13.523673]",rigetti_rx_cz,108,"{""kind"": ""native_contract_only"", ""passed"": true, ""errors"": [], ""checked_instructions"": 1728, ""bindings"": 3, ""semantic_equivalence"": ""not checked at large width""}"
updated,equatorial_frames_36_symbolic,static: each control-flow region counted once,540,flat circuit,,4.327174,"[5.115968, 4.48196, 4.327174, 4.279941, 4.305798]",equatorial_frames,143886,2595,003809b829d696edc2c71561c9182f48c86a5465f84bf7a06dcc5fe716cedbcd,102407,symbolic,648,324,108,540,324,0,"{""rz"": 324, ""rx"": 324, ""rzz"": 108}",synthetic,4.089587,"[4.089587, 3.783151, 3.788832, 4.68305, 4.213781]",126.71875,36,549,exported,13.92731,"[13.994159, 13.92731, 13.923103, 13.947503, 13.917039]",rxrz_rzz_unbounded,108,"{""kind"": ""native_contract_only"", ""passed"": true, ""errors"": [], ""checked_instructions"": 2268, ""bindings"": 3, ""semantic_equivalence"": ""not checked at large width""}"
updated,equatorial_frames_54_numeric,static: each control-flow region counted once,487,flat circuit,,2.90504,"[3.586855, 2.984882, 2.8864, 2.90504, 2.829824]",equatorial_frames,189070,3891,dc812866f4b7684adb699b9b4d52deaccd1e6bdac28269ec588e4d07b5b3b1b5,80081,numeric,378,162,162,487,216,0,"{""rz"": 216, ""rx"": 162, ""cz"": 162}",synthetic,5.05604,"[5.096841, 4.962535, 5.985315, 5.05604, 5.01756]",123.83203125,54,167,exported,18.87053,"[18.941026, 18.887778, 18.854705, 18.853634, 18.87053]",ibm_fractional_bounded,162,"{""kind"": ""native_contract_only"", ""passed"": true, ""errors"": [], ""checked_instructions"": 540, ""bindings"": 1, ""semantic_equivalence"": ""not checked at large width""}"
updated,equatorial_frames_54_numeric,static: each control-flow region counted once,975,flat circuit,,5.672816,"[6.525881, 5.800256, 5.672816, 5.634798, 5.626559]",equatorial_frames,189070,3891,dc812866f4b7684adb699b9b4d52deaccd1e6bdac28269ec588e4d07b5b3b1b5,149252,numeric,1299,487,162,975,812,0,"{""rz"": 812, ""sx"": 487, ""cx"": 162}",synthetic,5.09852,"[5.09852, 5.820721, 4.960503, 5.237163, 5.023144]",125.57421875,54,491,exported,23.485381,"[23.576102, 23.684312, 23.423317, 23.485381, 23.467813]",ibm_sxz_cx,162,"{""kind"": ""native_contract_only"", ""passed"": true, ""errors"": [], ""checked_instructions"": 1461, ""bindings"": 1, ""semantic_equivalence"": ""not checked at large width""}"
updated,equatorial_frames_54_numeric,static: each control-flow region counted once,811,flat circuit,,3.640072,"[4.385185, 3.731674, 3.640072, 3.61308, 3.59444]",equatorial_frames,189070,3891,dc812866f4b7684adb699b9b4d52deaccd1e6bdac28269ec588e4d07b5b3b1b5,95970,numeric,702,324,162,811,378,0,"{""rz"": 378, ""sx"": 324, ""cz"": 162}",synthetic,5.069272,"[5.103481, 5.836481, 4.990376, 5.069272, 4.992968]",124.015625,54,167,exported,19.908701,"[19.96195, 19.96915, 19.897229, 19.894446, 19.908701]",ibm_sxz_cz,162,"{""kind"": ""native_contract_only"", ""passed"": true, ""errors"": [], ""checked_instructions"": 864, ""bindings"": 1, ""semantic_equivalence"": ""not checked at large width""}"
updated,equatorial_frames_54_numeric,static: each control-flow region counted once,812,flat circuit,,9.269271,"[11.231261, 9.59137, 9.229527, 9.269271, 9.113558]",equatorial_frames,189070,3891,dc812866f4b7684adb699b9b4d52deaccd1e6bdac28269ec588e4d07b5b3b1b5,100791,numeric,974,487,162,812,487,0,"{""rz"": 487, ""gpi2"": 324, ""gpi"": 163, ""rzz"": 162}",synthetic,5.135897,"[5.569726, 5.399564, 5.097225, 5.135897, 5.033272]",133.94921875,54,177,exported,23.593094,"[23.741864, 23.625591, 23.576742, 23.593094, 23.538822]",ionq_fixed_r_zz,162,"{""kind"": ""native_contract_only"", ""passed"": true, ""errors"": [], ""checked_instructions"": 1136, ""bindings"": 1, ""semantic_equivalence"": ""not checked at large width""}"
updated,equatorial_frames_54_numeric,static: each control-flow region counted once,378,flat circuit,,2.52438,"[3.264757, 2.608157, 2.52438, 2.507244, 2.49494]",equatorial_frames,189070,3891,dc812866f4b7684adb699b9b4d52deaccd1e6bdac28269ec588e4d07b5b3b1b5,74913,numeric,216,216,162,378,0,0,"{""r"": 216, ""cz"": 162}",synthetic,5.106505,"[5.19601, 5.807505, 5.043544, 5.105241, 5.106505]",123.65234375,54,223,exported,19.329783,"[19.52833, 19.437976, 19.329783, 19.322247, 19.297191]",iqm_r_cz,162,"{""kind"": ""native_contract_only"", ""passed"": true, ""errors"": [], ""checked_instructions"": 378, ""bindings"": 1, ""semantic_equivalence"": ""not checked at large width""}"
updated,equatorial_frames_54_numeric,static: each control-flow region counted once,811,flat circuit,,5.474701,"[6.358487, 5.607246, 5.474701, 5.469293, 5.40966]",equatorial_frames,189070,3891,dc812866f4b7684adb699b9b4d52deaccd1e6bdac28269ec588e4d07b5b3b1b5,99633,numeric,702,324,162,811,378,0,"{""rz"": 378, ""rxpi2"": 324, ""cz"": 162}",synthetic,5.066873,"[5.066873, 4.931319, 5.728767, 5.375468, 4.991815]",124.8203125,54,167,exported,20.358579,"[20.466179, 20.33309, 20.358579, 20.32693, 20.364722]",rigetti_rx_cz,162,"{""kind"": ""native_contract_only"", ""passed"": true, ""errors"": [], ""checked_instructions"": 864, ""bindings"": 1, ""semantic_equivalence"": ""not checked at large width""}"
updated,equatorial_frames_54_numeric,static: each control-flow region counted once,488,flat circuit,,2.706878,"[3.387846, 2.790383, 2.69467, 2.679566, 2.706878]",equatorial_frames,189070,3891,dc812866f4b7684adb699b9b4d52deaccd1e6bdac28269ec588e4d07b5b3b1b5,76495,numeric,650,325,162,488,325,0,"{""rz"": 325, ""rx"": 325, ""rzz"": 162}",synthetic,5.048745,"[5.065353, 5.849569, 4.989751, 5.048745, 4.963751]",124.05859375,54,174,exported,20.890152,"[20.985818, 20.890152, 20.981593, 20.842488, 20.792679]",rxrz_rzz_unbounded,162,"{""kind"": ""native_contract_only"", ""passed"": true, ""errors"": [], ""checked_instructions"": 812, ""bindings"": 1, ""semantic_equivalence"": ""not checked at large width""}"
updated,equatorial_frames_54_symbolic,static: each control-flow region counted once,487,flat circuit,,7.636324,"[8.516718, 7.765078, 7.636324, 7.59562, 7.478195]",equatorial_frames,217182,3891,0bf07086805c6121c6907527e5557b0fafae27353125de752e03cac13ec040a1,160804,symbolic,378,162,162,487,216,0,"{""rz"": 216, ""rx"": 162, ""cz"": 162}",synthetic,5.66867,"[5.505629, 5.66867, 5.75784, 5.683903, 5.419483]",129.28125,54,1355,exported,19.636937,"[19.757706, 19.671001, 19.636937, 19.578104, 19.586792]",ibm_fractional_bounded,162,"{""kind"": ""native_contract_only"", ""passed"": true, ""errors"": [], ""checked_instructions"": 1620, ""bindings"": 3, ""semantic_equivalence"": ""not checked at large width""}"
updated,equatorial_frames_54_symbolic,static: each control-flow region counted once,1297,flat circuit,,9.470809,"[10.332514, 9.882381, 9.470809, 9.380551, 9.37132]",equatorial_frames,217182,3891,0bf07086805c6121c6907527e5557b0fafae27353125de752e03cac13ec040a1,215881,symbolic,1621,648,162,1297,973,0,"{""rz"": 973, ""sx"": 648, ""cx"": 162}",synthetic,5.479101,"[5.479101, 5.852321, 5.715199, 5.351595, 5.331147]",129.6171875,54,979,exported,23.313697,"[23.319761, 23.392066, 23.214112, 23.279986, 23.313697]",ibm_sxz_cx,162,"{""kind"": ""native_contract_only"", ""passed"": true, ""errors"": [], ""checked_instructions"": 5349, ""bindings"": 3, ""semantic_equivalence"": ""not checked at large width""}"
updated,equatorial_frames_54_symbolic,static: each control-flow region counted once,811,flat circuit,,8.419517,"[9.448521, 8.695232, 8.38214, 8.419517, 8.339228]",equatorial_frames,217182,3891,0bf07086805c6121c6907527e5557b0fafae27353125de752e03cac13ec040a1,177485,symbolic,702,324,162,811,378,0,"{""rz"": 378, ""sx"": 324, ""cz"": 162}",synthetic,5.404524,"[5.488909, 6.178836, 5.279258, 5.404524, 5.303339]",128.26953125,54,1356,exported,20.85535,"[20.886663, 20.873639, 20.839958, 20.85535, 20.768982]",ibm_sxz_cz,162,"{""kind"": ""native_contract_only"", ""passed"": true, ""errors"": [], ""checked_instructions"": 2592, ""bindings"": 3, ""semantic_equivalence"": ""not checked at large width""}"
updated,equatorial_frames_54_symbolic,static: each control-flow region counted once,973,flat circuit,,15.349801,"[17.176686, 15.285417, 14.978517, 15.349801, 16.244068]",equatorial_frames,217182,3891,0bf07086805c6121c6907527e5557b0fafae27353125de752e03cac13ec040a1,175818,symbolic,1135,648,162,973,487,0,"{""rz"": 487, ""gpi2"": 324, ""gpi"": 324, ""rzz"": 162}",synthetic,5.39438,"[5.509373, 5.992002, 5.375819, 5.393323, 5.39438]",145.046875,54,981,exported,22.729275,"[22.761931, 22.729275, 22.770924, 22.707755, 22.683051]",ionq_fixed_r_zz,162,"{""kind"": ""native_contract_only"", ""passed"": true, ""errors"": [], ""checked_instructions"": 3891, ""bindings"": 3, ""semantic_equivalence"": ""not checked at large width""}"
updated,equatorial_frames_54_symbolic,static: each control-flow region counted once,378,flat circuit,,6.69993,"[7.376849, 6.862764, 6.69993, 6.532376, 6.518632]",equatorial_frames,217182,3891,0bf07086805c6121c6907527e5557b0fafae27353125de752e03cac13ec040a1,140225,symbolic,216,216,162,378,0,0,"{""r"": 216, ""cz"": 162}",synthetic,5.438636,"[5.497533, 5.238154, 6.170916, 5.438636, 5.350395]",127.6953125,54,1033,exported,17.394272,"[17.468881, 17.430513, 17.394272, 17.381872, 17.319823]",iqm_r_cz,162,"{""kind"": ""native_contract_only"", ""passed"": true, ""errors"": [], ""checked_instructions"": 1134, ""bindings"": 3, ""semantic_equivalence"": ""not checked at large width""}"
updated,equatorial_frames_54_symbolic,static: each control-flow region counted once,811,flat circuit,,10.606469,"[11.343949, 10.964841, 10.606469, 10.373826, 10.233601]",equatorial_frames,217182,3891,0bf07086805c6121c6907527e5557b0fafae27353125de752e03cac13ec040a1,180503,symbolic,702,324,162,811,378,0,"{""rz"": 378, ""rxpi2"": 324, ""cz"": 162}",synthetic,5.418187,"[5.470188, 6.248933, 5.320027, 5.418187, 5.393931]",129.1484375,54,1356,exported,20.479506,"[20.521042, 20.484658, 20.41533, 20.479506, 20.437026]",rigetti_rx_cz,162,"{""kind"": ""native_contract_only"", ""passed"": true, ""errors"": [], ""checked_instructions"": 2592, ""bindings"": 3, ""semantic_equivalence"": ""not checked at large width""}"
updated,equatorial_frames_54_symbolic,static: each control-flow region counted once,810,flat circuit,,6.392951,"[7.301712, 6.587465, 6.392951, 6.327174, 6.254293]",equatorial_frames,217182,3891,0bf07086805c6121c6907527e5557b0fafae27353125de752e03cac13ec040a1,154302,symbolic,972,486,162,810,486,0,"{""rz"": 486, ""rx"": 486, ""rzz"": 162}",synthetic,5.457388,"[5.575518, 6.148964, 5.381035, 5.457388, 5.388572]",130.87109375,54,819,exported,21.126362,"[21.28766, 21.183498, 21.126362, 21.122713, 21.100297]",rxrz_rzz_unbounded,162,"{""kind"": ""native_contract_only"", ""passed"": true, ""errors"": [], ""checked_instructions"": 3402, ""bindings"": 3, ""semantic_equivalence"": ""not checked at large width""}"
updated,pauli_layers_104_numeric,static: each control-flow region counted once,1645,flat circuit,,9.660482,"[10.582794, 9.866803, 9.560241, 9.558768, 9.660482]",pauli_layers,449227,7179,240d3d21bb97579ecfd17819ba3a505c718f3d6f014eae53f58ae3262956f0a8,273647,numeric,1980,1249,624,1645,731,0,"{""rz"": 731, ""rx"": 1249, ""rzz"": 624}",synthetic,11.025021,"[11.311375, 11.372064, 10.898972, 10.991133, 11.025021]",135.625,104,945,exported,53.957992,"[54.070584, 53.946392, 54.007352, 53.728293, 53.957992]",ibm_fractional_bounded,624,"{""kind"": ""native_contract_only"", ""passed"": true, ""errors"": [], ""checked_instructions"": 2604, ""bindings"": 1, ""semantic_equivalence"": ""not checked at large width""}"
updated,pauli_layers_104_numeric,static: each control-flow region counted once,3190,flat circuit,,22.477358,"[23.561832, 22.477358, 22.415261, 22.360781, 22.531887]",pauli_layers,449227,7179,240d3d21bb97579ecfd17819ba3a505c718f3d6f014eae53f58ae3262956f0a8,519485,numeric,4730,1826,624,3190,2904,0,"{""rz"": 2904, ""sx"": 1777, ""cx"": 624, ""x"": 49}",synthetic,11.072477,"[11.566514, 11.237759, 10.85862, 11.072477, 11.023662]",138.5546875,104,1198,exported,57.898137,"[57.726264, 57.898137, 57.976362, 58.01233, 57.761913]",ibm_sxz_cx,624,"{""kind"": ""native_contract_only"", ""passed"": true, ""errors"": [], ""checked_instructions"": 5354, ""bindings"": 1, ""semantic_equivalence"": ""not checked at large width""}"
updated,pauli_layers_104_numeric,static: each control-flow region counted once,3122,flat circuit,,22.366077,"[23.175107, 22.312524, 22.52651, 22.366077, 22.356013]",pauli_layers,449227,7179,240d3d21bb97579ecfd17819ba3a505c718f3d6f014eae53f58ae3262956f0a8,510792,numeric,4672,2332,624,3122,2340,0,"{""sx"": 2259, ""rz"": 2340, ""x"": 73, ""cz"": 624}",synthetic,11.064205,"[11.681699, 11.249631, 10.896364, 11.064205, 10.963565]",139.4765625,104,1210,exported,61.571977,"[61.700105, 61.588665, 61.457111, 61.402327, 61.571977]",ibm_sxz_cz,624,"{""kind"": ""native_contract_only"", ""passed"": true, ""errors"": [], ""checked_instructions"": 5296, ""bindings"": 1, ""semantic_equivalence"": ""not checked at large width""}"
updated,pauli_layers_104_numeric,static: each control-flow region counted once,1875,flat circuit,,11.387056,"[12.575242, 11.448032, 11.279039, 11.269648, 11.387056]",pauli_layers,449227,7179,240d3d21bb97579ecfd17819ba3a505c718f3d6f014eae53f58ae3262956f0a8,309682,numeric,2601,1249,624,1875,1352,0,"{""rz"": 1352, ""rx"": 1249, ""rzz"": 624}",synthetic,10.859836,"[10.743899, 11.65557, 10.742474, 10.89622, 10.859836]",136.52734375,104,943,exported,49.436226,"[49.524274, 49.47789, 49.436226, 49.343905, 49.335312]",rxrz_rzz_unbounded,624,"{""kind"": ""native_contract_only"", ""passed"": true, ""errors"": [], ""checked_instructions"": 3225, ""bindings"": 1, ""semantic_equivalence"": ""not checked at large width""}"
updated,pauli_layers_104_symbolic,static: each control-flow region counted once,1874,flat circuit,,17.545203,"[18.041735, 17.793701, 17.545203, 17.412002, 17.511875]",pauli_layers,493205,7179,a50d7d4e188938e1de2a3bc96b4bbe6e500bbb84f1288c00574332870ad49b7a,381317,symbolic,2079,1248,624,1874,831,0,"{""rz"": 831, ""rx"": 1248, ""rzz"": 624}",synthetic,11.203326,"[11.826499, 11.164558, 11.208734, 11.203326, 11.200238]",145.046875,104,2192,exported,67.707655,"[67.861272, 67.707655, 67.632135, 67.732984, 67.665895]",ibm_fractional_bounded,624,"{""kind"": ""native_contract_only"", ""passed"": true, ""errors"": [], ""checked_instructions"": 8109, ""bindings"": 3, ""semantic_equivalence"": ""not checked at large width""}"
updated,pauli_layers_104_symbolic,static: each control-flow region counted once,3434,flat circuit,,49.916643,"[50.712409, 49.9721, 49.740002, 49.916643, 49.785505]",pauli_layers,493205,7179,a50d7d4e188938e1de2a3bc96b4bbe6e500bbb84f1288c00574332870ad49b7a,750229,symbolic,3740,1455,624,3434,2285,0,"{""sx"": 1455, ""rz"": 2285, ""cx"": 624}",synthetic,11.192078,"[11.553729, 11.903572, 11.082317, 11.175342, 11.192078]",161.921875,104,7180,exported,93.572065,"[93.572065, 93.479265, 93.696818, 93.993045, 93.512977]",ibm_sxz_cx,624,"{""kind"": ""native_contract_only"", ""passed"": true, ""errors"": [], ""checked_instructions"": 13092, ""bindings"": 3, ""semantic_equivalence"": ""not checked at large width""}"
updated,pauli_layers_104_symbolic,static: each control-flow region counted once,3122,flat circuit,,49.459823,"[49.80997, 49.459823, 50.040739, 49.30347, 49.193549]",pauli_layers,493205,7179,a50d7d4e188938e1de2a3bc96b4bbe6e500bbb84f1288c00574332870ad49b7a,802778,symbolic,4471,2184,624,3122,2287,0,"{""sx"": 2184, ""rz"": 2287, ""cz"": 624}",synthetic,11.371087,"[11.18987, 11.979029, 11.704066, 11.371087, 11.150782]",160.25390625,104,7495,exported,98.829358,"[98.911358, 98.829358, 98.782445, 98.973278, 98.49537]",ibm_sxz_cz,624,"{""kind"": ""native_contract_only"", ""passed"": true, ""errors"": [], ""checked_instructions"": 15285, ""bindings"": 3, ""semantic_equivalence"": ""not checked at large width""}"
updated,pauli_layers_104_symbolic,static: each control-flow region counted once,1875,flat circuit,,19.257906,"[19.735749, 19.257906, 19.235217, 19.138816, 19.31277]",pauli_layers,493205,7179,a50d7d4e188938e1de2a3bc96b4bbe6e500bbb84f1288c00574332870ad49b7a,412148,symbolic,2602,1249,624,1875,1353,0,"{""rz"": 1353, ""rx"": 1249, ""rzz"": 624}",synthetic,11.241438,"[11.792851, 11.113085, 11.092493, 11.275935, 11.241438]",144.44140625,104,2187,exported,52.691258,"[52.73537, 52.674569, 52.691258, 52.640634, 52.861275]",rxrz_rzz_unbounded,624,"{""kind"": ""native_contract_only"", ""passed"": true, ""errors"": [], ""checked_instructions"": 9678, ""bindings"": 3, ""semantic_equivalence"": ""not checked at large width""}"
updated,pauli_layers_156_numeric,static: each control-flow region counted once,2496,flat circuit,,15.212587,"[16.137875, 15.359421, 15.203724, 15.206524, 15.212587]",pauli_layers,677798,10767,905e91331e0fb8c12acba82ad71df36377f3e5b23533e35cef4844d66c076e54,418505,numeric,3049,1873,936,2496,1176,0,"{""rz"": 1176, ""rx"": 1873, ""rzz"": 936}",synthetic,16.828457,"[17.287981, 16.539254, 16.799721, 16.864937, 16.828457]",138.6875,156,1413,exported,86.600944,"[86.845507, 86.660817, 86.600944, 86.487551, 86.54512]",ibm_fractional_bounded,936,"{""kind"": ""native_contract_only"", ""passed"": true, ""errors"": [], ""checked_instructions"": 3985, ""bindings"": 1, ""semantic_equivalence"": ""not checked at large width""}"
updated,pauli_layers_156_numeric,static: each control-flow region counted once,4738,flat circuit,,34.486874,"[35.707651, 34.462954, 34.486874, 34.437353, 34.639611]",pauli_layers,677798,10767,905e91331e0fb8c12acba82ad71df36377f3e5b23533e35cef4844d66c076e54,777503,numeric,7058,2731,936,4738,4327,0,"{""rz"": 4327, ""sx"": 2651, ""cx"": 936, ""x"": 80}",synthetic,16.729385,"[17.337294, 16.587095, 16.483175, 16.729385, 16.730968]",142.80078125,156,1771,exported,93.085992,"[92.735701, 93.195113, 93.006152, 93.354523, 93.085992]",ibm_sxz_cx,936,"{""kind"": ""native_contract_only"", ""passed"": true, ""errors"": [], ""checked_instructions"": 7994, ""bindings"": 1, ""semantic_equivalence"": ""not checked at large width""}"
updated,pauli_layers_156_numeric,static: each control-flow region counted once,4683,flat circuit,,34.907836,"[35.743618, 34.907836, 34.591033, 34.68945, 35.001261]",pauli_layers,677798,10767,905e91331e0fb8c12acba82ad71df36377f3e5b23533e35cef4844d66c076e54,770647,numeric,7086,3532,936,4683,3554,0,"{""rz"": 3554, ""sx"": 3439, ""cz"": 936, ""x"": 93}",synthetic,16.555607,"[16.383829, 16.519158, 16.555607, 16.807849, 17.016442]",146.53125,156,1781,exported,99.746091,"[99.573546, 99.820748, 99.858013, 99.676347, 99.746091]",ibm_sxz_cz,936,"{""kind"": ""native_contract_only"", ""passed"": true, ""errors"": [], ""checked_instructions"": 8022, ""bindings"": 1, ""semantic_equivalence"": ""not checked at large width""}"
updated,pauli_layers_156_numeric,static: each control-flow region counted once,2811,flat circuit,,17.943106,"[19.108012, 17.943106, 17.819841, 17.949282, 17.871089]",pauli_layers,677798,10767,905e91331e0fb8c12acba82ad71df36377f3e5b23533e35cef4844d66c076e54,466039,numeric,3901,1873,936,2811,2028,0,"{""rz"": 2028, ""rx"": 1873, ""rzz"": 936}",synthetic,16.872921,"[16.927433, 16.325429, 16.461702, 16.872921, 16.872922]",138.6171875,156,1411,exported,80.918018,"[80.758913, 81.111396, 81.094452, 80.918018, 80.777153]",rxrz_rzz_unbounded,936,"{""kind"": ""native_contract_only"", ""passed"": true, ""errors"": [], ""checked_instructions"": 4837, ""bindings"": 1, ""semantic_equivalence"": ""not checked at large width""}"
updated,pauli_layers_156_symbolic,static: each control-flow region counted once,2810,flat circuit,,27.375629,"[27.811633, 27.210428, 27.300348, 27.375629, 27.491919]",pauli_layers,744365,10767,3fdf0b83917c0306e4ed62394122621c478767896d1a932370ebfbf2f52dfb5b,574341,symbolic,3119,1872,936,2810,1247,0,"{""rz"": 1247, ""rx"": 1872, ""rzz"": 936}",synthetic,17.087946,"[17.928816, 16.899608, 16.949897, 17.139803, 17.087946]",156.85546875,156,3284,exported,108.821599,"[108.593502, 108.888799, 108.777039, 108.821599, 108.91464]",ibm_fractional_bounded,936,"{""kind"": ""native_contract_only"", ""passed"": true, ""errors"": [], ""checked_instructions"": 12165, ""bindings"": 3, ""semantic_equivalence"": ""not checked at large width""}"
updated,pauli_layers_156_symbolic,static: each control-flow region counted once,5150,flat circuit,,107.701142,"[110.854464, 109.098114, 105.681927, 107.701142, 99.634294]",pauli_layers,744365,10767,3fdf0b83917c0306e4ed62394122621c478767896d1a932370ebfbf2f52dfb5b,1137993,symbolic,5612,2183,936,5150,3429,0,"{""sx"": 2183, ""rz"": 3429, ""cx"": 936}",synthetic,17.234603,"[17.527533, 16.907417, 17.135498, 17.234603, 17.371052]",183.46484375,156,10768,exported,150.168942,"[148.981636, 149.990381, 152.265599, 152.145566, 150.168942]",ibm_sxz_cx,936,"{""kind"": ""native_contract_only"", ""passed"": true, ""errors"": [], ""checked_instructions"": 19644, ""bindings"": 3, ""semantic_equivalence"": ""not checked at large width""}"
updated,pauli_layers_156_symbolic,static: each control-flow region counted once,4682,flat circuit,,78.751532,"[78.751532, 78.20116, 79.108255, 79.586052, 78.314073]",pauli_layers,744365,10767,3fdf0b83917c0306e4ed62394122621c478767896d1a932370ebfbf2f52dfb5b,1216719,symbolic,6707,3276,936,4682,3431,0,"{""sx"": 3276, ""rz"": 3431, ""cz"": 936}",synthetic,17.143547,"[17.025865, 17.014361, 17.143547, 17.278379, 17.463469]",175.6640625,156,11239,exported,157.055621,"[155.988253, 156.932612, 157.275207, 157.055621, 157.407448]",ibm_sxz_cz,936,"{""kind"": ""native_contract_only"", ""passed"": true, ""errors"": [], ""checked_instructions"": 22929, ""bindings"": 3, ""semantic_equivalence"": ""not checked at large width""}"
updated,pauli_layers_156_symbolic,static: each control-flow region counted once,2811,flat circuit,,30.236676,"[30.887401, 29.875554, 29.680336, 30.356645, 30.236676]",pauli_layers,744365,10767,3fdf0b83917c0306e4ed62394122621c478767896d1a932370ebfbf2f52dfb5b,620772,symbolic,3902,1873,936,2811,2029,0,"{""rz"": 2029, ""rx"": 1873, ""rzz"": 936}",synthetic,17.574206,"[18.052018, 17.23726, 17.462957, 17.574206, 17.84064]",155.24609375,156,3279,exported,85.33573,"[84.829181, 85.33573, 85.320258, 85.35181, 85.701748]",rxrz_rzz_unbounded,936,"{""kind"": ""native_contract_only"", ""passed"": true, ""errors"": [], ""checked_instructions"": 14514, ""bindings"": 3, ""semantic_equivalence"": ""not checked at large width""}"
updated,pauli_layers_24_numeric,static: each control-flow region counted once,392,flat circuit,,2.126334,"[2.724182, 2.213791, 2.126334, 2.107037, 2.086221]",pauli_layers,100637,1659,b3ee3fbe412143c81b20f2779b6034de07493fbe3ab86b417f99b18d187fd46f,63841,numeric,471,289,144,392,182,0,"{""rz"": 182, ""rx"": 289, ""rzz"": 144}",synthetic,2.892552,"[2.97297, 2.830407, 2.788791, 2.892552, 3.504545]",123.3125,24,225,exported,10.853016,"[10.93652, 10.865704, 10.853016, 10.799639, 10.818071]",ibm_fractional_bounded,144,"{""kind"": ""native_contract_only"", ""passed"": true, ""errors"": [], ""checked_instructions"": 615, ""bindings"": 1, ""semantic_equivalence"": ""not checked at large width""}"
updated,pauli_layers_24_numeric,static: each control-flow region counted once,742,flat circuit,,4.535791,"[5.381851, 4.670417, 4.528576, 4.535791, 4.511407]",pauli_layers,100637,1659,b3ee3fbe412143c81b20f2779b6034de07493fbe3ab86b417f99b18d187fd46f,118710,numeric,1086,419,144,742,667,0,"{""sx"": 403, ""rz"": 667, ""cx"": 144, ""x"": 16}",synthetic,2.899256,"[3.014362, 2.819992, 2.804391, 3.321055, 2.899256]",124.3359375,24,299,exported,11.739604,"[11.853126, 11.770548, 11.690915, 11.739604, 11.71298]",ibm_sxz_cx,144,"{""kind"": ""native_contract_only"", ""passed"": true, ""errors"": [], ""checked_instructions"": 1230, ""bindings"": 1, ""semantic_equivalence"": ""not checked at large width""}"
updated,pauli_layers_24_numeric,static: each control-flow region counted once,723,flat circuit,,4.448798,"[5.25857, 4.568991, 4.437646, 4.448798, 4.41459]",pauli_layers,100637,1659,b3ee3fbe412143c81b20f2779b6034de07493fbe3ab86b417f99b18d187fd46f,115839,numeric,1080,538,144,723,542,0,"{""rz"": 542, ""sx"": 524, ""cz"": 144, ""x"": 14}",synthetic,2.870712,"[2.977129, 2.835736, 3.134124, 2.870712, 2.842327]",124.4140625,24,276,exported,12.425006,"[12.525839, 12.44939, 12.400878, 12.382125, 12.425006]",ibm_sxz_cz,144,"{""kind"": ""native_contract_only"", ""passed"": true, ""errors"": [], ""checked_instructions"": 1224, ""bindings"": 1, ""semantic_equivalence"": ""not checked at large width""}"
updated,pauli_layers_24_numeric,static: each control-flow region counted once,579,flat circuit,,7.207172,"[7.50252, 8.576088, 7.207172, 6.940609, 6.888528]",pauli_layers,100637,1659,b3ee3fbe412143c81b20f2779b6034de07493fbe3ab86b417f99b18d187fd46f,82413,numeric,746,361,144,579,385,0,"{""rz"": 385, ""gpi2"": 361, ""rzz"": 144}",synthetic,2.969337,"[2.969337, 2.762183, 2.789559, 3.284461, 3.341727]",129.46484375,24,222,exported,11.085259,"[11.158715, 11.152876, 11.085259, 11.03817, 11.036826]",ionq_fixed_r_zz,144,"{""kind"": ""native_contract_only"", ""passed"": true, ""errors"": [], ""checked_instructions"": 890, ""bindings"": 1, ""semantic_equivalence"": ""not checked at large width""}"
updated,pauli_layers_24_numeric,static: each control-flow region counted once,292,flat circuit,,2.845463,"[3.536817, 2.951258, 2.845463, 2.786487, 2.783511]",pauli_layers,100637,1659,b3ee3fbe412143c81b20f2779b6034de07493fbe3ab86b417f99b18d187fd46f,87134,numeric,322,322,144,292,0,0,"{""r"": 322, ""cz"": 144}",synthetic,3.132508,"[3.398592, 2.827559, 3.211693, 2.873464, 3.132508]",123.66796875,24,446,exported,13.165928,"[13.287881, 13.206936, 13.155943, 13.143975, 13.165928]",iqm_r_cz,144,"{""kind"": ""native_contract_only"", ""passed"": true, ""errors"": [], ""checked_instructions"": 466, ""bindings"": 1, ""semantic_equivalence"": ""not checked at large width""}"
updated,pauli_layers_24_numeric,static: each control-flow region counted once,722,flat circuit,,7.954015,"[8.387397, 7.60993, 7.599578, 9.788057, 7.954015]",pauli_layers,100637,1659,b3ee3fbe412143c81b20f2779b6034de07493fbe3ab86b417f99b18d187fd46f,122866,numeric,1084,545,144,722,539,0,"{""rxpi2"": 526, ""rz"": 539, ""cz"": 144, ""rxpi"": 19}",synthetic,3.043562,"[3.043562, 3.041627, 3.130891, 3.210637, 2.909641]",125.25390625,24,293,exported,13.525229,"[13.565469, 13.406843, 13.57307, 13.525229, 13.425915]",rigetti_rx_cz,144,"{""kind"": ""native_contract_only"", ""passed"": true, ""errors"": [], ""checked_instructions"": 1228, ""bindings"": 1, ""semantic_equivalence"": ""not checked at large width""}"
updated,pauli_layers_24_numeric,static: each control-flow region counted once,435,flat circuit,,2.437586,"[3.078299, 2.528115, 2.436914, 2.437586, 2.42613]",pauli_layers,100637,1659,b3ee3fbe412143c81b20f2779b6034de07493fbe3ab86b417f99b18d187fd46f,70615,numeric,601,289,144,435,312,0,"{""rz"": 312, ""rx"": 289, ""rzz"": 144}",synthetic,3.027674,"[3.027674, 2.792871, 2.786903, 3.518929, 3.14646]",123.46875,24,223,exported,10.070445,"[10.103197, 10.070445, 10.050652, 10.02238, 10.152126]",rxrz_rzz_unbounded,144,"{""kind"": ""native_contract_only"", ""passed"": true, ""errors"": [], ""checked_instructions"": 745, ""bindings"": 1, ""semantic_equivalence"": ""not checked at large width""}"
updated,pauli_layers_24_symbolic,static: each control-flow region counted once,434,flat circuit,,3.920103,"[4.519935, 4.034616, 3.872901, 3.920103, 3.877221]",pauli_layers,110246,1659,5a645838571b562e2816e9a8f68f54772b5c3567c7d9abbfc5110c9b748a1424,86964,symbolic,479,288,144,434,191,0,"{""rz"": 191, ""rx"": 288, ""rzz"": 144}",synthetic,3.081595,"[3.1767, 2.953593, 2.917608, 3.081595, 3.421183]",126.17578125,24,512,exported,14.042595,"[14.253509, 14.059074, 14.042595, 13.988177, 13.979442]",ibm_fractional_bounded,144,"{""kind"": ""native_contract_only"", ""passed"": true, ""errors"": [], ""checked_instructions"": 1869, ""bindings"": 3, ""semantic_equivalence"": ""not checked at large width""}"
updated,pauli_layers_24_symbolic,static: each control-flow region counted once,794,flat circuit,,10.658996,"[11.174202, 10.80503, 10.578115, 10.658996, 10.644067]",pauli_layers,110246,1659,5a645838571b562e2816e9a8f68f54772b5c3567c7d9abbfc5110c9b748a1424,170628,symbolic,860,335,144,794,525,0,"{""sx"": 335, ""rz"": 525, ""cx"": 144}",synthetic,3.112475,"[3.247373, 3.007754, 3.112475, 3.079499, 3.432479]",129.21484375,24,1660,exported,19.3231,"[19.449406, 19.3231, 19.3279, 19.291388, 19.177914]",ibm_sxz_cx,144,"{""kind"": ""native_contract_only"", ""passed"": true, ""errors"": [], ""checked_instructions"": 3012, ""bindings"": 3, ""semantic_equivalence"": ""not checked at large width""}"
updated,pauli_layers_24_symbolic,static: each control-flow region counted once,722,flat circuit,,10.649588,"[11.231755, 10.947192, 10.649588, 10.646339, 10.518898]",pauli_layers,110246,1659,5a645838571b562e2816e9a8f68f54772b5c3567c7d9abbfc5110c9b748a1424,182445,symbolic,1031,504,144,722,527,0,"{""sx"": 504, ""rz"": 527, ""cz"": 144}",synthetic,3.103611,"[3.260622, 3.103611, 3.438287, 3.069675, 3.072475]",130.13671875,24,1735,exported,20.345498,"[20.47254, 20.345498, 20.33833, 20.406762, 20.345146]",ibm_sxz_cz,144,"{""kind"": ""native_contract_only"", ""passed"": true, ""errors"": [], ""checked_instructions"": 3525, ""bindings"": 3, ""semantic_equivalence"": ""not checked at large width""}"
updated,pauli_layers_24_symbolic,static: each control-flow region counted once,578,flat circuit,,10.716292,"[10.956904, 12.83261, 10.716292, 10.579299, 10.588355]",pauli_layers,110246,1659,5a645838571b562e2816e9a8f68f54772b5c3567c7d9abbfc5110c9b748a1424,119436,symbolic,745,361,144,578,384,0,"{""gpi2"": 361, ""rz"": 384, ""rzz"": 144}",synthetic,2.943529,"[3.136203, 3.012298, 2.943529, 2.929113, 2.886184]",135.6953125,24,868,exported,13.008452,"[13.094261, 13.008452, 12.99858, 13.041221, 12.985236]",ionq_fixed_r_zz,144,"{""kind"": ""native_contract_only"", ""passed"": true, ""errors"": [], ""checked_instructions"": 2667, ""bindings"": 3, ""semantic_equivalence"": ""not checked at large width""}"
updated,pauli_layers_24_symbolic,static: each control-flow region counted once,363,flat circuit,,3.72018,"[4.508831, 3.902742, 3.72018, 3.646994, 3.603922]",pauli_layers,110246,1659,5a645838571b562e2816e9a8f68f54772b5c3567c7d9abbfc5110c9b748a1424,89887,symbolic,384,384,144,363,0,0,"{""r"": 384, ""cz"": 144}",synthetic,3.117483,"[3.212141, 2.990762, 2.915416, 3.117483, 3.807797]",123.8515625,24,169,exported,13.98325,"[13.984194, 13.97893, 13.995106, 13.98325, 13.919025]",iqm_r_cz,144,"{""kind"": ""native_contract_only"", ""passed"": true, ""errors"": [], ""checked_instructions"": 1584, ""bindings"": 3, ""semantic_equivalence"": ""not checked at large width""}"
updated,pauli_layers_24_symbolic,static: each control-flow region counted once,722,flat circuit,,13.629357,"[13.824895, 13.629357, 13.559484, 15.750586, 13.499515]",pauli_layers,110246,1659,5a645838571b562e2816e9a8f68f54772b5c3567c7d9abbfc5110c9b748a1424,186926,symbolic,1031,504,144,722,527,0,"{""rxpi2"": 504, ""rz"": 527, ""cz"": 144}",synthetic,2.93684,"[3.098491, 2.8982, 2.871095, 2.93684, 3.396351]",130.92578125,24,1735,exported,20.91901,"[21.366328, 20.898241, 20.856177, 20.91901, 20.946578]",rigetti_rx_cz,144,"{""kind"": ""native_contract_only"", ""passed"": true, ""errors"": [], ""checked_instructions"": 3525, ""bindings"": 3, ""semantic_equivalence"": ""not checked at large width""}"
updated,pauli_layers_24_symbolic,static: each control-flow region counted once,435,flat circuit,,4.249195,"[4.88866, 4.362973, 4.227882, 4.249195, 4.183514]",pauli_layers,110246,1659,5a645838571b562e2816e9a8f68f54772b5c3567c7d9abbfc5110c9b748a1424,93795,symbolic,602,289,144,435,313,0,"{""rz"": 313, ""rx"": 289, ""rzz"": 144}",synthetic,3.062763,"[3.116427, 3.062763, 2.911064, 3.047082, 3.664691]",126.46875,24,507,exported,10.937272,"[11.036265, 10.9726, 10.937272, 10.900327, 10.865638]",rxrz_rzz_unbounded,144,"{""kind"": ""native_contract_only"", ""passed"": true, ""errors"": [], ""checked_instructions"": 2238, ""bindings"": 3, ""semantic_equivalence"": ""not checked at large width""}"
updated,pauli_layers_36_numeric,static: each control-flow region counted once,559,flat circuit,,3.104423,"[3.763903, 3.176441, 3.104423, 3.047878, 3.038855]",pauli_layers,152234,2487,d943cb4b5413fddd1c099521ad0384268d3e8d081560c2a18eb3b13f4092d0a0,92801,numeric,666,433,216,559,233,0,"{""rz"": 233, ""rx"": 433, ""rzz"": 216}",synthetic,4.149924,"[4.590874, 3.996963, 4.939054, 4.149924, 4.034883]",124.0234375,36,333,exported,16.773652,"[16.840821, 16.895526, 16.773652, 16.713075, 16.739828]",ibm_fractional_bounded,216,"{""kind"": ""native_contract_only"", ""passed"": true, ""errors"": [], ""checked_instructions"": 882, ""bindings"": 1, ""semantic_equivalence"": ""not checked at large width""}"
updated,pauli_layers_36_numeric,static: each control-flow region counted once,1112,flat circuit,,7.152859,"[8.086694, 7.21534, 7.108105, 7.152859, 6.95044]",pauli_layers,152234,2487,d943cb4b5413fddd1c099521ad0384268d3e8d081560c2a18eb3b13f4092d0a0,182197,numeric,1669,645,216,1112,1024,0,"{""sx"": 622, ""rz"": 1024, ""cx"": 216, ""x"": 23}",synthetic,4.10042,"[4.266246, 3.94325, 4.679515, 4.10042, 4.024883]",126.046875,36,468,exported,18.067652,"[18.098309, 18.067652, 18.133365, 18.01058, 18.009315]",ibm_sxz_cx,216,"{""kind"": ""native_contract_only"", ""passed"": true, ""errors"": [], ""checked_instructions"": 1885, ""bindings"": 1, ""semantic_equivalence"": ""not checked at large width""}"
updated,pauli_layers_36_numeric,static: each control-flow region counted once,1082,flat circuit,,8.662685,"[9.540552, 8.448139, 8.662685, 8.8412, 8.594189]",pauli_layers,152234,2487,d943cb4b5413fddd1c099521ad0384268d3e8d081560c2a18eb3b13f4092d0a0,181202,numeric,1686,837,216,1082,849,0,"{""sx"": 816, ""rz"": 849, ""cz"": 216, ""x"": 21}",synthetic,4.223189,"[4.223189, 4.41916, 3.978786, 4.671147, 4.068804]",126.02734375,36,467,exported,19.257316,"[19.318197, 19.225571, 19.252307, 19.257316, 19.284739]",ibm_sxz_cz,216,"{""kind"": ""native_contract_only"", ""passed"": true, ""errors"": [], ""checked_instructions"": 1902, ""bindings"": 1, ""semantic_equivalence"": ""not checked at large width""}"
updated,pauli_layers_36_numeric,static: each control-flow region counted once,866,flat circuit,,10.895849,"[13.108278, 10.966282, 10.660279, 10.895849, 10.593174]",pauli_layers,152234,2487,d943cb4b5413fddd1c099521ad0384268d3e8d081560c2a18eb3b13f4092d0a0,124789,numeric,1117,541,216,866,576,0,"{""gpi2"": 541, ""rz"": 576, ""rzz"": 216}",synthetic,4.199045,"[4.199045, 4.060292, 4.478024, 4.814205, 4.1137]",134.69921875,36,330,exported,17.087544,"[17.121848, 17.149464, 17.087544, 17.074599, 17.062216]",ionq_fixed_r_zz,216,"{""kind"": ""native_contract_only"", ""passed"": true, ""errors"": [], ""checked_instructions"": 1333, ""bindings"": 1, ""semantic_equivalence"": ""not checked at large width""}"
updated,pauli_layers_36_numeric,static: each control-flow region counted once,439,flat circuit,,4.724748,"[5.311395, 4.677132, 4.726635, 4.724748, 4.702284]",pauli_layers,152234,2487,d943cb4b5413fddd1c099521ad0384268d3e8d081560c2a18eb3b13f4092d0a0,132594,numeric,481,481,216,439,0,0,"{""r"": 481, ""cz"": 216}",synthetic,4.26679,"[4.201093, 4.717356, 4.451304, 4.26679, 4.050083]",124.8203125,36,704,exported,20.708197,"[20.844615, 20.761735, 20.708197, 20.701286, 20.663765]",iqm_r_cz,216,"{""kind"": ""native_contract_only"", ""passed"": true, ""errors"": [], ""checked_instructions"": 697, ""bindings"": 1, ""semantic_equivalence"": ""not checked at large width""}"
updated,pauli_layers_36_numeric,static: each control-flow region counted once,1083,flat circuit,,11.935863,"[12.564927, 13.697453, 11.935863, 11.886822, 11.888998]",pauli_layers,152234,2487,d943cb4b5413fddd1c099521ad0384268d3e8d081560c2a18eb3b13f4092d0a0,190424,numeric,1658,824,216,1083,834,0,"{""rz"": 834, ""rxpi2"": 809, ""cz"": 216, ""rxpi"": 15}",synthetic,4.227478,"[4.227478, 3.894817, 4.45828, 4.464457, 4.033154]",127.87890625,36,504,exported,20.639605,"[20.665237, 20.705157, 20.639605, 20.614164, 20.596004]",rigetti_rx_cz,216,"{""kind"": ""native_contract_only"", ""passed"": true, ""errors"": [], ""checked_instructions"": 1874, ""bindings"": 1, ""semantic_equivalence"": ""not checked at large width""}"
updated,pauli_layers_36_numeric,static: each control-flow region counted once,651,flat circuit,,4.004595,"[4.74542, 4.145044, 4.004595, 3.900097, 3.868545]",pauli_layers,152234,2487,d943cb4b5413fddd1c099521ad0384268d3e8d081560c2a18eb3b13f4092d0a0,105981,numeric,902,433,216,651,469,0,"{""rz"": 469, ""rx"": 433, ""rzz"": 216}",synthetic,4.388871,"[4.388871, 4.646587, 4.811261, 4.30999, 4.044003]",124.55859375,36,332,exported,15.601813,"[15.492532, 15.601813, 15.569109, 15.63391, 15.615957]",rxrz_rzz_unbounded,216,"{""kind"": ""native_contract_only"", ""passed"": true, ""errors"": [], ""checked_instructions"": 1118, ""bindings"": 1, ""semantic_equivalence"": ""not checked at large width""}"
updated,pauli_layers_36_symbolic,static: each control-flow region counted once,650,flat circuit,,5.726488,"[6.415904, 5.90105, 5.726488, 5.632502, 5.661559]",pauli_layers,166718,2487,62ba9b0f43804b419df42ad8e7a2deb3e3221e26faf17aead2019daa10bb1110,131004,symbolic,719,432,216,650,287,0,"{""rz"": 287, ""rx"": 432, ""rzz"": 216}",synthetic,4.289174,"[4.289174, 4.121572, 4.490312, 4.858813, 4.161636]",127.80078125,36,764,exported,21.484109,"[21.351868, 21.193322, 21.484109, 21.497854, 21.656399]",ibm_fractional_bounded,216,"{""kind"": ""native_contract_only"", ""passed"": true, ""errors"": [], ""checked_instructions"": 2805, ""bindings"": 3, ""semantic_equivalence"": ""not checked at large width""}"
updated,pauli_layers_36_symbolic,static: each control-flow region counted once,1190,flat circuit,,16.369021,"[17.406762, 16.686418, 16.369021, 16.250108, 15.977224]",pauli_layers,166718,2487,62ba9b0f43804b419df42ad8e7a2deb3e3221e26faf17aead2019daa10bb1110,257208,symbolic,1292,503,216,1190,789,0,"{""sx"": 503, ""rz"": 789, ""cx"": 216}",synthetic,4.303542,"[4.303542, 4.519608, 4.158629, 4.183908, 4.768892]",131.23828125,36,2488,exported,29.204094,"[29.204094, 29.293168, 29.179982, 29.16651, 29.801318]",ibm_sxz_cx,216,"{""kind"": ""native_contract_only"", ""passed"": true, ""errors"": [], ""checked_instructions"": 4524, ""bindings"": 3, ""semantic_equivalence"": ""not checked at large width""}"
updated,pauli_layers_36_symbolic,static: each control-flow region counted once,1082,flat circuit,,15.745973,"[15.745973, 16.098138, 15.748533, 15.543603, 15.665797]",pauli_layers,166718,2487,62ba9b0f43804b419df42ad8e7a2deb3e3221e26faf17aead2019daa10bb1110,274842,symbolic,1547,756,216,1082,791,0,"{""sx"": 756, ""rz"": 791, ""cz"": 216}",synthetic,4.38748,"[4.38748, 4.119091, 4.839453, 4.576105, 4.176228]",133.6875,36,2599,exported,30.732034,"[30.767282, 30.688705, 30.732034, 30.809874, 30.719218]",ibm_sxz_cz,216,"{""kind"": ""native_contract_only"", ""passed"": true, ""errors"": [], ""checked_instructions"": 5289, ""bindings"": 3, ""semantic_equivalence"": ""not checked at large width""}"
updated,pauli_layers_36_symbolic,static: each control-flow region counted once,866,flat circuit,,16.519487,"[18.088531, 15.925319, 16.816883, 16.519487, 15.722245]",pauli_layers,166718,2487,62ba9b0f43804b419df42ad8e7a2deb3e3221e26faf17aead2019daa10bb1110,179784,symbolic,1117,541,216,866,576,0,"{""gpi2"": 541, ""rz"": 576, ""rzz"": 216}",synthetic,4.312278,"[4.312278, 4.027795, 4.256021, 4.75678, 4.62217]",141.12109375,36,1300,exported,19.438227,"[19.438227, 19.524117, 19.457396, 19.412659, 19.436676]",ionq_fixed_r_zz,216,"{""kind"": ""native_contract_only"", ""passed"": true, ""errors"": [], ""checked_instructions"": 3999, ""bindings"": 3, ""semantic_equivalence"": ""not checked at large width""}"
updated,pauli_layers_36_symbolic,static: each control-flow region counted once,543,flat circuit,,5.258626,"[6.001275, 5.421621, 5.243585, 5.258626, 5.252226]",pauli_layers,166718,2487,62ba9b0f43804b419df42ad8e7a2deb3e3221e26faf17aead2019daa10bb1110,134587,symbolic,576,576,216,543,0,0,"{""r"": 576, ""cz"": 216}",synthetic,4.576601,"[4.673739, 4.576601, 4.162005, 4.099267, 4.788252]",126.8515625,36,241,exported,20.640163,"[20.640163, 20.654451, 20.583874, 20.621074, 20.645395]",iqm_r_cz,216,"{""kind"": ""native_contract_only"", ""passed"": true, ""errors"": [], ""checked_instructions"": 2376, ""bindings"": 3, ""semantic_equivalence"": ""not checked at large width""}"
updated,pauli_layers_36_symbolic,static: each control-flow region counted once,1082,flat circuit,,21.237738,"[20.561009, 21.237738, 22.97992, 21.53611, 20.230541]",pauli_layers,166718,2487,62ba9b0f43804b419df42ad8e7a2deb3e3221e26faf17aead2019daa10bb1110,281318,symbolic,1547,756,216,1082,791,0,"{""rxpi2"": 756, ""rz"": 791, ""cz"": 216}",synthetic,4.203621,"[4.317942, 4.036835, 4.203621, 4.100163, 4.563385]",133.03515625,36,2599,exported,31.82203,"[31.756718, 32.012625, 31.82203, 31.829647, 31.756285]",rigetti_rx_cz,216,"{""kind"": ""native_contract_only"", ""passed"": true, ""errors"": [], ""checked_instructions"": 5289, ""bindings"": 3, ""semantic_equivalence"": ""not checked at large width""}"
updated,pauli_layers_36_symbolic,static: each control-flow region counted once,651,flat circuit,,6.405137,"[6.988967, 6.405137, 6.511265, 6.270847, 6.315279]",pauli_layers,166718,2487,62ba9b0f43804b419df42ad8e7a2deb3e3221e26faf17aead2019daa10bb1110,141435,symbolic,902,433,216,651,469,0,"{""rz"": 469, ""rx"": 433, ""rzz"": 216}",synthetic,4.480088,"[4.310246, 4.480088, 4.624874, 4.545897, 4.121076]",128.41015625,36,759,exported,16.37587,"[16.37587, 16.344189, 16.368509, 16.811235, 16.800083]",rxrz_rzz_unbounded,216,"{""kind"": ""native_contract_only"", ""passed"": true, ""errors"": [], ""checked_instructions"": 3354, ""bindings"": 3, ""semantic_equivalence"": ""not checked at large width""}"
updated,pauli_layers_54_numeric,static: each control-flow region counted once,855,flat circuit,,4.787525,"[5.572366, 4.883063, 4.787525, 4.786774, 4.742052]",pauli_layers,229526,3729,99fac0fe767254821129571e4c009df2df56569ed7b6e2edba05c190ba22805d,141304,numeric,1039,649,324,855,390,0,"{""rz"": 390, ""rx"": 649, ""rzz"": 324}",synthetic,5.724384,"[6.212325, 6.190837, 5.667263, 5.724096, 5.724384]",125.609375,54,495,exported,25.550317,"[25.653229, 25.550317, 25.521213, 25.665326, 25.493948]",ibm_fractional_bounded,324,"{""kind"": ""native_contract_only"", ""passed"": true, ""errors"": [], ""checked_instructions"": 1363, ""bindings"": 1, ""semantic_equivalence"": ""not checked at large width""}"
updated,pauli_layers_54_numeric,static: each control-flow region counted once,1659,flat circuit,,10.942026,"[12.190744, 11.015419, 10.908729, 10.67204, 10.942026]",pauli_layers,229526,3729,99fac0fe767254821129571e4c009df2df56569ed7b6e2edba05c190ba22805d,271258,numeric,2475,955,324,1659,1520,0,"{""rz"": 1520, ""sx"": 927, ""cx"": 324, ""x"": 28}",synthetic,5.822017,"[5.822017, 5.971922, 6.185909, 5.751393, 5.671903]",132.4765625,54,672,exported,27.558307,"[27.619028, 27.568948, 27.488451, 27.558307, 27.466691]",ibm_sxz_cx,324,"{""kind"": ""native_contract_only"", ""passed"": true, ""errors"": [], ""checked_instructions"": 2799, ""bindings"": 1, ""semantic_equivalence"": ""not checked at large width""}"
updated,pauli_layers_54_numeric,static: each control-flow region counted once,1622,flat circuit,,10.714199,"[11.8661, 10.963371, 10.695351, 10.620327, 10.714199]",pauli_layers,229526,3729,99fac0fe767254821129571e4c009df2df56569ed7b6e2edba05c190ba22805d,267395,numeric,2444,1215,324,1622,1229,0,"{""sx"": 1189, ""rz"": 1229, ""x"": 26, ""cz"": 324}",synthetic,5.71224,"[6.137892, 6.198502, 5.613438, 5.71224, 5.687215]",132.45703125,54,683,exported,29.504313,"[29.524953, 29.415928, 29.504313, 29.655819, 29.366871]",ibm_sxz_cz,324,"{""kind"": ""native_contract_only"", ""passed"": true, ""errors"": [], ""checked_instructions"": 2768, ""bindings"": 1, ""semantic_equivalence"": ""not checked at large width""}"
updated,pauli_layers_54_numeric,static: each control-flow region counted once,1298,flat circuit,,16.143235,"[17.936856, 16.143235, 15.550493, 16.421943, 15.797728]",pauli_layers,229526,3729,99fac0fe767254821129571e4c009df2df56569ed7b6e2edba05c190ba22805d,187838,numeric,1675,811,324,1298,864,0,"{""gpi2"": 811, ""rz"": 864, ""rzz"": 324}",synthetic,5.721168,"[5.721168, 6.52668, 5.819905, 5.644767, 5.647791]",141.29296875,54,492,exported,25.888416,"[25.968338, 25.955201, 25.869936, 25.812543, 25.888416]",ionq_fixed_r_zz,324,"{""kind"": ""native_contract_only"", ""passed"": true, ""errors"": [], ""checked_instructions"": 1999, ""bindings"": 1, ""semantic_equivalence"": ""not checked at large width""}"
updated,pauli_layers_54_numeric,static: each control-flow region counted once,656,flat circuit,,6.642362,"[7.655558, 6.794988, 6.642362, 6.64105, 6.635834]",pauli_layers,229526,3729,99fac0fe767254821129571e4c009df2df56569ed7b6e2edba05c190ba22805d,198012,numeric,723,723,324,656,0,0,"{""r"": 723, ""cz"": 324}",synthetic,5.75328,"[5.871058, 5.647359, 6.564953, 5.75328, 5.722256]",126.453125,54,1022,exported,31.738595,"[31.916677, 31.693138, 31.773843, 31.729506, 31.738595]",iqm_r_cz,324,"{""kind"": ""native_contract_only"", ""passed"": true, ""errors"": [], ""checked_instructions"": 1047, ""bindings"": 1, ""semantic_equivalence"": ""not checked at large width""}"
updated,pauli_layers_54_numeric,static: each control-flow region counted once,1623,flat circuit,,17.686741,"[20.101344, 17.836007, 17.447746, 17.43989, 17.686741]",pauli_layers,229526,3729,99fac0fe767254821129571e4c009df2df56569ed7b6e2edba05c190ba22805d,281604,numeric,2466,1229,324,1623,1237,0,"{""rz"": 1237, ""rxpi2"": 1196, ""cz"": 324, ""rxpi"": 33}",synthetic,5.757152,"[6.243637, 6.255398, 5.71632, 5.757152, 5.700592]",137.3515625,54,687,exported,31.651601,"[31.651601, 31.72165, 31.624993, 31.681281, 31.642385]",rigetti_rx_cz,324,"{""kind"": ""native_contract_only"", ""passed"": true, ""errors"": [], ""checked_instructions"": 2790, ""bindings"": 1, ""semantic_equivalence"": ""not checked at large width""}"
updated,pauli_layers_54_numeric,static: each control-flow region counted once,975,flat circuit,,5.550846,"[6.481145, 5.683791, 5.550846, 5.538637, 5.528542]",pauli_layers,229526,3729,99fac0fe767254821129571e4c009df2df56569ed7b6e2edba05c190ba22805d,159491,numeric,1352,649,324,975,703,0,"{""rz"": 703, ""rx"": 649, ""rzz"": 324}",synthetic,5.866369,"[5.866369, 6.353703, 5.965395, 5.748464, 5.729504]",126.08203125,54,494,exported,23.6838,"[23.793273, 23.6838, 23.618023, 23.628183, 23.698904]",rxrz_rzz_unbounded,324,"{""kind"": ""native_contract_only"", ""passed"": true, ""errors"": [], ""checked_instructions"": 1676, ""bindings"": 1, ""semantic_equivalence"": ""not checked at large width""}"
updated,pauli_layers_54_symbolic,static: each control-flow region counted once,974,flat circuit,,8.488158,"[9.130933, 8.571023, 8.360989, 8.256187, 8.488158]",pauli_layers,252002,3729,22513b39c1cc9c03635c6298b1c315a46ffa0dc74c76a12d37c8a8e18003197f,197023,symbolic,1079,648,324,974,431,0,"{""rz"": 431, ""rx"": 648, ""rzz"": 324}",synthetic,5.890497,"[6.380103, 6.377623, 5.855713, 5.890497, 5.856593]",131.4296875,54,1142,exported,32.725402,"[32.778731, 32.730506, 32.634841, 32.717659, 32.725402]",ibm_fractional_bounded,324,"{""kind"": ""native_contract_only"", ""passed"": true, ""errors"": [], ""checked_instructions"": 4209, ""bindings"": 3, ""semantic_equivalence"": ""not checked at large width""}"
updated,pauli_layers_54_symbolic,static: each control-flow region counted once,1784,flat circuit,,24.411295,"[25.26836, 23.773175, 24.530992, 24.129003, 24.411295]",pauli_layers,252002,3729,22513b39c1cc9c03635c6298b1c315a46ffa0dc74c76a12d37c8a8e18003197f,386628,symbolic,1940,755,324,1784,1185,0,"{""sx"": 755, ""rz"": 1185, ""cx"": 324}",synthetic,5.899122,"[6.355286, 6.511752, 5.843105, 5.878785, 5.899122]",145.79296875,54,3730,exported,45.148133,"[45.349238, 45.221333, 45.13274, 45.148133, 44.790657]",ibm_sxz_cx,324,"{""kind"": ""native_contract_only"", ""passed"": true, ""errors"": [], ""checked_instructions"": 6792, ""bindings"": 3, ""semantic_equivalence"": ""not checked at large width""}"
updated,pauli_layers_54_symbolic,static: each control-flow region counted once,1622,flat circuit,,24.084923,"[24.542048, 24.099787, 24.084923, 24.08049, 23.718039]",pauli_layers,252002,3729,22513b39c1cc9c03635c6298b1c315a46ffa0dc74c76a12d37c8a8e18003197f,412958,symbolic,2321,1134,324,1622,1187,0,"{""sx"": 1134, ""rz"": 1187, ""cz"": 324}",synthetic,5.930274,"[6.668825, 6.191413, 5.861249, 5.903073, 5.930274]",145.75390625,54,3895,exported,47.938547,"[47.980163, 47.86245, 47.977124, 47.793441, 47.938547]",ibm_sxz_cz,324,"{""kind"": ""native_contract_only"", ""passed"": true, ""errors"": [], ""checked_instructions"": 7935, ""bindings"": 3, ""semantic_equivalence"": ""not checked at large width""}"
updated,pauli_layers_54_symbolic,static: each control-flow region counted once,1298,flat circuit,,23.333874,"[25.129846, 23.31405, 23.12368, 24.618705, 23.333874]",pauli_layers,252002,3729,22513b39c1cc9c03635c6298b1c315a46ffa0dc74c76a12d37c8a8e18003197f,270288,symbolic,1675,811,324,1298,864,0,"{""gpi2"": 811, ""rz"": 864, ""rzz"": 324}",synthetic,6.048387,"[6.410198, 6.445223, 6.048387, 5.917617, 5.897873]",153.73046875,54,1948,exported,29.892715,"[29.867322, 29.987787, 29.717689, 29.892715, 29.938603]",ionq_fixed_r_zz,324,"{""kind"": ""native_contract_only"", ""passed"": true, ""errors"": [], ""checked_instructions"": 5997, ""bindings"": 3, ""semantic_equivalence"": ""not checked at large width""}"
updated,pauli_layers_54_symbolic,static: each control-flow region counted once,813,flat circuit,,8.008793,"[8.775729, 8.058409, 8.008793, 7.804375, 7.723957]",pauli_layers,252002,3729,22513b39c1cc9c03635c6298b1c315a46ffa0dc74c76a12d37c8a8e18003197f,202329,symbolic,864,864,324,813,0,0,"{""r"": 864, ""cz"": 324}",synthetic,5.892881,"[6.370582, 6.532121, 5.892881, 5.855745, 5.859089]",128.6484375,54,349,exported,31.795504,"[31.795504, 31.923058, 31.848256, 31.771024, 31.680111]",iqm_r_cz,324,"{""kind"": ""native_contract_only"", ""passed"": true, ""errors"": [], ""checked_instructions"": 3564, ""bindings"": 3, ""semantic_equivalence"": ""not checked at large width""}"
updated,pauli_layers_54_symbolic,static: each control-flow region counted once,1622,flat circuit,,30.739652,"[31.104152, 32.500039, 30.411633, 30.739652, 30.291359]",pauli_layers,252002,3729,22513b39c1cc9c03635c6298b1c315a46ffa0dc74c76a12d37c8a8e18003197f,422456,symbolic,2321,1134,324,1622,1187,0,"{""rxpi2"": 1134, ""rz"": 1187, ""cz"": 324}",synthetic,5.933697,"[6.444391, 5.807281, 6.545784, 5.91957, 5.933697]",150.16015625,54,3895,exported,49.411571,"[49.70447, 49.438739, 49.404978, 49.407059, 49.411571]",rigetti_rx_cz,324,"{""kind"": ""native_contract_only"", ""passed"": true, ""errors"": [], ""checked_instructions"": 7935, ""bindings"": 3, ""semantic_equivalence"": ""not checked at large width""}"
updated,pauli_layers_54_symbolic,static: each control-flow region counted once,975,flat circuit,,9.181766,"[10.016591, 9.253702, 9.181766, 9.059812, 9.168342]",pauli_layers,252002,3729,22513b39c1cc9c03635c6298b1c315a46ffa0dc74c76a12d37c8a8e18003197f,212877,symbolic,1352,649,324,975,703,0,"{""rz"": 703, ""rx"": 649, ""rzz"": 324}",synthetic,5.925634,"[6.405607, 6.439735, 5.891265, 5.925634, 5.900817]",131.9453125,54,1137,exported,25.176183,"[25.220599, 25.325785, 25.166071, 25.176183, 25.085222]",rxrz_rzz_unbounded,324,"{""kind"": ""native_contract_only"", ""passed"": true, ""errors"": [], ""checked_instructions"": 5028, ""bindings"": 3, ""semantic_equivalence"": ""not checked at large width""}"
